Ação,Data,Abertura,Fechamento,Min,Max,Volume
FESA3,2025-09-23,11.13,11.15,11.13,11.18,
FESA3F,2025-09-23,11.91,11.86,11.14,11.99,
FESA4,2025-09-23,6.69,6.7,6.62,6.76,
FESA4F,2025-09-23,6.72,6.71,6.62,6.76,
FESAH80,2025-09-23,0.57,0.57,0.57,0.57,
GGBR3,2025-09-23,15.08,15.09,15.08,15.47,
GGBR3F,2025-09-23,14.85,15.24,14.85,15.45,
GGBR4,2025-09-23,16.76,16.86,16.69,17.32,
GGBR4F,2025-09-23,16.56,16.87,16.56,17.32,
GGBRA187,2025-09-23,0.65,0.62,0.62,0.65,
GGBRA188,2025-09-23,0.5,0.5,0.5,0.5,
GGBRI160W4,2025-09-23,0.89,1.1,0.87,1.25,
GGBRI165W4,2025-09-23,0.3,0.6,0.3,0.94,
GGBRI170W4,2025-09-23,0.14,0.26,0.14,0.5,
GGBRI175W4,2025-09-23,0.05,0.11,0.05,0.19,
GGBRI180W4,2025-09-23,0.05,0.02,0.02,0.05,
GGBRJ152,2025-09-23,1.88,1.88,1.88,1.88,
GGBRJ155,2025-09-23,1.75,1.75,1.75,1.75,
GGBRJ155W1,2025-09-23,1.73,1.73,1.73,1.73,
GGBRJ157,2025-09-23,1.66,1.5,1.5,1.69,
GGBRJ160,2025-09-23,1.23,1.23,1.23,1.23,
GGBRJ162,2025-09-23,0.97,1.22,0.97,1.25,
GGBRJ165,2025-09-23,0.83,0.84,0.83,0.97,
GGBRJ165W1,2025-09-23,0.6,0.6,0.6,0.6,
GGBRJ165W2,2025-09-23,0.72,0.72,0.72,0.72,
GGBRJ168,2025-09-23,0.61,0.7,0.61,0.96,
GGBRJ170,2025-09-23,0.5,0.5,0.5,0.79,
GGBRJ170W1,2025-09-23,0.27,0.29,0.27,0.47,
GGBRJ170W4,2025-09-23,0.57,0.57,0.57,0.57,
GGBRJ172,2025-09-23,0.31,0.38,0.31,0.63,
GGBRJ175,2025-09-23,0.25,0.28,0.25,0.49,
GGBRJ175W1,2025-09-23,0.12,0.11,0.11,0.23,
GGBRJ175W2,2025-09-23,0.17,0.18,0.17,0.31,
GGBRJ177,2025-09-23,0.19,0.32,0.19,0.36,
GGBRJ180,2025-09-23,0.12,0.14,0.1,0.24,
GGBRJ180W1,2025-09-23,0.09,0.04,0.04,0.09,
GGBRJ180W2,2025-09-23,0.12,0.12,0.12,0.12,
GGBRJ180W5,2025-09-23,0.28,0.28,0.28,0.28,
GGBRJ182,2025-09-23,0.09,0.11,0.09,0.19,
GGBRJ185,2025-09-23,0.05,0.07,0.05,0.14,
GGBRJ185W1,2025-09-23,0.05,0.04,0.04,0.05,
GGBRJ185W2,2025-09-23,0.06,0.06,0.06,0.06,
GGBRJ185W5,2025-09-23,0.21,0.21,0.21,0.21,
GGBRJ188,2025-09-23,0.06,0.05,0.05,0.09,
GGBRJ190,2025-09-23,0.04,0.04,0.04,0.07,
GGBRJ190W2,2025-09-23,0.03,0.03,0.03,0.03,
GGBRJ192,2025-09-23,0.03,0.03,0.03,0.05,
GGBRJ195,2025-09-23,0.03,0.03,0.03,0.03,
GGBRJ199,2025-09-23,0.02,0.02,0.02,0.03,
GGBRJ203,2025-09-23,0.01,0.01,0.01,0.01,
GGBRJ205,2025-09-23,0.01,0.01,0.01,0.01,
GGBRJ22,2025-09-23,1.32,1.32,1.32,1.32,
GGBRK152,2025-09-23,2.26,2.26,2.26,2.26,
GGBRK155,2025-09-23,2.02,2.02,2.02,2.02,
GGBRK157,2025-09-23,1.82,1.82,1.82,1.82,
GGBRK160,2025-09-23,1.61,1.62,1.61,1.62,
GGBRK162,2025-09-23,1.67,1.67,1.67,1.67,
GGBRK165,2025-09-23,1.26,1.26,1.26,1.26,
GGBRK167,2025-09-23,1.06,1.08,1.05,1.3,
GGBRK17,2025-09-23,0.73,0.86,0.73,1.03,
GGBRK170,2025-09-23,0.92,0.93,0.89,1.18,
GGBRK175,2025-09-23,0.89,0.7,0.7,0.89,
GGBRK175W4,2025-09-23,0.45,0.45,0.45,0.45,
GGBRK18,2025-09-23,0.55,0.47,0.45,0.63,
GGBRK180,2025-09-23,0.64,0.59,0.55,0.76,
GGBRK182,2025-09-23,0.37,0.41,0.35,0.51,
GGBRK185,2025-09-23,0.44,0.33,0.31,0.44,
GGBRK187,2025-09-23,0.24,0.26,0.24,0.36,
GGBRK190,2025-09-23,0.26,0.22,0.21,0.3,
GGBRK192,2025-09-23,0.16,0.17,0.16,0.23,
GGBRK195,2025-09-23,0.14,0.14,0.14,0.19,
GGBRK202,2025-09-23,0.08,0.08,0.08,0.08,
GGBRK207,2025-09-23,0.06,0.06,0.06,0.06,
GGBRL153,2025-09-23,3,3,3,3,
GGBRL191,2025-09-23,0.61,0.65,0.61,0.65,
GGBRL20,2025-09-23,0.3,0.27,0.25,0.3,
GGBRL202,2025-09-23,0.29,0.24,0.24,0.31,
GGBRL215,2025-09-23,0.13,0.11,0.11,0.13,
GGBRL240,2025-09-23,0.42,0.39,0.3,0.42,
GGBRL26,2025-09-23,0.14,0.13,0.13,0.14,
GGBRU160W4,2025-09-23,0.01,0.01,0.01,0.01,
GGBRU165W4,2025-09-23,0.06,0.06,0.03,0.06,
GGBRU170W4,2025-09-23,0.22,0.17,0.09,0.22,
GGBRU175W4,2025-09-23,0.58,0.51,0.28,0.58,
GGBRU180W4,2025-09-23,0.7,0.7,0.7,0.7,
GGBRV130,2025-09-23,0.01,0.01,0.01,0.01,
GGBRV140,2025-09-23,0.01,0.01,0.01,0.01,
GGBRV150,2025-09-23,0.03,0.04,0.03,0.04,
GGBRV152,2025-09-23,0.05,0.05,0.03,0.05,
GGBRV155,2025-09-23,0.06,0.07,0.05,0.07,
GGBRV155W2,2025-09-23,0.04,0.04,0.04,0.04,
GGBRV157,2025-09-23,0.07,0.09,0.06,0.09,
GGBRV160,2025-09-23,0.09,0.12,0.08,0.13,
GGBRV160W1,2025-09-23,0.04,0.05,0.04,0.05,
GGBRV162,2025-09-23,0.16,0.14,0.1,0.17,
GGBRV165,2025-09-23,0.2,0.22,0.14,0.23,
GGBRV165W1,2025-09-23,0.15,0.14,0.1,0.15,
GGBRV165W2,2025-09-23,0.2,0.2,0.2,0.2,
GGBRV168,2025-09-23,0.25,0.29,0.19,0.31,
GGBRV170,2025-09-23,0.37,0.38,0.25,0.41,
GGBRV170W1,2025-09-23,0.31,0.32,0.2,0.33,
GGBRV170W2,2025-09-23,0.36,0.36,0.36,0.36,
GGBRV172,2025-09-23,0.45,0.52,0.34,0.52,
GGBRV175,2025-09-23,0.53,0.67,0.44,0.68,
GGBRV175W1,2025-09-23,0.72,0.64,0.46,0.72,
GGBRV175W2,2025-09-23,0.63,0.63,0.63,0.63,
GGBRV177,2025-09-23,0.6,0.79,0.57,0.84,
GGBRV180,2025-09-23,0.78,1.03,0.72,1.03,
GGBRV180W1,2025-09-23,1.16,1.05,1.05,1.16,
GGBRV182,2025-09-23,1.17,1.17,1.17,1.17,
GGBRV185,2025-09-23,1.49,1.28,1.08,1.49,
GGBRV188,2025-09-23,1.82,1.5,1.5,1.82,
GGBRV203,2025-09-23,2.85,2.85,2.85,2.85,
GGBRW152,2025-09-23,0.15,0.14,0.11,0.15,
GGBRW155,2025-09-23,0.19,0.18,0.15,0.19,
GGBRW157,2025-09-23,0.23,0.21,0.21,0.23,
GGBRW158W4,2025-09-23,0.27,0.27,0.27,0.27,
GGBRW160,2025-09-23,0.28,0.28,0.22,0.28,
GGBRW162,2025-09-23,0.35,0.31,0.25,0.35,
GGBRW165,2025-09-23,0.41,0.4,0.38,0.42,
GGBRW165W4,2025-09-23,0.72,0.72,0.72,0.72,
GGBRW167,2025-09-23,0.48,0.49,0.48,0.49,
GGBRW17,2025-09-23,0.68,0.72,0.53,0.72,
GGBRW170,2025-09-23,0.61,0.57,0.46,0.61,
GGBRW175,2025-09-23,0.83,0.84,0.63,0.84,
GGBRW180,2025-09-23,0.99,0.98,0.75,0.99,
GGBRW182,2025-09-23,1.25,1.25,1.25,1.25,
GGBRW185,2025-09-23,1.33,1.33,1.33,1.33,
GGBRW202,2025-09-23,2.76,2.76,2.76,2.76,
GGBRW225,2025-09-23,5,4.8,4.8,5,
GGBRX16,2025-09-23,0.22,0.22,0.22,0.22,
GGBRX175,2025-09-23,0.6,0.6,0.6,0.6,
GGBRX177,2025-09-23,0.75,0.66,0.65,0.75,
GGBRX240,2025-09-23,1.71,1.55,1.55,1.71,
GOAU3,2025-09-23,9.52,9.62,9.52,9.88,
GOAU3F,2025-09-23,9.6,9.62,9.55,9.85,
GOAU4,2025-09-23,9.53,9.68,9.49,9.88,
GOAU4F,2025-09-23,9.55,9.7,9.51,9.88,
GOAUA100,2025-09-23,0.8,0.8,0.8,0.8,
GOAUA103,2025-09-23,0.52,0.52,0.52,0.52,
GOAUA115,2025-09-23,0.15,0.15,0.15,0.15,
GOAUA949,2025-09-23,0.87,0.86,0.86,0.87,
GOAUA967,2025-09-23,0.77,0.77,0.77,0.77,
GOAUD150,2025-09-23,0.42,0.45,0.42,0.45,
GOAUJ10,2025-09-23,0.13,0.16,0.13,0.25,
GOAUJ100,2025-09-23,0.22,0.25,0.22,0.35,
GOAUJ105,2025-09-23,0.03,0.04,0.03,0.08,
GOAUJ110,2025-09-23,0.02,0.01,0.01,0.02,
GOAUJ140,2025-09-23,0.01,0.01,0.01,0.01,
GOAUJ867,2025-09-23,1.3,1.3,1.3,1.3,
GOAUJ907,2025-09-23,0.82,0.82,0.82,0.82,
GOAUJ927,2025-09-23,0.75,0.75,0.75,0.75,
GOAUJ947,2025-09-23,0.55,0.54,0.48,0.55,
GOAUJ967,2025-09-23,0.35,0.38,0.3,0.49,
GOAUK100,2025-09-23,0.41,0.51,0.41,0.59,
GOAUK103,2025-09-23,0.25,0.29,0.25,0.35,
GOAUK105,2025-09-23,0.2,0.2,0.2,0.25,
GOAUK108,2025-09-23,0.09,0.13,0.09,0.18,
GOAUK110,2025-09-23,0.09,0.09,0.09,0.12,
GOAUK115,2025-09-23,0.04,0.05,0.04,0.05,
GOAUK118,2025-09-23,0.04,0.04,0.04,0.04,
GOAUK120,2025-09-23,0.03,0.03,0.03,0.03,
GOAUK125,2025-09-23,0.02,0.02,0.02,0.02,
GOAUK847,2025-09-23,1.52,1.52,1.52,1.52,
GOAUK909,2025-09-23,0.99,0.92,0.92,0.99,
GOAUK929,2025-09-23,0.9,0.9,0.9,0.9,
GOAUK947,2025-09-23,0.78,0.75,0.71,0.86,
GOAUK967,2025-09-23,0.62,0.62,0.58,0.71,
GOAUK99,2025-09-23,0.34,0.39,0.34,0.47,
GOAUL100,2025-09-23,0.56,0.86,0.56,0.87,
GOAUL104,2025-09-23,0.4,0.4,0.4,0.4,
GOAUL108,2025-09-23,0.2,0.2,0.2,0.2,
GOAUL160,2025-09-23,0.02,0.01,0.01,0.02,
GOAUL969,2025-09-23,0.59,0.59,0.59,0.59,
GOAUL979,2025-09-23,0.58,0.6,0.58,0.6,
GOAUM100,2025-09-23,0.38,0.42,0.38,0.43,
GOAUM907,2025-09-23,0.15,0.15,0.15,0.15,
GOAUM949,2025-09-23,0.26,0.26,0.26,0.26,
GOAUV10,2025-09-23,0.29,0.36,0.29,0.39,
GOAUV100,2025-09-23,0.24,0.27,0.19,0.29,
GOAUV105,2025-09-23,0.81,0.67,0.61,0.81,
GOAUV110,2025-09-23,1.12,1.11,1.11,1.12,
GOAUV135,2025-09-23,3.54,3.6,3.54,3.6,
GOAUV807,2025-09-23,0.01,0.01,0.01,0.01,
GOAUV827,2025-09-23,0.01,0.01,0.01,0.01,
GOAUV847,2025-09-23,0.01,0.01,0.01,0.01,
GOAUV867,2025-09-23,0.02,0.02,0.02,0.02,
GOAUV887,2025-09-23,0.03,0.03,0.03,0.03,
GOAUV907,2025-09-23,0.06,0.04,0.04,0.06,
GOAUV927,2025-09-23,0.07,0.08,0.06,0.08,
GOAUV929,2025-09-23,0.07,0.09,0.07,0.1,
GOAUV947,2025-09-23,0.12,0.11,0.1,0.12,
GOAUV967,2025-09-23,0.13,0.18,0.13,0.18,
GOAUW100,2025-09-23,0.33,0.36,0.33,0.36,
GOAUW103,2025-09-23,0.52,0.63,0.51,0.63,
GOAUW110,2025-09-23,1.13,1.13,1.13,1.13,
GOAUW115,2025-09-23,1.49,1.49,1.49,1.49,
GOAUW807,2025-09-23,0.03,0.03,0.03,0.03,
GOAUW849,2025-09-23,0.06,0.06,0.06,0.06,
GOAUW867,2025-09-23,0.07,0.07,0.07,0.07,
GOAUW869,2025-09-23,0.08,0.08,0.08,0.08,
GOAUW887,2025-09-23,0.08,0.09,0.08,0.09,
GOAUW889,2025-09-23,0.09,0.1,0.09,0.1,
GOAUW907,2025-09-23,0.1,0.12,0.1,0.12,
GOAUW909,2025-09-23,0.12,0.12,0.12,0.12,
GOAUW927,2025-09-23,0.18,0.16,0.13,0.18,
GOAUW929,2025-09-23,0.18,0.18,0.18,0.18,
GOAUW947,2025-09-23,0.22,0.22,0.22,0.22,
GOAUW949,2025-09-23,0.21,0.2,0.2,0.21,
GOAUW967,2025-09-23,0.24,0.25,0.24,0.25,
GOAUW99,2025-09-23,0.49,0.45,0.38,0.49,
GOAUX10,2025-09-23,0.62,0.62,0.62,0.62,
GOAUX100,2025-09-23,0.29,0.27,0.22,0.29,
GOAUX929,2025-09-23,0.22,0.22,0.22,0.22,
GOAUX989,2025-09-23,0.35,0.35,0.35,0.35,
MGEL4,2025-09-23,6,5.81,5.81,6,
MGEL4F,2025-09-23,5.94,6,5.94,6,
PATI3F,2025-09-23,45.99,45.19,45.19,45.99,
PMAM1,2025-09-23,0.01,0.01,0.01,0.02,
PMAM1F,2025-09-23,0.01,0.01,0.01,0.02,
PMAM3,2025-09-23,1.46,1.39,1.36,1.47,
PMAM3F,2025-09-23,1.48,1.37,1.36,1.48,
TKNO4,2025-09-23,175.01,175,171.01,175.01,
TKNO4F,2025-09-23,174.1,173,173,175,
VALE3,2025-09-23,58,57.67,57.66,58.39,
VALE3F,2025-09-23,58,57.66,57.66,58.38,
VALEA497,2025-09-23,10.31,10.31,10.31,10.31,
VALEA572,2025-09-23,7.06,6.99,6.99,7.06,
VALEA582,2025-09-23,6.35,6.26,6.26,6.41,
VALEA592,2025-09-23,5.8,5.85,5.8,5.85,
VALEA622,2025-09-23,3.66,3.57,3.57,3.66,
VALEA641,2025-09-23,1.13,1.76,1.13,1.76,
VALEA642,2025-09-23,2.5,2.05,2.05,2.5,
VALEA646,2025-09-23,1.5,1.55,1.43,1.55,
VALEA651,2025-09-23,1.2,1.2,1.2,1.2,
VALEA652,2025-09-23,2.02,2.02,2.02,2.02,
VALEA655,2025-09-23,0.8,0.78,0.78,0.8,
VALEA661,2025-09-23,0.5,0.5,0.5,0.5,
VALEA665,2025-09-23,0.65,0.65,0.65,0.65,
VALEA715,2025-09-23,0.22,0.22,0.22,0.22,
VALEB560,2025-09-23,8.89,8.85,8.85,8.89,
VALEB598,2025-09-23,11.19,11,11,11.2,
VALEB613,2025-09-23,3.8,3.8,3.8,3.8,
VALEB615,2025-09-23,5.2,5.2,5.2,5.2,
VALEB622,2025-09-23,2.5,2.5,2.5,2.5,
VALEB627,2025-09-23,2.3,2.3,2.3,2.3,
VALEC350,2025-09-23,30.68,30.68,30.68,30.68,
VALEC630,2025-09-23,8.33,9.76,8.33,9.76,
VALEC680,2025-09-23,1,1,1,1,
VALEC686,2025-09-23,1.5,1.5,1.5,1.5,
VALEC705,2025-09-23,0.8,0.8,0.8,0.8,
VALED528,2025-09-23,11.2,11.21,11.2,11.21,
VALED577,2025-09-23,6.22,6.2,6.2,6.22,
VALED582,2025-09-23,5.91,5.9,5.9,5.91,
VALED588,2025-09-23,6.53,6.52,6.52,6.53,
VALED678,2025-09-23,6.03,6.96,6.03,6.96,
VALED803,2025-09-23,3.01,3.01,3.01,3.01,
VALEE65,2025-09-23,3.58,3.58,3.58,3.58,
VALEF143,2025-09-23,0.03,0.03,0.03,0.03,
VALEF540,2025-09-23,16,16,16,16,
VALEF598,2025-09-23,11.79,11.79,11.79,11.79,
VALEF780,2025-09-23,4.5,4.5,4.5,4.5,
VALEI500W4,2025-09-23,9.56,9.44,9.44,9.56,
VALEI510W4,2025-09-23,8.61,8.43,8.43,8.61,
VALEI520W4,2025-09-23,7.65,7.44,7.44,7.65,
VALEI530W4,2025-09-23,6.66,6.48,6.48,6.66,
VALEI540W4,2025-09-23,5.68,5.53,5.53,6.01,
VALEI550W4,2025-09-23,4.72,4.52,4.52,4.82,
VALEI560W4,2025-09-23,3.74,3.58,3.58,3.83,
VALEI570W4,2025-09-23,2.74,2.47,2.44,2.88,
VALEI580W4,2025-09-23,1.78,1.48,1.48,2.11,
VALEI590W4,2025-09-23,0.92,0.67,0.66,1.17,
VALEI600W4,2025-09-23,0.27,0.31,0.19,0.47,
VALEI610W4,2025-09-23,0.09,0.08,0.07,0.14,
VALEI620W4,2025-09-23,0.04,0.02,0.02,0.04,
VALEI630W4,2025-09-23,0.02,0.01,0.01,0.02,
VALEJ49,2025-09-23,12.97,12.84,12.84,12.97,
VALEJ500W2,2025-09-23,9.73,9.73,9.73,9.73,
VALEJ504,2025-09-23,9.95,9.48,9.48,9.95,
VALEJ505W2,2025-09-23,9.27,9.21,9.21,9.27,
VALEJ510,2025-09-23,11.33,11.33,11.33,11.33,
VALEJ510W2,2025-09-23,8.8,8.74,8.74,8.8,
VALEJ514,2025-09-23,8.97,8.89,8.89,8.97,
VALEJ515W2,2025-09-23,8.36,8.19,8.19,8.36,
VALEJ520,2025-09-23,10.07,10.07,10.07,10.07,
VALEJ520W2,2025-09-23,7.94,7.8,7.8,7.94,
VALEJ524,2025-09-23,7.86,7.48,7.48,8.04,
VALEJ525W1,2025-09-23,7.25,7.19,7.19,7.25,
VALEJ525W2,2025-09-23,7.37,7.31,7.31,7.37,
VALEJ530,2025-09-23,9.35,9.37,9.35,9.51,
VALEJ530W1,2025-09-23,6.9,6.72,6.72,6.9,
VALEJ530W2,2025-09-23,6.88,6.82,6.82,6.88,
VALEJ534,2025-09-23,6.94,6.83,6.83,6.94,
VALEJ535W1,2025-09-23,6.43,6.23,6.23,6.43,
VALEJ535W2,2025-09-23,6.45,6.34,6.34,6.45,
VALEJ540,2025-09-23,8.26,8,8,8.53,
VALEJ540W1,2025-09-23,5.92,5.68,5.68,5.92,
VALEJ540W2,2025-09-23,5.89,5.85,5.85,5.89,
VALEJ544,2025-09-23,5.84,5.96,5.84,6.1,
VALEJ545W1,2025-09-23,5.41,5.23,5.23,5.67,
VALEJ545W2,2025-09-23,5.4,5.36,5.36,5.4,
VALEJ550,2025-09-23,7.39,7.43,7.39,7.51,
VALEJ550W1,2025-09-23,4.97,4.77,4.74,4.97,
VALEJ550W2,2025-09-23,4.92,4.88,4.88,4.92,
VALEJ553,2025-09-23,12.34,12.3,12.3,12.34,
VALEJ554,2025-09-23,4.87,4.67,4.67,5,
VALEJ555W1,2025-09-23,4.43,4.29,4.29,4.43,
VALEJ555W2,2025-09-23,4.48,4.42,4.42,4.48,
VALEJ560,2025-09-23,6.43,6.16,6.16,6.6,
VALEJ560W1,2025-09-23,3.95,3.83,3.83,3.98,
VALEJ560W2,2025-09-23,4.01,3.95,3.95,4.01,
VALEJ565W1,2025-09-23,3.49,3.37,3.37,3.49,
VALEJ565W2,2025-09-23,3.56,3.5,3.5,3.56,
VALEJ570,2025-09-23,5.5,5.5,5.35,5.57,
VALEJ570W1,2025-09-23,2.99,2.67,2.67,3.05,
VALEJ570W2,2025-09-23,3.1,3.04,3.04,3.1,
VALEJ570W5,2025-09-23,2.37,2.37,2.37,2.37,
VALEJ574,2025-09-23,3.05,2.8,2.8,3.35,
VALEJ575W1,2025-09-23,2.56,2.22,2.22,2.56,
VALEJ575W2,2025-09-23,2.64,2.58,2.58,2.64,
VALEJ578,2025-09-23,10.5,10.56,10.5,10.56,
VALEJ580,2025-09-23,4.42,4.08,4.08,4.71,
VALEJ580W1,2025-09-23,2.13,2.01,2.01,2.19,
VALEJ580W2,2025-09-23,2.21,2.15,2.15,2.21,
VALEJ584,2025-09-23,2.4,2.12,2,2.52,
VALEJ585,2025-09-23,3.95,3.67,3.67,4.19,
VALEJ585W1,2025-09-23,1.71,1.47,1.47,1.73,
VALEJ585W2,2025-09-23,1.82,1.76,1.76,1.82,
VALEJ590,2025-09-23,3.51,3.19,3.19,3.78,
VALEJ590W1,2025-09-23,1.32,1.05,1.05,1.41,
VALEJ590W2,2025-09-23,1.47,1.41,1.41,1.47,
VALEJ593W1,2025-09-23,0.31,0.25,0.25,0.4,
VALEJ593W2,2025-09-23,0.55,0.44,0.44,0.62,
VALEJ593W4,2025-09-23,1.04,0.95,0.95,1.45,
VALEJ594,2025-09-23,1.48,1.37,1.35,1.79,
VALEJ595W1,2025-09-23,0.91,0.75,0.75,0.99,
VALEJ595W2,2025-09-23,1.34,1.09,1.09,1.43,
VALEJ600,2025-09-23,2.58,2.39,2.39,2.93,
VALEJ600W1,2025-09-23,0.7,0.51,0.51,0.84,
VALEJ600W2,2025-09-23,1.01,0.83,0.83,1.08,
VALEJ600W5,2025-09-23,0.55,1.04,0.55,1.04,
VALEJ603W1,2025-09-23,0.15,0.12,0.12,0.2,
VALEJ603W2,2025-09-23,0.28,0.23,0.23,0.34,
VALEJ603W4,2025-09-23,0.42,0.42,0.42,0.42,
VALEJ604,2025-09-23,0.93,0.86,0.86,1.19,
VALEJ610,2025-09-23,1.84,1.67,1.67,2.15,
VALEJ613W1,2025-09-23,0.07,0.07,0.07,0.08,
VALEJ613W2,2025-09-23,0.15,0.12,0.12,0.18,
VALEJ614,2025-09-23,0.57,0.51,0.51,0.74,
VALEJ620,2025-09-23,1.35,1.1,1.08,1.47,
VALEJ620W5,2025-09-23,0.4,0.56,0.4,0.56,
VALEJ623W1,2025-09-23,0.04,0.03,0.03,0.04,
VALEJ623W2,2025-09-23,0.11,0.07,0.07,0.11,
VALEJ624,2025-09-23,0.35,0.31,0.31,0.45,
VALEJ630,2025-09-23,0.76,0.7,0.67,0.95,
VALEJ633W1,2025-09-23,0.02,0.02,0.02,0.02,
VALEJ633W2,2025-09-23,0.05,0.05,0.05,0.05,
VALEJ634,2025-09-23,0.21,0.19,0.19,0.26,
VALEJ640,2025-09-23,0.46,0.4,0.36,0.58,
VALEJ644,2025-09-23,0.13,0.13,0.12,0.16,
VALEJ650,2025-09-23,0.3,0.24,0.24,0.34,
VALEJ654,2025-09-23,0.08,0.07,0.07,0.1,
VALEJ660,2025-09-23,0.17,0.14,0.14,0.2,
VALEJ670,2025-09-23,0.1,0.09,0.08,0.12,
VALEJ674,2025-09-23,0.04,0.05,0.03,0.05,
VALEJ680,2025-09-23,0.07,0.06,0.06,0.08,
VALEJ684,2025-09-23,0.03,0.03,0.02,0.03,
VALEJ685,2025-09-23,0.05,0.06,0.05,0.06,
VALEJ690,2025-09-23,0.05,0.04,0.04,0.05,
VALEJ700,2025-09-23,0.04,0.03,0.03,0.04,
VALEJ704,2025-09-23,0.01,0.02,0.01,0.02,
VALEJ712,2025-09-23,0.02,0.02,0.02,0.02,
VALEJ720,2025-09-23,0.01,0.01,0.01,0.01,
VALEJ80,2025-09-23,0.01,0.01,0.01,0.01,
VALEJ902,2025-09-23,0.01,0.01,0.01,0.01,
VALEK466,2025-09-23,14.16,14.16,14.16,14.16,
VALEK505W1,2025-09-23,8.4,8.4,8.4,8.4,
VALEK516,2025-09-23,9.37,9.38,9.23,9.51,
VALEK521,2025-09-23,8.42,8.42,8.42,8.42,
VALEK526,2025-09-23,8.28,8.1,8.1,8.57,
VALEK531,2025-09-23,7.97,7.96,7.73,8.1,
VALEK536,2025-09-23,7.51,7.36,7.36,7.64,
VALEK541,2025-09-23,7.05,7.06,6.92,7.2,
VALEK546,2025-09-23,6.34,6.2,6.2,6.74,
VALEK551,2025-09-23,6.19,6.06,6.03,6.3,
VALEK556,2025-09-23,5.6,5.43,5.43,5.86,
VALEK561,2025-09-23,5.12,5.28,5.12,5.43,
VALEK566,2025-09-23,4.86,4.65,4.65,5.03,
VALEK571,2025-09-23,4.3,4.14,4.14,4.59,
VALEK576,2025-09-23,3.97,3.8,3.79,4.23,
VALEK580W4,2025-09-23,2.55,2.55,2.55,2.55,
VALEK581,2025-09-23,3.71,3.39,3.39,3.83,
VALEK585W1,2025-09-23,1.95,1.95,1.95,1.95,
VALEK586,2025-09-23,3.16,2.97,2.97,3.47,
VALEK591,2025-09-23,2.88,2.65,2.65,3.11,
VALEK596,2025-09-23,2.58,2.35,2.35,2.78,
VALEK600W2,2025-09-23,1,1.34,1,1.36,
VALEK600W4,2025-09-23,1.65,1.7,1.65,1.7,
VALEK601,2025-09-23,2.26,2.11,2.11,2.47,
VALEK606,2025-09-23,2.01,1.8,1.8,2.19,
VALEK611,2025-09-23,1.79,1.66,1.64,1.92,
VALEK616,2025-09-23,1.36,1.36,1.36,1.67,
VALEK621,2025-09-23,1.32,1.17,1.17,1.45,
VALEK626,2025-09-23,1.08,1,1,1.25,
VALEK631,2025-09-23,1,0.93,0.92,1.07,
VALEK636,2025-09-23,0.9,0.74,0.74,0.92,
VALEK641,2025-09-23,0.71,0.63,0.63,0.79,
VALEK646,2025-09-23,0.59,0.54,0.54,0.67,
VALEK651,2025-09-23,0.52,0.47,0.47,0.57,
VALEK661,2025-09-23,0.37,0.34,0.34,0.42,
VALEK666,2025-09-23,0.34,0.29,0.29,0.36,
VALEK671,2025-09-23,0.28,0.24,0.24,0.31,
VALEK678,2025-09-23,0.42,0.42,0.42,0.49,
VALEK681,2025-09-23,0.22,0.22,0.21,0.23,
VALEK686,2025-09-23,0.2,0.19,0.18,0.2,
VALEK691,2025-09-23,0.17,0.17,0.16,0.17,
VALEK696,2025-09-23,0.14,0.14,0.14,0.14,
VALEK70,2025-09-23,0.25,0.21,0.21,0.26,
VALEK701,2025-09-23,0.11,0.11,0.11,0.11,
VALEK706,2025-09-23,0.11,0.1,0.1,0.11,
VALEK721,2025-09-23,0.08,0.08,0.08,0.08,
VALEK726,2025-09-23,0.06,0.06,0.06,0.06,
VALEL1,2025-09-23,5.6,6.1,5.6,6.1,
VALEL220,2025-09-23,0.02,0.05,0.02,0.05,
VALEL524,2025-09-23,9.22,9.25,9.22,9.25,
VALEL530,2025-09-23,10.33,10.29,10.28,10.33,
VALEL544,2025-09-23,7.24,7.21,7.21,7.24,
VALEL564,2025-09-23,5.78,5.78,5.78,5.78,
VALEL57,2025-09-23,14,13.89,13.89,14,
VALEL580,2025-09-23,6.07,6.03,6.03,6.33,
VALEL590,2025-09-23,5.35,5.15,5.05,5.5,
VALEL594,2025-09-23,3.4,3.27,3.27,3.59,
VALEL600,2025-09-23,4.6,4.26,4.26,4.6,
VALEL604,2025-09-23,2.36,2.94,2.36,2.94,
VALEL609,2025-09-23,2.7,2.65,2.12,2.7,
VALEL614,2025-09-23,2.29,2.29,2.29,2.29,
VALEL617,2025-09-23,1.4,1.4,1.4,1.4,
VALEL61W1,2025-09-23,1.46,1.46,1.46,1.46,
VALEL62,2025-09-23,0.4,0.4,0.4,0.4,
VALEL620,2025-09-23,2.94,2.94,2.94,3.39,
VALEL624,2025-09-23,1.92,1.64,1.64,1.92,
VALEL629,2025-09-23,1.66,1.66,1.66,1.66,
VALEL630W1,2025-09-23,0.4,0.4,0.4,0.4,
VALEL637,2025-09-23,0.85,0.85,0.85,0.85,
VALEL639,2025-09-23,1.33,1.17,1.17,1.39,
VALEL644,2025-09-23,2.06,2.06,2.06,2.06,
VALEL649,2025-09-23,0.91,0.9,0.89,0.91,
VALEL65,2025-09-23,8.9,8.96,8.61,9.03,
VALEL659,2025-09-23,0.87,0.87,0.87,0.87,
VALEL660,2025-09-23,3.81,3.6,3.6,4.02,
VALEL699,2025-09-23,0.31,0.31,0.31,0.31,
VALEL70,2025-09-23,0.46,0.42,0.42,0.47,
VALEL733,2025-09-23,3.43,3.43,3.43,3.43,
VALEL790,2025-09-23,2.03,2.93,2.03,2.93,
VALEL872,2025-09-23,0.04,0.02,0.02,0.04,
VALEM480,2025-09-23,0.1,0.1,0.1,0.1,
VALEM500,2025-09-23,0.14,0.14,0.14,0.14,
VALEM525,2025-09-23,0.4,0.44,0.4,0.44,
VALEM53,2025-09-23,0.31,0.36,0.31,0.37,
VALEM577,2025-09-23,0.7,0.65,0.65,0.7,
VALEM580,2025-09-23,0.46,0.42,0.42,0.46,
VALEM622,2025-09-23,1.66,1.67,1.66,1.67,
VALEM652,2025-09-23,3.2,3.2,3.2,3.2,
VALEN448,2025-09-23,0.48,0.48,0.48,0.48,
VALEN463,2025-09-23,0.05,0.14,0.05,0.14,
VALEN470,2025-09-23,0.12,0.12,0.12,0.12,
VALEN53,2025-09-23,0.98,0.95,0.94,0.98,
VALEN530,2025-09-23,0.36,0.34,0.33,0.36,
VALEN560,2025-09-23,0.53,0.65,0.53,0.65,
VALEN598,2025-09-23,2.4,2.4,2.4,2.4,
VALEN603,2025-09-23,2,2.23,2,2.24,
VALEN615,2025-09-23,1.71,1.65,1.65,1.71,
VALEO350,2025-09-23,0.03,0.03,0.02,0.05,
VALEO450,2025-09-23,0.11,0.1,0.09,0.11,
VALEO471,2025-09-23,0.15,0.15,0.15,0.15,
VALEP53,2025-09-23,0.51,0.45,0.41,0.51,
VALEQ530,2025-09-23,0.57,0.54,0.54,0.57,
VALER497,2025-09-23,0.4,0.36,0.36,0.4,
VALER602,2025-09-23,1.56,1.56,1.56,1.56,
VALET538,2025-09-23,1.31,1.3,1.3,1.31,
VALET700,2025-09-23,7.4,7.4,7.4,7.4,
VALEU530,2025-09-23,0.74,0.74,0.74,0.74,
VALEU530W4,2025-09-23,0.01,0.01,0.01,0.01,
VALEU540W4,2025-09-23,0.01,0.01,0.01,0.01,
VALEU550W4,2025-09-23,0.01,0.01,0.01,0.01,
VALEU560W4,2025-09-23,0.02,0.02,0.02,0.02,
VALEU570W4,2025-09-23,0.04,0.04,0.02,0.04,
VALEU577,2025-09-23,2.7,2.7,2.7,2.7,
VALEU580W4,2025-09-23,0.06,0.07,0.04,0.07,
VALEU590W4,2025-09-23,0.25,0.23,0.12,0.25,
VALEU600W4,2025-09-23,0.65,0.78,0.41,0.78,
VALEU610W4,2025-09-23,1.3,1.53,1.3,1.53,
VALEU620W4,2025-09-23,2.28,2.34,2.28,2.34,
VALEU630W4,2025-09-23,3.31,3.51,3.21,3.51,
VALEU640W4,2025-09-23,4.43,4.49,4.43,4.49,
VALEU650W4,2025-09-23,5.23,5.25,5.23,5.25,
VALEU660W4,2025-09-23,6.27,6.4,6.2,6.4,
VALEV1,2025-09-23,0.04,0.04,0.04,0.04,
VALEV300,2025-09-23,237.93,237.93,237.93,237.93,
VALEV436,2025-09-23,0.01,0.01,0.01,0.01,
VALEV446,2025-09-23,0.01,0.01,0.01,0.01,
VALEV460,2025-09-23,0.01,0.01,0.01,0.02,
VALEV461,2025-09-23,0.01,0.01,0.01,0.01,
VALEV475,2025-09-23,0.01,0.01,0.01,0.01,
VALEV476,2025-09-23,0.01,0.01,0.01,0.01,
VALEV48,2025-09-23,0.03,0.03,0.03,0.03,
VALEV485,2025-09-23,0.02,0.02,0.02,0.02,
VALEV489,2025-09-23,0.04,0.03,0.03,0.04,
VALEV490,2025-09-23,0.01,0.01,0.01,0.01,
VALEV491,2025-09-23,0.02,0.03,0.02,0.03,
VALEV494,2025-09-23,0.03,0.03,0.03,0.04,
VALEV496,2025-09-23,0.03,0.02,0.02,0.03,
VALEV500W2,2025-09-23,0.01,0.01,0.01,0.01,
VALEV504,2025-09-23,0.04,0.04,0.03,0.04,
VALEV510,2025-09-23,0.02,0.02,0.02,0.02,
VALEV514,2025-09-23,0.05,0.04,0.04,0.05,
VALEV515W1,2025-09-23,0.02,0.02,0.02,0.02,
VALEV520,2025-09-23,0.03,0.04,0.03,0.04,
VALEV524,2025-09-23,0.07,0.06,0.05,0.07,
VALEV530,2025-09-23,0.04,0.04,0.03,0.04,
VALEV530W5,2025-09-23,0.2,0.2,0.2,0.2,
VALEV534,2025-09-23,0.05,0.07,0.05,0.09,
VALEV535W1,2025-09-23,0.03,0.03,0.03,0.03,
VALEV540,2025-09-23,0.05,0.05,0.04,0.06,
VALEV544,2025-09-23,0.1,0.11,0.09,0.11,
VALEV545W1,2025-09-23,0.04,0.04,0.04,0.04,
VALEV550,2025-09-23,0.06,0.06,0.06,0.08,
VALEV554,2025-09-23,0.15,0.14,0.12,0.16,
VALEV560,2025-09-23,0.09,0.09,0.07,0.09,
VALEV560W1,2025-09-23,0.07,0.07,0.07,0.07,
VALEV560W5,2025-09-23,0.38,0.38,0.38,0.38,
VALEV565W1,2025-09-23,0.09,0.09,0.09,0.09,
VALEV565W2,2025-09-23,0.14,0.14,0.14,0.14,
VALEV565W4,2025-09-23,0.27,0.25,0.25,0.27,
VALEV570,2025-09-23,0.12,0.13,0.1,0.13,
VALEV570W1,2025-09-23,0.1,0.11,0.09,0.11,
VALEV570W2,2025-09-23,0.17,0.18,0.17,0.18,
VALEV570W5,2025-09-23,0.86,0.9,0.86,0.9,
VALEV574,2025-09-23,0.35,0.36,0.28,0.36,
VALEV575W1,2025-09-23,0.14,0.15,0.13,0.15,
VALEV575W2,2025-09-23,0.21,0.21,0.21,0.21,
VALEV578,2025-09-23,1.82,1.94,1.82,1.94,
VALEV580,2025-09-23,0.18,0.2,0.15,0.2,
VALEV580W1,2025-09-23,0.2,0.23,0.18,0.23,
VALEV580W2,2025-09-23,0.3,0.33,0.27,0.33,
VALEV584,2025-09-23,0.56,0.57,0.44,0.58,
VALEV585,2025-09-23,0.22,0.23,0.18,0.23,
VALEV585W1,2025-09-23,0.27,0.33,0.24,0.33,
VALEV585W2,2025-09-23,0.4,0.38,0.37,0.4,
VALEV590,2025-09-23,0.26,0.29,0.22,0.29,
VALEV590W1,2025-09-23,0.38,0.45,0.31,0.46,
VALEV593W1,2025-09-23,1.3,1.48,1.3,1.48,
VALEV593W2,2025-09-23,1.47,1.45,1.45,1.47,
VALEV594,2025-09-23,0.82,0.91,0.7,0.91,
VALEV595W1,2025-09-23,0.51,0.47,0.45,0.55,
VALEV600,2025-09-23,0.44,0.46,0.35,0.46,
VALEV600W1,2025-09-23,0.76,0.88,0.62,0.88,
VALEV600W2,2025-09-23,1.03,1.03,1.03,1.03,
VALEV603W1,2025-09-23,2.23,2.23,2.23,2.23,
VALEV604,2025-09-23,1.35,1.44,1.09,1.44,
VALEV610,2025-09-23,0.69,0.74,0.56,0.74,
VALEV613W1,2025-09-23,3.12,3.1,3.1,3.12,
VALEV613W2,2025-09-23,3.08,3.08,3.08,3.08,
VALEV614,2025-09-23,1.85,2.03,1.63,2.05,
VALEV620,2025-09-23,0.98,1.12,0.88,1.13,
VALEV623W1,2025-09-23,4.31,4.31,4.31,4.31,
VALEV624,2025-09-23,2.49,2.73,2.42,2.73,
VALEV630,2025-09-23,1.6,1.71,1.34,1.71,
VALEV634,2025-09-23,3.39,3.89,3.17,3.89,
VALEV640,2025-09-23,2.21,2.4,1.96,2.42,
VALEV644,2025-09-23,4.29,4.18,4.02,4.35,
VALEV650,2025-09-23,2.76,3.16,2.76,3.16,
VALEV654,2025-09-23,5.23,5.12,4.98,5.23,
VALEV660,2025-09-23,3.83,3.9,3.76,3.9,
VALEV670,2025-09-23,4.75,4.98,4.5,4.98,
VALEV674,2025-09-23,7.15,7.4,6.99,7.4,
VALEV680,2025-09-23,5.7,5.85,5.44,5.85,
VALEV684,2025-09-23,8.13,8.04,8.04,8.13,
VALEV685,2025-09-23,6.18,6.07,6.07,6.2,
VALEV690,2025-09-23,6.67,6.85,6.56,6.85,
VALEV700,2025-09-23,7.65,7.67,7.65,7.67,
VALEV704,2025-09-23,10.1,10.1,10.1,10.1,
VALEV712,2025-09-23,8.38,8.35,8.35,8.38,
VALEV720,2025-09-23,9.61,9.58,9.58,9.61,
VALEV740,2025-09-23,11.3,11.3,11.3,11.3,
VALEV80,2025-09-23,10.35,10.33,10.33,10.35,
VALEW429,2025-09-23,0.03,0.03,0.03,0.03,
VALEW431,2025-09-23,0.04,0.04,0.04,0.04,
VALEW446,2025-09-23,0.03,0.03,0.03,0.03,
VALEW449,2025-09-23,0.05,0.05,0.05,0.05,
VALEW461,2025-09-23,0.05,0.05,0.05,0.05,
VALEW469,2025-09-23,0.06,0.06,0.06,0.06,
VALEW471,2025-09-23,0.07,0.06,0.06,0.07,
VALEW476,2025-09-23,0.07,0.07,0.07,0.07,
VALEW481,2025-09-23,0.08,0.08,0.08,0.08,
VALEW484,2025-09-23,0.08,0.08,0.08,0.08,
VALEW486,2025-09-23,0.09,0.09,0.09,0.09,
VALEW488,2025-09-23,0.11,0.12,0.11,0.12,
VALEW489,2025-09-23,0.09,0.09,0.09,0.09,
VALEW491,2025-09-23,0.09,0.09,0.09,0.09,
VALEW493,2025-09-23,0.14,0.14,0.14,0.14,
VALEW496,2025-09-23,0.11,0.11,0.1,0.11,
VALEW498,2025-09-23,0.15,0.15,0.15,0.15,
VALEW499,2025-09-23,0.11,0.11,0.11,0.11,
VALEW501,2025-09-23,0.12,0.11,0.11,0.12,
VALEW506,2025-09-23,0.13,0.13,0.13,0.13,
VALEW511,2025-09-23,0.15,0.14,0.14,0.15,
VALEW516,2025-09-23,0.16,0.16,0.14,0.16,
VALEW521,2025-09-23,0.18,0.18,0.18,0.18,
VALEW526,2025-09-23,0.2,0.2,0.18,0.21,
VALEW531,2025-09-23,0.22,0.23,0.2,0.23,
VALEW536,2025-09-23,0.25,0.23,0.23,0.26,
VALEW541,2025-09-23,0.29,0.29,0.26,0.3,
VALEW546,2025-09-23,0.33,0.31,0.3,0.34,
VALEW550W1,2025-09-23,0.45,0.45,0.45,0.45,
VALEW551,2025-09-23,0.39,0.39,0.34,0.39,
VALEW556,2025-09-23,0.42,0.44,0.39,0.44,
VALEW561,2025-09-23,0.51,0.46,0.45,0.51,
VALEW566,2025-09-23,0.55,0.59,0.51,0.59,
VALEW570W2,2025-09-23,0.5,0.5,0.5,0.5,
VALEW571,2025-09-23,0.68,0.67,0.59,0.68,
VALEW576,2025-09-23,0.76,0.79,0.68,0.79,
VALEW580W2,2025-09-23,1.5,1.3,1.28,1.5,
VALEW581,2025-09-23,0.86,0.8,0.78,0.93,
VALEW586,2025-09-23,1.06,1.05,0.91,1.06,
VALEW591,2025-09-23,1.23,1.23,1.05,1.23,
VALEW596,2025-09-23,1.32,1.37,1.21,1.37,
VALEW601,2025-09-23,1.52,1.55,1.38,1.55,
VALEW606,2025-09-23,1.71,1.76,1.58,1.77,
VALEW611,2025-09-23,1.88,1.85,1.8,1.97,
VALEW616,2025-09-23,2.16,2.35,2.06,2.35,
VALEW621,2025-09-23,2.52,2.57,2.33,2.57,
VALEW626,2025-09-23,2.76,2.9,2.61,2.9,
VALEW631,2025-09-23,2.99,3.23,2.94,3.23,
VALEW636,2025-09-23,3.41,3.63,3.28,3.63,
VALEW641,2025-09-23,3.74,4.04,3.64,4.04,
VALEW646,2025-09-23,4.1,4.33,4.01,4.33,
VALEW651,2025-09-23,4.62,4.75,4.41,4.75,
VALEW661,2025-09-23,5.68,5.6,5.23,5.68,
VALEW666,2025-09-23,5.81,5.77,5.65,5.93,
VALEW671,2025-09-23,6.57,6.22,6.09,6.57,
VALEW678,2025-09-23,4.97,4.85,4.79,5.08,
VALEW681,2025-09-23,7.16,7.12,6.99,7.16,
VALEW686,2025-09-23,7.62,7.58,7.45,7.74,
VALEW691,2025-09-23,8.08,8,7.91,8.08,
VALEW70,2025-09-23,6.95,6.66,6.54,6.95,
VALEX495,2025-09-23,0.2,0.21,0.2,0.21,
VALEX520,2025-09-23,0.18,0.15,0.15,0.18,
VALEX540,2025-09-23,0.25,0.25,0.25,0.25,
VALEX544,2025-09-23,0.45,0.45,0.45,0.45,
VALEX550,2025-09-23,0.19,0.19,0.19,0.19,
VALEX560,2025-09-23,0.39,0.4,0.21,0.4,
VALEX564,2025-09-23,0.72,0.65,0.65,0.72,
VALEX57,2025-09-23,1.43,1.37,1.37,1.43,
VALEX570,2025-09-23,0.38,0.5,0.38,0.52,
VALEX580,2025-09-23,0.57,0.59,0.56,0.59,
VALEX584,2025-09-23,1,1.17,1,1.17,
VALEX590,2025-09-23,0.74,0.72,0.41,0.74,
VALEX594,2025-09-23,1.4,1.4,1.4,1.4,
VALEX600,2025-09-23,0.98,1.05,0.88,1.05,
VALEX617,2025-09-23,3,3.15,3,3.15,
VALEX620,2025-09-23,1.55,1.55,1.55,1.55,
VALEX639,2025-09-23,3.5,3.5,3.5,3.5,
VALEX644,2025-09-23,2.25,2.25,2.25,2.25,
VALEX660,2025-09-23,1.25,1.17,1.15,1.25,
VALEX849,2025-09-23,22.76,22.76,22.76,22.76,
VALE3T,2025-09-23,60.28,60.36,60.28,60.36,
VALE3T,2025-09-23,58.78,58.79,58.78,58.79,
BPAC11,2025-09-23,47.15,47.81,47.07,47.9,
BPAC11F,2025-09-23,46.92,47.88,46.92,47.88,
BPAC3,2025-09-23,25.7,25.65,25.65,25.95,
BPAC3F,2025-09-23,25.49,25.87,25.32,26.02,
BPAC5,2025-09-23,10.93,10.93,10.89,10.93,
BPAC5F,2025-09-23,10.83,11,10.83,11.19,
BPACI455W4,2025-09-23,1.97,2.37,1.97,2.37,
BPACI460W4,2025-09-23,1.47,1.9,1.47,1.9,
BPACI465W4,2025-09-23,1.14,1.16,1.14,1.16,
BPACI470W4,2025-09-23,0.8,1.14,0.8,1.14,
BPACI475W4,2025-09-23,0.54,0.72,0.54,0.72,
BPACI485W4,2025-09-23,0.24,0.24,0.24,0.24,
BPACI490W4,2025-09-23,0.09,0.09,0.09,0.09,
BPACJ367,2025-09-23,11.8,11.8,11.8,11.8,
BPACJ375,2025-09-23,10.6,10.82,10.6,10.82,
BPACJ382,2025-09-23,10.4,10.4,10.4,10.4,
BPACJ405,2025-09-23,8.24,8.24,8.24,8.24,
BPACJ425,2025-09-23,6.32,6.32,6.32,6.32,
BPACJ427,2025-09-23,5.68,5.68,5.68,5.68,
BPACJ432,2025-09-23,5.5,5.56,5.5,5.56,
BPACJ435,2025-09-23,5.36,5.35,5.28,5.36,
BPACJ440,2025-09-23,4.6,4.89,4.6,4.89,
BPACJ445,2025-09-23,4.35,4.35,4.35,4.35,
BPACJ447,2025-09-23,3.65,4.16,3.65,4.19,
BPACJ450,2025-09-23,3.99,3.99,3.99,3.99,
BPACJ455,2025-09-23,3.46,3.46,3.46,3.46,
BPACJ457,2025-09-23,2.89,3.33,2.89,3.33,
BPACJ460,2025-09-23,2.74,3.14,2.73,3.15,
BPACJ462,2025-09-23,2.54,2.9,2.54,2.99,
BPACJ465,2025-09-23,2.41,2.71,2.41,2.82,
BPACJ467,2025-09-23,2.21,2.56,2.2,2.67,
BPACJ470,2025-09-23,2.02,2.36,2.02,2.46,
BPACJ470W1,2025-09-23,1.29,1.43,1.29,1.43,
BPACJ472,2025-09-23,1.91,2.17,1.9,2.27,
BPACJ475,2025-09-23,1.71,2.03,1.69,2.11,
BPACJ475W1,2025-09-23,1.11,1.16,1.11,1.16,
BPACJ477,2025-09-23,1.5,1.85,1.5,1.95,
BPACJ48,2025-09-23,1.02,1.28,1.02,1.38,
BPACJ480,2025-09-23,1.47,1.7,1.47,1.81,
BPACJ482,2025-09-23,1.28,1.58,1.28,1.65,
BPACJ485,2025-09-23,1.17,1.44,1.17,1.49,
BPACJ485W1,2025-09-23,0.6,0.6,0.6,0.6,
BPACJ485W2,2025-09-23,0.81,0.81,0.81,0.81,
BPACJ487,2025-09-23,0.88,1.08,0.81,1.11,
BPACJ49,2025-09-23,0.5,0.67,0.5,0.7,
BPACJ490,2025-09-23,0.94,1.18,0.88,1.25,
BPACJ490W2,2025-09-23,0.62,0.62,0.62,0.62,
BPACJ495,2025-09-23,0.75,0.95,0.75,0.99,
BPACJ495W2,2025-09-23,0.57,0.57,0.57,0.57,
BPACJ497,2025-09-23,0.64,0.86,0.64,0.94,
BPACJ500,2025-09-23,0.62,0.76,0.62,0.81,
BPACJ505,2025-09-23,0.62,0.56,0.56,0.62,
BPACJ510,2025-09-23,0.39,0.39,0.39,0.39,
BPACJ515,2025-09-23,0.32,0.34,0.32,0.36,
BPACJ520,2025-09-23,0.26,0.26,0.26,0.26,
BPACJ525,2025-09-23,0.15,0.21,0.15,0.21,
BPACJ535,2025-09-23,0.11,0.11,0.11,0.11,
BPACK377,2025-09-23,11,11,11,11,
BPACK380,2025-09-23,10.7,11,10.7,11,
BPACK407,2025-09-23,8.57,8.57,8.57,8.57,
BPACK420,2025-09-23,7.5,7.5,7.5,7.5,
BPACK427,2025-09-23,5.99,6.35,5.99,6.35,
BPACK444,2025-09-23,4.7,4.9,4.7,4.9,
BPACK447,2025-09-23,4.7,4.7,4.7,4.7,
BPACK449,2025-09-23,4.59,4.6,4.59,4.6,
BPACK452,2025-09-23,4.25,4.27,4.25,4.27,
BPACK457,2025-09-23,3.92,3.92,3.92,3.92,
BPACK459,2025-09-23,3.68,3.91,3.66,3.91,
BPACK460,2025-09-23,3.77,4.12,3.77,4.12,
BPACK462,2025-09-23,3.75,3.68,3.68,3.75,
BPACK464,2025-09-23,3.16,3.5,3.16,3.58,
BPACK467,2025-09-23,3.34,3.34,3.34,3.34,
BPACK469,2025-09-23,2.85,3.15,2.84,3.25,
BPACK472,2025-09-23,2.87,2.97,2.87,3.03,
BPACK474,2025-09-23,2.52,2.8,2.52,2.88,
BPACK477,2025-09-23,2.46,2.66,2.46,2.66,
BPACK479,2025-09-23,2.32,2.56,2.32,2.57,
BPACK482,2025-09-23,2.38,2.47,2.38,2.47,
BPACK484,2025-09-23,2.11,2.3,2.07,2.3,
BPACK489,2025-09-23,1.82,1.82,1.82,1.82,
BPACK492,2025-09-23,1.9,1.9,1.9,1.9,
BPACK494,2025-09-23,1.81,1.81,1.81,1.81,
BPACK497,2025-09-23,1.64,1.64,1.64,1.64,
BPACK499,2025-09-23,1.39,1.63,1.39,1.63,
BPACK654,2025-09-23,0.02,0.02,0.02,0.02,
BPACL387,2025-09-23,11,11,11,11,
BPACL557,2025-09-23,0.3,0.55,0.3,0.55,
BPACM450,2025-09-23,1.16,1.16,1.16,1.16,
BPACR340,2025-09-23,0.28,0.28,0.28,0.28,
BPACU430W4,2025-09-23,0.01,0.01,0.01,0.01,
BPACU435W4,2025-09-23,0.03,0.03,0.03,0.03,
BPACU445W4,2025-09-23,0.05,0.05,0.05,0.05,
BPACU450W4,2025-09-23,0.06,0.05,0.05,0.06,
BPACU455W4,2025-09-23,0.12,0.12,0.12,0.12,
BPACU460W4,2025-09-23,0.13,0.13,0.13,0.13,
BPACU465W4,2025-09-23,0.16,0.16,0.16,0.16,
BPACU470W4,2025-09-23,0.22,0.22,0.22,0.22,
BPACU475W4,2025-09-23,0.47,0.43,0.43,0.47,
BPACU480W4,2025-09-23,0.7,0.7,0.7,0.7,
BPACV385,2025-09-23,0.04,0.04,0.04,0.04,
BPACV390,2025-09-23,0.03,0.04,0.03,0.04,
BPACV400,2025-09-23,0.05,0.05,0.05,0.05,
BPACV402,2025-09-23,0.06,0.06,0.06,0.06,
BPACV412,2025-09-23,0.08,0.08,0.08,0.08,
BPACV417,2025-09-23,0.08,0.08,0.08,0.08,
BPACV420,2025-09-23,0.1,0.11,0.1,0.11,
BPACV422,2025-09-23,0.1,0.1,0.1,0.11,
BPACV425,2025-09-23,0.12,0.12,0.11,0.12,
BPACV425W1,2025-09-23,0.05,0.05,0.05,0.05,
BPACV430,2025-09-23,0.14,0.13,0.13,0.14,
BPACV432,2025-09-23,0.14,0.15,0.14,0.16,
BPACV435,2025-09-23,0.19,0.2,0.16,0.2,
BPACV437,2025-09-23,0.18,0.18,0.18,0.18,
BPACV440,2025-09-23,0.23,0.19,0.19,0.23,
BPACV440W1,2025-09-23,0.08,0.08,0.08,0.08,
BPACV442,2025-09-23,0.21,0.21,0.21,0.21,
BPACV445,2025-09-23,0.25,0.24,0.23,0.25,
BPACV445W1,2025-09-23,0.14,0.14,0.14,0.14,
BPACV445W4,2025-09-23,0.25,0.25,0.25,0.25,
BPACV450,2025-09-23,0.32,0.29,0.29,0.34,
BPACV450W1,2025-09-23,0.13,0.13,0.13,0.13,
BPACV452,2025-09-23,0.36,0.32,0.32,0.36,
BPACV455,2025-09-23,0.43,0.37,0.37,0.48,
BPACV455W1,2025-09-23,0.22,0.19,0.19,0.22,
BPACV455W2,2025-09-23,0.36,0.34,0.34,0.36,
BPACV457,2025-09-23,0.52,0.45,0.4,0.52,
BPACV460,2025-09-23,0.52,0.47,0.47,0.52,
BPACV460W1,2025-09-23,0.36,0.27,0.27,0.36,
BPACV460W2,2025-09-23,0.47,0.47,0.47,0.47,
BPACV462,2025-09-23,0.6,0.52,0.5,0.6,
BPACV465,2025-09-23,0.67,0.55,0.53,0.67,
BPACV465W1,2025-09-23,0.38,0.38,0.38,0.38,
BPACV467,2025-09-23,0.72,0.61,0.59,0.75,
BPACV470,2025-09-23,0.81,0.69,0.66,0.83,
BPACV470W1,2025-09-23,0.54,0.52,0.52,0.56,
BPACV472,2025-09-23,0.93,0.77,0.74,0.93,
BPACV475,2025-09-23,1.06,0.85,0.82,1.07,
BPACV475W1,2025-09-23,0.71,0.71,0.71,0.71,
BPACV477,2025-09-23,1.08,0.95,0.9,1.12,
BPACV48,2025-09-23,1.57,1.35,1.29,1.57,
BPACV480,2025-09-23,1.3,1.03,0.96,1.3,
BPACV480W2,2025-09-23,1.24,1.24,1.24,1.24,
BPACV482,2025-09-23,1.3,1.12,1.07,1.3,
BPACV485,2025-09-23,1.39,1.26,1.2,1.4,
BPACV487,2025-09-23,1.86,1.6,1.54,1.86,
BPACV490,2025-09-23,1.75,1.43,1.41,1.75,
BPACV495,2025-09-23,2,1.72,1.68,2,
BPACV497,2025-09-23,2.16,1.89,1.8,2.16,
BPACV500,2025-09-23,2.28,2.02,1.97,2.3,
BPACV505,2025-09-23,2.64,2.72,2.64,2.72,
BPACV600,2025-09-23,11.33,11.33,11.33,11.33,
BPACW42,2025-09-23,0.42,0.4,0.4,0.43,
BPACW420,2025-09-23,0.33,0.32,0.32,0.33,
BPACW425,2025-09-23,0.38,0.38,0.38,0.38,
BPACW427,2025-09-23,0.49,0.45,0.45,0.49,
BPACW432,2025-09-23,0.52,0.52,0.52,0.52,
BPACW435,2025-09-23,0.49,0.49,0.49,0.49,
BPACW437,2025-09-23,0.6,0.6,0.6,0.6,
BPACW440,2025-09-23,0.56,0.56,0.56,0.56,
BPACW442,2025-09-23,0.7,0.7,0.7,0.7,
BPACW444,2025-09-23,0.71,0.71,0.71,0.71,
BPACW445,2025-09-23,0.64,0.64,0.64,0.64,
BPACW447,2025-09-23,0.85,0.85,0.85,0.85,
BPACW459,2025-09-23,1.08,1.07,1.07,1.08,
BPACW462,2025-09-23,1.17,1.17,1.17,1.17,
BPACW469,2025-09-23,1.55,1.41,1.38,1.58,
BPACW472,2025-09-23,1.65,1.46,1.46,1.65,
BPACW474,2025-09-23,1.77,1.56,1.56,1.77,
BPACW477,2025-09-23,1.78,1.72,1.72,1.78,
BPACW479,2025-09-23,1.99,1.82,1.76,1.99,
BPACW484,2025-09-23,2.11,2.11,2.11,2.11,
BPACW499,2025-09-23,2.77,2.84,2.77,2.84,
BPACX420,2025-09-23,0.5,0.46,0.46,0.5,
BPACX422,2025-09-23,0.5,0.48,0.48,0.5,
BPACX434,2025-09-23,0.76,0.74,0.74,0.76,
BPACX489,2025-09-23,2.38,2.38,2.38,2.38,
BPACX499,2025-09-23,2.86,2.86,2.86,2.86,
CASH14,2025-09-23,0.04,0.04,0.03,0.04,
CASH14F,2025-09-23,0.03,0.03,0.03,0.03,
CASH15,2025-09-23,0.06,0.06,0.06,0.06,
CASH15F,2025-09-23,0.03,0.03,0.03,0.03,
CASH16,2025-09-23,0.05,0.04,0.04,0.05,
CASH3,2025-09-23,4.09,4.12,4.06,4.19,
CASH3F,2025-09-23,4.14,4.13,4.07,4.2,
CASHJ395,2025-09-23,0.33,0.33,0.33,0.33,
CASHJ405,2025-09-23,0.26,0.26,0.26,0.26,
CASHJ425,2025-09-23,0.22,0.17,0.17,0.22,
CASHJ430,2025-09-23,0.19,0.19,0.18,0.19,
CASHJ435,2025-09-23,0.16,0.12,0.12,0.16,
CASHJ440,2025-09-23,0.14,0.15,0.14,0.15,
CASHJ450,2025-09-23,0.11,0.11,0.1,0.11,
CASHJ455,2025-09-23,0.11,0.11,0.11,0.11,
CASHJ465,2025-09-23,0.09,0.09,0.09,0.09,
CASHJ480,2025-09-23,0.09,0.09,0.09,0.09,
CASHJ490,2025-09-23,0.07,0.07,0.07,0.07,
CASHJ540,2025-09-23,0.04,0.04,0.04,0.04,
CASHJ620,2025-09-23,0.04,0.04,0.04,0.04,
CASHJ650,2025-09-23,0.04,0.03,0.03,0.04,
CASHJ700,2025-09-23,0.03,0.03,0.03,0.03,
CASHK100,2025-09-23,0.49,0.48,0.47,0.49,
CASHK145,2025-09-23,0.01,0.01,0.01,0.01,
CASHK395,2025-09-23,0.58,0.58,0.58,0.58,
CASHK400,2025-09-23,0.53,0.49,0.49,0.53,
CASHK430,2025-09-23,0.4,0.4,0.4,0.4,
CASHK470,2025-09-23,0.25,0.25,0.25,0.25,
CASHK480,2025-09-23,0.24,0.24,0.24,0.24,
CASHL400,2025-09-23,0.63,0.63,0.63,0.63,
CASHL600,2025-09-23,0.2,0.2,0.2,0.2,
CASHN300,2025-09-23,0.13,0.13,0.13,0.13,
CASHV395,2025-09-23,0.13,0.13,0.13,0.13,
CASHV400,2025-09-23,0.12,0.12,0.12,0.12,
CASHV415,2025-09-23,0.16,0.16,0.16,0.16,
CASHV450,2025-09-23,0.41,0.41,0.41,0.41,
CASHV480,2025-09-23,0.7,0.7,0.7,0.7,
CASHV550,2025-09-23,1.33,1.33,1.33,1.33,
CASHV650,2025-09-23,2.3,2.3,2.3,2.3,
CASHW400,2025-09-23,0.26,0.3,0.26,0.3,
CASHW405,2025-09-23,0.3,0.3,0.3,0.3,
CASHW430,2025-09-23,0.41,0.44,0.41,0.45,
CSAN3,2025-09-23,6.24,6.34,6.08,6.46,
CSAN3F,2025-09-23,6.17,6.37,6.09,6.47,
CSANA100,2025-09-23,0.57,0.63,0.57,0.65,
CSANA590,2025-09-23,1.95,1.95,1.95,1.95,
CSANA630,2025-09-23,0.74,0.74,0.74,0.74,
CSANA700,2025-09-23,0.38,0.38,0.38,0.38,
CSANA780,2025-09-23,0.22,0.19,0.19,0.22,
CSANA800,2025-09-23,0.18,0.25,0.18,0.25,
CSANA820,2025-09-23,0.17,0.14,0.14,0.17,
CSANB799,2025-09-23,1.05,1.1,1.05,1.1,
CSANB810,2025-09-23,0.24,0.24,0.24,0.24,
CSANC650,2025-09-23,0.9,0.9,0.8,1.1,
CSANC80,2025-09-23,0.33,0.39,0.33,0.39,
CSAND60,2025-09-23,1.85,2,1.85,2.4,
CSAND70,2025-09-23,1.5,1.5,1.5,1.5,
CSANE690,2025-09-23,0.86,0.86,0.86,0.86,
CSANF650,2025-09-23,1.02,1.01,1.01,1.02,
CSANF700,2025-09-23,0.95,0.89,0.89,0.95,
CSANH800,2025-09-23,0.62,0.62,0.62,0.62,
CSANI16,2025-09-23,0.2,0.2,0.2,0.2,
CSANI460W4,2025-09-23,1.56,1.56,1.56,1.56,
CSANI560W4,2025-09-23,0.6,0.6,0.6,0.6,
CSANI580W4,2025-09-23,0.62,0.56,0.56,0.62,
CSANI600W4,2025-09-23,0.24,0.4,0.24,0.5,
CSANI620W4,2025-09-23,0.14,0.26,0.14,0.34,
CSANI640W4,2025-09-23,0.13,0.17,0.08,0.21,
CSANI660W4,2025-09-23,0.08,0.08,0.08,0.12,
CSANI680W4,2025-09-23,0.05,0.06,0.03,0.06,
CSANI700,2025-09-23,1.3,1.3,1.3,1.3,
CSANI700W4,2025-09-23,0.01,0.02,0.01,0.03,
CSANI720W4,2025-09-23,0.01,0.02,0.01,0.02,
CSANI760W4,2025-09-23,0.01,0.01,0.01,0.01,
CSANI800W4,2025-09-23,0.01,0.01,0.01,0.01,
CSANI900,2025-09-23,0.5,0.43,0.43,0.5,
CSANJ530,2025-09-23,1,1.17,1,1.17,
CSANJ540,2025-09-23,0.9,0.94,0.9,0.94,
CSANJ550,2025-09-23,0.8,0.97,0.78,0.97,
CSANJ560,2025-09-23,0.69,0.78,0.69,0.84,
CSANJ560W1,2025-09-23,0.69,0.69,0.69,0.69,
CSANJ570,2025-09-23,0.72,0.75,0.72,0.81,
CSANJ580,2025-09-23,0.53,0.65,0.52,0.7,
CSANJ580W1,2025-09-23,0.59,0.59,0.59,0.59,
CSANJ590,2025-09-23,0.47,0.55,0.45,0.69,
CSANJ600,2025-09-23,0.44,0.57,0.39,0.62,
CSANJ600W1,2025-09-23,0.36,0.46,0.32,0.51,
CSANJ600W2,2025-09-23,0.36,0.39,0.36,0.39,
CSANJ610,2025-09-23,0.4,0.47,0.35,0.55,
CSANJ620,2025-09-23,0.4,0.41,0.3,0.45,
CSANJ620W1,2025-09-23,0.28,0.33,0.26,0.37,
CSANJ620W2,2025-09-23,0.42,0.42,0.42,0.42,
CSANJ630,2025-09-23,0.3,0.34,0.26,0.42,
CSANJ640,2025-09-23,0.27,0.3,0.23,0.36,
CSANJ640W1,2025-09-23,0.19,0.23,0.17,0.26,
CSANJ640W2,2025-09-23,0.16,0.25,0.16,0.33,
CSANJ650,2025-09-23,0.21,0.26,0.18,0.3,
CSANJ660,2025-09-23,0.18,0.26,0.17,0.27,
CSANJ660W1,2025-09-23,0.18,0.14,0.13,0.2,
CSANJ660W2,2025-09-23,0.2,0.17,0.17,0.2,
CSANJ670,2025-09-23,0.17,0.19,0.13,0.24,
CSANJ680,2025-09-23,0.14,0.16,0.12,0.21,
CSANJ680W1,2025-09-23,0.08,0.07,0.07,0.08,
CSANJ680W2,2025-09-23,0.15,0.12,0.12,0.15,
CSANJ690,2025-09-23,0.15,0.15,0.09,0.17,
CSANJ700,2025-09-23,0.11,0.12,0.08,0.14,
CSANJ700W1,2025-09-23,0.06,0.06,0.05,0.08,
CSANJ700W5,2025-09-23,0.34,0.18,0.15,0.34,
CSANJ710,2025-09-23,0.1,0.09,0.07,0.12,
CSANJ720,2025-09-23,0.1,0.1,0.06,0.11,
CSANJ720W5,2025-09-23,0.14,0.12,0.12,0.14,
CSANJ730,2025-09-23,0.07,0.07,0.05,0.1,
CSANJ740,2025-09-23,0.08,0.08,0.05,0.08,
CSANJ750,2025-09-23,0.06,0.06,0.04,0.09,
CSANJ760,2025-09-23,0.05,0.06,0.04,0.06,
CSANJ760W1,2025-09-23,0.02,0.02,0.02,0.02,
CSANJ770,2025-09-23,0.05,0.04,0.04,0.05,
CSANJ780,2025-09-23,0.05,0.05,0.03,0.05,
CSANJ780W1,2025-09-23,0.02,0.02,0.02,0.02,
CSANJ790,2025-09-23,0.03,0.03,0.03,0.05,
CSANJ80,2025-09-23,0.05,0.07,0.03,0.07,
CSANJ800W1,2025-09-23,0.02,0.02,0.02,0.02,
CSANJ810,2025-09-23,0.04,0.03,0.02,0.04,
CSANJ820,2025-09-23,0.04,0.04,0.04,0.04,
CSANJ830,2025-09-23,0.03,0.03,0.03,0.03,
CSANJ840,2025-09-23,0.02,0.02,0.02,0.02,
CSANJ840W1,2025-09-23,0.01,0.01,0.01,0.01,
CSANJ840W5,2025-09-23,0.03,0.04,0.03,0.04,
CSANJ850,2025-09-23,0.02,0.02,0.02,0.02,
CSANJ860,2025-09-23,0.02,0.03,0.02,0.03,
CSANJ87,2025-09-23,0.01,0.01,0.01,0.01,
CSANJ870,2025-09-23,0.02,0.02,0.02,0.02,
CSANJ880,2025-09-23,0.02,0.02,0.02,0.02,
CSANJ890,2025-09-23,0.02,0.02,0.02,0.02,
CSANJ900,2025-09-23,0.02,0.02,0.01,0.02,
CSANJ910,2025-09-23,0.01,0.01,0.01,0.01,
CSANJ930,2025-09-23,0.01,0.01,0.01,0.01,
CSANJ940,2025-09-23,0.01,0.01,0.01,0.01,
CSANJ950,2025-09-23,0.01,0.01,0.01,0.01,
CSANJ960,2025-09-23,0.01,0.01,0.01,0.01,
CSANJ970,2025-09-23,0.01,0.01,0.01,0.01,
CSANJ980,2025-09-23,0.01,0.01,0.01,0.01,
CSANK12,2025-09-23,0.05,0.01,0.01,0.05,
CSANK30,2025-09-23,3.26,3.27,3.26,3.27,
CSANK465,2025-09-23,1.58,1.58,1.58,1.58,
CSANK470,2025-09-23,1.63,1.63,1.63,1.63,
CSANK485,2025-09-23,1.51,1.41,1.41,1.51,
CSANK500,2025-09-23,1.3,1.57,1.28,1.57,
CSANK51,2025-09-23,0.4,0.46,0.38,0.55,
CSANK520,2025-09-23,1.25,1.09,1.09,1.25,
CSANK530,2025-09-23,1.1,1.01,1.01,1.14,
CSANK550,2025-09-23,0.9,1.05,0.88,1.05,
CSANK570,2025-09-23,0.69,0.85,0.69,0.9,
CSANK580,2025-09-23,0.7,0.85,0.7,0.85,
CSANK590,2025-09-23,0.64,0.78,0.64,0.78,
CSANK600,2025-09-23,0.6,0.68,0.58,0.74,
CSANK610,2025-09-23,0.61,0.64,0.61,0.66,
CSANK620,2025-09-23,0.5,0.58,0.48,0.62,
CSANK630,2025-09-23,0.45,0.52,0.44,0.54,
CSANK650,2025-09-23,0.38,0.42,0.34,0.49,
CSANK660,2025-09-23,0.33,0.4,0.32,0.45,
CSANK670,2025-09-23,0.3,0.34,0.29,0.41,
CSANK680,2025-09-23,0.29,0.29,0.29,0.32,
CSANK690,2025-09-23,0.26,0.29,0.23,0.29,
CSANK700,2025-09-23,0.22,0.22,0.2,0.28,
CSANK710,2025-09-23,0.19,0.21,0.18,0.25,
CSANK720,2025-09-23,0.2,0.21,0.16,0.22,
CSANK730,2025-09-23,0.18,0.18,0.16,0.19,
CSANK740,2025-09-23,0.16,0.18,0.14,0.18,
CSANK750,2025-09-23,0.12,0.15,0.12,0.17,
CSANK760,2025-09-23,0.14,0.13,0.1,0.15,
CSANK770,2025-09-23,0.11,0.11,0.11,0.11,
CSANK780,2025-09-23,0.09,0.09,0.09,0.09,
CSANK790,2025-09-23,0.04,0.1,0.04,0.11,
CSANK80,2025-09-23,0.08,0.08,0.08,0.08,
CSANK810,2025-09-23,0.07,0.07,0.07,0.07,
CSANK820,2025-09-23,0.08,0.07,0.07,0.08,
CSANK850,2025-09-23,0.16,0.05,0.05,0.16,
CSANK860,2025-09-23,0.06,0.05,0.05,0.06,
CSANK880,2025-09-23,0.06,0.05,0.05,0.06,
CSANK890,2025-09-23,0.03,0.04,0.03,0.04,
CSANK900,2025-09-23,0.05,0.04,0.04,0.05,
CSANK910,2025-09-23,0.05,0.05,0.05,0.05,
CSANK980,2025-09-23,0.02,0.02,0.02,0.02,
CSANK990,2025-09-23,0.13,0.13,0.13,0.13,
CSANL100,2025-09-23,0.5,0.5,0.5,0.5,
CSANL18,2025-09-23,0.05,0.05,0.05,0.05,
CSANL500,2025-09-23,1.32,1.4,1.32,1.4,
CSANL580,2025-09-23,0.76,0.9,0.76,0.91,
CSANL610,2025-09-23,0.9,0.81,0.72,0.9,
CSANL630,2025-09-23,0.55,0.65,0.55,0.65,
CSANL650,2025-09-23,0.5,0.5,0.5,0.5,
CSANL670,2025-09-23,0.35,0.46,0.35,0.46,
CSANL680,2025-09-23,0.4,0.4,0.4,0.4,
CSANL700,2025-09-23,0.33,0.36,0.31,0.36,
CSANL710,2025-09-23,0.3,0.3,0.3,0.3,
CSANL740,2025-09-23,0.24,0.26,0.24,0.26,
CSANL770,2025-09-23,0.18,0.2,0.16,0.2,
CSANL790,2025-09-23,0.18,0.18,0.18,0.18,
CSANL800,2025-09-23,0.13,0.17,0.13,0.17,
CSANL820,2025-09-23,0.2,0.2,0.2,0.2,
CSANL850,2025-09-23,0.1,0.1,0.1,0.1,
CSANL900,2025-09-23,0.05,0.05,0.05,0.05,
CSANM650,2025-09-23,0.59,0.53,0.53,0.59,
CSANM800,2025-09-23,1.6,1.6,1.6,1.6,
CSANN80,2025-09-23,1.5,1.5,1.5,1.5,
CSANO80,2025-09-23,1.6,1.5,1.5,1.6,
CSANP60,2025-09-23,0.6,0.6,0.6,0.6,
CSANP70,2025-09-23,1,1.02,1,1.05,
CSANQ690,2025-09-23,0.86,0.87,0.86,0.88,
CSANQ800,2025-09-23,1.47,1.48,1.47,1.48,
CSANR650,2025-09-23,0.75,0.75,0.75,0.75,
CSANR800,2025-09-23,1.43,1.45,1.43,1.45,
CSANT800,2025-09-23,1.4,1.4,1.4,1.4,
CSANU10,2025-09-23,2.78,2.78,2.78,2.78,
CSANU560W4,2025-09-23,0.03,0.01,0.01,0.03,
CSANU580W4,2025-09-23,0.07,0.02,0.02,0.07,
CSANU600W4,2025-09-23,0.13,0.05,0.04,0.14,
CSANU620W4,2025-09-23,0.14,0.1,0.09,0.14,
CSANU640W4,2025-09-23,0.3,0.22,0.16,0.3,
CSANU660W4,2025-09-23,0.52,0.3,0.3,0.52,
CSANU700W4,2025-09-23,0.85,0.85,0.85,0.85,
CSANU720W4,2025-09-23,1.03,1.03,1.03,1.03,
CSANU740W4,2025-09-23,1.18,1.25,1.18,1.25,
CSANU780W4,2025-09-23,1.56,1.56,1.56,1.56,
CSANU800W4,2025-09-23,1.59,1.59,1.59,1.59,
CSANV105,2025-09-23,4.35,4.3,4.3,4.35,
CSANV115,2025-09-23,5.21,5.15,5.15,5.21,
CSANV162,2025-09-23,9.3,9.3,9.3,9.3,
CSANV480,2025-09-23,0.01,0.01,0.01,0.01,
CSANV490,2025-09-23,0.02,0.02,0.02,0.02,
CSANV495,2025-09-23,0.02,0.02,0.02,0.02,
CSANV500,2025-09-23,0.02,0.02,0.01,0.02,
CSANV510,2025-09-23,0.03,0.02,0.01,0.03,
CSANV520,2025-09-23,0.05,0.02,0.02,0.05,
CSANV530,2025-09-23,0.05,0.03,0.02,0.05,
CSANV540,2025-09-23,0.05,0.04,0.03,0.07,
CSANV550,2025-09-23,0.09,0.04,0.04,0.09,
CSANV560,2025-09-23,0.09,0.07,0.05,0.12,
CSANV560W1,2025-09-23,0.06,0.03,0.03,0.06,
CSANV570,2025-09-23,0.11,0.07,0.07,0.14,
CSANV580,2025-09-23,0.18,0.09,0.09,0.18,
CSANV580W1,2025-09-23,0.09,0.05,0.04,0.09,
CSANV590,2025-09-23,0.25,0.11,0.1,0.25,
CSANV600,2025-09-23,0.2,0.14,0.13,0.24,
CSANV600W1,2025-09-23,0.17,0.1,0.09,0.17,
CSANV610,2025-09-23,0.28,0.18,0.17,0.29,
CSANV620,2025-09-23,0.29,0.21,0.2,0.36,
CSANV620W1,2025-09-23,0.19,0.17,0.14,0.19,
CSANV620W2,2025-09-23,0.18,0.17,0.17,0.18,
CSANV630,2025-09-23,0.34,0.25,0.23,0.4,
CSANV640,2025-09-23,0.43,0.33,0.28,0.44,
CSANV640W1,2025-09-23,0.23,0.28,0.23,0.28,
CSANV650,2025-09-23,0.48,0.39,0.33,0.49,
CSANV660,2025-09-23,0.48,0.45,0.4,0.6,
CSANV660W1,2025-09-23,0.32,0.35,0.32,0.36,
CSANV670,2025-09-23,0.7,0.49,0.46,0.7,
CSANV680,2025-09-23,0.54,0.54,0.53,0.54,
CSANV690,2025-09-23,0.7,0.61,0.6,0.7,
CSANV700,2025-09-23,0.86,0.67,0.67,0.92,
CSANV710,2025-09-23,0.95,0.78,0.78,0.95,
CSANV720,2025-09-23,1.11,0.81,0.81,1.11,
CSANV730,2025-09-23,1.1,0.98,0.89,1.16,
CSANV740,2025-09-23,1.18,1.05,1.03,1.26,
CSANV750,2025-09-23,1.09,1.09,1.09,1.09,
CSANV760,2025-09-23,1.42,1.26,1.26,1.42,
CSANV770,2025-09-23,1.49,1.49,1.49,1.49,
CSANV780,2025-09-23,1.4,1.4,1.4,1.4,
CSANV790,2025-09-23,1.66,1.43,1.43,1.79,
CSANV80,2025-09-23,1.84,1.7,1.7,1.84,
CSANV820,2025-09-23,1.81,1.81,1.81,1.81,
CSANV820W1,2025-09-23,1.74,1.84,1.74,1.84,
CSANV850,2025-09-23,2.35,2.05,2.05,2.35,
CSANV950,2025-09-23,3.18,3.18,3.18,3.18,
CSANW100,2025-09-23,3.5,3.5,3.5,3.5,
CSANW142,2025-09-23,7.52,7.67,7.52,7.67,
CSANW170,2025-09-23,10.4,10.35,10.35,10.4,
CSANW30,2025-09-23,0.05,0.05,0.05,0.05,
CSANW435,2025-09-23,0.02,0.01,0.01,0.02,
CSANW440,2025-09-23,0.02,0.02,0.02,0.02,
CSANW445,2025-09-23,0.02,0.02,0.02,0.02,
CSANW455,2025-09-23,0.02,0.02,0.02,0.02,
CSANW470,2025-09-23,0.03,0.04,0.03,0.04,
CSANW475,2025-09-23,0.02,0.02,0.02,0.02,
CSANW490,2025-09-23,0.06,0.06,0.06,0.06,
CSANW500,2025-09-23,0.06,0.04,0.04,0.06,
CSANW51,2025-09-23,0.56,0.41,0.41,0.56,
CSANW510,2025-09-23,0.08,0.05,0.05,0.09,
CSANW520,2025-09-23,0.08,0.06,0.05,0.11,
CSANW530,2025-09-23,0.12,0.07,0.07,0.12,
CSANW540,2025-09-23,0.12,0.09,0.09,0.15,
CSANW550,2025-09-23,0.16,0.11,0.1,0.17,
CSANW560,2025-09-23,0.19,0.12,0.12,0.19,
CSANW570,2025-09-23,0.25,0.15,0.14,0.25,
CSANW580,2025-09-23,0.29,0.17,0.16,0.29,
CSANW590,2025-09-23,0.28,0.22,0.21,0.31,
CSANW600,2025-09-23,0.32,0.23,0.23,0.35,
CSANW610,2025-09-23,0.4,0.27,0.26,0.4,
CSANW620,2025-09-23,0.45,0.31,0.3,0.45,
CSANW630,2025-09-23,0.5,0.37,0.32,0.5,
CSANW650,2025-09-23,0.57,0.48,0.44,0.57,
CSANW670,2025-09-23,0.68,0.59,0.57,0.68,
CSANW680,2025-09-23,0.58,0.58,0.58,0.58,
CSANW690,2025-09-23,0.88,0.69,0.69,0.88,
CSANW700,2025-09-23,0.9,0.75,0.73,0.96,
CSANW720,2025-09-23,1.1,0.9,0.87,1.1,
CSANW730,2025-09-23,1.14,1.02,1.02,1.14,
CSANW750,2025-09-23,1.34,1.34,1.34,1.34,
CSANW760,2025-09-23,1.38,1.19,1.19,1.38,
CSANW770,2025-09-23,1.41,1.28,1.28,1.41,
CSANW790,2025-09-23,1.55,1.55,1.55,1.55,
CSANW820,2025-09-23,1.76,1.76,1.76,1.76,
CSANW840,2025-09-23,1.93,1.93,1.93,1.93,
CSANW900,2025-09-23,2.65,2.5,2.5,2.7,
CSANX10,2025-09-23,3.42,3.42,3.42,3.42,
CSANX100,2025-09-23,2.72,2.72,2.72,2.72,
CSANX16,2025-09-23,9.25,9.23,9.23,9.25,
CSANX480,2025-09-23,0.05,0.05,0.05,0.05,
CSANX500,2025-09-23,0.07,0.06,0.06,0.07,
CSANX510,2025-09-23,0.15,0.15,0.15,0.15,
CSANX530,2025-09-23,0.17,0.08,0.08,0.21,
CSANX550,2025-09-23,0.19,0.19,0.19,0.19,
CSANX57,2025-09-23,0.28,0.15,0.15,0.28,
CSANX580,2025-09-23,0.29,0.21,0.21,0.29,
CSANX59,2025-09-23,0.35,0.35,0.35,0.35,
CSANX610,2025-09-23,0.4,0.35,0.35,0.45,
CSANX620,2025-09-23,0.44,0.44,0.44,0.44,
CSANX670,2025-09-23,0.62,0.62,0.62,0.62,
CSANX800,2025-09-23,1.72,1.72,1.72,1.72,
LWSA3,2025-09-23,4.42,4.41,4.31,4.51,
LWSA3F,2025-09-23,4.39,4.44,4.32,4.5,
LWSAC370,2025-09-23,1.13,1.13,1.13,1.13,
LWSAJ360,2025-09-23,0.89,0.89,0.89,0.89,
LWSAJ370,2025-09-23,0.8,0.8,0.8,0.8,
LWSAJ400,2025-09-23,0.51,0.51,0.51,0.51,
LWSAJ41,2025-09-23,0.44,0.4,0.37,0.44,
LWSAJ410,2025-09-23,0.42,0.46,0.42,0.46,
LWSAJ420,2025-09-23,0.43,0.34,0.33,0.43,
LWSAJ430,2025-09-23,0.29,0.29,0.28,0.29,
LWSAJ440,2025-09-23,0.24,0.22,0.22,0.24,
LWSAJ450,2025-09-23,0.19,0.19,0.19,0.19,
LWSAJ460,2025-09-23,0.17,0.15,0.13,0.17,
LWSAJ480,2025-09-23,0.07,0.08,0.07,0.08,
LWSAJ750,2025-09-23,0.01,0.01,0.01,0.01,
LWSAK34,2025-09-23,1.09,1.09,1.09,1.09,
LWSAK360,2025-09-23,0.96,0.96,0.96,0.96,
LWSAK40,2025-09-23,0.59,0.59,0.59,0.59,
LWSAK400,2025-09-23,0.64,0.64,0.64,0.64,
LWSAK410,2025-09-23,0.55,0.55,0.55,0.55,
LWSAK440,2025-09-23,0.39,0.39,0.39,0.39,
LWSAK450,2025-09-23,0.32,0.35,0.32,0.35,
LWSAK460,2025-09-23,0.29,0.3,0.29,0.3,
LWSAK48,2025-09-23,0.2,0.2,0.2,0.2,
LWSAK480,2025-09-23,0.24,0.24,0.24,0.24,
LWSAK490,2025-09-23,0.2,0.2,0.2,0.2,
LWSAV400,2025-09-23,0.05,0.05,0.05,0.05,
LWSAV420,2025-09-23,0.09,0.09,0.09,0.09,
LWSAV430,2025-09-23,0.11,0.11,0.11,0.11,
LWSAV440,2025-09-23,0.15,0.16,0.15,0.16,
LWSAV450,2025-09-23,0.2,0.23,0.2,0.23,
LWSAV460,2025-09-23,0.25,0.29,0.25,0.29,
MOVI3,2025-09-23,8.8,9.07,8.75,9.2,
MOVI3F,2025-09-23,8.68,9.11,8.68,9.19,
MOVIA100,2025-09-23,1.31,1.31,1.31,1.31,
MOVIJ100,2025-09-23,0.18,0.25,0.18,0.25,
MOVIJ105,2025-09-23,0.15,0.15,0.15,0.15,
MOVIJ110,2025-09-23,0.08,0.08,0.08,0.08,
MOVIJ650,2025-09-23,2.7,2.7,2.7,2.7,
MOVIJ880,2025-09-23,0.6,0.65,0.6,0.65,
MOVIJ900,2025-09-23,0.62,0.62,0.62,0.62,
MOVIJ920,2025-09-23,0.47,0.46,0.46,0.5,
MOVIJ940,2025-09-23,0.38,0.39,0.38,0.43,
MOVIK933,2025-09-23,0.74,0.81,0.74,0.81,
MOVIK953,2025-09-23,0.71,0.73,0.71,0.73,
MOVIM100,2025-09-23,1.4,1.4,1.4,1.4,
MOVIV100,2025-09-23,0.99,1.03,0.99,1.03,
MOVIV750,2025-09-23,0.07,0.07,0.07,0.07,
MOVIV84,2025-09-23,0.19,0.22,0.19,0.22,
MOVIV920,2025-09-23,0.54,0.54,0.54,0.54,
MOVIV940,2025-09-23,0.55,0.55,0.55,0.55,
MOVIW593,2025-09-23,0.04,0.04,0.04,0.04,
MOVIX100,2025-09-23,1.24,1.24,1.24,1.24,
MOVIX70,2025-09-23,0.13,0.13,0.13,0.13,
MOVIX705,2025-09-23,0.13,0.13,0.13,0.13,
OSXB3,2025-09-23,2.33,2.34,2.29,2.34,
OSXB3F,2025-09-23,2.6,2.28,2.26,2.69,
PETR3,2025-09-23,34.18,34.94,34.09,35.1,
PETR3F,2025-09-23,34.05,34.84,34.05,35.09,
PETR4,2025-09-23,31.49,31.9,31.46,32.09,
PETR4F,2025-09-23,31.42,31.85,31.42,32.09,
PETRA2,2025-09-23,0.03,0.04,0.02,0.04,
PETRA242,2025-09-23,16.5,16.4,16.4,16.55,
PETRA281,2025-09-23,7.15,7.15,7.15,7.15,
PETRA286,2025-09-23,6.65,6.75,6.65,6.75,
PETRA301,2025-09-23,5.1,5.04,5.04,5.1,
PETRA31,2025-09-23,4.22,4.22,4.22,4.22,
PETRA333,2025-09-23,2.86,2.86,2.86,2.86,
PETRA336,2025-09-23,2.6,2.6,2.6,2.6,
PETRA341,2025-09-23,2.3,2.3,2.3,2.3,
PETRA353,2025-09-23,1.15,1.45,1.15,1.45,
PETRA356,2025-09-23,1.4,1.4,1.4,1.4,
PETRA361,2025-09-23,1,1.09,1,1.15,
PETRA363,2025-09-23,0.92,1.05,0.92,1.05,
PETRA368,2025-09-23,0.9,0.9,0.9,0.9,
PETRA370,2025-09-23,4.55,4.55,4.55,4.55,
PETRA376,2025-09-23,0.61,0.64,0.61,0.7,
PETRA401,2025-09-23,0.25,0.25,0.25,0.25,
PETRA419,2025-09-23,1.5,2.15,1.5,2.15,
PETRA442,2025-09-23,0.66,0.66,0.66,0.76,
PETRA445,2025-09-23,0.61,0.61,0.61,0.71,
PETRA447,2025-09-23,0.55,0.59,0.55,0.63,
PETRA450,2025-09-23,0.5,0.54,0.5,0.58,
PETRA452,2025-09-23,0.46,0.49,0.46,0.56,
PETRA455,2025-09-23,0.42,0.45,0.42,0.47,
PETRA457,2025-09-23,0.38,0.35,0.35,0.43,
PETRA46,2025-09-23,0.05,0.01,0.01,0.05,
PETRA465,2025-09-23,0.05,0.03,0.03,0.05,
PETRA474,2025-09-23,0.14,0.19,0.14,0.19,
PETRA502,2025-09-23,0.04,0.03,0.03,0.04,
PETRA507,2025-09-23,0.05,0.05,0.05,0.05,
PETRB313,2025-09-23,3.7,3.7,3.7,3.7,
PETRB37,2025-09-23,5.1,5.1,5.1,5.1,
PETRB41,2025-09-23,1.2,1.12,1.12,1.2,
PETRB420,2025-09-23,2.34,2.49,2.34,2.49,
PETRB5,2025-09-23,5.5,5.5,5.5,5.5,
PETRB810,2025-09-23,24.1,24.27,24.08,24.27,
PETRC200,2025-09-23,16,16.35,16,16.35,
PETRC326,2025-09-23,3.7,3.7,3.7,3.7,
PETRC350,2025-09-23,6.29,5.93,5.93,6.29,
PETRC48,2025-09-23,1.5,1.5,1.5,1.5,
PETRC480,2025-09-23,0.55,0.55,0.5,0.55,
PETRD360,2025-09-23,7.9,7.9,7.9,7.9,
PETRD370,2025-09-23,1.87,1.87,1.87,1.87,
PETRD400,2025-09-23,4.55,4.55,4.55,4.55,
PETRF440,2025-09-23,1.53,1.58,1.53,1.58,
PETRF840,2025-09-23,0.02,0.02,0.02,0.02,
PETRG201,2025-09-23,14.5,14.5,14.5,14.5,
PETRG269,2025-09-23,10.99,10.99,10.99,10.99,
PETRG320,2025-09-23,8.4,8.09,8.09,8.4,
PETRH322,2025-09-23,8,8.06,8,8.06,
PETRH410,2025-09-23,3.5,3.95,3.5,3.95,
PETRI265W4,2025-09-23,5.64,5.64,5.64,5.64,
PETRI280W4,2025-09-23,4.45,4.59,4.44,4.69,
PETRI285W4,2025-09-23,3.95,4.06,3.95,4.19,
PETRI287W4,2025-09-23,3.54,3.54,3.54,3.54,
PETRI290W4,2025-09-23,3.19,3.56,3.19,3.68,
PETRI292W4,2025-09-23,3.02,3.02,3.02,3.02,
PETRI297W4,2025-09-23,2.9,2.83,2.81,2.91,
PETRI300W4,2025-09-23,2.28,2.58,2.28,2.61,
PETRI302W4,2025-09-23,1.99,2.31,1.99,2.33,
PETRI305W4,2025-09-23,1.66,2.09,1.66,2.12,
PETRI307W4,2025-09-23,1.39,1.83,1.39,1.95,
PETRI310W4,2025-09-23,1.19,1.6,1.13,1.69,
PETRI312W4,2025-09-23,1.09,1.33,1.09,1.37,
PETRI315W4,2025-09-23,0.74,1.08,0.72,1.2,
PETRI317W4,2025-09-23,0.5,0.88,0.47,0.98,
PETRI32,2025-09-23,8.35,8.35,8.35,8.35,
PETRI320W4,2025-09-23,0.35,0.63,0.3,0.75,
PETRI322W4,2025-09-23,0.18,0.43,0.18,0.54,
PETRI325W4,2025-09-23,0.1,0.27,0.09,0.34,
PETRI327W4,2025-09-23,0.06,0.15,0.05,0.21,
PETRI330W4,2025-09-23,0.03,0.1,0.03,0.13,
PETRI332W4,2025-09-23,0.02,0.04,0.02,0.07,
PETRI335W4,2025-09-23,0.02,0.02,0.01,0.02,
PETRI399,2025-09-23,4.5,4.5,4.5,4.5,
PETRJ170,2025-09-23,15.65,15.65,15.65,15.65,
PETRJ178,2025-09-23,14.95,14.9,14.9,14.95,
PETRJ183,2025-09-23,14.44,14.42,14.4,14.44,
PETRJ223,2025-09-23,9.95,10.1,9.95,10.1,
PETRJ243,2025-09-23,8.44,8.44,8.44,8.44,
PETRJ248,2025-09-23,7.82,7.82,7.82,7.82,
PETRJ249W1,2025-09-23,7.2,7.2,7.2,7.2,
PETRJ253,2025-09-23,7.16,7.58,7.16,7.58,
PETRJ254W1,2025-09-23,6.7,6.7,6.7,6.7,
PETRJ258,2025-09-23,6.52,6.95,6.52,7.07,
PETRJ263,2025-09-23,6.02,6.46,6.02,6.6,
PETRJ268,2025-09-23,5.53,5.98,5.53,6.11,
PETRJ269W1,2025-09-23,5.14,5.14,5.14,5.14,
PETRJ27,2025-09-23,6.76,6.96,6.76,7,
PETRJ273,2025-09-23,5.04,5.51,5.04,5.6,
PETRJ276,2025-09-23,6.27,6.72,6.27,6.84,
PETRJ278,2025-09-23,4.56,5,4.55,5.12,
PETRJ279W1,2025-09-23,4.22,4.17,4.17,4.22,
PETRJ281,2025-09-23,5.78,6.22,5.78,6.33,
PETRJ283,2025-09-23,4.2,4.5,4.2,4.64,
PETRJ284W1,2025-09-23,3.22,3.22,3.22,3.22,
PETRJ286,2025-09-23,5.29,5.73,5.29,5.84,
PETRJ291,2025-09-23,4.8,5.24,4.8,5.37,
PETRJ295,2025-09-23,3.58,4.02,3.58,4.15,
PETRJ296,2025-09-23,4.31,4.75,4.31,4.89,
PETRJ298,2025-09-23,2.63,3.05,2.62,3.19,
PETRJ30,2025-09-23,3.09,3.53,3.09,3.64,
PETRJ300W1,2025-09-23,2.25,2.68,2.25,2.77,
PETRJ300W2,2025-09-23,2.79,2.75,2.75,2.79,
PETRJ301,2025-09-23,3.83,4.26,3.82,4.39,
PETRJ302W1,2025-09-23,2.42,2.54,2.42,2.54,
PETRJ303,2025-09-23,2.15,2.58,2.15,2.72,
PETRJ305W1,2025-09-23,2.09,2.23,2.09,2.26,
PETRJ305W2,2025-09-23,2.36,2.36,2.36,2.36,
PETRJ306,2025-09-23,3.33,3.78,3.33,3.9,
PETRJ307W1,2025-09-23,1.57,1.93,1.51,2.05,
PETRJ307W2,2025-09-23,2.11,2.05,2.05,2.11,
PETRJ308,2025-09-23,1.73,2.12,1.7,2.25,
PETRJ309,2025-09-23,4.87,4.93,4.87,4.93,
PETRJ310W1,2025-09-23,1.29,1.8,1.29,1.8,
PETRJ310W2,2025-09-23,1.44,1.91,1.44,1.91,
PETRJ311,2025-09-23,2.88,3.32,2.86,3.41,
PETRJ312W1,2025-09-23,1.21,1.5,1.21,1.5,
PETRJ313,2025-09-23,1.27,1.68,1.27,1.8,
PETRJ315W1,2025-09-23,0.98,1.3,0.98,1.33,
PETRJ315W2,2025-09-23,1.05,1.37,1.02,1.37,
PETRJ316,2025-09-23,2.39,2.8,2.39,2.95,
PETRJ317W1,2025-09-23,0.71,1.02,0.71,1.13,
PETRJ317W2,2025-09-23,0.84,1.26,0.84,1.27,
PETRJ318,2025-09-23,0.95,1.29,0.92,1.38,
PETRJ319,2025-09-23,3.75,3.71,3.71,3.75,
PETRJ320W1,2025-09-23,0.55,0.82,0.5,0.9,
PETRJ320W2,2025-09-23,0.7,1.05,0.7,1.05,
PETRJ320W4,2025-09-23,1.15,1.19,1.15,1.19,
PETRJ321,2025-09-23,1.92,2.33,1.92,2.47,
PETRJ322W1,2025-09-23,0.42,0.64,0.35,0.73,
PETRJ322W2,2025-09-23,0.73,0.86,0.7,0.86,
PETRJ323,2025-09-23,0.66,0.89,0.64,1.01,
PETRJ324,2025-09-23,3.3,3.26,3.26,3.3,
PETRJ325W1,2025-09-23,0.28,0.46,0.28,0.54,
PETRJ325W2,2025-09-23,0.59,0.64,0.56,0.71,
PETRJ325W4,2025-09-23,0.99,0.99,0.99,0.99,
PETRJ326,2025-09-23,1.51,1.9,1.49,2.02,
PETRJ327W1,2025-09-23,0.18,0.3,0.17,0.5,
PETRJ327W2,2025-09-23,0.37,0.5,0.36,0.55,
PETRJ327W4,2025-09-23,0.65,0.65,0.65,0.65,
PETRJ329,2025-09-23,2.83,2.79,2.79,2.83,
PETRJ330W1,2025-09-23,0.11,0.23,0.11,0.27,
PETRJ330W2,2025-09-23,0.3,0.38,0.3,0.42,
PETRJ330W4,2025-09-23,0.4,0.66,0.4,0.66,
PETRJ331,2025-09-23,1.13,1.47,1.12,1.6,
PETRJ332W1,2025-09-23,0.08,0.16,0.08,0.19,
PETRJ332W2,2025-09-23,0.2,0.28,0.2,0.32,
PETRJ332W4,2025-09-23,0.4,0.52,0.31,0.52,
PETRJ333,2025-09-23,0.26,0.39,0.25,0.45,
PETRJ334,2025-09-23,2.08,2.34,2.08,2.38,
PETRJ335,2025-09-23,0.46,0.59,0.42,0.7,
PETRJ335W1,2025-09-23,0.06,0.1,0.06,0.12,
PETRJ335W2,2025-09-23,0.16,0.2,0.16,0.21,
PETRJ335W4,2025-09-23,0.28,0.21,0.21,0.35,
PETRJ335W5,2025-09-23,0.2,0.2,0.2,0.2,
PETRJ336,2025-09-23,0.79,1.05,0.77,1.19,
PETRJ337W1,2025-09-23,0.04,0.06,0.04,0.07,
PETRJ337W2,2025-09-23,0.12,0.15,0.12,0.16,
PETRJ337W4,2025-09-23,0.71,0.36,0.36,0.71,
PETRJ338,2025-09-23,0.15,0.22,0.15,0.28,
PETRJ339,2025-09-23,1.84,2.07,1.84,2.07,
PETRJ339W1,2025-09-23,0.01,0.02,0.01,0.02,
PETRJ339W2,2025-09-23,0.07,0.06,0.06,0.07,
PETRJ340W1,2025-09-23,0.02,0.04,0.02,0.05,
PETRJ340W2,2025-09-23,0.05,0.1,0.05,0.11,
PETRJ340W4,2025-09-23,0.26,0.13,0.13,0.26,
PETRJ341,2025-09-23,0.53,0.75,0.51,0.85,
PETRJ343,2025-09-23,0.1,0.13,0.09,0.16,
PETRJ344,2025-09-23,1.36,1.64,1.36,1.81,
PETRJ344W1,2025-09-23,0.01,0.01,0.01,0.01,
PETRJ344W2,2025-09-23,0.02,0.02,0.02,0.02,
PETRJ346,2025-09-23,0.35,0.43,0.33,0.56,
PETRJ348,2025-09-23,0.05,0.09,0.05,0.1,
PETRJ349,2025-09-23,0.87,1.26,0.87,1.35,
PETRJ349W4,2025-09-23,0.08,0.06,0.06,0.08,
PETRJ351,2025-09-23,0.19,0.29,0.19,0.35,
PETRJ354,2025-09-23,0.74,0.94,0.74,0.95,
PETRJ354W4,2025-09-23,0.04,0.03,0.03,0.04,
PETRJ356,2025-09-23,0.12,0.17,0.12,0.21,
PETRJ358,2025-09-23,0.01,0.03,0.01,0.04,
PETRJ359,2025-09-23,0.39,0.61,0.39,0.75,
PETRJ361,2025-09-23,0.07,0.1,0.07,0.12,
PETRJ363,2025-09-23,0.01,0.02,0.01,0.02,
PETRJ364,2025-09-23,0.23,0.44,0.23,0.54,
PETRJ366,2025-09-23,0.04,0.06,0.04,0.08,
PETRJ368,2025-09-23,0.01,0.01,0.01,0.02,
PETRJ369,2025-09-23,0.16,0.32,0.16,0.37,
PETRJ371,2025-09-23,0.03,0.03,0.03,0.05,
PETRJ373,2025-09-23,0.01,0.01,0.01,0.01,
PETRJ374,2025-09-23,0.15,0.17,0.15,0.19,
PETRJ376,2025-09-23,0.02,0.02,0.02,0.03,
PETRJ377,2025-09-23,0.01,0.01,0.01,0.01,
PETRJ379,2025-09-23,0.08,0.08,0.08,0.08,
PETRJ381,2025-09-23,0.01,0.02,0.01,0.02,
PETRJ386,2025-09-23,0.01,0.01,0.01,0.01,
PETRJ389,2025-09-23,0.03,0.03,0.03,0.03,
PETRJ396,2025-09-23,0.01,0.01,0.01,0.01,
PETRJ401,2025-09-23,0.01,0.01,0.01,0.01,
PETRJ410,2025-09-23,0.03,0.03,0.03,0.03,
PETRJ416,2025-09-23,0.01,0.01,0.01,0.01,
PETRJ437,2025-09-23,2.69,2.69,2.69,2.69,
PETRJ457,2025-09-23,0.02,0.04,0.02,0.06,
PETRJ492,2025-09-23,1.15,1.17,1.06,1.24,
PETRJ512,2025-09-23,1.24,1.24,1.24,1.24,
PETRK220,2025-09-23,10.52,10.8,10.52,10.8,
PETRK23,2025-09-23,0.01,0.01,0.01,0.01,
PETRK248,2025-09-23,8.27,8.27,8.27,8.27,
PETRK255,2025-09-23,7.25,7.42,7.25,7.42,
PETRK269,2025-09-23,5.7,6.11,5.7,6.11,
PETRK272,2025-09-23,5.73,5.91,5.73,5.91,
PETRK275,2025-09-23,5.49,5.63,5.49,5.63,
PETRK277,2025-09-23,4.98,5.4,4.98,5.4,
PETRK279,2025-09-23,4.76,5.17,4.76,5.17,
PETRK282,2025-09-23,4.85,4.93,4.78,4.93,
PETRK284,2025-09-23,4.55,4.66,4.55,4.73,
PETRK287,2025-09-23,4.07,4.36,4.07,4.39,
PETRK289,2025-09-23,3.85,4.29,3.85,4.29,
PETRK292,2025-09-23,3.88,4.13,3.88,4.13,
PETRK294,2025-09-23,3.53,3.78,3.5,3.88,
PETRK297,2025-09-23,3.4,3.6,3.4,3.6,
PETRK304,2025-09-23,2.6,2.95,2.6,3.02,
PETRK307,2025-09-23,3.15,3.45,3.15,3.45,
PETRK308,2025-09-23,2.37,2.7,2.37,2.81,
PETRK309,2025-09-23,2.3,2.5,2.27,2.61,
PETRK311,2025-09-23,2.97,3.03,2.97,3.04,
PETRK312,2025-09-23,1.98,2.34,1.98,2.41,
PETRK314,2025-09-23,1.81,2.1,1.81,2.22,
PETRK317,2025-09-23,1.66,1.92,1.66,2.03,
PETRK319,2025-09-23,1.49,1.75,1.48,1.85,
PETRK322,2025-09-23,1.37,1.58,1.34,1.69,
PETRK324,2025-09-23,1.27,1.39,1.25,1.53,
PETRK325W1,2025-09-23,1,1.2,1,1.2,
PETRK327,2025-09-23,1.1,1.26,1.08,1.37,
PETRK328,2025-09-23,3.74,3.65,3.65,3.74,
PETRK33,2025-09-23,2.68,2.89,2.68,2.94,
PETRK332,2025-09-23,0.85,0.99,0.83,1.09,
PETRK334,2025-09-23,0.72,0.88,0.72,0.97,
PETRK337,2025-09-23,0.94,1.12,0.94,1.23,
PETRK338,2025-09-23,0.64,0.77,0.64,0.85,
PETRK339,2025-09-23,0.56,0.68,0.56,0.75,
PETRK340,2025-09-23,7.63,7.76,7.63,7.76,
PETRK343,2025-09-23,2.1,2.52,2.1,2.57,
PETRK345W1,2025-09-23,0.51,0.51,0.51,0.51,
PETRK347,2025-09-23,0.37,0.43,0.36,0.49,
PETRK348,2025-09-23,1.84,2.1,1.84,2.21,
PETRK350,2025-09-23,0.31,0.37,0.31,0.42,
PETRK351,2025-09-23,0.27,0.32,0.25,0.36,
PETRK352,2025-09-23,6.85,6.85,6.85,6.85,
PETRK353,2025-09-23,0.43,0.5,0.43,0.56,
PETRK354,2025-09-23,1.69,1.77,1.59,1.91,
PETRK357,2025-09-23,0.21,0.23,0.21,0.26,
PETRK358,2025-09-23,1.38,1.51,1.33,1.58,
PETRK359,2025-09-23,0.16,0.19,0.16,0.22,
PETRK362,2025-09-23,0.15,0.16,0.15,0.19,
PETRK363,2025-09-23,1.1,1.32,1.1,1.32,
PETRK367,2025-09-23,0.1,0.12,0.1,0.14,
PETRK369,2025-09-23,0.09,0.1,0.09,0.12,
PETRK370,2025-09-23,0.5,0.58,0.48,0.65,
PETRK372,2025-09-23,0.09,0.08,0.08,0.09,
PETRK373,2025-09-23,0.85,0.76,0.76,0.85,
PETRK374,2025-09-23,0.07,0.07,0.07,0.07,
PETRK377,2025-09-23,0.07,0.07,0.07,0.07,
PETRK378,2025-09-23,0.57,0.6,0.57,0.7,
PETRK379,2025-09-23,0.06,0.06,0.06,0.06,
PETRK383,2025-09-23,0.51,0.45,0.45,0.53,
PETRK387,2025-09-23,0.04,0.04,0.04,0.04,
PETRK388,2025-09-23,0.37,0.38,0.36,0.42,
PETRK397,2025-09-23,0.02,0.02,0.02,0.02,
PETRK399,2025-09-23,0.01,0.01,0.01,0.01,
PETRK408,2025-09-23,0.13,0.15,0.13,0.16,
PETRK415,2025-09-23,0.01,0.01,0.01,0.01,
PETRK447,2025-09-23,0.22,0.27,0.22,0.31,
PETRK455,2025-09-23,1.85,2.04,1.85,2.04,
PETRK592,2025-09-23,25.72,25.72,25.72,25.72,
PETRL1,2025-09-23,0.09,0.11,0.09,0.17,
PETRL135,2025-09-23,23.42,23.57,23.42,23.58,
PETRL194,2025-09-23,16.86,16.98,16.86,16.99,
PETRL2,2025-09-23,1.14,1.14,1.14,1.14,
PETRL270,2025-09-23,5.94,5.94,5.94,5.94,
PETRL283,2025-09-23,4.72,4.72,4.72,4.72,
PETRL301,2025-09-23,3.62,3.68,3.62,3.68,
PETRL308,2025-09-23,4.19,4.44,4.19,4.49,
PETRL322,2025-09-23,1.49,1.54,1.49,1.6,
PETRL323,2025-09-23,1.78,2.56,1.78,2.57,
PETRL326,2025-09-23,1.6,1.87,1.6,2.76,
PETRL329,2025-09-23,2.51,2.84,2.51,2.84,
PETRL330,2025-09-23,1.44,1.55,1.43,1.69,
PETRL334,2025-09-23,4.5,4.9,4.5,4.9,
PETRL335,2025-09-23,1.01,1.09,0.9,1.1,
PETRL345,2025-09-23,0.85,0.94,0.85,0.94,
PETRL349,2025-09-23,0.55,0.57,0.33,0.6,
PETRL350,2025-09-23,0.63,0.6,0.56,1,
PETRL361,2025-09-23,1.22,1.42,1.21,1.53,
PETRL365,2025-09-23,0.28,0.27,0.27,0.28,
PETRL380,2025-09-23,0.1,0.1,0.1,0.1,
PETRL40,2025-09-23,1.05,1.22,1.05,1.25,
PETRL405,2025-09-23,0.81,1.02,0.81,1.09,
PETRL41,2025-09-23,0.7,0.76,0.7,0.85,
PETRL415,2025-09-23,0.52,0.62,0.52,0.67,
PETRL42,2025-09-23,0.34,0.38,0.34,0.41,
PETRL43,2025-09-23,0.32,0.32,0.32,0.32,
PETRL435,2025-09-23,0.18,0.22,0.04,0.26,
PETRL440,2025-09-23,0.49,0.47,0.47,0.49,
PETRL450,2025-09-23,0.4,0.51,0.4,0.53,
PETRL455,2025-09-23,0.08,0.09,0.07,0.09,
PETRL46,2025-09-23,0.06,0.05,0.05,0.06,
PETRL48,2025-09-23,0.03,0.03,0.03,0.03,
PETRL51,2025-09-23,0.01,0.01,0.01,0.01,
PETRL54,2025-09-23,0.01,0.01,0.01,0.01,
PETRL55,2025-09-23,8.13,8.36,8.13,8.36,
PETRM253,2025-09-23,0.08,0.06,0.06,0.08,
PETRM271,2025-09-23,0.1,0.1,0.1,0.1,
PETRM293,2025-09-23,0.2,0.19,0.19,0.21,
PETRM296,2025-09-23,0.23,0.21,0.21,0.23,
PETRM298,2025-09-23,0.24,0.23,0.23,0.24,
PETRM31,2025-09-23,0.38,0.34,0.34,0.38,
PETRM313,2025-09-23,0.38,0.37,0.37,0.38,
PETRM316,2025-09-23,0.45,0.4,0.4,0.45,
PETRM321,2025-09-23,0.61,0.52,0.52,0.61,
PETRM323,2025-09-23,0.61,0.53,0.52,0.61,
PETRM326,2025-09-23,0.57,0.57,0.57,0.57,
PETRM333,2025-09-23,0.8,0.74,0.74,0.8,
PETRM336,2025-09-23,0.83,0.74,0.74,0.83,
PETRM338,2025-09-23,1,0.9,0.88,1,
PETRM341,2025-09-23,1,0.98,0.98,1,
PETRM353,2025-09-23,1.5,1.5,1.5,1.5,
PETRM358,2025-09-23,1.84,1.84,1.84,1.84,
PETRM364,2025-09-23,0.17,0.16,0.16,0.18,
PETRM366,2025-09-23,2.13,2.13,2.13,2.13,
PETRM407,2025-09-23,0.75,0.7,0.7,0.75,
PETRM419,2025-09-23,1.2,1.02,1.02,1.2,
PETRN303,2025-09-23,0.6,0.6,0.6,0.6,
PETRN306,2025-09-23,0.66,0.6,0.6,0.66,
PETRN313,2025-09-23,0.83,0.76,0.76,0.83,
PETRN341,2025-09-23,1.45,1.3,1.3,1.45,
PETRN37,2025-09-23,2.8,2.6,2.6,2.8,
PETRN400,2025-09-23,0.72,0.6,0.6,0.73,
PETRN420,2025-09-23,1.2,1.2,1.2,1.2,
PETRN480,2025-09-23,4.8,4.8,4.8,4.8,
PETRO250,2025-09-23,0.65,0.65,0.65,0.65,
PETRO300,2025-09-23,1.13,1.15,1.13,1.16,
PETRO326,2025-09-23,1,1,1,1,
PETRO360,2025-09-23,0.29,0.27,0.27,0.29,
PETRO48,2025-09-23,8.25,8.24,8.24,8.25,
PETRP286,2025-09-23,0.52,0.5,0.5,0.52,
PETRP303,2025-09-23,0.72,0.72,0.72,0.72,
PETRP311,2025-09-23,0.88,0.88,0.88,0.88,
PETRP313,2025-09-23,0.95,0.95,0.95,0.95,
PETRP323,2025-09-23,1.19,1.21,1.19,1.21,
PETRP331,2025-09-23,1.41,1.41,1.41,1.41,
PETRP333,2025-09-23,1.85,1.95,1.85,1.95,
PETRP336,2025-09-23,1.37,1.37,1.37,1.37,
PETRP360,2025-09-23,0.36,0.34,0.33,0.36,
PETRP400,2025-09-23,1,1.16,0.89,1.16,
PETRQ24,2025-09-23,0.2,0.2,0.2,0.2,
PETRQ372,2025-09-23,3,3,3,3,
PETRS303,2025-09-23,1.01,0.94,0.94,1.01,
PETRS320,2025-09-23,1.21,1.72,1.21,1.72,
PETRT322,2025-09-23,0.67,0.61,0.61,0.67,
PETRT363,2025-09-23,2.75,2.82,2.75,2.82,
PETRT500,2025-09-23,8.82,8.72,8.72,8.82,
PETRU300W4,2025-09-23,0.01,0.01,0.01,0.01,
PETRU302W4,2025-09-23,0.02,0.01,0.01,0.02,
PETRU305W4,2025-09-23,0.01,0.01,0.01,0.02,
PETRU307W4,2025-09-23,0.02,0.01,0.01,0.02,
PETRU310W4,2025-09-23,0.02,0.01,0.01,0.02,
PETRU312W4,2025-09-23,0.03,0.02,0.01,0.04,
PETRU315W4,2025-09-23,0.08,0.03,0.02,0.08,
PETRU317W4,2025-09-23,0.16,0.04,0.03,0.16,
PETRU320W4,2025-09-23,0.28,0.11,0.06,0.28,
PETRU322W4,2025-09-23,0.28,0.12,0.09,0.31,
PETRU325W4,2025-09-23,0.46,0.2,0.16,0.48,
PETRU327W4,2025-09-23,0.69,0.34,0.28,0.69,
PETRU330W4,2025-09-23,0.77,0.5,0.41,0.77,
PETRU332W4,2025-09-23,0.89,0.72,0.62,0.89,
PETRU335W4,2025-09-23,1.2,0.96,0.86,1.2,
PETRU340W4,2025-09-23,1.73,1.44,1.32,1.73,
PETRU342W4,2025-09-23,1.92,1.58,1.58,1.92,
PETRU345W4,2025-09-23,2.36,1.9,1.89,2.36,
PETRU350W4,2025-09-23,2.72,2.59,2.59,2.72,
PETRU355W4,2025-09-23,3.03,2.83,2.83,3.03,
PETRU360W4,2025-09-23,3.38,3.42,3.38,3.43,
PETRU365W4,2025-09-23,4.2,4.2,4.2,4.2,
PETRU370W4,2025-09-23,4.43,4.43,4.43,4.43,
PETRU375W4,2025-09-23,5.4,4.85,4.72,5.4,
PETRU380W4,2025-09-23,5.4,5.4,5.4,5.4,
PETRU390W4,2025-09-23,6.31,6.31,6.31,6.31,
PETRU400W4,2025-09-23,7.66,7.66,7.66,7.66,
PETRV233,2025-09-23,0.01,0.01,0.01,0.01,
PETRV240,2025-09-23,0.01,0.01,0.01,0.01,
PETRV248,2025-09-23,0.01,0.01,0.01,0.01,
PETRV253,2025-09-23,0.01,0.01,0.01,0.01,
PETRV258,2025-09-23,0.01,0.01,0.01,0.01,
PETRV263,2025-09-23,0.01,0.01,0.01,0.01,
PETRV266,2025-09-23,0.01,0.01,0.01,0.01,
PETRV268,2025-09-23,0.02,0.01,0.01,0.02,
PETRV27,2025-09-23,0.01,0.01,0.01,0.01,
PETRV273,2025-09-23,0.02,0.01,0.01,0.02,
PETRV276,2025-09-23,0.01,0.01,0.01,0.01,
PETRV278,2025-09-23,0.03,0.02,0.02,0.03,
PETRV279W1,2025-09-23,0.02,0.01,0.01,0.02,
PETRV281,2025-09-23,0.01,0.01,0.01,0.02,
PETRV283,2025-09-23,0.03,0.04,0.02,0.04,
PETRV284W1,2025-09-23,0.01,0.01,0.01,0.01,
PETRV286,2025-09-23,0.02,0.01,0.01,0.02,
PETRV291,2025-09-23,0.02,0.02,0.02,0.03,
PETRV295,2025-09-23,0.06,0.03,0.03,0.06,
PETRV296,2025-09-23,0.03,0.02,0.02,0.04,
PETRV298,2025-09-23,0.09,0.07,0.06,0.09,
PETRV30,2025-09-23,0.06,0.05,0.04,0.06,
PETRV300W1,2025-09-23,0.04,0.03,0.02,0.04,
PETRV300W2,2025-09-23,0.05,0.05,0.05,0.05,
PETRV300W5,2025-09-23,0.2,0.17,0.17,0.32,
PETRV301,2025-09-23,0.04,0.03,0.03,0.04,
PETRV302W1,2025-09-23,0.03,0.03,0.03,0.03,
PETRV302W2,2025-09-23,0.05,0.05,0.05,0.05,
PETRV303,2025-09-23,0.11,0.08,0.08,0.12,
PETRV305W1,2025-09-23,0.05,0.03,0.03,0.05,
PETRV306,2025-09-23,0.05,0.04,0.04,0.05,
PETRV307W1,2025-09-23,0.07,0.04,0.03,0.07,
PETRV307W2,2025-09-23,0.08,0.08,0.08,0.08,
PETRV308,2025-09-23,0.18,0.12,0.11,0.18,
PETRV310W1,2025-09-23,0.05,0.04,0.04,0.05,
PETRV310W2,2025-09-23,0.09,0.09,0.08,0.09,
PETRV311,2025-09-23,0.08,0.05,0.05,0.08,
PETRV312W1,2025-09-23,0.13,0.06,0.06,0.13,
PETRV312W2,2025-09-23,0.18,0.11,0.11,0.18,
PETRV312W4,2025-09-23,0.15,0.2,0.15,0.22,
PETRV313,2025-09-23,0.26,0.17,0.16,0.26,
PETRV314,2025-09-23,0.06,0.06,0.06,0.06,
PETRV315W1,2025-09-23,0.15,0.08,0.07,0.15,
PETRV315W2,2025-09-23,0.13,0.13,0.13,0.13,
PETRV315W5,2025-09-23,0.5,0.5,0.5,0.5,
PETRV316,2025-09-23,0.09,0.07,0.06,0.11,
PETRV317W1,2025-09-23,0.2,0.12,0.1,0.22,
PETRV317W2,2025-09-23,0.24,0.18,0.18,0.24,
PETRV317W4,2025-09-23,0.4,0.34,0.34,0.4,
PETRV318,2025-09-23,0.43,0.28,0.24,0.43,
PETRV319,2025-09-23,0.09,0.07,0.07,0.09,
PETRV320W1,2025-09-23,0.29,0.16,0.14,0.3,
PETRV320W2,2025-09-23,0.36,0.33,0.32,0.38,
PETRV321,2025-09-23,0.15,0.1,0.09,0.15,
PETRV322W1,2025-09-23,0.4,0.22,0.18,0.41,
PETRV322W2,2025-09-23,0.48,0.3,0.28,0.49,
PETRV322W4,2025-09-23,0.31,0.4,0.31,0.51,
PETRV323,2025-09-23,0.6,0.41,0.36,0.6,
PETRV324,2025-09-23,0.1,0.07,0.07,0.11,
PETRV325W1,2025-09-23,0.46,0.32,0.26,0.46,
PETRV325W2,2025-09-23,0.52,0.39,0.34,0.52,
PETRV325W4,2025-09-23,0.58,0.57,0.57,0.58,
PETRV326,2025-09-23,0.21,0.16,0.13,0.22,
PETRV327W1,2025-09-23,0.7,0.42,0.36,0.7,
PETRV327W2,2025-09-23,0.66,0.47,0.44,0.66,
PETRV329,2025-09-23,0.12,0.11,0.1,0.12,
PETRV330W1,2025-09-23,0.62,0.57,0.54,0.68,
PETRV330W2,2025-09-23,0.7,0.62,0.57,0.7,
PETRV331,2025-09-23,0.32,0.21,0.19,0.32,
PETRV332W1,2025-09-23,0.9,0.69,0.65,0.9,
PETRV332W2,2025-09-23,0.96,0.72,0.72,0.96,
PETRV333,2025-09-23,1.19,0.85,0.79,1.2,
PETRV334,2025-09-23,0.25,0.15,0.13,0.25,
PETRV335,2025-09-23,0.91,0.61,0.54,0.91,
PETRV335W1,2025-09-23,1.09,0.92,0.88,1.09,
PETRV335W2,2025-09-23,0.87,0.87,0.87,0.87,
PETRV336,2025-09-23,0.52,0.33,0.29,0.52,
PETRV337W1,2025-09-23,1.12,1.12,1.12,1.12,
PETRV337W2,2025-09-23,1.14,1.16,1.09,1.16,
PETRV338,2025-09-23,1.56,1.2,1.11,1.57,
PETRV339,2025-09-23,0.33,0.2,0.2,0.33,
PETRV339W1,2025-09-23,2.11,1.9,1.9,2.11,
PETRV339W2,2025-09-23,1.76,1.76,1.76,1.76,
PETRV34,2025-09-23,0.01,0.01,0.01,0.01,
PETRV340W1,2025-09-23,1.84,1.34,1.31,1.84,
PETRV340W2,2025-09-23,1.42,1.37,1.25,1.42,
PETRV341,2025-09-23,0.7,0.49,0.44,0.72,
PETRV343,2025-09-23,2,1.59,1.49,2,
PETRV344,2025-09-23,0.4,0.26,0.26,0.4,
PETRV344W2,2025-09-23,2.5,2.5,2.5,2.5,
PETRV346,2025-09-23,1,0.71,0.66,1.02,
PETRV348,2025-09-23,2.33,2.01,1.93,2.34,
PETRV349,2025-09-23,0.46,0.4,0.37,0.46,
PETRV349W1,2025-09-23,3.01,2.74,2.74,3.01,
PETRV349W2,2025-09-23,2.84,2.84,2.84,2.84,
PETRV351,2025-09-23,1.34,1.04,0.94,1.38,
PETRV354,2025-09-23,0.82,0.59,0.5,0.82,
PETRV354W1,2025-09-23,3.25,3.25,3.25,3.25,
PETRV354W2,2025-09-23,3.38,3.38,3.38,3.38,
PETRV356,2025-09-23,1.78,1.39,1.27,1.78,
PETRV358,2025-09-23,3.43,2.97,2.85,3.43,
PETRV359,2025-09-23,0.8,0.78,0.77,0.82,
PETRV359W2,2025-09-23,4.01,4.01,4.01,4.01,
PETRV361,2025-09-23,2.24,1.81,1.7,2.24,
PETRV363,2025-09-23,3.88,3.46,3.33,3.9,
PETRV364,2025-09-23,0.96,1.07,0.96,1.07,
PETRV364W1,2025-09-23,3.9,4.25,3.9,4.39,
PETRV364W2,2025-09-23,4.64,4.3,4.3,4.64,
PETRV366,2025-09-23,2.56,2.26,2.15,2.56,
PETRV367,2025-09-23,1.72,1.72,1.72,1.72,
PETRV368,2025-09-23,3.89,3.95,3.85,3.95,
PETRV369,2025-09-23,1.76,1.38,1.27,1.76,
PETRV369W1,2025-09-23,4.72,4.72,4.72,4.72,
PETRV369W2,2025-09-23,5.14,4.89,4.89,5.14,
PETRV371,2025-09-23,3.01,2.72,2.61,3.01,
PETRV372,2025-09-23,3.5,3.5,3.5,3.5,
PETRV373,2025-09-23,4.48,4.43,4.43,4.56,
PETRV374,2025-09-23,1.64,1.79,1.64,1.79,
PETRV374W1,2025-09-23,5.2,5.2,5.2,5.2,
PETRV374W2,2025-09-23,5.35,5.14,5.14,5.35,
PETRV376,2025-09-23,3.53,3.23,3.11,3.53,
PETRV377,2025-09-23,5.12,4.85,4.82,5.12,
PETRV379W2,2025-09-23,5.6,5.6,5.6,5.6,
PETRV381,2025-09-23,3.93,3.65,3.6,3.95,
PETRV382,2025-09-23,5.85,5.55,5.55,5.85,
PETRV384W1,2025-09-23,6.15,6.27,6.15,6.27,
PETRV384W2,2025-09-23,6.13,6.13,6.13,6.13,
PETRV386,2025-09-23,4.41,4.22,4.22,4.41,
PETRV387,2025-09-23,5.95,5.95,5.95,5.95,
PETRV391,2025-09-23,5.02,4.77,4.72,5.02,
PETRV393,2025-09-23,6.9,6.44,6.3,6.9,
PETRV394W2,2025-09-23,7.42,7.42,7.42,7.42,
PETRV396,2025-09-23,5.4,5.14,5.09,5.4,
PETRV398,2025-09-23,7,6.88,6.86,7,
PETRV401,2025-09-23,5.9,5.56,5.56,5.95,
PETRV411,2025-09-23,6.71,6.57,6.57,6.71,
PETRV416,2025-09-23,7.15,7.05,7.05,7.15,
PETRV421,2025-09-23,7.4,7.4,7.4,7.4,
PETRV455,2025-09-23,12.5,12.58,12.5,12.7,
PETRV457,2025-09-23,2.77,2.52,2.39,2.99,
PETRV570,2025-09-23,23.9,23.9,23.9,23.9,
PETRW210,2025-09-23,0.01,0.01,0.01,0.01,
PETRW218,2025-09-23,0.01,0.01,0.01,0.01,
PETRW220,2025-09-23,0.01,0.01,0.01,0.01,
PETRW223,2025-09-23,0.01,0.01,0.01,0.01,
PETRW231,2025-09-23,0.01,0.01,0.01,0.01,
PETRW235,2025-09-23,0.01,0.01,0.01,0.01,
PETRW243,2025-09-23,0.04,0.04,0.04,0.04,
PETRW248,2025-09-23,0.03,0.03,0.03,0.03,
PETRW253,2025-09-23,0.04,0.04,0.04,0.04,
PETRW255,2025-09-23,0.04,0.04,0.04,0.04,
PETRW257,2025-09-23,0.04,0.04,0.03,0.04,
PETRW258,2025-09-23,0.05,0.04,0.04,0.05,
PETRW262,2025-09-23,0.05,0.05,0.05,0.05,
PETRW269,2025-09-23,0.08,0.07,0.06,0.08,
PETRW272,2025-09-23,0.07,0.06,0.06,0.07,
PETRW275,2025-09-23,0.08,0.07,0.07,0.08,
PETRW277,2025-09-23,0.1,0.08,0.08,0.1,
PETRW279,2025-09-23,0.11,0.1,0.09,0.11,
PETRW282,2025-09-23,0.13,0.1,0.1,0.13,
PETRW284,2025-09-23,0.15,0.13,0.12,0.15,
PETRW287,2025-09-23,0.16,0.12,0.12,0.16,
PETRW289,2025-09-23,0.18,0.13,0.13,0.18,
PETRW289W1,2025-09-23,0.17,0.14,0.14,0.17,
PETRW292,2025-09-23,0.19,0.16,0.15,0.19,
PETRW294,2025-09-23,0.21,0.17,0.17,0.21,
PETRW297,2025-09-23,0.24,0.2,0.19,0.24,
PETRW298,2025-09-23,0.13,0.13,0.13,0.13,
PETRW30,2025-09-23,0.01,0.01,0.01,0.02,
PETRW303,2025-09-23,0.14,0.14,0.14,0.14,
PETRW304,2025-09-23,0.37,0.28,0.27,0.37,
PETRW307,2025-09-23,0.3,0.22,0.21,0.3,
PETRW308,2025-09-23,0.42,0.32,0.3,0.42,
PETRW309,2025-09-23,0.47,0.36,0.34,0.47,
PETRW311,2025-09-23,0.31,0.25,0.24,0.31,
PETRW312,2025-09-23,0.54,0.4,0.39,0.54,
PETRW314,2025-09-23,0.61,0.46,0.44,0.61,
PETRW317,2025-09-23,0.66,0.52,0.5,0.67,
PETRW318,2025-09-23,0.25,0.21,0.21,0.25,
PETRW319,2025-09-23,0.77,0.58,0.56,0.77,
PETRW322,2025-09-23,0.83,0.66,0.64,0.87,
PETRW323,2025-09-23,0.22,0.22,0.22,0.22,
PETRW324,2025-09-23,0.9,0.74,0.72,0.9,
PETRW325W1,2025-09-23,0.7,0.63,0.63,0.7,
PETRW327,2025-09-23,1.04,0.85,0.81,1.04,
PETRW33,2025-09-23,0.41,0.42,0.41,0.42,
PETRW332,2025-09-23,1.11,1.04,1.01,1.16,
PETRW334,2025-09-23,1.47,1.18,1.13,1.47,
PETRW337,2025-09-23,1.19,0.95,0.91,1.19,
PETRW338,2025-09-23,1.38,1.32,1.26,1.44,
PETRW339,2025-09-23,1.59,1.47,1.06,1.59,
PETRW343,2025-09-23,0.59,0.56,0.54,0.59,
PETRW347,2025-09-23,2.31,1.95,1.55,2.31,
PETRW348,2025-09-23,0.66,0.66,0.66,0.66,
PETRW350,2025-09-23,2.4,2.13,2.06,2.4,
PETRW351,2025-09-23,2.7,2.34,1.92,2.7,
PETRW352,2025-09-23,0.05,0.04,0.04,0.05,
PETRW353,2025-09-23,1.91,1.79,1.38,1.92,
PETRW354,2025-09-23,1.09,0.91,0.91,1.09,
PETRW357,2025-09-23,2.86,2.72,2.65,2.88,
PETRW359,2025-09-23,3.08,2.94,2.85,3.1,
PETRW362,2025-09-23,3.55,3.16,3.05,3.55,
PETRW367,2025-09-23,3.53,3.51,3.5,3.53,
PETRW369,2025-09-23,3.96,3.77,3.71,3.96,
PETRW370,2025-09-23,1.93,1.63,1.54,1.94,
PETRW372,2025-09-23,3.96,4.05,3.96,4.05,
PETRW374,2025-09-23,4.25,4.19,4.19,4.27,
PETRW377,2025-09-23,4.47,4.47,4.47,4.47,
PETRW379,2025-09-23,4.8,4.73,4.72,4.8,
PETRW382,2025-09-23,4.94,4.94,4.94,4.94,
PETRW383,2025-09-23,2.88,2.42,2.33,2.88,
PETRW384,2025-09-23,5.25,5.25,5.25,5.25,
PETRW388,2025-09-23,2.84,2.83,2.8,2.85,
PETRW392,2025-09-23,5.84,5.84,5.84,5.84,
PETRW394,2025-09-23,6.61,6.12,6.12,6.61,
PETRW397,2025-09-23,6.31,6.31,6.31,6.31,
PETRW399,2025-09-23,6.56,6.61,6.56,6.61,
PETRW402,2025-09-23,6.78,6.88,6.78,6.88,
PETRW408,2025-09-23,3.51,3.35,3.28,3.53,
PETRW430,2025-09-23,9.7,9.56,9.55,9.7,
PETRW432,2025-09-23,9.9,9.7,9.7,10,
PETRW447,2025-09-23,2.81,2.5,2.43,2.81,
PETRX18,2025-09-23,3.7,3.7,3.7,3.7,
PETRX2,2025-09-23,1.28,1.25,1.24,1.28,
PETRX25,2025-09-23,0.07,0.08,0.07,0.08,
PETRX265,2025-09-23,0.23,0.13,0.13,0.23,
PETRX30,2025-09-23,0.49,0.4,0.4,0.49,
PETRX301,2025-09-23,0.34,0.34,0.34,0.34,
PETRX306,2025-09-23,0.37,0.31,0.3,0.37,
PETRX307,2025-09-23,0.45,0.45,0.45,0.46,
PETRX308,2025-09-23,0.31,0.24,0.22,0.32,
PETRX31,2025-09-23,1.6,1.6,1.6,1.6,
PETRX311,2025-09-23,0.54,0.48,0.47,0.54,
PETRX316,2025-09-23,0.6,0.61,0.6,0.61,
PETRX318,2025-09-23,0.6,0.65,0.6,0.7,
PETRX319,2025-09-23,0.45,0.36,0.36,0.45,
PETRX321,2025-09-23,0.9,0.66,0.66,0.9,
PETRX323,2025-09-23,0.81,0.82,0.8,0.82,
PETRX326,2025-09-23,0.92,0.9,0.9,0.92,
PETRX329,2025-09-23,0.65,0.55,0.53,0.65,
PETRX33,2025-09-23,0.66,0.62,0.62,0.66,
PETRX330,2025-09-23,1.1,1.15,1.1,1.15,
PETRX340,2025-09-23,0.07,0.06,0.06,0.07,
PETRX345,2025-09-23,2,2,2,2,
PETRX35,2025-09-23,0.08,0.08,0.08,0.09,
PETRX350,2025-09-23,1.34,2,1.34,2.2,
PETRX354,2025-09-23,2.53,2.53,2.53,2.53,
PETRX360,2025-09-23,3.3,3.21,3.21,3.3,
PETRX361,2025-09-23,1.38,1.18,1.1,1.38,
PETRX40,2025-09-23,1.58,1.4,1.35,1.58,
PETRX41,2025-09-23,2.02,1.85,1.85,2.03,
PETRX415,2025-09-23,2.35,2.35,2.35,2.35,
PETRX42,2025-09-23,3.01,3,3,3.02,
PETRX445,2025-09-23,4.7,4.7,4.7,4.7,
PETRX450,2025-09-23,2.75,2.55,2.55,2.8,
PETRX8,2025-09-23,1.68,1.68,1.68,1.68,
PRIO3,2025-09-23,38.5,38.58,38.35,39.05,
PRIO3F,2025-09-23,38.18,38.49,38.15,39.04,
PRIOA382,2025-09-23,3.31,3.31,3.31,3.31,
PRIOA400,2025-09-23,2.5,2.5,2.5,2.5,
PRIOA480,2025-09-23,0.32,0.32,0.32,0.32,
PRIOB300,2025-09-23,14.46,14.46,14.46,14.46,
PRIOB407,2025-09-23,1.8,1.8,1.8,1.8,
PRIOB440,2025-09-23,6.3,6.3,6.3,6.3,
PRIOB500,2025-09-23,4.1,4.18,4.1,4.18,
PRIOC395,2025-09-23,3.76,3.76,3.76,3.76,
PRIOC422,2025-09-23,2.39,2.39,2.39,2.39,
PRIOF407,2025-09-23,4.63,4.78,4.56,4.86,
PRIOF487,2025-09-23,1.8,1.89,1.71,1.89,
PRIOF54,2025-09-23,0.8,0.81,0.8,0.85,
PRIOF57,2025-09-23,0.62,0.56,0.56,0.62,
PRIOF640,2025-09-23,0.28,0.23,0.23,0.28,
PRIOF650,2025-09-23,0.25,0.2,0.2,0.25,
PRIOH41,2025-09-23,5.38,5.38,5.38,5.38,
PRIOH415,2025-09-23,5.4,5.4,5.4,5.4,
PRIOI362W4,2025-09-23,2.35,2.28,2.28,2.76,
PRIOI372W4,2025-09-23,1.74,1.74,1.74,1.74,
PRIOI377W4,2025-09-23,1,1.37,0.95,1.37,
PRIOI382W4,2025-09-23,0.7,0.74,0.7,0.96,
PRIOI387W4,2025-09-23,0.4,0.3,0.3,0.59,
PRIOI392W4,2025-09-23,0.22,0.31,0.2,0.35,
PRIOI397W4,2025-09-23,0.12,0.08,0.08,0.18,
PRIOI400W4,2025-09-23,0.09,0.11,0.09,0.12,
PRIOI402W4,2025-09-23,0.06,0.08,0.06,0.09,
PRIOI407W4,2025-09-23,0.04,0.05,0.04,0.05,
PRIOI412W4,2025-09-23,0.02,0.04,0.02,0.04,
PRIOI440W4,2025-09-23,0.01,0.01,0.01,0.01,
PRIOI447W4,2025-09-23,0.01,0.01,0.01,0.01,
PRIOJ350,2025-09-23,4.29,4.25,4.25,4.29,
PRIOJ360,2025-09-23,3.38,3.36,3.36,3.42,
PRIOJ362,2025-09-23,2.95,3.16,2.95,3.19,
PRIOJ365,2025-09-23,2.88,2.96,2.88,2.96,
PRIOJ367,2025-09-23,2.62,2.46,2.46,2.73,
PRIOJ370,2025-09-23,2.22,2.09,2.09,2.57,
PRIOJ372,2025-09-23,2.05,2.22,2.04,2.41,
PRIOJ375,2025-09-23,1.87,1.8,1.8,2.2,
PRIOJ377,2025-09-23,1.69,1.65,1.65,2,
PRIOJ377W1,2025-09-23,1.23,1.54,1.23,1.54,
PRIOJ380,2025-09-23,1.5,1.42,1.42,1.84,
PRIOJ382,2025-09-23,1.34,1.29,1.28,1.6,
PRIOJ382W1,2025-09-23,1,1,1,1,
PRIOJ385,2025-09-23,1.15,1.11,1.11,1.49,
PRIOJ385W2,2025-09-23,1.15,1.15,1.15,1.15,
PRIOJ387,2025-09-23,1.09,1.1,1.06,1.3,
PRIOJ387W1,2025-09-23,0.66,0.75,0.66,0.82,
PRIOJ390,2025-09-23,0.89,0.87,0.87,1.18,
PRIOJ390W2,2025-09-23,0.91,0.91,0.91,0.91,
PRIOJ392,2025-09-23,0.82,0.81,0.81,1.02,
PRIOJ392W1,2025-09-23,0.4,0.49,0.4,0.59,
PRIOJ395,2025-09-23,0.72,0.68,0.68,0.93,
PRIOJ395W2,2025-09-23,0.53,0.6,0.53,0.64,
PRIOJ397,2025-09-23,0.64,0.58,0.58,0.8,
PRIOJ397W1,2025-09-23,0.25,0.23,0.23,0.39,
PRIOJ400,2025-09-23,0.52,0.55,0.49,0.72,
PRIOJ402,2025-09-23,0.47,0.48,0.47,0.59,
PRIOJ402W1,2025-09-23,0.17,0.17,0.17,0.25,
PRIOJ405,2025-09-23,0.42,0.37,0.37,0.53,
PRIOJ405W2,2025-09-23,0.31,0.31,0.31,0.31,
PRIOJ405W5,2025-09-23,0.65,0.65,0.65,0.65,
PRIOJ407,2025-09-23,0.35,0.32,0.32,0.45,
PRIOJ407W1,2025-09-23,0.13,0.14,0.13,0.15,
PRIOJ410,2025-09-23,0.3,0.27,0.27,0.38,
PRIOJ410W2,2025-09-23,0.16,0.16,0.16,0.16,
PRIOJ412,2025-09-23,0.24,0.28,0.24,0.33,
PRIOJ415,2025-09-23,0.21,0.2,0.19,0.29,
PRIOJ417,2025-09-23,0.19,0.2,0.19,0.23,
PRIOJ420,2025-09-23,0.15,0.15,0.15,0.2,
PRIOJ420W2,2025-09-23,0.09,0.1,0.09,0.1,
PRIOJ422,2025-09-23,0.14,0.17,0.14,0.17,
PRIOJ422W1,2025-09-23,0.03,0.05,0.03,0.05,
PRIOJ425,2025-09-23,0.12,0.12,0.12,0.15,
PRIOJ427,2025-09-23,0.1,0.13,0.1,0.13,
PRIOJ427W1,2025-09-23,0.03,0.03,0.03,0.03,
PRIOJ430,2025-09-23,0.09,0.11,0.09,0.11,
PRIOJ430W2,2025-09-23,0.05,0.05,0.05,0.05,
PRIOJ432,2025-09-23,0.09,0.09,0.09,0.09,
PRIOJ435,2025-09-23,0.07,0.07,0.07,0.07,
PRIOJ437,2025-09-23,0.07,0.06,0.06,0.07,
PRIOJ440,2025-09-23,0.05,0.06,0.05,0.06,
PRIOJ445,2025-09-23,0.05,0.05,0.05,0.05,
PRIOJ450,2025-09-23,0.05,0.04,0.04,0.05,
PRIOJ455,2025-09-23,0.03,0.03,0.03,0.03,
PRIOK366,2025-09-23,3.63,3.63,3.63,3.63,
PRIOK374,2025-09-23,2.88,2.88,2.88,2.88,
PRIOK376,2025-09-23,2.6,2.67,2.6,2.67,
PRIOK379,2025-09-23,2.62,2.52,2.48,2.71,
PRIOK381,2025-09-23,2.44,2.32,2.32,2.52,
PRIOK384,2025-09-23,2.12,2.13,2.12,2.13,
PRIOK386,2025-09-23,1.92,2.19,1.92,2.19,
PRIOK389,2025-09-23,1.87,1.92,1.84,2.06,
PRIOK390W1,2025-09-23,2.3,2.3,2.3,2.3,
PRIOK391,2025-09-23,1.82,1.64,1.64,1.91,
PRIOK394,2025-09-23,1.75,1.73,1.73,1.76,
PRIOK396,2025-09-23,1.45,1.41,1.41,1.67,
PRIOK399,2025-09-23,1.5,1.53,1.5,1.53,
PRIOK401,2025-09-23,1.29,1.31,1.24,1.45,
PRIOK404,2025-09-23,1.16,1.19,1.16,1.33,
PRIOK406,2025-09-23,1.05,1.19,1.05,1.2,
PRIOK409,2025-09-23,0.98,1.1,0.98,1.11,
PRIOK411,2025-09-23,0.88,0.92,0.88,1.01,
PRIOK414,2025-09-23,0.81,0.84,0.81,0.93,
PRIOK416,2025-09-23,0.74,0.77,0.74,0.85,
PRIOK419,2025-09-23,0.66,0.77,0.66,0.77,
PRIOK420W1,2025-09-23,0.53,0.53,0.53,0.53,
PRIOK421,2025-09-23,0.64,0.66,0.64,0.71,
PRIOK424,2025-09-23,0.63,0.63,0.63,0.64,
PRIOK426,2025-09-23,0.51,0.54,0.51,0.57,
PRIOK429,2025-09-23,0.48,0.48,0.48,0.48,
PRIOK431,2025-09-23,0.45,0.48,0.45,0.48,
PRIOK434,2025-09-23,0.38,0.41,0.37,0.45,
PRIOK436,2025-09-23,0.36,0.38,0.36,0.38,
PRIOK439,2025-09-23,0.36,0.36,0.36,0.36,
PRIOK441,2025-09-23,0.3,0.33,0.3,0.33,
PRIOK449,2025-09-23,0.22,0.22,0.22,0.22,
PRIOK451,2025-09-23,0.22,0.2,0.2,0.22,
PRIOK481,2025-09-23,0.07,0.07,0.07,0.07,
PRIOL391,2025-09-23,2.39,2.39,2.39,2.39,
PRIOL399,2025-09-23,3.02,2.38,1.62,3.02,
PRIOL401,2025-09-23,1.8,1.89,1.8,1.89,
PRIOL411,2025-09-23,1.6,1.4,1.4,1.6,
PRIOL414,2025-09-23,1.4,1.34,1.34,1.4,
PRIOL416,2025-09-23,1.27,1.27,1.27,1.27,
PRIOL419,2025-09-23,1.14,1.14,1.14,1.14,
PRIOL431,2025-09-23,0.8,0.7,0.7,0.8,
PRIOL434,2025-09-23,0.75,0.75,0.75,0.75,
PRIOL45,2025-09-23,0.46,0.44,0.44,0.46,
PRIOL46,2025-09-23,0.31,0.31,0.31,0.31,
PRIOL600,2025-09-23,1.7,1.63,1.63,1.7,
PRIOM330,2025-09-23,0.3,0.3,0.3,0.3,
PRIOM347,2025-09-23,0.48,0.48,0.48,0.48,
PRIOM350,2025-09-23,0.5,0.5,0.5,0.5,
PRIOM357,2025-09-23,0.61,0.7,0.61,0.7,
PRIOM365,2025-09-23,0.8,0.85,0.8,0.85,
PRIOM372,2025-09-23,1.02,1.05,1.02,1.05,
PRIOM375,2025-09-23,1.09,1.09,1.09,1.09,
PRIOM377,2025-09-23,1.1,1.1,1.1,1.1,
PRION330,2025-09-23,1.32,1.32,1.32,1.32,
PRION360,2025-09-23,0.7,0.7,0.7,0.7,
PRION380,2025-09-23,2.32,2.32,2.32,2.32,
PRIOR407,2025-09-23,2.8,2.83,2.8,2.83,
PRIOS40,2025-09-23,2.68,2.53,2.53,2.68,
PRIOT420,2025-09-23,3.31,3.48,3.02,3.48,
PRIOU362W4,2025-09-23,0.03,0.02,0.02,0.03,
PRIOU367W4,2025-09-23,0.05,0.04,0.02,0.05,
PRIOU372W4,2025-09-23,0.09,0.06,0.04,0.09,
PRIOU377W4,2025-09-23,0.2,0.09,0.08,0.2,
PRIOU382W4,2025-09-23,0.3,0.34,0.16,0.35,
PRIOU387W4,2025-09-23,0.57,0.44,0.34,0.57,
PRIOU392W4,2025-09-23,0.92,0.61,0.61,0.92,
PRIOU400W4,2025-09-23,1.56,1.17,1.17,1.56,
PRIOU402W4,2025-09-23,1.78,1.78,1.78,1.78,
PRIOU407W4,2025-09-23,1.8,1.8,1.8,1.8,
PRIOU417W4,2025-09-23,3.68,3.68,3.68,3.68,
PRIOV300,2025-09-23,0.03,0.03,0.03,0.03,
PRIOV315,2025-09-23,0.01,0.01,0.01,0.01,
PRIOV320,2025-09-23,0.02,0.02,0.02,0.02,
PRIOV335,2025-09-23,0.03,0.04,0.03,0.04,
PRIOV337,2025-09-23,0.05,0.05,0.05,0.05,
PRIOV340,2025-09-23,0.04,0.04,0.04,0.04,
PRIOV342,2025-09-23,0.06,0.05,0.05,0.06,
PRIOV345,2025-09-23,0.07,0.07,0.06,0.07,
PRIOV347,2025-09-23,0.09,0.09,0.07,0.09,
PRIOV347W1,2025-09-23,0.03,0.03,0.03,0.03,
PRIOV350,2025-09-23,0.1,0.09,0.07,0.1,
PRIOV352,2025-09-23,0.11,0.11,0.09,0.11,
PRIOV355,2025-09-23,0.13,0.13,0.11,0.13,
PRIOV357,2025-09-23,0.15,0.14,0.12,0.15,
PRIOV360,2025-09-23,0.19,0.16,0.14,0.19,
PRIOV362,2025-09-23,0.2,0.21,0.16,0.21,
PRIOV362W1,2025-09-23,0.06,0.06,0.06,0.06,
PRIOV365,2025-09-23,0.27,0.24,0.19,0.27,
PRIOV367,2025-09-23,0.28,0.25,0.23,0.28,
PRIOV370,2025-09-23,0.37,0.35,0.25,0.37,
PRIOV370W2,2025-09-23,0.21,0.21,0.21,0.21,
PRIOV372,2025-09-23,0.4,0.41,0.3,0.42,
PRIOV372W1,2025-09-23,0.15,0.15,0.15,0.15,
PRIOV375,2025-09-23,0.47,0.48,0.34,0.48,
PRIOV375W1,2025-09-23,0.23,0.18,0.18,0.23,
PRIOV375W2,2025-09-23,0.26,0.29,0.25,0.29,
PRIOV377,2025-09-23,0.52,0.48,0.4,0.52,
PRIOV377W1,2025-09-23,0.2,0.2,0.2,0.2,
PRIOV380,2025-09-23,0.61,0.62,0.47,0.65,
PRIOV380W2,2025-09-23,0.46,0.46,0.46,0.46,
PRIOV380W4,2025-09-23,0.33,0.59,0.33,0.62,
PRIOV382,2025-09-23,0.74,0.74,0.53,0.74,
PRIOV382W1,2025-09-23,0.4,0.43,0.31,0.43,
PRIOV385,2025-09-23,0.8,0.85,0.61,0.85,
PRIOV385W2,2025-09-23,0.52,0.61,0.52,0.61,
PRIOV385W5,2025-09-23,0.8,0.8,0.8,0.8,
PRIOV387,2025-09-23,0.93,0.86,0.73,0.93,
PRIOV387W1,2025-09-23,0.51,0.54,0.5,0.54,
PRIOV390,2025-09-23,1.05,1.08,0.83,1.1,
PRIOV390W2,2025-09-23,0.99,0.99,0.99,0.99,
PRIOV392,2025-09-23,0.97,1.21,0.95,1.21,
PRIOV392W1,2025-09-23,1.03,1.03,1.03,1.03,
PRIOV395,2025-09-23,1.35,1.37,1.05,1.38,
PRIOV395W5,2025-09-23,1.2,1.2,1.2,1.2,
PRIOV397,2025-09-23,1.53,1.49,1.19,1.53,
PRIOV397W1,2025-09-23,1.38,1.15,1.03,1.38,
PRIOV400,2025-09-23,1.64,1.55,1.36,1.69,
PRIOV402,2025-09-23,1.82,1.7,1.7,1.82,
PRIOV402W1,2025-09-23,1.74,1.74,1.74,1.74,
PRIOV405,2025-09-23,1.95,2.02,1.64,2.03,
PRIOV405W1,2025-09-23,1.91,1.91,1.91,1.91,
PRIOV405W2,2025-09-23,1.64,1.64,1.64,1.64,
PRIOV407,2025-09-23,2.11,1.85,1.85,2.13,
PRIOV407W1,2025-09-23,2,2,2,2,
PRIOV410,2025-09-23,2.48,2.04,2,2.48,
PRIOV412,2025-09-23,2.28,2.23,2.23,2.28,
PRIOV415,2025-09-23,2.75,2.44,2.42,2.75,
PRIOV417,2025-09-23,2.63,2.6,2.6,2.63,
PRIOV420,2025-09-23,3.06,3.06,3.06,3.06,
PRIOV422,2025-09-23,3.08,3.08,3.08,3.08,
PRIOV425,2025-09-23,3.52,3.75,3.35,3.75,
PRIOV427,2025-09-23,3.53,3.54,3.53,3.54,
PRIOV430,2025-09-23,3.89,3.7,3.7,3.89,
PRIOV435,2025-09-23,4.3,4.3,4.3,4.3,
PRIOV435W4,2025-09-23,4.2,4.2,4.2,4.2,
PRIOV462,2025-09-23,7,7,7,7,
PRIOV755,2025-09-23,36.05,35.9,35.9,36.05,
PRIOW316,2025-09-23,0.09,0.09,0.09,0.09,
PRIOW329,2025-09-23,0.12,0.15,0.12,0.15,
PRIOW331,2025-09-23,0.14,0.13,0.13,0.14,
PRIOW336,2025-09-23,0.16,0.16,0.16,0.16,
PRIOW339,2025-09-23,0.17,0.18,0.17,0.18,
PRIOW341,2025-09-23,0.2,0.19,0.19,0.2,
PRIOW350W1,2025-09-23,0.24,0.24,0.24,0.24,
PRIOW351,2025-09-23,0.37,0.33,0.3,0.37,
PRIOW354,2025-09-23,0.34,0.37,0.32,0.37,
PRIOW356,2025-09-23,0.39,0.38,0.38,0.39,
PRIOW359,2025-09-23,0.42,0.43,0.39,0.43,
PRIOW361,2025-09-23,0.52,0.47,0.43,0.52,
PRIOW364,2025-09-23,0.53,0.48,0.47,0.53,
PRIOW366,2025-09-23,0.56,0.57,0.56,0.57,
PRIOW369,2025-09-23,0.67,0.68,0.57,0.68,
PRIOW371,2025-09-23,0.77,0.65,0.65,0.77,
PRIOW374,2025-09-23,0.8,0.7,0.7,0.8,
PRIOW376,2025-09-23,0.83,0.89,0.77,0.89,
PRIOW379,2025-09-23,0.89,0.98,0.84,0.98,
PRIOW381,2025-09-23,1.04,1.08,0.9,1.08,
PRIOW384,2025-09-23,1.03,1.18,0.98,1.19,
PRIOW386,2025-09-23,1.19,1.08,1.08,1.19,
PRIOW389,2025-09-23,1.17,1.37,1.17,1.38,
PRIOW391,2025-09-23,1.29,1.29,1.29,1.29,
PRIOW394,2025-09-23,1.53,1.63,1.42,1.63,
PRIOW395W1,2025-09-23,1.69,1.56,1.54,1.69,
PRIOW396,2025-09-23,1.52,1.53,1.51,1.53,
PRIOW399,2025-09-23,1.84,1.89,1.64,1.89,
PRIOW401,2025-09-23,1.77,1.92,1.77,1.92,
PRIOW404,2025-09-23,1.92,1.92,1.92,1.92,
PRIOW409,2025-09-23,2.4,2.48,2.18,2.48,
PRIOW411,2025-09-23,2.62,2.45,2.28,2.62,
PRIOW414,2025-09-23,2.61,2.46,2.46,2.62,
PRIOW416,2025-09-23,2.6,2.68,2.6,2.68,
PRIOW421,2025-09-23,3,3,3,3,
PRIOW424,2025-09-23,3.13,3.12,3.12,3.13,
PRIOW434,2025-09-23,4.27,4.27,4.27,4.27,
PRIOW435W1,2025-09-23,4.2,4.38,4.2,4.38,
PRIOW749,2025-09-23,34.5,34.2,34.2,34.5,
PRIOX346,2025-09-23,0.35,0.35,0.35,0.35,
PRIOX349,2025-09-23,0.42,0.42,0.42,0.42,
PRIOX351,2025-09-23,0.5,0.5,0.5,0.5,
PRIOX360,2025-09-23,0.61,0.55,0.55,0.61,
PRIOX364,2025-09-23,0.65,0.64,0.64,0.67,
PRIOX371,2025-09-23,0.65,0.89,0.65,0.89,
PRIOX376,2025-09-23,0.95,1.07,0.95,1.07,
PRIOX381,2025-09-23,1.3,1,1,1.3,
PRIOX386,2025-09-23,1.2,1.3,1.2,1.3,
PRIOX401,2025-09-23,1.85,1.86,1.85,1.86,
PRIOX411,2025-09-23,2.45,2.45,2.45,2.45,
PRIOX426,2025-09-23,3.5,3.46,3.46,3.5,
PRIOX453,2025-09-23,5.41,5.36,5.36,5.41,
RENT3,2025-09-23,39.41,40.59,39.32,40.65,
RENT3F,2025-09-23,39.36,40.64,39.32,40.7,
RENTB425,2025-09-23,3.32,3.2,3.2,3.32,
RENTB440,2025-09-23,1.5,1.5,1.5,1.5,
RENTI390W4,2025-09-23,0.92,1.63,0.92,1.63,
RENTI395W4,2025-09-23,0.96,0.96,0.96,0.96,
RENTI405W4,2025-09-23,0.27,0.6,0.27,0.6,
RENTI410W4,2025-09-23,0.14,0.35,0.14,0.35,
RENTI415W4,2025-09-23,0.06,0.21,0.06,0.21,
RENTJ343,2025-09-23,6.2,6.2,6.2,6.2,
RENTJ353,2025-09-23,4.95,5.18,4.95,5.18,
RENTJ356,2025-09-23,5.63,5.63,5.63,5.63,
RENTJ358,2025-09-23,5.07,5.07,5.07,5.07,
RENTJ368,2025-09-23,4.39,4.25,4.25,4.39,
RENTJ371,2025-09-23,3.67,3.67,3.67,3.67,
RENTJ373,2025-09-23,4.2,4.06,4.06,4.2,
RENTJ375W1,2025-09-23,2.5,2.5,2.5,2.5,
RENTJ376,2025-09-23,3.58,4,3.58,4,
RENTJ378,2025-09-23,3.03,2.96,2.96,3.03,
RENTJ380W1,2025-09-23,2.71,2.89,2.71,2.89,
RENTJ381,2025-09-23,2.75,3.3,2.75,3.3,
RENTJ385W1,2025-09-23,1.68,1.8,1.68,1.8,
RENTJ386,2025-09-23,2.71,2.86,2.71,2.86,
RENTJ388,2025-09-23,2.33,2.9,2.33,2.9,
RENTJ390W1,2025-09-23,1.4,1.95,1.2,1.95,
RENTJ391,2025-09-23,2.36,2.48,2.36,2.48,
RENTJ393,2025-09-23,1.86,1.86,1.86,1.86,
RENTJ395W1,2025-09-23,0.97,0.97,0.97,0.97,
RENTJ396,2025-09-23,1.69,2.38,1.69,2.38,
RENTJ398,2025-09-23,1.55,1.89,1.55,1.91,
RENTJ400W1,2025-09-23,1.11,1.11,1.11,1.11,
RENTJ401,2025-09-23,1.46,2.01,1.46,2.01,
RENTJ403,2025-09-23,1.37,1.52,1.37,1.55,
RENTJ405W2,2025-09-23,0.73,1.23,0.73,1.23,
RENTJ406,2025-09-23,1.25,1.72,1.22,1.72,
RENTJ408,2025-09-23,1.26,1.56,1.26,1.56,
RENTJ410W1,2025-09-23,0.31,0.32,0.31,0.32,
RENTJ411,2025-09-23,0.97,1.48,0.97,1.48,
RENTJ413,2025-09-23,0.88,1.34,0.88,1.34,
RENTJ415W1,2025-09-23,0.24,0.55,0.24,0.55,
RENTJ416,2025-09-23,0.75,1.16,0.75,1.19,
RENTJ418,2025-09-23,1.05,1.09,1.05,1.09,
RENTJ421,2025-09-23,0.9,0.9,0.9,0.9,
RENTJ423,2025-09-23,0.47,0.9,0.47,0.9,
RENTJ426,2025-09-23,0.41,0.79,0.41,0.8,
RENTJ428,2025-09-23,0.36,0.71,0.36,0.71,
RENTJ431,2025-09-23,0.32,0.4,0.32,0.4,
RENTJ433,2025-09-23,0.32,0.56,0.32,0.56,
RENTJ435W4,2025-09-23,0.5,0.5,0.5,0.5,
RENTJ436,2025-09-23,0.27,0.49,0.24,0.49,
RENTJ438,2025-09-23,0.21,0.4,0.21,0.4,
RENTJ441,2025-09-23,0.27,0.29,0.26,0.29,
RENTJ443,2025-09-23,0.24,0.33,0.22,0.33,
RENTJ446,2025-09-23,0.15,0.28,0.14,0.29,
RENTJ448,2025-09-23,0.14,0.25,0.14,0.26,
RENTJ451,2025-09-23,0.15,0.22,0.15,0.22,
RENTJ453,2025-09-23,0.19,0.19,0.19,0.19,
RENTJ456,2025-09-23,0.16,0.16,0.16,0.16,
RENTJ466,2025-09-23,0.09,0.09,0.09,0.09,
RENTJ471,2025-09-23,0.07,0.07,0.07,0.07,
RENTJ473,2025-09-23,0.05,0.06,0.05,0.06,
RENTJ476,2025-09-23,0.04,0.04,0.04,0.04,
RENTJ478,2025-09-23,0.03,0.04,0.03,0.04,
RENTJ481,2025-09-23,0.04,0.04,0.04,0.04,
RENTJ483,2025-09-23,0.03,0.03,0.03,0.03,
RENTJ488,2025-09-23,0.02,0.02,0.02,0.02,
RENTJ501,2025-09-23,0.01,0.01,0.01,0.01,
RENTK366,2025-09-23,4.92,4.92,4.92,4.92,
RENTK371,2025-09-23,4.07,4.07,4.07,4.07,
RENTK391,2025-09-23,3.25,3.44,3.25,3.5,
RENTK394,2025-09-23,2.83,3.12,2.83,3.12,
RENTK396,2025-09-23,2.83,3.1,2.83,3.1,
RENTK399,2025-09-23,2.46,2.79,2.46,2.79,
RENTK401,2025-09-23,2.67,2.67,2.67,2.67,
RENTK404,2025-09-23,2.35,2.35,2.35,2.35,
RENTK411,2025-09-23,2.21,2.21,2.21,2.21,
RENTK414,2025-09-23,2.13,2.16,2.12,2.16,
RENTK424,2025-09-23,1.46,1.46,1.46,1.46,
RENTK431,2025-09-23,1.02,1.02,1.02,1.02,
RENTK436,2025-09-23,1.2,1.2,1.2,1.2,
RENTK439,2025-09-23,1.06,1.06,1.06,1.06,
RENTK441,2025-09-23,0.99,1.05,0.95,1.05,
RENTK451,2025-09-23,0.65,0.65,0.65,0.65,
RENTK454,2025-09-23,0.69,0.69,0.69,0.69,
RENTK456,2025-09-23,0.7,0.7,0.7,0.7,
RENTK459,2025-09-23,0.53,0.65,0.53,0.65,
RENTK464,2025-09-23,0.54,0.57,0.54,0.57,
RENTK466,2025-09-23,0.5,0.61,0.5,0.61,
RENTL426,2025-09-23,1.61,2.78,1.61,2.78,
RENTL450,2025-09-23,0.7,0.7,0.7,0.7,
RENTL457,2025-09-23,0.85,0.85,0.85,0.85,
RENTN400,2025-09-23,1.5,1.5,1.5,1.5,
RENTP300,2025-09-23,0.39,0.39,0.39,0.39,
RENTQ30,2025-09-23,0.46,0.46,0.46,0.46,
RENTU370W4,2025-09-23,0.05,0.05,0.05,0.05,
RENTU375W4,2025-09-23,0.03,0.03,0.03,0.03,
RENTU380W4,2025-09-23,0.11,0.11,0.11,0.11,
RENTU385W4,2025-09-23,0.23,0.23,0.23,0.23,
RENTU390W4,2025-09-23,0.21,0.15,0.15,0.21,
RENTU395W4,2025-09-23,0.19,0.19,0.19,0.19,
RENTU400W4,2025-09-23,0.36,0.34,0.34,0.36,
RENTU410W4,2025-09-23,1.38,1.38,1.38,1.38,
RENTU415W4,2025-09-23,1.43,1.08,1.08,1.43,
RENTV300,2025-09-23,0.03,0.03,0.03,0.03,
RENTV301,2025-09-23,0.03,0.03,0.03,0.03,
RENTV306,2025-09-23,0.04,0.04,0.04,0.04,
RENTV308,2025-09-23,0.04,0.04,0.04,0.04,
RENTV328,2025-09-23,0.06,0.06,0.06,0.06,
RENTV331,2025-09-23,0.07,0.07,0.07,0.07,
RENTV336,2025-09-23,0.07,0.07,0.07,0.07,
RENTV338,2025-09-23,0.07,0.08,0.07,0.08,
RENTV341,2025-09-23,0.09,0.08,0.08,0.09,
RENTV343,2025-09-23,0.09,0.11,0.09,0.11,
RENTV351,2025-09-23,0.11,0.11,0.11,0.12,
RENTV353,2025-09-23,0.14,0.14,0.13,0.14,
RENTV356,2025-09-23,0.16,0.15,0.14,0.16,
RENTV358,2025-09-23,0.19,0.14,0.14,0.19,
RENTV361,2025-09-23,0.2,0.2,0.19,0.21,
RENTV363,2025-09-23,0.21,0.22,0.2,0.22,
RENTV365W1,2025-09-23,0.11,0.11,0.11,0.11,
RENTV366,2025-09-23,0.27,0.27,0.27,0.27,
RENTV368,2025-09-23,0.28,0.25,0.25,0.28,
RENTV371,2025-09-23,0.23,0.23,0.23,0.23,
RENTV373,2025-09-23,0.44,0.25,0.25,0.44,
RENTV376,2025-09-23,0.43,0.28,0.28,0.45,
RENTV378,2025-09-23,0.52,0.34,0.34,0.52,
RENTV380W2,2025-09-23,0.29,0.29,0.29,0.29,
RENTV381,2025-09-23,0.53,0.35,0.35,0.55,
RENTV383,2025-09-23,0.63,0.39,0.39,0.63,
RENTV386,2025-09-23,0.7,0.47,0.47,0.7,
RENTV388,2025-09-23,0.53,0.53,0.53,0.53,
RENTV390W2,2025-09-23,0.5,0.5,0.5,0.5,
RENTV391,2025-09-23,0.75,0.59,0.59,0.75,
RENTV393,2025-09-23,0.77,0.61,0.61,0.77,
RENTV395W1,2025-09-23,0.74,0.74,0.74,0.74,
RENTV396,2025-09-23,1.09,0.68,0.68,1.09,
RENTV398,2025-09-23,1.11,0.75,0.75,1.12,
RENTV400W1,2025-09-23,0.98,0.98,0.98,0.98,
RENTV401,2025-09-23,1.22,0.92,0.92,1.22,
RENTV403,2025-09-23,1.33,0.95,0.94,1.33,
RENTV406,2025-09-23,1.2,1.15,1.15,1.2,
RENTV408,2025-09-23,1.6,1.2,1.2,1.6,
RENTV410W1,2025-09-23,1.68,1.68,1.68,1.68,
RENTV411,2025-09-23,1.74,1.22,1.22,1.74,
RENTV413,2025-09-23,1.89,1.89,1.89,1.89,
RENTV421,2025-09-23,1.93,1.86,1.86,1.93,
RENTV423,2025-09-23,2.62,2.62,2.62,2.62,
RENTV426,2025-09-23,2.81,2.11,2.11,2.81,
RENTV428,2025-09-23,3,2.8,2.76,3,
RENTV431,2025-09-23,3.2,3.2,3.2,3.2,
RENTV433,2025-09-23,2.62,2.62,2.62,2.62,
RENTV436,2025-09-23,3.61,2.73,2.71,3.61,
RENTV438,2025-09-23,3.84,2.86,2.86,3.84,
RENTV461,2025-09-23,5.67,4.81,4.81,5.67,
RENTV478,2025-09-23,7.1,7.1,7.1,7.1,
RENTW341,2025-09-23,0.37,0.37,0.37,0.37,
RENTW351,2025-09-23,0.42,0.42,0.42,0.42,
RENTW354,2025-09-23,0.45,0.45,0.45,0.45,
RENTW369,2025-09-23,0.89,0.89,0.89,0.89,
RENTW37,2025-09-23,1.07,1.07,1.07,1.07,
RENTW371,2025-09-23,0.7,0.7,0.7,0.7,
RENTW374,2025-09-23,0.92,0.81,0.81,0.92,
RENTW376,2025-09-23,0.78,0.78,0.78,0.78,
RENTW379,2025-09-23,1.05,1.02,1.02,1.05,
RENTW38,2025-09-23,1.45,1.21,1.21,1.45,
RENTW381,2025-09-23,0.9,0.9,0.9,0.9,
RENTW391,2025-09-23,1.53,1.22,1.22,1.53,
RENTW394,2025-09-23,1.33,1.33,1.33,1.33,
RENTW396,2025-09-23,1.65,1.65,1.65,1.65,
RENTW399,2025-09-23,1.56,1.56,1.56,1.56,
RENTW401,2025-09-23,1.98,1.98,1.98,1.98,
RENTW404,2025-09-23,2,1.71,1.71,2,
RENTW424,2025-09-23,2.73,2.73,2.73,2.73,
RENTW431,2025-09-23,3.4,3.4,3.4,3.4,
RENTW444,2025-09-23,3.9,3.9,3.9,3.9,
RENTW449,2025-09-23,4.26,4.27,4.26,4.27,
RENTW451,2025-09-23,4.44,4.44,4.43,4.44,
RENTW454,2025-09-23,4.61,4.62,4.61,4.71,
RENTW456,2025-09-23,4.92,4.79,4.78,4.92,
RENTW459,2025-09-23,4.97,5,4.97,5.03,
RENTX340,2025-09-23,0.5,0.5,0.5,0.5,
RENTX350,2025-09-23,0.6,0.6,0.6,0.6,
RENTX370,2025-09-23,0.9,0.9,0.9,0.9,
RENTX457,2025-09-23,4.82,4.82,4.82,4.82,
RPMG3,2025-09-23,3.09,2.95,2.95,3.09,
RPMG3F,2025-09-23,2.96,2.92,2.92,2.97,
PRIO3T,2025-09-23,44.96,44.97,44.96,44.97,
CASH3T,2025-09-23,4.8,4.81,4.8,4.81,
PETR4T,2025-09-23,33.16,33.17,33.16,33.17,
CASH3T,2025-09-23,4.14,4.15,4.14,4.15,
PETR4T,2025-09-23,34.26,34.27,34.26,34.27,
PETR4T,2025-09-23,32.65,32.66,32.65,32.66,
LWSA3T,2025-09-23,4.43,4.46,4.43,4.46,
CSAN3T,2025-09-23,6.42,6.43,6.42,6.43,
PRIO3T,2025-09-23,39.73,39.74,39.73,39.74,
PRIO3T,2025-09-23,41.89,41.9,41.89,41.9,
PETR4T,2025-09-23,37.04,37.05,37.04,37.05,
RENT3T,2025-09-23,41.09,41.1,41.09,41.1,
PRIO3T,2025-09-23,40.4,40.41,40.4,40.41,
CSAN3T,2025-09-23,6.68,6.7,6.68,6.7,
CSAN3T,2025-09-23,6.5,6.51,6.5,6.51,
CASH3T,2025-09-23,4.17,4.18,4.17,4.18,
PRIO3T,2025-09-23,38.97,38.98,38.97,38.98,
RENT3T,2025-09-23,40.74,40.75,40.74,40.75,
CPLE6,2025-09-23,12.84,12.98,12.79,12.99,
AFHI11,2025-09-23,93.38,93.9,92.8,93.93,
MXRF11,2025-09-23,9.8,9.79,9.79,9.81,
ALZC11,2025-09-23,7.78,7.77,7.66,7.78,
HGLG11,2025-09-23,159.39,158.91,158.12,159.62,
ELET3,2025-09-23,49.74,50.7,49.63,50.88,
TUPYW150,2025-09-23,1.44,1.44,1.44,1.44,
VCJR11,2025-09-23,78.03,78.47,77.86,78.61,
MILS3,2025-09-23,11.94,11.95,11.81,12.11,
CVBI11,2025-09-23,83.24,82.78,82.55,83.39,
KORE11,2025-09-23,71.4,71.26,70.64,71.67,
CMIG3F,2025-09-23,14.74,14.98,14.62,14.98,
CPTS11,2025-09-23,7.5,7.53,7.46,7.55,
URPR11,2025-09-23,37.75,37.69,37.62,38,
HCTR11,2025-09-23,22.33,22.52,22.3,22.75,
PRNR3F,2025-09-23,17.76,17.7,17.57,17.94,
IMAB11,2025-09-23,104.51,105.13,104.51,105.31,
NVDC34,2025-09-23,20.26,19.6,19.51,20.26,
EGIE3F,2025-09-23,41.4,41.33,40.91,41.5,
BRKMV800,2025-09-23,0.24,0.28,0.2,0.29,
BRKMJ920,2025-09-23,0.16,0.12,0.12,0.19,
BBIG11,2025-09-23,7.01,7,6.95,7.04,
TAEE3,2025-09-23,11.81,12.03,11.78,12.04,
KCRE11,2025-09-23,8.52,8.5,8.49,8.57,
B5P211,2025-09-23,99.05,98.82,98.58,99.05,
COCE5F,2025-09-23,29.44,29.42,28.9,30.13,
M2ST34,2025-09-23,25.99,24.89,24.79,25.99,
HGCR11,2025-09-23,94.55,94.27,94.16,94.55,
AZEV3,2025-09-23,0.4,0.39,0.38,0.41,
PFRM3,2025-09-23,7.53,7.53,7.35,7.6,
K1LA34,2025-09-23,1417.12,1417.12,1417.12,1417.12,
CSNAW779,2025-09-23,0.31,0.35,0.31,0.35,
AZEV4,2025-09-23,0.4,0.4,0.38,0.41,
EGIEJ41,2025-09-23,1.05,1,0.89,1.08,
CCME11,2025-09-23,8.76,8.81,8.72,8.86,
ENEV3F,2025-09-23,16.23,16.56,16.23,16.56,
PNVL3,2025-09-23,9.73,9.75,9.68,9.89,
ELETJ582,2025-09-23,0.19,0.35,0.19,0.38,
ELETV510,2025-09-23,1.44,1.1,1.09,1.44,
EGDB11,2025-09-23,1158.61,1158.61,1158.61,1158.61,
TAEEJ366,2025-09-23,0.61,0.89,0.58,1,
PTNT3,2025-09-23,8.17,8.04,7.75,8.29,
ELETJ520W1,2025-09-23,0.34,0.37,0.31,0.42,
CMIGW114,2025-09-23,0.08,0.07,0.07,0.08,
SAPRW403,2025-09-23,2.71,2.71,2.71,2.71,
S1YK34,2025-09-23,98.21,98.21,98.21,98.21,
ALPA4F,2025-09-23,9.92,9.7,9.69,9.93,
T1AL34,2025-09-23,5.75,5.73,5.73,5.75,
BCIA11,2025-09-23,85,84.88,84.88,86.05,
SAPR3,2025-09-23,7.83,8.05,7.81,8.11,
JHSFV707,2025-09-23,0.76,0.75,0.75,0.76,
BDAP11,2025-09-23,11.56,11.69,11.56,11.69,
TGTB34,2025-09-23,463.56,460,460,465.52,
SPGI34,2025-09-23,73.2,72.64,72.63,73.28,
OULG11,2025-09-23,37.68,37,37,37.88,
EVEN3F,2025-09-23,7.73,7.82,7.73,7.87,
EMAE4,2025-09-23,28.23,30,27.99,30,
AZPL11,2025-09-23,7.66,7.6,7.57,7.66,
QCOM34,2025-09-23,75.34,73.39,73.39,75.8,
LUXM4,2025-09-23,3.65,3.47,3.45,3.66,
RMAI11,2025-09-23,61.04,60.5,60.5,61.04,
SMFT3F,2025-09-23,25.86,26.49,25.76,26.54,
BRKMX690,2025-09-23,0.2,0.19,0.17,0.2,
EUCA3,2025-09-23,20.35,21.26,20.2,21.26,
CMIGK119,2025-09-23,0.68,0.75,0.67,0.79,
BRKMV820,2025-09-23,0.35,0.35,0.27,0.36,
PGCO34,2025-09-23,58.26,57.72,57.12,58.45,
RADLX155,2025-09-23,0.35,0.34,0.31,0.35,
TAEEK371,2025-09-23,0.96,1.2,0.96,1.32,
BDLL4F,2025-09-23,7,7,7,7.74,
SIMN34,2025-09-23,243.6,243.5,243.36,243.6,
RADLX153,2025-09-23,0.3,0.3,0.27,0.3,
RECT11,2025-09-23,32.84,33.78,32.7,33.93,
EQTLJ390,2025-09-23,0.3,0.34,0.3,0.35,
M1CK34,2025-09-23,985.33,984.87,984.87,985.33,
CMIGJ128,2025-09-23,0.04,0.07,0.04,0.08,
GEPA4,2025-09-23,35.98,36.04,35.92,36.04,
EQTLJ390W2,2025-09-23,0.21,0.19,0.19,0.21,
CSNAK879,2025-09-23,0.3,0.26,0.26,0.3,
HBOR3F,2025-09-23,3.53,3.59,3.53,3.62,
MTSA4,2025-09-23,41.01,42.3,41.01,42.3,
LLFT11,2025-09-23,104.07,104.06,104.06,104.07,
VVCR11,2025-09-23,10.29,9.97,9.87,10.29,
PACC11,2025-09-23,108.16,108.27,108.16,108.27,
CEBR3,2025-09-23,22.76,23.39,22.75,23.39,
UNIP5F,2025-09-23,73.36,70.52,70.52,73.37,
N1VO34,2025-09-23,40.62,39.38,39.1,40.62,
S2UI34,2025-09-23,34.14,34.15,34.1,34.26,
T1OW34,2025-09-23,42.76,42.82,42.7,42.84,
TMCO34,2025-09-23,67.2,66.55,66.22,67.34,
ULEV34,2025-09-23,324.6,320.33,318,324.6,
RDNI3F,2025-09-23,2.25,2.26,2.25,2.32,
CPFEV362,2025-09-23,0.06,0.06,0.06,0.06,
ODPVJ135,2025-09-23,0.32,0.34,0.29,0.35,
ELETK6,2025-09-23,2.87,3.22,2.87,3.22,
SOND5F,2025-09-23,59.99,59.99,59.99,59.99,
ELETU500W4,2025-09-23,0.46,0.24,0.23,0.57,
SAPRV361,2025-09-23,0.45,0.3,0.3,0.45,
CPLEV113,2025-09-23,0.02,0.02,0.01,0.02,
CSNAJ769,2025-09-23,0.51,0.51,0.49,0.62,
RADLJ200,2025-09-23,0.12,0.22,0.12,0.27,
CPLEJ14,2025-09-23,0.03,0.03,0.03,0.03,
COCE3F,2025-09-23,31.03,34.55,31.03,34.93,
Y2PF34,2025-09-23,148.1,145,145,151,
ELETV505,2025-09-23,0.18,0.12,0.11,0.18,
TOTSW443,2025-09-23,1.2,1.34,1.19,1.4,
L2PL34,2025-09-23,99.73,99.73,99.73,99.73,
MULTJ336,2025-09-23,0.02,0.02,0.02,0.02,
RNEW11,2025-09-23,3.33,3.23,3.18,3.33,
ELET5F,2025-09-23,72.51,72.51,72.51,72.51,
JHSFL538,2025-09-23,1.2,1.26,1.2,1.26,
DAMA11,2025-09-23,7.07,7.25,6.67,7.34,
RADLX150,2025-09-23,0.26,0.26,0.24,0.27,
TAEEV366,2025-09-23,0.39,0.25,0.23,0.4,
EQTLV363,2025-09-23,0.41,0.39,0.39,0.42,
S1TX34,2025-09-23,1222.11,1206.56,1200,1222.11,
EMAE4F,2025-09-23,28.3,29.65,28.3,29.65,
MILSW925,2025-09-23,0.02,0.02,0.02,0.02,
EZTCW162,2025-09-23,0.38,0.38,0.38,0.38,
O1TI34,2025-09-23,46.9,46.9,46.9,46.9,
CPFEW377,2025-09-23,0.45,0.49,0.45,0.49,
ELETJ498,2025-09-23,2.83,3.47,2.83,3.47,
EGIEJ391,2025-09-23,3.28,3.27,3.09,3.31,
RADLK203,2025-09-23,0.55,0.6,0.55,0.62,
FIIP11,2025-09-23,153.99,152.9,152.9,153.99,
TAEEJ351,2025-09-23,1.74,2.29,1.74,2.29,
U1AI34,2025-09-23,25.52,24.99,24.99,25.52,
EZTCJ167,2025-09-23,0.95,1,0.95,1,
ELETV4,2025-09-23,0.24,0.18,0.17,0.24,
M1KC34,2025-09-23,86.13,84.25,84.25,86.13,
ELETK505,2025-09-23,2.18,2.67,2.18,2.69,
CPLEV133,2025-09-23,0.41,0.4,0.4,0.41,
TUPYJ145,2025-09-23,0.2,0.2,0.2,0.2,
RADLL193,2025-09-23,1.16,1.19,1.15,1.24,
SAPRK373,2025-09-23,1.44,1.59,1.44,1.59,
SAPRV336,2025-09-23,0.1,0.1,0.1,0.1,
INEP3,2025-09-23,1.6,1.62,1.6,1.67,
SCPF11,2025-09-23,2.71,2.68,2.66,2.75,
TAEEK351,2025-09-23,2.66,2.66,2.66,2.66,
CPLEV123,2025-09-23,0.07,0.06,0.06,0.07,
FAED11,2025-09-23,151.71,151.87,149.01,151.87,
CSNAU780W4,2025-09-23,0.04,0.06,0.04,0.06,
CTKA4,2025-09-23,34.11,34.98,33.62,34.98,
CSNAK102,2025-09-23,0.06,0.05,0.05,0.06,
PLRI11,2025-09-23,10.52,10.5,10.5,10.7,
RANIK842,2025-09-23,0.34,0.38,0.34,0.38,
BRKML100,2025-09-23,0.3,0.3,0.3,0.3,
BEEFJ661,2025-09-23,0.2,0.19,0.19,0.24,
ELETK519,2025-09-23,3.09,3.45,3.05,3.47,
CMIGJ113,2025-09-23,1.01,1.1,1.01,1.1,
ELETV498,2025-09-23,0.42,0.33,0.32,0.42,
ELETJ548,2025-09-23,0.13,0.2,0.13,0.2,
MULTW296,2025-09-23,1.11,1.11,1.11,1.11,
CMIGX118,2025-09-23,0.46,0.46,0.46,0.46,
CMIGL129,2025-09-23,0.35,0.35,0.35,0.47,
T1MU34,2025-09-23,636.3,636.3,636.3,636.3,
BRKMX790,2025-09-23,0.43,0.43,0.43,0.43,
EGIEW428,2025-09-23,1.46,1.52,1.44,1.56,
EQTLJ360,2025-09-23,1.75,1.9,1.75,1.98,
ELETV475W1,2025-09-23,0.48,0.48,0.48,0.48,
S1MF34,2025-09-23,91.09,89.91,89.91,91.09,
GRNDV530,2025-09-23,0.07,0.07,0.07,0.07,
X1YZ34,2025-09-23,16.64,16,16,16.64,
RADLX158,2025-09-23,0.39,0.36,0.36,0.4,
VULCJ219,2025-09-23,0.32,0.27,0.27,0.32,
ELETI500W4,2025-09-23,0.68,1.13,0.68,1.13,
EGYR11,2025-09-23,3.03,3,3,3.03,
CMIGK134,2025-09-23,0.09,0.09,0.09,0.1,
CPLEW133,2025-09-23,0.52,0.46,0.46,0.52,
RADLL223,2025-09-23,0.37,0.4,0.36,0.4,
CSNAU800W4,2025-09-23,0.13,0.14,0.11,0.14,
SAPRJ366,2025-09-23,1.05,0.98,0.95,1.05,
CSNAV800W2,2025-09-23,0.21,0.21,0.21,0.21,
CSNAW819,2025-09-23,0.5,0.5,0.5,0.5,
CSNAK739,2025-09-23,1.02,1.02,1.02,1.02,
L1EN34,2025-09-23,646.75,646.75,646.75,646.75,
ENEVK170,2025-09-23,0.62,0.67,0.62,0.69,
CPFEK392,2025-09-23,1.76,1.76,1.76,1.76,
EQTLV348,2025-09-23,0.17,0.17,0.17,0.17,
EZTCJ192,2025-09-23,0.07,0.07,0.07,0.07,
TAEEW361,2025-09-23,0.4,0.32,0.32,0.4,
CSNAI780W4,2025-09-23,0.25,0.25,0.25,0.25,
TOTSV455,2025-09-23,1.2,1.2,1.2,1.2,
ELETV46,2025-09-23,0.16,0.15,0.15,0.21,
MELIK114,2025-09-23,1.5,5.8,1.5,5.8,
ENEVV160,2025-09-23,0.19,0.21,0.19,0.21,
ENEVJ137,2025-09-23,2.84,2.84,2.84,2.84,
PNVLK125,2025-09-23,0.02,0.02,0.02,0.02,
FISC11,2025-09-23,65,65,65,65,
TXSA34,2025-09-23,182.48,181.38,181.38,182.48,
CSNAX100,2025-09-23,1.78,1.85,1.78,1.85,
ALPAV991,2025-09-23,0.36,0.36,0.36,0.36,
M1TT34,2025-09-23,346.57,346.57,346.57,346.57,
K1BF34,2025-09-23,109.89,109.89,109.89,109.89,
ELETK497,2025-09-23,5.14,5.14,5.14,5.14,
EQTLJ385W2,2025-09-23,0.34,0.34,0.34,0.34,
ELETW500,2025-09-23,1.4,1.32,1.32,1.4,
TAEEV321,2025-09-23,0.01,0.01,0.01,0.01,
EQTLV340W5,2025-09-23,0.01,0.08,0.01,0.08,
W1HR34,2025-09-23,107.45,107.45,107.45,107.45,
EGIEJ466,2025-09-23,0.02,0.02,0.02,0.02,
RADLX163,2025-09-23,0.5,0.48,0.48,0.5,
CMIGM112,2025-09-23,0.04,0.04,0.04,0.04,
VLIDJ246,2025-09-23,0.03,0.03,0.03,0.03,
CMIGA127,2025-09-23,0.26,0.26,0.26,0.26,
CSNAW769,2025-09-23,0.28,0.28,0.28,0.28,
BEEFJ681,2025-09-23,0.13,0.14,0.13,0.14,
CSNAJ779,2025-09-23,0.52,0.5,0.5,0.52,
JHSFL639,2025-09-23,0.3,0.3,0.3,0.3,
CPLEJ130,2025-09-23,0.02,0.02,0.02,0.02,
EZTCJ177,2025-09-23,0.44,0.44,0.44,0.44,
BEEFJ660W1,2025-09-23,0.09,0.09,0.09,0.09,
ELETJ453,2025-09-23,7.39,7.39,7.39,7.39,
EQTLW350,2025-09-23,0.45,0.44,0.44,0.45,
ELETJ515,2025-09-23,3.84,4.49,3.77,4.49,
EQTLV365W2,2025-09-23,0.34,0.34,0.34,0.34,
EQTLJ383,2025-09-23,0.57,0.57,0.57,0.57,
O2HI34,2025-09-23,72.87,72.87,72.87,72.87,
CPFEK422,2025-09-23,0.5,0.5,0.5,0.5,
MILSK140,2025-09-23,0.05,0.05,0.05,0.05,
ENEVJ180,2025-09-23,0.07,0.07,0.07,0.07,
GRNDK550,2025-09-23,0.19,0.17,0.17,0.19,
SHPP11,2025-09-23,10.5,10.5,10.5,10.5,
ELETW424,2025-09-23,0.16,0.14,0.14,0.16,
CSNAK929,2025-09-23,0.17,0.17,0.17,0.17,
GRNDK590,2025-09-23,0.06,0.06,0.06,0.06,
EQTLW358,2025-09-23,0.73,0.6,0.6,0.73,
LEVEK300,2025-09-23,0.23,0.23,0.23,0.23,
CSNAK819,2025-09-23,0.51,0.54,0.51,0.54,
ELETW428,2025-09-23,0.06,0.06,0.05,0.06,
CPFEK402,2025-09-23,1.22,1.2,1.2,1.22,
BEEFK775,2025-09-23,0.08,0.07,0.07,0.08,
ENGIV370,2025-09-23,0.02,0.02,0.02,0.02,
CPFEX392,2025-09-23,0.32,0.32,0.32,0.32,
ROMIV880,2025-09-23,0.63,0.64,0.63,0.64,
BEEFW725,2025-09-23,0.84,0.84,0.84,0.85,
BEEFK765,2025-09-23,0.09,0.08,0.08,0.09,
EGIEW363,2025-09-23,0.11,0.11,0.11,0.11,
ENGIV491,2025-09-23,0.36,0.36,0.36,0.36,
CPLEV118,2025-09-23,0.02,0.02,0.02,0.02,
EZTCK177,2025-09-23,0.88,0.83,0.83,0.88,
BEEFX601,2025-09-23,0.2,0.2,0.2,0.2,
ELETW445,2025-09-23,0.08,0.09,0.07,0.1,
CSNAV669,2025-09-23,0.03,0.03,0.03,0.03,
CPLEJ115,2025-09-23,0.61,0.61,0.61,0.61,
CPFEK387,2025-09-23,2.09,2.09,2.09,2.09,
BRKMV840W2,2025-09-23,0.33,0.33,0.33,0.33,
CBOP11,2025-09-23,25.87,25.87,25.87,25.87,
SAPRJ331,2025-09-23,3.7,3.7,3.7,3.7,
EQTLJ370,2025-09-23,1.07,1.09,1.07,1.09,
CMIGV215,2025-09-23,9.26,9.26,9.26,9.26,
VULCK236,2025-09-23,0.21,0.21,0.21,0.21,
BEEFW715,2025-09-23,0.77,0.77,0.77,0.77,
BEEFJ591,2025-09-23,0.64,0.63,0.63,0.64,
TOTSK460,2025-09-23,2.03,2.03,2.03,2.03,
TAEEK335,2025-09-23,3.04,3.15,3.04,3.15,
YUMR34,2025-09-23,391.44,391.44,391.44,391.44,
EQTLK390,2025-09-23,0.92,0.92,0.92,0.92,
EKTR4,2025-09-23,47,47,47,47,
JCCJ11,2025-09-23,160.14,162,160.14,162,
VULCK234,2025-09-23,0.18,0.18,0.18,0.18,
TOTSW448,2025-09-23,1.45,1.45,1.45,1.45,
CEED3F,2025-09-23,8.95,8.95,8.95,8.95,
CSNAW849,2025-09-23,0.72,0.72,0.72,0.72,
ENGIK520,2025-09-23,1.9,1.94,1.9,1.94,
EQMA3BF,2025-09-23,32.8,32.89,32.8,32.89,
HOSI11,2025-09-23,84.92,84.94,84.92,84.94,
ODPVC210,2025-09-23,0.43,0.43,0.43,0.43,
TUPYV160,2025-09-23,2.2,2.2,2.2,2.2,
GZIT11,2025-09-23,44.95,44.84,44.75,45.38,
TAEEV376,2025-09-23,0.8,0.7,0.6,0.8,
BRKM5,2025-09-23,8.4,8.2,8.2,8.51,
SNEL11,2025-09-23,8.57,8.54,8.52,8.57,
KFOF11,2025-09-23,81.53,81.2,80.9,81.73,
BTHF11,2025-09-23,8.68,8.72,8.61,8.75,
KNSC11,2025-09-23,8.71,8.67,8.67,8.72,
VULC3,2025-09-23,19.55,19.71,19.52,19.92,
XPSF11,2025-09-23,6.26,6.36,6.25,6.43,
TRXF11,2025-09-23,97.11,97.05,96.96,97.18,
TSLA34,2025-09-23,73.13,70.35,69.99,73.4,
ELET6,2025-09-23,52.34,53.32,52.14,53.44,
SNFF11,2025-09-23,72.49,70.72,70.52,72.82,
SAPR4F,2025-09-23,7.11,7.25,7.11,7.27,
EGIE3,2025-09-23,41.55,41.24,40.9,41.55,
EQTLK373,2025-09-23,1.57,1.86,1.57,1.86,
FRAS3,2025-09-23,22.27,22.35,22.25,22.5,
VCRR11,2025-09-23,64.48,64.05,64.05,64.78,
EGIEV426,2025-09-23,1.09,1.18,1.01,1.19,
FLCR11,2025-09-23,93.79,93.7,93.45,94.12,
EQTLL408,2025-09-23,0.45,0.73,0.45,0.8,
AGRO3F,2025-09-23,20.44,20.35,20.34,20.54,
RBRL11,2025-09-23,83.9,83.89,83.01,83.95,
LEVE3F,2025-09-23,27.65,27.76,27.46,27.76,
BRKMK920,2025-09-23,0.44,0.34,0.34,0.44,
CSNAJ849,2025-09-23,0.14,0.13,0.13,0.18,
CMIGJ120,2025-09-23,0.26,0.38,0.26,0.43,
CYCR11,2025-09-23,8.6,8.6,8.6,8.7,
HSAF11,2025-09-23,78.89,81.02,78.81,81.02,
BRKML12,2025-09-23,0.8,0.8,0.8,0.8,
HGPO11,2025-09-23,137.48,137.27,136.74,137.48,
SHUL4F,2025-09-23,4.85,4.9,4.8,4.9,
BRKMJ890,2025-09-23,0.23,0.18,0.18,0.27,
HREC11,2025-09-23,8.18,8.18,8.1,8.18,
N1IS34,2025-09-23,219.19,219.19,218.27,219.42,
JHSFJ707,2025-09-23,0.03,0.03,0.03,0.03,
SAPR3F,2025-09-23,7.73,8.01,7.73,8.1,
MULT3F,2025-09-23,28.7,29.14,28.61,29.38,
UPAC34,2025-09-23,299.77,300.6,298.52,300.6,
EGIEW406,2025-09-23,0.71,0.69,0.67,0.71,
EALT4F,2025-09-23,11.84,11.68,11.68,11.88,
KISU11,2025-09-23,6.8,6.8,6.77,6.88,
ELETJ536,2025-09-23,0.62,0.86,0.56,0.94,
ELETK540,2025-09-23,0.98,1.04,0.98,1.07,
CMIGM115,2025-09-23,0.12,0.12,0.12,0.12,
EALT4,2025-09-23,11.76,11.67,11.62,11.96,
LIGT3F,2025-09-23,5.69,5.7,5.69,5.9,
QUBT34,2025-09-23,111.62,112.08,106.36,117.12,
RADLX160,2025-09-23,0.45,0.42,0.42,0.45,
TAEEK366,2025-09-23,1.22,1.61,1.22,1.64,
STBP3F,2025-09-23,14.35,14.37,14.35,14.41,
TAEEJ371,2025-09-23,0.38,0.56,0.38,0.66,
RADLV193,2025-09-23,1.14,1.27,1.14,1.27,
PNVL3F,2025-09-23,9.74,9.74,9.72,9.9,
ELETJ49,2025-09-23,1.75,2.15,1.66,2.29,
SPTW11,2025-09-23,34.84,34.72,34.57,34.97,
RADLX148,2025-09-23,0.23,0.22,0.21,0.23,
LUPA3,2025-09-23,1.12,1.13,1.12,1.14,
RANIJ832,2025-09-23,0.24,0.23,0.23,0.27,
RDNI3,2025-09-23,2.26,2.3,2.26,2.32,
EQTLJ368,2025-09-23,1.09,1.42,0.93,1.42,
BRKMV980,2025-09-23,1.39,1.54,1.3,1.55,
ELETJ562,2025-09-23,0.66,0.97,0.65,0.99,
RANIJ803,2025-09-23,0.5,0.5,0.5,0.5,
NETE34,2025-09-23,81.68,81.04,81,81.68,
T1FX34,2025-09-23,64.54,64.54,64.54,64.54,
ELETV482,2025-09-23,0.06,0.05,0.05,0.06,
EQTLJ363,2025-09-23,1.35,1.77,1.31,1.79,
S1RP34,2025-09-23,5.09,4.77,4.77,5.1,
ALPAL127,2025-09-23,0.01,0.01,0.01,0.01,
TOTSW428,2025-09-23,0.86,0.86,0.86,0.86,
CMIGK11,2025-09-23,0.39,0.43,0.38,0.47,
BRKMX810,2025-09-23,0.52,0.56,0.52,0.56,
L1UL34,2025-09-23,232,229.96,229.12,232.5,
SCAR3,2025-09-23,20.61,21,20.5,21,
BSLT11,2025-09-23,103.77,94.01,94.01,103.77,
ENGI4F,2025-09-23,9.15,9.08,9.02,9.19,
ENEVJ160,2025-09-23,0.79,0.87,0.79,0.87,
SNSY5,2025-09-23,3.4,3.44,3.33,3.44,
ELETV49,2025-09-23,0.8,0.65,0.6,0.86,
TUPYB220,2025-09-23,0.06,0.06,0.06,0.06,
PACB11,2025-09-23,10,10.17,10,10.17,
JDCO34,2025-09-23,29.8,29.14,29.14,30.17,
EALT3F,2025-09-23,12.83,12.65,12.6,12.83,
XRXB34,2025-09-23,21.83,21.09,21.09,21.83,
P1DD34,2025-09-23,67.86,67.1,67.1,69.02,
RBOP11,2025-09-23,210,206.62,206.62,210,
M2PM34,2025-09-23,79.99,78.8,77.36,80.88,
CTSA4F,2025-09-23,2.39,2.39,2.39,2.39,
MWET4F,2025-09-23,10.35,10.09,10.09,10.35,
BRKMV960,2025-09-23,1.22,1.33,1.13,1.33,
RADLV183,2025-09-23,0.71,0.72,0.71,0.72,
VGII11,2025-09-23,101.41,101.41,101.41,101.41,
TAEEK391,2025-09-23,0.26,0.32,0.26,0.37,
ELETJ7,2025-09-23,1.53,1.97,1.52,2.13,
ELETW460,2025-09-23,0.45,0.39,0.38,0.47,
ELETV472,2025-09-23,0.06,0.05,0.04,0.06,
CMIGX108,2025-09-23,0.05,0.03,0.03,0.05,
CMIGW104,2025-09-23,0.02,0.02,0.02,0.02,
CMIGV113,2025-09-23,0.04,0.02,0.02,0.04,
AZEV11,2025-09-23,0.07,0.08,0.07,0.08,
N1TA34,2025-09-23,651.3,652.08,650.75,652.08,
ELETV477,2025-09-23,0.07,0.06,0.04,0.07,
W1MC34,2025-09-23,575.2,573.55,573.55,575.2,
FIVN11,2025-09-23,4.38,4.36,4.33,4.49,
BRKMF105,2025-09-23,0.78,0.7,0.7,0.78,
W1EL34,2025-09-23,453.84,453.84,453.84,453.84,
ALPAW102,2025-09-23,0.77,0.77,0.77,0.77,
BRKMM800,2025-09-23,0.5,0.56,0.5,0.56,
W1DA34,2025-09-23,81.34,79.29,79.06,81.34,
BEEFV591,2025-09-23,0.07,0.08,0.07,0.08,
RADLW178,2025-09-23,0.83,0.8,0.77,0.83,
TAEEV336,2025-09-23,0.03,0.02,0.02,0.04,
PNVLW925,2025-09-23,0.18,0.18,0.18,0.18,
HCHG11,2025-09-23,75.25,75.25,75.25,75.25,
HCRI11,2025-09-23,282.8,281.02,276.28,282.8,
BEEFW515,2025-09-23,0.04,0.05,0.04,0.05,
JHSFK660,2025-09-23,0.25,0.24,0.24,0.26,
WHRL3,2025-09-23,4.5,4.43,4.43,4.5,
BRKMV950,2025-09-23,1.15,1.26,1.1,1.26,
ALPAV971,2025-09-23,0.27,0.26,0.26,0.27,
MILSW100,2025-09-23,0.03,0.03,0.03,0.03,
CEDO4F,2025-09-23,11.2,11.2,11.2,11.2,
ARXD11,2025-09-23,7.4,7.36,7.36,7.4,
WPLZ11,2025-09-23,49.63,47.79,47.79,49.65,
BEEFK675,2025-09-23,0.28,0.27,0.27,0.29,
CMIGW119,2025-09-23,0.18,0.16,0.15,0.18,
EXES11,2025-09-23,9.88,9.81,9.72,9.94,
TMPS11,2025-09-23,80.15,80.41,79.97,80.41,
CPFEW397,2025-09-23,1.21,1.05,1.05,1.21,
HAAA11,2025-09-23,49.11,52.5,49.11,52.5,
JHSFK700,2025-09-23,0.1,0.1,0.1,0.1,
VULCK224,2025-09-23,0.38,0.38,0.38,0.38,
ELETV45,2025-09-23,0.14,0.13,0.01,0.31,
BRKMK100,2025-09-23,0.22,0.18,0.18,0.23,
GRNDW510,2025-09-23,0.08,0.07,0.07,0.09,
CPUR11,2025-09-23,10.45,10.55,10.45,10.56,
CSNAJ809,2025-09-23,0.29,0.27,0.27,0.37,
XPCM11,2025-09-23,9.27,9.02,8.72,9.4,
RADLJ193,2025-09-23,0.25,0.42,0.25,0.51,
BRKMK940,2025-09-23,0.34,0.3,0.3,0.34,
JHSFJ570,2025-09-23,0.83,0.7,0.7,0.83,
ELETV489,2025-09-23,0.52,0.53,0.52,0.53,
RADLJ173,2025-09-23,0.99,1.6,0.99,1.6,
TSNF34,2025-09-23,285.65,285,285,285.65,
S1WK34,2025-09-23,99.9,99.4,99.4,99.9,
MULTJ293,2025-09-23,0.58,0.75,0.58,0.76,
ELETK529,2025-09-23,2.4,2.89,2.4,2.89,
RADLK178,2025-09-23,1.61,1.77,1.61,1.77,
RADLK183,2025-09-23,1.02,1.35,1,1.4,
BEEFV631,2025-09-23,0.17,0.21,0.17,0.21,
VULCJ229,2025-09-23,0.08,0.06,0.06,0.08,
ELETX542,2025-09-23,1.9,1.91,1.9,1.91,
M2PW34,2025-09-23,13.31,13.05,13.05,13.36,
T2TD34,2025-09-23,2.49,2.45,2.44,2.51,
PRSV11,2025-09-23,40.93,36.61,36.5,40.93,
CSNAJ689,2025-09-23,1.15,1.15,1.15,1.15,
ENGIV483,2025-09-23,0.59,0.44,0.44,0.59,
CPFEJ424,2025-09-23,0.1,0.1,0.1,0.1,
BEEFJ496,2025-09-23,1.42,1.42,1.42,1.42,
EQTLJ378,2025-09-23,0.8,0.75,0.75,0.8,
R1KU34,2025-09-23,27.37,26.32,26.25,27.37,
RADLK160,2025-09-23,2.83,2.97,2.83,2.97,
CSNAW91,2025-09-23,0.15,0.15,0.14,0.15,
W2YF34,2025-09-23,12.68,12.58,12.58,12.68,
BRKMI820W4,2025-09-23,0.5,0.17,0.17,0.5,
S1HW34,2025-09-23,183,182.05,182.05,183,
FSTU11F,2025-09-23,0.36,0.35,0.34,0.36,
MYPKE13,2025-09-23,1.7,1.65,1.65,1.7,
BRKMX110,2025-09-23,2.4,2.53,2.4,2.53,
RADLL233,2025-09-23,0.25,0.29,0.23,0.29,
ALPAW831,2025-09-23,0.13,0.13,0.13,0.13,
ELETJ518,2025-09-23,2.06,2.42,1.97,2.48,
TUPYW125,2025-09-23,0.24,0.25,0.24,0.25,
ENEVJ147,2025-09-23,1.94,1.94,1.94,1.94,
CMIGW126,2025-09-23,0.52,0.46,0.46,0.52,
CSNAK969,2025-09-23,0.11,0.11,0.11,0.11,
JHSFK680,2025-09-23,0.16,0.15,0.15,0.18,
CSNAJ869,2025-09-23,0.11,0.09,0.09,0.12,
CMIGK126,2025-09-23,0.27,0.33,0.27,0.33,
CMIGV123,2025-09-23,0.26,0.2,0.2,0.28,
AFHF11,2025-09-23,10,10.04,9.98,10.08,
SAPRV351,2025-09-23,0.22,0.15,0.15,0.22,
CSNAK909,2025-09-23,0.21,0.22,0.21,0.22,
CSNAU600W4,2025-09-23,0.01,0.01,0.01,0.01,
MILSW985,2025-09-23,0.03,0.03,0.03,0.03,
VLIDK211,2025-09-23,1.39,1.39,1.39,1.39,
TOTSK465,2025-09-23,1.81,1.73,1.71,1.82,
CMIGJ115,2025-09-23,0.76,0.84,0.76,0.86,
CMIGL126,2025-09-23,0.45,0.45,0.45,0.45,
RCFA11,2025-09-23,0.8,0.66,0.66,0.8,
RADLJ210,2025-09-23,0.07,0.14,0.07,0.14,
CSNAV919,2025-09-23,1.13,1.1,1.09,1.17,
VULCV224,2025-09-23,0.91,0.91,0.91,0.91,
TUPYI22,2025-09-23,0.25,0.22,0.22,0.25,
RADLV173,2025-09-23,0.31,0.32,0.3,0.56,
RADLW170,2025-09-23,0.52,0.54,0.52,0.54,
LEVEJ315,2025-09-23,0.02,0.02,0.02,0.02,
RADLV148,2025-09-23,0.05,0.05,0.05,0.05,
ELETV497,2025-09-23,0.09,0.1,0.09,0.1,
ODPVV135,2025-09-23,0.33,0.31,0.31,0.33,
ELETJ470W2,2025-09-23,3.98,3.98,3.98,3.98,
BEEFH660,2025-09-23,1.92,1.92,1.92,1.92,
ELETX557,2025-09-23,2.6,2.6,2.6,2.6,
CPLEW125,2025-09-23,0.22,0.18,0.18,0.22,
EQTLA380,2025-09-23,1.85,1.85,1.85,1.85,
BRKMK960,2025-09-23,0.29,0.28,0.28,0.29,
CSNAV819,2025-09-23,0.4,0.33,0.32,0.4,
BEEFV601,2025-09-23,0.09,0.09,0.09,0.09,
EVENK760,2025-09-23,0.67,0.67,0.67,0.67,
TAEEJ401,2025-09-23,0.01,0.01,0.01,0.01,
RADLX168,2025-09-23,0.61,0.64,0.61,0.64,
EGIEK418,2025-09-23,1.92,1.78,1.75,1.96,
EQTLU350W4,2025-09-23,0.01,0.01,0.01,0.01,
GRNDW490,2025-09-23,0.05,0.05,0.05,0.05,
U2PW34,2025-09-23,21.06,21.06,21.06,21.06,
CPLEW105,2025-09-23,0.02,0.02,0.02,0.02,
ENGIV476,2025-09-23,0.15,0.15,0.15,0.15,
CSNAJ789,2025-09-23,0.37,0.45,0.37,0.45,
JHSFJ627,2025-09-23,0.15,0.23,0.15,0.25,
CPFEV394,2025-09-23,0.83,0.79,0.79,0.83,
ELETK525,2025-09-23,1.55,1.55,1.55,1.55,
TOTSM402,2025-09-23,0.55,0.56,0.55,0.56,
CSNAK979,2025-09-23,0.1,0.1,0.1,0.1,
SAPRJ361,2025-09-23,1.39,1.6,1.17,1.6,
EQTLI370W4,2025-09-23,0.47,0.6,0.47,0.61,
VLIDJ230,2025-09-23,0.59,0.59,0.59,0.59,
ELETW43,2025-09-23,0.06,0.05,0.05,0.06,
CLSC3F,2025-09-23,101.97,99.01,99.01,101.97,
CSNAW579,2025-09-23,0.03,0.03,0.03,0.03,
CSNAK849,2025-09-23,0.41,0.41,0.41,0.41,
RADLK185,2025-09-23,1,1.35,1,1.37,
MULTV268,2025-09-23,0.15,0.12,0.12,0.15,
VOTS11,2025-09-23,79.54,79.54,79.54,79.54,
ELETV396,2025-09-23,0.02,0.02,0.02,0.02,
ELETW455,2025-09-23,0.1,0.11,0.1,0.11,
EQTLK363,2025-09-23,2.1,2.42,2.1,2.42,
ELETK575,2025-09-23,0.28,0.28,0.27,0.28,
CPLEL114,2025-09-23,1.81,1.81,1.81,1.81,
ZAGH11,2025-09-23,10.04,10.03,10.03,10.04,
ELETK514,2025-09-23,3.65,3.65,3.65,3.65,
MULTJ321,2025-09-23,0.05,0.06,0.05,0.06,
RADLW180,2025-09-23,0.98,0.92,0.92,0.99,
MYPKJ143,2025-09-23,0.04,0.04,0.04,0.04,
CSNAJ860W1,2025-09-23,0.04,0.04,0.04,0.04,
LEVEX346,2025-09-23,2.03,2.03,2.03,2.03,
STZB34,2025-09-23,179.1,174.79,174.79,179.1,
ENEVK160,2025-09-23,1.18,1.24,1.16,1.24,
RADLM213,2025-09-23,2,2.96,2,2.96,
ELETV495W1,2025-09-23,0.36,0.36,0.36,0.36,
SAPRW408,2025-09-23,3.6,3.6,3.6,3.6,
MULTV293,2025-09-23,0.84,0.82,0.82,0.85,
EQTLW373,2025-09-23,1.05,1.05,1.05,1.05,
CPLEL932,2025-09-23,4.7,4.7,4.7,4.7,
ELETV572,2025-09-23,2.47,2.36,2.36,2.57,
JHSFK560,2025-09-23,0.95,0.88,0.88,0.95,
CPLEX125,2025-09-23,0.22,0.22,0.22,0.22,
BEEFU640W4,2025-09-23,0.07,0.07,0.07,0.07,
CSNAV760W2,2025-09-23,0.11,0.11,0.11,0.11,
TAEEW376,2025-09-23,0.9,0.92,0.9,0.92,
VLIDV206,2025-09-23,0.18,0.19,0.18,0.19,
CMIGK111,2025-09-23,1.33,1.33,1.33,1.33,
CSNAJ949,2025-09-23,0.02,0.02,0.02,0.02,
HUSC11,2025-09-23,96.83,96.83,96.83,96.83,
RADLV203,2025-09-23,2.59,2.59,2.59,2.59,
ELETV478,2025-09-23,0.13,0.13,0.13,0.13,
CSNAJ929,2025-09-23,0.03,0.03,0.03,0.03,
VLOE34,2025-09-23,424.21,444.4,424.21,444.4,
TUPYK135,2025-09-23,0.97,0.97,0.97,0.97,
ELETV466,2025-09-23,0.1,0.11,0.09,0.11,
N2ET34,2025-09-23,67,67,67,67,
ELETJ495W1,2025-09-23,1.24,1.24,1.24,1.24,
CMIGM120,2025-09-23,0.3,0.3,0.3,0.3,
O1KE34,2025-09-23,193.44,193.44,193.44,193.44,
EQTLV340,2025-09-23,0.09,0.09,0.09,0.09,
WLMM4F,2025-09-23,20.51,20.4,20.25,20.51,
ENEVK165,2025-09-23,0.92,0.92,0.92,0.92,
ELETV423,2025-09-23,0.03,0.03,0.03,0.03,
BEEFL701,2025-09-23,0.27,0.27,0.27,0.27,
FSPE11F,2025-09-23,0.23,0.21,0.21,0.23,
CSNAU740W4,2025-09-23,0.02,0.02,0.02,0.02,
CSNAJ760W1,2025-09-23,0.59,0.59,0.59,0.59,
HGIC11,2025-09-23,67.47,66.75,66.75,67.99,
TUPYJ150,2025-09-23,0.09,0.09,0.09,0.09,
ELETK625,2025-09-23,0.05,0.07,0.05,0.07,
CMIGW154,2025-09-23,2.95,2.95,2.95,2.95,
GARE11,2025-09-23,9.1,9.07,9.07,9.12,
LEVE3,2025-09-23,27.48,27.48,27.43,27.65,
EQTL3,2025-09-23,36.63,37.24,36.51,37.46,
KNUQ11,2025-09-23,104.3,104.25,103.95,104.47,
SAPR11,2025-09-23,36.42,37.36,36.28,37.36,
RADL3,2025-09-23,17.55,18.3,17.5,18.52,
LFTB11,2025-09-23,111.31,111.36,111.3,111.42,
RBRY11,2025-09-23,95.69,95.15,94.57,95.69,
KNCR11,2025-09-23,104.48,104.43,104.35,104.74,
EQTLX343,2025-09-23,0.4,0.4,0.4,0.4,
PORD11,2025-09-23,7.97,7.95,7.91,7.98,
STOC34,2025-09-23,101.99,100.75,100.3,103.92,
VTLT11,2025-09-23,86.79,86,85.15,86.79,
CSNA3,2025-09-23,7.94,7.98,7.91,8.12,
RBRF11,2025-09-23,6.75,6.78,6.71,6.79,
RGTI34,2025-09-23,159.88,173,154.32,173,
PYPL34,2025-09-23,18.26,17.91,17.74,18.33,
B5MB11,2025-09-23,122.7,121.8,121.15,122.7,
BRCO11,2025-09-23,113,113.5,112.5,113.5,
BRIP11,2025-09-23,700.11,700.1,700.1,700.11,
ELET6F,2025-09-23,52.42,53.11,52.16,53.45,
DEBB11,2025-09-23,15.07,15.07,15.04,15.09,
ELET3F,2025-09-23,49.65,50.7,49.64,50.87,
M1TA34,2025-09-23,146.59,143,141.91,146.59,
CXCI11,2025-09-23,67.3,68.11,66.75,68.31,
MELI34,2025-09-23,109.44,109.78,108.13,110.62,
BRKMV920,2025-09-23,0.89,0.94,0.85,1.02,
KNRI11,2025-09-23,148,148.01,147.5,148.78,
RBRR11,2025-09-23,86.7,87.5,86.7,87.5,
TVRI11,2025-09-23,93.08,93.65,92.9,94.24,
CMIGJ123,2025-09-23,0.2,0.24,0.18,0.27,
JHSF3F,2025-09-23,6.26,6.29,6.22,6.31,
TEPP11,2025-09-23,81.64,81.6,81.36,82,
BRKM5F,2025-09-23,8.4,8.26,8.2,8.5,
RECR11,2025-09-23,81.09,81.1,81,81.56,
ELETV495,2025-09-23,0.11,0.09,0.07,0.11,
PATL11,2025-09-23,58.5,58.25,58.25,58.5,
LEVEV275,2025-09-23,0.21,0.24,0.21,0.26,
EGIEW403,2025-09-23,0.53,0.62,0.53,0.62,
CSNA3F,2025-09-23,7.95,8.05,7.91,8.11,
XPIN11,2025-09-23,74.99,75.15,74.16,75.17,
CSNAV969,2025-09-23,1.66,1.66,1.66,1.66,
MYPK3F,2025-09-23,12.63,12.49,12.36,12.63,
AROA11,2025-09-23,1,1.01,0.99,1.02,
S1NP34,2025-09-23,682.4,649.22,647.13,682.4,
MUTC34,2025-09-23,149,147.2,146,149.53,
WLMM4,2025-09-23,20.4,20,19.71,20.45,
EGIEJ441,2025-09-23,0.24,0.24,0.21,0.26,
GRNDJ550,2025-09-23,0.08,0.06,0.06,0.08,
BRKMJ980,2025-09-23,0.07,0.05,0.05,0.07,
P1HC34,2025-09-23,1005.32,1006.97,1001.92,1006.97,
ELETV562,2025-09-23,1.78,1.4,1.39,1.86,
INRD11,2025-09-23,74,73.98,72.25,74,
BEEFJ671,2025-09-23,0.17,0.19,0.16,0.19,
CMIGK125,2025-09-23,0.55,0.59,0.51,0.61,
EZTCV172,2025-09-23,0.48,0.48,0.48,0.48,
BRKMJ820,2025-09-23,0.56,0.46,0.46,0.61,
MOAR3F,2025-09-23,105.19,112.98,105.19,113.49,
JHSFV627,2025-09-23,0.14,0.16,0.14,0.17,
ELETJ4,2025-09-23,4.07,4.71,3.98,4.71,
CSNAV649,2025-09-23,0.02,0.01,0.01,0.02,
RADLK163,2025-09-23,2.55,2.67,2.55,2.67,
RADLV223,2025-09-23,3.87,3.87,3.87,3.87,
RNGO11,2025-09-23,50.46,50.4,50,50.5,
BIOM3,2025-09-23,8.99,9.38,8.99,9.4,
ELETK560,2025-09-23,0.4,0.53,0.4,0.55,
MMMC34,2025-09-23,209.16,206.01,205.29,209.16,
REDE3F,2025-09-23,6.32,6.35,6.32,6.41,
CSNAK669,2025-09-23,1.51,1.51,1.51,1.51,
IMBB11,2025-09-23,138.13,138.13,138.13,138.13,
PACG11,2025-09-23,106.28,106.75,106.28,106.75,
DOHL4,2025-09-23,3.79,3.79,3.79,3.82,
SMFTJ243,2025-09-23,2.4,2.4,2.4,2.4,
TUPYV135,2025-09-23,0.33,0.36,0.33,0.39,
TUPYV150,2025-09-23,1.25,1.35,1.25,1.35,
TOTSJ455,2025-09-23,1.38,1.29,1.28,1.38,
TOTSV412,2025-09-23,0.22,0.16,0.11,0.22,
TAEEW366,2025-09-23,0.51,0.43,0.43,0.51,
ELETW528,2025-09-23,0.75,0.75,0.75,0.75,
BRKMJ720,2025-09-23,1.32,1.19,1.18,1.35,
ELETJ510W1,2025-09-23,0.68,0.84,0.67,0.85,
N2LY34,2025-09-23,112.88,110.55,110.55,112.88,
CGAS5F,2025-09-23,127.11,127.2,127,128.46,
ELETW468,2025-09-23,0.14,0.15,0.13,0.15,
TAEEJ386,2025-09-23,0.04,0.1,0.04,0.1,
S2ED34,2025-09-23,5.94,5.45,5.44,5.98,
BRKMV720,2025-09-23,0.07,0.08,0.05,0.08,
SAPRK393,2025-09-23,0.75,0.75,0.75,0.75,
ELETJ572,2025-09-23,0.37,0.6,0.37,0.6,
BALM4F,2025-09-23,16.66,18,16.66,18,
N1OW34,2025-09-23,101.1,96.81,96.81,101.1,
SAPRJ401,2025-09-23,0.11,0.11,0.11,0.11,
GEPA3F,2025-09-23,34.1,34.53,34.1,34.67,
SAPRJ391,2025-09-23,0.26,0.26,0.26,0.26,
CMIGV110,2025-09-23,0.02,0.01,0.01,0.02,
M1NS34,2025-09-23,42.32,42.41,42,42.41,
CSNAW479,2025-09-23,0.01,0.01,0.01,0.01,
EGIEL470,2025-09-23,0.7,0.7,0.7,0.7,
SBUB34,2025-09-23,455.4,452.67,449.51,455.4,
RADLL200,2025-09-23,0.89,0.91,0.87,0.95,
MYPKV123,2025-09-23,0.28,0.31,0.23,0.31,
EGIEV410,2025-09-23,0.5,0.47,0.46,0.56,
BGRB11,2025-09-23,109,110,109,110,
MILSX108,2025-09-23,0.11,0.11,0.11,0.11,
EGIEK416,2025-09-23,1.95,1.97,1.95,1.97,
UNIPW695,2025-09-23,0.74,0.73,0.73,0.74,
RSUL4F,2025-09-23,64.95,64.68,64.68,65.31,
GRNDW530,2025-09-23,0.15,0.11,0.11,0.15,
BRKMX800,2025-09-23,0.45,0.52,0.35,0.52,
Q2SC34,2025-09-23,23.71,24.06,23.2,24.64,
EZTCV162,2025-09-23,0.17,0.16,0.16,0.17,
SMFTV253,2025-09-23,0.42,0.42,0.42,0.42,
EGIEW398,2025-09-23,0.42,0.47,0.42,0.5,
TOTSW460,2025-09-23,2.17,2.22,2.17,2.24,
JHSFJ607,2025-09-23,0.42,0.38,0.37,0.42,
SAPRJ381,2025-09-23,0.39,0.55,0.36,0.55,
ENEVJ132,2025-09-23,3.39,3.39,3.39,3.39,
BEEFK755,2025-09-23,0.09,0.09,0.09,0.1,
BEEFK685,2025-09-23,0.24,0.24,0.23,0.24,
CSNAJ829,2025-09-23,0.22,0.2,0.2,0.26,
MILSM900,2025-09-23,0.04,0.04,0.04,0.04,
BEEFV661,2025-09-23,0.32,0.35,0.31,0.37,
ODPVB160,2025-09-23,1.28,1.3,1.28,1.3,
ELETV3,2025-09-23,0.16,0.16,0.16,0.16,
ENEVW165,2025-09-23,0.61,0.57,0.57,0.61,
BRKMK840,2025-09-23,0.71,0.69,0.69,0.71,
CTXT11,2025-09-23,4.84,4.96,4.84,4.97,
CMIGW116,2025-09-23,0.13,0.12,0.11,0.13,
CSNAK759,2025-09-23,0.88,0.82,0.82,0.88,
BEEFV790,2025-09-23,0.29,0.31,0.29,0.31,
RADLL238,2025-09-23,0.22,0.25,0.2,0.25,
CTAX3,2025-09-23,1.18,1.13,1.13,1.23,
EGIEX396,2025-09-23,0.35,0.35,0.35,0.35,
CSNAV789,2025-09-23,0.24,0.22,0.18,0.24,
EQTLV368,2025-09-23,0.57,0.54,0.54,0.57,
ELETJ478,2025-09-23,4.89,5.15,4.89,5.16,
TUPYW135,2025-09-23,0.53,0.58,0.53,0.58,
EQTLK388,2025-09-23,1.06,1.06,1.06,1.06,
TOTSV460,2025-09-23,1.42,1.46,1.42,1.47,
EQTLU355W4,2025-09-23,0.01,0.01,0.01,0.01,
S1PO34,2025-09-23,982,952.35,952.35,982.95,
PTNT4F,2025-09-23,4.46,4.81,4.46,4.81,
EGIEJ446,2025-09-23,0.15,0.16,0.13,0.23,
ELETJ497,2025-09-23,6.1,6.02,6.02,6.25,
CSNAJ749,2025-09-23,0.64,0.66,0.64,0.74,
EQTLK423,2025-09-23,0.19,0.19,0.19,0.19,
SAPRK388,2025-09-23,0.76,0.76,0.76,0.76,
SAPRK378,2025-09-23,1.36,1.36,1.36,1.36,
CPFEV359,2025-09-23,0.08,0.05,0.05,0.08,
NUTR3F,2025-09-23,2.85,2.9,2.85,2.9,
LMTB34,2025-09-23,2555.49,2562.04,2545,2562.04,
ELETV47,2025-09-23,0.23,0.23,0.23,0.23,
ENGIJ495,2025-09-23,2.35,2.31,2.31,2.35,
Z1TS34,2025-09-23,48.3,47,47,48.3,
CMIGC11,2025-09-23,2.63,2.6,2.6,2.63,
BEEFV701,2025-09-23,0.67,0.67,0.67,0.67,
RADLL243,2025-09-23,0.19,0.21,0.17,0.21,
MULTV276,2025-09-23,0.22,0.22,0.22,0.22,
ELETJ428,2025-09-23,9.75,9.79,9.71,9.79,
CSNAJ819,2025-09-23,0.27,0.23,0.23,0.3,
EQTLV390,2025-09-23,1.73,1.73,1.73,1.73,
RADLJ203,2025-09-23,0.09,0.23,0.09,0.23,
ENEVV147,2025-09-23,0.04,0.04,0.04,0.04,
BRKMI900W4,2025-09-23,0.02,0.01,0.01,0.02,
VLIDJ221,2025-09-23,0.38,0.38,0.38,0.38,
ENEVJ170,2025-09-23,0.28,0.29,0.28,0.29,
ENGIV481,2025-09-23,0.25,0.25,0.25,0.25,
RADLV200,2025-09-23,2.36,1.76,1.76,2.36,
ELETJ553,2025-09-23,0.11,0.11,0.11,0.11,
MULTV271,2025-09-23,0.16,0.14,0.14,0.17,
NVHO11,2025-09-23,12.85,12.2,12.2,12.85,
EQTLW363,2025-09-23,0.72,0.7,0.69,0.72,
TAEEV331,2025-09-23,0.03,0.03,0.03,0.03,
BRKMJ900W1,2025-09-23,0.1,0.04,0.04,0.1,
EQTLX365,2025-09-23,0.69,0.69,0.69,0.69,
EQTLJ403,2025-09-23,0.07,0.12,0.07,0.12,
EQTLJ365,2025-09-23,1.37,1.55,1.37,1.55,
ENEVJ167,2025-09-23,0.38,0.38,0.38,0.38,
JHSFX538,2025-09-23,0.05,0.05,0.05,0.05,
ELETJ403,2025-09-23,12.3,12.35,12.28,12.35,
DTCY3F,2025-09-23,2.82,2.76,2.76,2.82,
RADLA293,2025-09-23,0.08,0.08,0.02,0.08,
VTLT11Q,2025-09-23,91,91,91,91,
CPLEW130,2025-09-23,0.36,0.36,0.36,0.36,
NMRH34,2025-09-23,40.64,39.56,39.56,40.64,
CPFEJ374,2025-09-23,2.28,2.28,2.28,2.28,
ELETG500,2025-09-23,12,12.5,12,12.5,
JHSFK640,2025-09-23,0.34,0.35,0.34,0.36,
ELETJ450,2025-09-23,10.51,10.51,10.51,10.51,
ROMIX810,2025-09-23,0.25,0.25,0.25,0.25,
ELETW467,2025-09-23,0.51,0.51,0.51,0.53,
MULTV261,2025-09-23,0.08,0.07,0.07,0.08,
ELETW423,2025-09-23,0.05,0.04,0.04,0.05,
ENEVV155,2025-09-23,0.1,0.1,0.1,0.1,
VULCV209,2025-09-23,0.2,0.21,0.2,0.21,
CBEE3,2025-09-23,10.9,10.8,10.8,10.9,
CSNAW919,2025-09-23,1.15,1.11,1.11,1.18,
EGIEW373,2025-09-23,0.16,0.18,0.16,0.18,
W1MG34,2025-09-23,44.16,44.16,44.16,44.16,
MULTV246,2025-09-23,0.03,0.03,0.03,0.03,
ODPVJ140,2025-09-23,0.12,0.12,0.12,0.12,
MULTJ311,2025-09-23,0.17,0.17,0.17,0.17,
RADLX190,2025-09-23,0.89,0.89,0.89,0.89,
ELETJ543,2025-09-23,0.15,0.22,0.15,0.22,
CMIGV102,2025-09-23,0.01,0.01,0.01,0.01,
ELETW505,2025-09-23,1.73,1.45,1.45,1.73,
UNIPX48,2025-09-23,0.2,0.2,0.2,0.2,
BRKMX900,2025-09-23,0.95,0.93,0.92,0.95,
ELETJ565,2025-09-23,2.77,3.28,2.74,3.28,
ENMT3,2025-09-23,54.99,54.99,54.99,54.99,
JHSFW510,2025-09-23,0.03,0.03,0.03,0.03,
TAEEW351,2025-09-23,0.19,0.2,0.19,0.2,
ESTR4F,2025-09-23,5.66,5.66,5.66,5.66,
ELETW530,2025-09-23,2.7,2.7,2.7,2.7,
M1SI34,2025-09-23,624,624,624,624,
BRKMI860W4,2025-09-23,0.09,0.09,0.09,0.09,
CSNAW689,2025-09-23,0.11,0.11,0.11,0.11,
ELETJ473,2025-09-23,5.42,5.42,5.42,5.42,
EGIEK393,2025-09-23,3.34,3.34,3.34,3.34,
CSNAV719,2025-09-23,0.06,0.06,0.06,0.06,
ROMIW810,2025-09-23,0.25,0.29,0.25,0.29,
AHEB3,2025-09-23,29.59,29.59,29.59,29.59,
JHSFK530,2025-09-23,1.15,1.15,1.15,1.15,
KMBB34,2025-09-23,661.5,654.06,654.06,661.5,
ALPAV102,2025-09-23,0.51,0.52,0.51,0.52,
BRKMW840,2025-09-23,0.56,0.57,0.56,0.57,
ELETW418,2025-09-23,0.05,0.05,0.04,0.05,
ELETK471,2025-09-23,6.65,6.65,6.65,6.65,
BEEFI640W4,2025-09-23,0.11,0.11,0.11,0.11,
CPLEJ12,2025-09-23,0.93,0.93,0.93,0.93,
MYPKV130,2025-09-23,0.44,0.44,0.44,0.44,
MULTW311,2025-09-23,2.03,2.03,2.03,2.03,
ENEVJ152,2025-09-23,1.5,1.5,1.5,1.5,
HAGA4,2025-09-23,1.15,1.16,1.14,1.16,
ENGIK531,2025-09-23,1.65,1.65,1.65,1.65,
PNVLK103,2025-09-23,0.31,0.31,0.31,0.31,
ENMT4,2025-09-23,54.1,54.1,54.1,54.1,
GRNDV510,2025-09-23,0.02,0.02,0.02,0.02,
CPLE5,2025-09-23,12.9,12.9,12.9,12.9,
CMIGL113,2025-09-23,1.38,1.38,1.38,1.38,
EZTCW172,2025-09-23,0.74,0.74,0.74,0.74,
TAEEK396,2025-09-23,0.15,0.15,0.15,0.15,
CPFEW367,2025-09-23,0.3,0.3,0.3,0.3,
SCHW34,2025-09-23,62.7,62.7,62.7,62.7,
PNVLJ100,2025-09-23,0.19,0.19,0.19,0.19,
ENGIV486,2025-09-23,0.42,0.42,0.42,0.42,
RANIW772,2025-09-23,0.08,0.08,0.08,0.08,
EGIEK426,2025-09-23,1.47,1.47,1.47,1.47,
GGRC11,2025-09-23,9.92,9.9,9.88,9.93,
HGBS11,2025-09-23,19.99,20.15,19.93,20.24,
AJFI11,2025-09-23,7.91,7.9,7.85,7.91,
FCFL11,2025-09-23,124.76,126.49,124.75,126.49,
JSRE11,2025-09-23,62,62,61.88,62.13,
BTCI11,2025-09-23,9.35,9.31,9.3,9.35,
EVEN3,2025-09-23,7.79,7.8,7.75,7.88,
TUPY3F,2025-09-23,13.87,13.65,13.55,13.94,
BTAL11,2025-09-23,80.02,79.56,79.5,80.4,
RBVA11,2025-09-23,9.49,9.5,9.43,9.56,
TOTS3F,2025-09-23,45.72,45.2,45.2,46,
CEBR6F,2025-09-23,24.28,24.68,24.17,24.68,
LFTS11,2025-09-23,140.16,140.14,140.07,140.25,
UNHH34,2025-09-23,26.17,26.34,25.93,26.7,
CMIG4,2025-09-23,11.29,11.42,11.28,11.47,
BROF11,2025-09-23,53.1,54,52.26,54,
SHUL4,2025-09-23,4.83,4.91,4.8,4.91,
AIEC11,2025-09-23,50.55,51.1,50.55,51.1,
BRKMJ800,2025-09-23,0.69,0.57,0.57,0.75,
HABT11,2025-09-23,77.21,77.38,77.08,77.61,
FATN11,2025-09-23,85.37,85.25,84.55,85.38,
SAPR11F,2025-09-23,36.48,37.29,36.37,37.29,
PFIZ34,2025-09-23,31.95,31.71,31.71,32.29,
VGRI11,2025-09-23,8.65,8.64,8.64,8.67,
ENGIJ521,2025-09-23,1.07,1.46,1.06,1.46,
UNIP6F,2025-09-23,73.61,73.38,73.38,74.36,
LILY34,2025-09-23,133.9,131.65,131.08,133.9,
ODPV3,2025-09-23,13.02,13.16,13.02,13.25,
RYTT34,2025-09-23,141.68,140.57,140.14,143,
L1MN34,2025-09-23,33.35,30.8,30.58,33.68,
RZAK11,2025-09-23,81.64,81.7,81.64,81.98,
GFDL11,2025-09-23,106.66,106.66,106.66,106.66,
BCRI11,2025-09-23,63.51,62.82,62,63.57,
PLAG11,2025-09-23,49.75,49.8,49.52,49.8,
TUPYK145,2025-09-23,0.44,0.47,0.44,0.48,
VULC3F,2025-09-23,19.73,19.76,19.55,19.92,
RZAT11,2025-09-23,89.99,90.07,89.55,90.3,
VIUR11,2025-09-23,5.57,5.63,5.57,5.69,
TAEEK376,2025-09-23,0.69,0.98,0.69,1.02,
RANIW812,2025-09-23,0.16,0.16,0.16,0.16,
ITIP11,2025-09-23,64.35,64.03,64.03,64.65,
BEEFK595,2025-09-23,0.71,0.7,0.7,0.72,
TGMA3F,2025-09-23,36.62,36.55,36.55,37.27,
V1TA34,2025-09-23,179.82,182.52,179.46,182.52,
CMIGK129,2025-09-23,0.2,0.22,0.2,0.24,
HGBL11,2025-09-23,8.45,8.43,8.33,8.5,
RRCI11,2025-09-23,82.65,82.58,82.58,82.65,
BRKMW820,2025-09-23,0.5,0.53,0.5,0.56,
M1MC34,2025-09-23,519.4,518.88,518.88,519.4,
MCDC34,2025-09-23,80.02,80.11,79.57,81.24,
PEPB34,2025-09-23,50,49.94,49.52,50.24,
PMIS11,2025-09-23,7.8,7.76,7.75,7.83,
MANA11,2025-09-23,8.81,8.85,8.79,8.86,
RNEW3F,2025-09-23,1.11,1.08,1.08,1.11,
CSNAX700,2025-09-23,0.2,0.2,0.18,0.21,
ENEVJ165,2025-09-23,0.48,0.55,0.45,0.55,
K2CG34,2025-09-23,14.22,14.23,14.11,14.51,
CSNAV769,2025-09-23,0.18,0.17,0.14,0.18,
BRKMV740,2025-09-23,0.1,0.1,0.07,0.11,
MULTV288,2025-09-23,0.61,0.47,0.47,0.61,
TELB4,2025-09-23,9.3,9.4,9.25,9.49,
GSFI11,2025-09-23,9.49,9.45,9.24,9.49,
ZAVC11,2025-09-23,8.94,8.98,8.88,8.99,
U1BE34,2025-09-23,133.62,129.3,129.05,133.75,
JPPA11,2025-09-23,78.46,78.84,77.7,78.96,
TAEEK381,2025-09-23,0.52,0.68,0.52,0.72,
EGIEV406,2025-09-23,0.38,0.38,0.33,0.43,
P2AN34,2025-09-23,18.56,17.69,17.69,18.56,
BRKMJ740,2025-09-23,1.15,1,1,1.22,
BRKMW720,2025-09-23,0.2,0.2,0.2,0.2,
U2ST34,2025-09-23,12.05,11.72,11.72,12.08,
CPFEV387,2025-09-23,0.5,0.33,0.33,0.5,
MYPKW130,2025-09-23,0.66,0.66,0.66,0.66,
ELETW47,2025-09-23,0.59,0.59,0.57,0.6,
PNVLV925,2025-09-23,0.06,0.06,0.06,0.06,
BRKMV880,2025-09-23,0.61,0.71,0.55,0.72,
CPLEJ133,2025-09-23,0.14,0.19,0.12,0.19,
ALPA3,2025-09-23,9.17,9.07,9,9.17,
TRXY11,2025-09-23,9.38,9.35,9.22,9.4,
VERZ34,2025-09-23,38.36,38.04,37.99,38.36,
BMLC11,2025-09-23,94.99,94.99,94.03,94.99,
CTSA3F,2025-09-23,3.98,3.98,3.98,3.98,
MULTK286,2025-09-23,1.59,2,1.59,2,
WHRL4,2025-09-23,4.91,4.93,4.89,4.95,
BRKMJ760,2025-09-23,0.98,0.88,0.85,1.05,
RADLJ188,2025-09-23,0.45,0.59,0.45,0.7,
EUCA4F,2025-09-23,17.75,17.55,17.48,17.9,
RIGG34,2025-09-23,18.65,18.71,18.65,20,
UPSS34,2025-09-23,28.14,28.82,27.81,28.82,
BRKMV890,2025-09-23,0.68,0.79,0.62,0.79,
CPFEK382,2025-09-23,2.52,2.68,2.52,2.68,
MULTW283,2025-09-23,0.77,0.63,0.63,0.77,
ELETK545,2025-09-23,0.89,0.9,0.89,0.92,
ELETW452,2025-09-23,0.3,0.19,0.19,0.3,
PTNT4,2025-09-23,4.46,4.6,4.46,4.6,
M1DB34,2025-09-23,84.22,83.97,83.97,84.22,
CMIGJ133,2025-09-23,0.01,0.02,0.01,0.02,
IBBP11,2025-09-23,7.6,7.59,7.59,7.6,
EGIEK423,2025-09-23,1.62,1.56,1.49,1.65,
TOTSK403,2025-09-23,6.22,5.99,5.99,6.22,
LASC11,2025-09-23,87.11,88,87.1,88.67,
WHRL3F,2025-09-23,4.55,4.41,4.41,4.61,
EGIEW413,2025-09-23,0.84,0.88,0.84,0.92,
CSNAI800W4,2025-09-23,0.1,0.1,0.1,0.1,
TUPYV125,2025-09-23,0.08,0.08,0.07,0.08,
M2PR34,2025-09-23,81.77,80.4,80.4,81.77,
JHSFW620,2025-09-23,0.22,0.22,0.22,0.23,
NAVT11,2025-09-23,70.91,70.9,70.08,70.92,
M2RV34,2025-09-23,40.21,39.46,39.3,40.5,
ELETL56,2025-09-23,0.7,0.81,0.7,0.81,
O1KT34,2025-09-23,24.81,24.41,24.41,24.81,
ELETJ528,2025-09-23,1.43,1.85,1.34,1.85,
M1UF34,2025-09-23,87.93,84.42,84.42,87.93,
COCE5,2025-09-23,28.72,30,28.72,30.29,
ENGIV511,2025-09-23,0.93,0.86,0.86,0.93,
MGHT11,2025-09-23,16.54,16.35,16,16.54,
BEEFJ621,2025-09-23,0.4,0.38,0.38,0.41,
CMIGJ130,2025-09-23,0.02,0.03,0.02,0.03,
FDES11F,2025-09-23,0.39,0.37,0.37,0.44,
EGIEJ410,2025-09-23,1.83,1.7,1.48,1.83,
HSRE11,2025-09-23,101.1,101.2,101.1,101.2,
VVRI11,2025-09-23,79.99,86.37,79.99,86.37,
EGIEK443,2025-09-23,0.77,0.68,0.68,0.77,
JFLL11,2025-09-23,67.01,67.64,67,67.72,
BEEFV561,2025-09-23,0.01,0.01,0.01,0.01,
CPFEV369,2025-09-23,0.11,0.1,0.1,0.11,
MNDL3,2025-09-23,18.85,18.85,18.85,18.85,
ELETK585,2025-09-23,0.15,0.22,0.15,0.22,
EQTLV370,2025-09-23,0.66,0.62,0.61,0.66,
EGIEV385,2025-09-23,0.11,0.11,0.09,0.12,
EGIEV446,2025-09-23,2.45,2.47,2.45,2.7,
EZTCJ172,2025-09-23,0.64,0.7,0.61,0.7,
TAEEW335,2025-09-23,0.11,0.13,0.11,0.13,
ELETW513,2025-09-23,0.47,0.47,0.46,0.55,
MULTK291,2025-09-23,1.31,1.63,1.31,1.63,
MARG11,2025-09-23,107.69,107.79,107.69,107.79,
CMIGV118,2025-09-23,0.1,0.07,0.06,0.1,
BIOM14F,2025-09-23,2.3,1.25,1.25,2.3,
CTSA3,2025-09-23,2.89,2.89,2.89,2.89,
ELETV493,2025-09-23,0.27,0.25,0.25,0.27,
LEVEJ295,2025-09-23,0.03,0.02,0.02,0.03,
BEEFJ641,2025-09-23,0.45,0.28,0.27,0.45,
JHSFG604,2025-09-23,1.12,1.14,1.12,1.14,
UNIPK730,2025-09-23,3.79,3.7,3.7,4.05,
EKTR3F,2025-09-23,48,48.98,48,49,
BRKMW880,2025-09-23,0.76,0.82,0.76,0.82,
MOOO34,2025-09-23,341.7,341.7,341.7,341.7,
V1OD34,2025-09-23,30.26,30.06,29.94,30.26,
ELETV483,2025-09-23,0.2,0.17,0.15,0.2,
MRSA3BF,2025-09-23,27.45,27.88,27.45,27.88,
GLOG11,2025-09-23,67.99,65.61,65.61,68,
RADLK198,2025-09-23,0.66,0.8,0.65,0.8,
EGIEJ395,2025-09-23,2.86,2.83,2.63,2.86,
CPLEW123,2025-09-23,0.15,0.13,0.13,0.15,
EZTCK172,2025-09-23,1.14,1.14,1.14,1.14,
BEEFW665,2025-09-23,0.44,0.47,0.42,0.47,
BEEFV641,2025-09-23,0.32,0.25,0.22,0.32,
CMIGK131,2025-09-23,0.12,0.15,0.12,0.16,
ELETI480W4,2025-09-23,2.67,2.67,2.67,2.67,
BRKMW800,2025-09-23,0.39,0.4,0.38,0.4,
NEXT34,2025-09-23,96.3,95.22,95.22,96.3,
QTOP39,2025-09-23,56.36,54.51,54.51,56.36,
SAPP34,2025-09-23,1407.22,1407.22,1407.22,1407.22,
EQTLV343,2025-09-23,0.1,0.11,0.1,0.11,
CMIGX933,2025-09-23,0.01,0.01,0.01,0.01,
FPAB11,2025-09-23,208,208,208,208,
PRSN11,2025-09-23,1.06,1.06,1.06,1.06,
MAGM11,2025-09-23,10,10,10,10,
JHSFJ547,2025-09-23,0.92,0.92,0.92,0.92,
CPLEJ143,2025-09-23,0.01,0.01,0.01,0.01,
CMIGK136,2025-09-23,0.06,0.06,0.06,0.06,
TAEEW356,2025-09-23,0.2,0.2,0.2,0.2,
BRKMR900,2025-09-23,1.14,1.14,1.14,1.14,
JHSFJ687,2025-09-23,0.06,0.05,0.05,0.06,
BEEFJ720,2025-09-23,0.71,0.7,0.7,0.71,
MYPKV133,2025-09-23,0.82,0.87,0.82,0.87,
AURB11,2025-09-23,72.8,72.8,72.8,72.8,
GSHP3F,2025-09-23,2.71,3.22,2.71,3.22,
ALMI11,2025-09-23,576,570,570,576,
SMFTV248,2025-09-23,0.23,0.23,0.23,0.23,
EQTLW338,2025-09-23,0.27,0.25,0.25,0.27,
S2RE34,2025-09-23,95,90.99,90.99,95.85,
CMIGL2,2025-09-23,0.75,0.77,0.75,0.77,
CSNAK899,2025-09-23,0.24,0.22,0.22,0.24,
EGIEV451,2025-09-23,2.9,3.12,2.9,3.13,
JHSFJ577,2025-09-23,0.61,0.65,0.61,0.65,
GEPA3,2025-09-23,33.9,33.9,33.9,33.9,
CSNAW939,2025-09-23,1.29,1.29,1.29,1.29,
ELETJ441,2025-09-23,11.77,11.58,11.58,11.77,
MYPKJ153,2025-09-23,0.01,0.01,0.01,0.01,
CPFEJ414,2025-09-23,0.21,0.21,0.21,0.21,
ELETW478,2025-09-23,0.82,0.66,0.66,0.82,
HBCR11,2025-09-23,138,138,138,138,
ELETV528,2025-09-23,1.02,0.79,0.76,1.06,
TAEEL361,2025-09-23,1.72,1.72,1.72,1.72,
CPFEJ404,2025-09-23,0.4,0.55,0.4,0.55,
TUPYW115,2025-09-23,0.08,0.08,0.08,0.08,
RBDS11,2025-09-23,2.4,2.4,2.4,2.4,
EGIEJ436,2025-09-23,0.4,0.37,0.32,0.4,
ELETV463,2025-09-23,0.08,0.09,0.07,0.09,
EQTLW348,2025-09-23,0.36,0.37,0.36,0.38,
CSNAX780,2025-09-23,0.42,0.42,0.42,0.42,
S1LG34,2025-09-23,163.68,163.68,163.68,163.68,
S1RE34,2025-09-23,113.09,113.09,113.09,113.09,
EGIEK448,2025-09-23,0.55,0.55,0.55,0.55,
ELETI470W4,2025-09-23,3.65,3.65,3.65,3.65,
ANCR11,2025-09-23,849.98,849.98,849.9,849.98,
EQTLV360W2,2025-09-23,0.23,0.23,0.23,0.23,
RADLL209,2025-09-23,0.62,0.6,0.59,0.62,
ENGIW510,2025-09-23,1.82,1.86,1.82,1.86,
RADLL215,2025-09-23,0.51,0.52,0.48,0.52,
LBRD34,2025-09-23,27.55,27.96,27.55,27.98,
RADLJ218,2025-09-23,0.04,0.06,0.04,0.06,
RADLL198,2025-09-23,0.97,0.97,0.97,0.98,
MULTJ301,2025-09-23,0.36,0.4,0.36,0.4,
EQTLJ433,2025-09-23,0.02,0.02,0.02,0.02,
BRKMW900,2025-09-23,0.89,0.9,0.89,0.92,
SAPRW358,2025-09-23,0.59,0.5,0.5,0.59,
EZTCK182,2025-09-23,0.65,0.64,0.64,0.65,
CMIGX129,2025-09-23,0.62,0.62,0.62,0.62,
RADLX143,2025-09-23,0.17,0.18,0.17,0.18,
JHSFW640,2025-09-23,0.3,0.3,0.3,0.3,
ENEVW170,2025-09-23,0.8,0.8,0.8,0.8,
EQTLV360W1,2025-09-23,0.14,0.14,0.14,0.14,
VXXV11,2025-09-23,700,700,700,700,
XRAY34,2025-09-23,71.03,71.03,71.03,71.03,
BRKMN139,2025-09-23,4,4.07,4,4.07,
TAEEK406,2025-09-23,0.07,0.07,0.07,0.07,
ENGIJ561,2025-09-23,0.14,0.2,0.13,0.2,
USBC34,2025-09-23,66.08,65.7,65.7,66.08,
LEVEJ285,2025-09-23,0.11,0.12,0.11,0.12,
VLIDV221,2025-09-23,0.79,0.79,0.79,0.79,
ENMT4F,2025-09-23,51.75,53.99,51.75,53.99,
BRKMB230,2025-09-23,0.35,0.35,0.35,0.35,
MOSC34,2025-09-23,29.9,29.8,29.8,29.9,
ELETV538,2025-09-23,3.57,3.11,3.11,3.57,
GRNDX501,2025-09-23,0.11,0.11,0.11,0.11,
CSNAV849,2025-09-23,0.5,0.52,0.5,0.52,
CXRI11,2025-09-23,62.87,62.87,62.87,62.87,
ALPAJ971,2025-09-23,0.5,0.5,0.5,0.5,
RECD11,2025-09-23,7.99,7.99,7.99,7.99,
CSNAJ719,2025-09-23,0.92,0.93,0.92,0.93,
CPLEK130,2025-09-23,0.51,0.51,0.51,0.51,
EZTCJ162,2025-09-23,1.3,1.3,1.3,1.3,
MULTK283,2025-09-23,1.96,1.96,1.96,1.96,
ELETJ505,2025-09-23,4.86,4.86,4.86,4.86,
BEEFJ751,2025-09-23,0.05,0.05,0.05,0.05,
CPLEJ118,2025-09-23,1.26,1.27,1.26,1.27,
CSNAF857,2025-09-23,1.5,1.5,1.5,1.5,
UNIPW725,2025-09-23,1.75,1.75,1.75,1.75,
TAKP34,2025-09-23,80.71,80.71,80.71,80.71,
MOAR3,2025-09-23,117.09,113.51,113.51,117.09,
DOHL4F,2025-09-23,3.79,3.79,3.79,3.79,
GRNDL581,2025-09-23,0.11,0.11,0.11,0.11,
RADLV153,2025-09-23,0.06,0.07,0.06,0.07,
NORD3F,2025-09-23,5.4,5.4,5.4,5.4,
P2ST34,2025-09-23,116.76,116.76,116.76,116.76,
ELETJ482,2025-09-23,7.63,7.63,7.63,7.63,
EZTCW147,2025-09-23,0.15,0.15,0.15,0.15,
CSNAW879,2025-09-23,0.83,0.83,0.83,0.83,
GRNDK530,2025-09-23,0.34,0.3,0.3,0.35,
ENGIJ656,2025-09-23,0.02,0.02,0.02,0.02,
TUPYK155,2025-09-23,0.22,0.22,0.22,0.22,
ELETV43,2025-09-23,0.04,0.04,0.04,0.04,
INEP4F,2025-09-23,1.43,1.47,1.43,1.47,
TAEEL380,2025-09-23,1.5,1.5,1.5,1.5,
TRVC34,2025-09-23,45.9,45.9,45.9,45.9,
EQTLV380W1,2025-09-23,0.99,0.99,0.99,0.99,
SAPRV346,2025-09-23,0.1,0.1,0.1,0.1,
CSNAK859,2025-09-23,0.35,0.35,0.35,0.35,
CMIGX219,2025-09-23,9.06,9.06,9.06,9.06,
JHSFJ517,2025-09-23,1.2,1.2,1.2,1.2,
EDGA11,2025-09-23,14.99,15.7,14.33,15.81,
ARRI11,2025-09-23,6.6,6.56,6.5,6.64,
CMIG4F,2025-09-23,11.34,11.43,11.27,11.47,
GCRI11,2025-09-23,65.29,66.09,64.62,66.09,
SMFT3,2025-09-23,26.16,26.4,25.6,26.53,
TGMA3,2025-09-23,36.72,36.75,36.5,37.26,
KNHF11,2025-09-23,93.64,92.93,92.7,93.64,
VISC11,2025-09-23,108.37,108.4,108.3,108.87,
LIFE11,2025-09-23,8.44,8.36,8.31,8.44,
TUPY3,2025-09-23,13.81,13.6,13.53,13.92,
STBP3,2025-09-23,14.37,14.39,14.36,14.41,
VGIP11,2025-09-23,80.08,79.66,79.5,80.23,
TSMC34,2025-09-23,189,186.69,184.78,189.81,
VGHF11,2025-09-23,7.73,7.69,7.67,7.74,
LIGT3,2025-09-23,5.82,5.76,5.76,5.89,
HSML11,2025-09-23,84.85,85.81,84.85,86.78,
TAEE11,2025-09-23,35.72,36.1,35.63,36.38,
TAEEV351,2025-09-23,0.07,0.05,0.05,0.07,
EQTL3F,2025-09-23,36.59,37.43,36.58,37.45,
TAEE4F,2025-09-23,11.9,12.04,11.88,12.12,
BRKM3F,2025-09-23,8.96,8.89,8.67,9.02,
W1DC34,2025-09-23,603.6,582.65,582.65,603.6,
DVFF11,2025-09-23,5.99,6,5.98,6.03,
SARE11,2025-09-23,4.76,4.71,4.71,4.76,
SPXS11,2025-09-23,8.5,8.59,8.5,8.7,
NSLU11,2025-09-23,205.02,204.15,204,206.47,
CPLEJ128,2025-09-23,0.31,0.41,0.31,0.46,
EGIEV433,2025-09-23,1.63,1.59,1.4,1.74,
EQIR11,2025-09-23,7.85,7.87,7.81,7.87,
TAEE3F,2025-09-23,11.81,12.05,11.8,12.05,
JSAF11,2025-09-23,7.86,7.85,7.78,7.87,
BRCR11,2025-09-23,43.4,43.5,43.32,43.98,
ENGI11F,2025-09-23,49.83,50.9,49.83,50.9,
BEEF11,2025-09-23,2.7,2.75,2.67,2.81,
PFRM3F,2025-09-23,7.26,7.46,7.26,7.57,
VLID3,2025-09-23,21.2,21.38,21.2,21.65,
ICRI11,2025-09-23,91.53,92.04,91.51,92.19,
EDFO11,2025-09-23,119,114.95,114.95,119,
ITIT11,2025-09-23,68.5,68.14,67.67,68.5,
RECM11,2025-09-23,8.73,8.69,8.6,8.73,
S2NW34,2025-09-23,29.75,29.56,29.49,30.54,
IBCR11,2025-09-23,49.76,48.99,48.9,49.76,
TUPYV140,2025-09-23,0.56,0.62,0.56,0.65,
FSRF11F,2025-09-23,0.1,0.1,0.09,0.1,
GRND3F,2025-09-23,5.27,5.28,5.21,5.28,
MYPKJ148,2025-09-23,0.01,0.01,0.01,0.01,
ELETJ530W1,2025-09-23,0.15,0.14,0.11,0.18,
BRKMJ880,2025-09-23,0.27,0.21,0.2,0.33,
RPRI11,2025-09-23,83.52,84.07,83.52,84.45,
INEP4,2025-09-23,1.45,1.45,1.44,1.5,
VLID3F,2025-09-23,21.4,21.29,21.28,21.67,
MTSA4F,2025-09-23,40.05,41.33,40,41.33,
MILS3F,2025-09-23,11.8,12.11,11.8,12.11,
AREA11,2025-09-23,100.45,100.64,100.4,101.86,
APTO11,2025-09-23,8.53,8.49,8.48,8.6,
BBFI11,2025-09-23,350.11,350.1,350.1,354.99,
L1RC34,2025-09-23,16.49,14.9,14.24,16.5,
MSBR34,2025-09-23,171.53,169.51,169.15,174.59,
ELETW481,2025-09-23,0.52,0.43,0.42,0.53,
ODPV3F,2025-09-23,13.05,13.31,13.05,13.31,
GAME11,2025-09-23,8.54,8.46,8.42,8.54,
RADLV188,2025-09-23,1.05,0.96,0.87,1.05,
CXCE11,2025-09-23,41.55,41.55,41.51,43,
CSNAJ800W1,2025-09-23,0.19,0.19,0.18,0.19,
ORCL34,2025-09-23,295,277.4,273.4,295,
WSEC11,2025-09-23,5.69,5.75,5.68,5.84,
IRFM11,2025-09-23,93.45,93.71,93.45,94.43,
ELETK580,2025-09-23,0.18,0.25,0.18,0.26,
ELETJ552,2025-09-23,0.96,1.55,0.96,1.55,
RADLJ153,2025-09-23,3.2,3.17,3.17,3.2,
HOOT4F,2025-09-23,4,4,4,4,
TAEEV371,2025-09-23,0.6,0.44,0.38,0.6,
LUPA3F,2025-09-23,1.12,1.12,1.12,1.15,
CMIGW129,2025-09-23,0.61,0.61,0.61,0.61,
ELETV487,2025-09-23,0.07,0.07,0.06,0.07,
RADLK188,2025-09-23,0.83,1.1,0.81,1.11,
HYBR11,2025-09-23,50.65,50.19,50.13,50.65,
UNIP3,2025-09-23,63.45,63.22,62.77,63.76,
BEEFJ711,2025-09-23,0.07,0.17,0.07,0.17,
ALPAJ951,2025-09-23,0.58,0.58,0.58,0.58,
RFOF11,2025-09-23,63.42,62.94,62.81,63.9,
BLCA11,2025-09-23,95.97,96,94.5,96,
EALT3,2025-09-23,12.63,12.65,12.63,12.65,
ELETK550,2025-09-23,0.59,0.75,0.57,0.76,
PSKY34,2025-09-23,103.16,105.5,103.16,108.38,
S1BS34,2025-09-23,26.26,27.15,26.26,28.02,
TMOS34,2025-09-23,52,51.61,51.61,52.54,
TEXA34,2025-09-23,64.1,64.09,63.91,64.1,
CMIGW11,2025-09-23,0.34,0.34,0.34,0.34,
BTHI11,2025-09-23,42.5,41.53,41.53,42.5,
V1RT34,2025-09-23,75,75.12,74.88,77.18,
CSNAJ669,2025-09-23,1.43,1.33,1.2,1.43,
RADLW228,2025-09-23,4.2,4.21,4.2,4.21,
CPLEJ13,2025-09-23,0.23,0.28,0.22,0.3,
RADLL195,2025-09-23,1.06,1.04,1.04,1.15,
CEBR6,2025-09-23,24.44,24.49,24,24.67,
EUCA4,2025-09-23,17.79,17.41,17.41,17.84,
ELETV2,2025-09-23,0.61,0.65,0.56,0.74,
VVMR11,2025-09-23,84.1,84.89,84.1,84.89,
AZEV3F,2025-09-23,0.41,0.39,0.39,0.42,
SNEC34,2025-09-23,156.64,157.6,156.64,158.56,
EGIEW378,2025-09-23,0.19,0.19,0.19,0.19,
UNIP3F,2025-09-23,63.11,62.71,62.71,63.91,
ELETV488,2025-09-23,0.28,0.19,0.19,0.28,
BRKMK880,2025-09-23,0.57,0.5,0.5,0.57,
RADLJ180,2025-09-23,0.99,0.95,0.95,1.06,
CMIGG125,2025-09-23,1.43,1.43,1.43,1.43,
TLNC34,2025-09-23,27.42,27.05,26.97,27.42,
ALPA3F,2025-09-23,9.3,9.15,9.08,9.3,
BRKMJ950,2025-09-23,0.09,0.08,0.08,0.12,
EQTLK405,2025-09-23,0.51,0.51,0.51,0.53,
ELETJ2,2025-09-23,1.85,2.39,1.85,2.46,
CGAS5,2025-09-23,127.29,127.09,127.09,127.29,
TAEEV381,2025-09-23,1.31,0.95,0.9,1.31,
TAEEK356,2025-09-23,1.89,2.37,1.89,2.37,
ELETJ506,2025-09-23,2.23,2.82,2.23,2.82,
ELETV430,2025-09-23,0.02,0.01,0.01,0.02,
TUPYV155,2025-09-23,1.7,1.8,1.7,1.8,
MYPKV118,2025-09-23,0.07,0.11,0.07,0.11,
TELB3,2025-09-23,11.85,11.65,11.6,11.9,
BRKMV620,2025-09-23,0.01,0.02,0.01,0.02,
MULTW306,2025-09-23,1.71,1.6,1.6,1.71,
BRKMV900,2025-09-23,0.75,0.86,0.7,0.86,
N1UE34,2025-09-23,59.88,59.42,59.42,59.88,
EQTLJ385,2025-09-23,0.29,0.48,0.29,0.51,
CSNAW729,2025-09-23,0.2,0.2,0.17,0.2,
EGIEJ433,2025-09-23,0.52,0.43,0.4,0.52,
RADLW183,2025-09-23,1.03,0.98,0.98,1.06,
EQTLJ423,2025-09-23,0.02,0.02,0.02,0.02,
VULCV205,2025-09-23,0.17,0.18,0.17,0.21,
SJAU11,2025-09-23,7.51,7.52,7.51,7.52,
U2PS34,2025-09-23,17.24,16.55,16.48,17.28,
JHSFK620,2025-09-23,0.45,0.45,0.45,0.45,
FLRP11,2025-09-23,20.42,20.7,20.16,20.7,
CMIGF136,2025-09-23,0.7,0.67,0.5,0.7,
BRKMR850,2025-09-23,0.91,0.95,0.91,0.97,
CMIGV125,2025-09-23,0.39,0.34,0.32,0.39,
T2DH34,2025-09-23,1.47,1.51,1.46,1.56,
JHSFL729,2025-09-23,0.19,0.19,0.19,0.19,
BEEFK695,2025-09-23,0.2,0.21,0.2,0.21,
CSNAV779,2025-09-23,0.17,0.2,0.17,0.2,
ELETV480W1,2025-09-23,0.09,0.09,0.09,0.09,
CSNAU660W4,2025-09-23,0.01,0.01,0.01,0.01,
TPIS3,2025-09-23,4.1,4.01,4.01,4.1,
ALPAV951,2025-09-23,0.2,0.18,0.18,0.2,
LEVEV280,2025-09-23,0.55,0.55,0.55,0.55,
SAPRJ371,2025-09-23,0.68,0.97,0.68,0.97,
ELETJ568,2025-09-23,0.04,0.05,0.04,0.06,
CSNAW899,2025-09-23,1.02,1.02,1.02,1.02,
CPFEJ389,2025-09-23,1.19,1.45,1.19,1.48,
ELETJ532,2025-09-23,2.35,2.94,2.33,2.94,
ELETJ533,2025-09-23,0.3,0.44,0.22,0.44,
OXYP34,2025-09-23,41.62,40.84,40.84,41.62,
PEAB4,2025-09-23,37.43,38.98,37.43,38.98,
RADLK193,2025-09-23,0.67,0.9,0.67,0.98,
T10R11,2025-09-23,50.79,50.85,50.79,50.85,
ELETV453,2025-09-23,0.06,0.06,0.06,0.06,
FSRF11,2025-09-23,0.09,0.09,0.09,0.09,
MULTW276,2025-09-23,0.46,0.45,0.45,0.46,
RENV11,2025-09-23,5.94,5.57,5.57,5.94,
SAPRV366,2025-09-23,0.5,0.44,0.44,0.5,
BEEFW645,2025-09-23,0.35,0.35,0.35,0.35,
ELETK513,2025-09-23,5.28,5.29,5.28,5.29,
ENGI4,2025-09-23,8.92,9.03,8.92,9.21,
EGIEV441,2025-09-23,2.04,2.07,2.04,2.19,
BRKME140,2025-09-23,0.2,0.2,0.2,0.2,
CMIGW106,2025-09-23,0.03,0.03,0.03,0.03,
BRKMI840W4,2025-09-23,0.09,0.09,0.09,0.09,
U1RI34,2025-09-23,181.83,179.17,179.17,184.3,
CEBR5,2025-09-23,22.99,23,21.51,23,
ELETW472,2025-09-23,0.26,0.24,0.24,0.27,
P1GR34,2025-09-23,635.15,627.84,627.84,635.15,
BEEFV691,2025-09-23,0.55,0.58,0.55,0.58,
GEPA4F,2025-09-23,35.01,35.5,35.01,35.5,
BRKMK820,2025-09-23,0.82,0.78,0.78,0.83,
P1LD34,2025-09-23,51.06,50.14,49.95,51.06,
BRKMW940,2025-09-23,1.18,1.26,1.18,1.26,
ELETV390,2025-09-23,0.02,0.02,0.02,0.02,
CPFEV367,2025-09-23,0.1,0.11,0.1,0.11,
BRKMK980,2025-09-23,0.25,0.22,0.22,0.25,
SAPRJ356,2025-09-23,1.57,1.57,1.57,1.57,
V2TX34,2025-09-23,25.01,24.2,24.2,25.04,
ELETW464,2025-09-23,0.55,0.49,0.47,0.55,
KHCB34,2025-09-23,35.25,35,35,35.59,
SAPRK358,2025-09-23,2.15,2.58,2.15,2.58,
EZTCW167,2025-09-23,0.55,0.55,0.55,0.55,
EQTLW378,2025-09-23,1.28,1.28,1.28,1.28,
BEEFK635,2025-09-23,0.46,0.47,0.46,0.47,
STYI11,2025-09-23,1400,1400,1400,1400,
MYPKW123,2025-09-23,0.47,0.41,0.41,0.47,
VLIDJ211,2025-09-23,0.82,0.82,0.82,0.82,
ELETW49,2025-09-23,1.03,1.02,1.02,1.03,
NEWU11,2025-09-23,95.5,95.95,95.5,95.95,
VLIDJ226,2025-09-23,0.21,0.21,0.21,0.21,
MILSJ120,2025-09-23,0.5,0.5,0.5,0.5,
EURO11,2025-09-23,238.91,244,238.91,244,
EQTLV350,2025-09-23,0.2,0.17,0.17,0.21,
CPLEW128,2025-09-23,0.28,0.27,0.26,0.29,
EQTLK403,2025-09-23,0.5,0.55,0.5,0.55,
MNDL3F,2025-09-23,18.9,18,18,18.9,
CSNAX740,2025-09-23,0.25,0.28,0.25,0.28,
ELETJ6,2025-09-23,3.64,3.64,3.64,3.64,
BRKMV840W1,2025-09-23,0.33,0.33,0.33,0.33,
TAEEJ341,2025-09-23,2.9,2.95,2.9,2.95,
TOTSK455,2025-09-23,2.29,2.24,2.19,2.29,
RADLL248,2025-09-23,0.16,0.13,0.13,0.16,
TBIL39,2025-09-23,53.3,53.11,53.11,53.3,
HBORJ380,2025-09-23,0.16,0.18,0.16,0.18,
MYPKJ118,2025-09-23,0.87,0.87,0.87,0.87,
HBORJ320,2025-09-23,0.63,0.47,0.47,0.63,
HOOT4,2025-09-23,4.05,4.05,4.05,4.05,
EGIEW418,2025-09-23,1.01,0.98,0.98,1.16,
JHSFJ597,2025-09-23,0.45,0.45,0.45,0.45,
ELETK49,2025-09-23,3,3.43,3,3.43,
HAGA3F,2025-09-23,1.88,1.84,1.84,1.88,
CPLEJ123,2025-09-23,0.74,0.8,0.74,0.81,
CSNAK889,2025-09-23,0.27,0.27,0.27,0.27,
ELETJ500,2025-09-23,5.3,5.6,5.3,5.6,
GRNDK600,2025-09-23,0.11,0.11,0.11,0.12,
MULTJ326,2025-09-23,0.04,0.05,0.04,0.05,
EQMA3B,2025-09-23,32.5,32.5,32.5,32.5,
BEEFV640W2,2025-09-23,0.2,0.2,0.2,0.2,
BRKMR90,2025-09-23,1.25,1.28,1.25,1.28,
EGIEX440,2025-09-23,1.16,1.16,1.16,1.16,
BEEFK665,2025-09-23,0.32,0.32,0.32,0.32,
TAEEW386,2025-09-23,1.58,1.58,1.58,1.58,
CEEB3,2025-09-23,37,37,37,37,
ELETB453,2025-09-23,8.27,8.27,8.27,8.27,
JHSFS504,2025-09-23,0.1,0.1,0.1,0.1,
T2ND34,2025-09-23,4.64,4.64,4.64,4.64,
PNCR11,2025-09-23,46.76,46.76,46.76,46.76,
RSSL39,2025-09-23,51.95,51.95,51.95,51.95,
BEEFL801,2025-09-23,0.11,0.12,0.11,0.12,
PLAS3F,2025-09-23,5,5,5,5,
BRKMU820W4,2025-09-23,0.07,0.07,0.07,0.07,
CSNAW789,2025-09-23,0.37,0.37,0.37,0.37,
CALI3F,2025-09-23,18,18,18,18,
TAEEK361,2025-09-23,1.57,1.65,1.57,1.66,
ELETW520,2025-09-23,2.51,2.21,2.14,2.51,
BEEFK725,2025-09-23,0.14,0.14,0.14,0.14,
ELETW446,2025-09-23,0.15,0.17,0.15,0.17,
CSNAJ980W2,2025-09-23,0.01,0.01,0.01,0.01,
GRNDK610,2025-09-23,0.05,0.05,0.05,0.05,
TOTSW455,2025-09-23,1.93,1.94,1.93,1.94,
VFCO34,2025-09-23,38.6,38.6,38.6,38.6,
BEEFW655,2025-09-23,0.39,0.39,0.39,0.39,
MCOR34,2025-09-23,637.6,637.6,637.6,637.6,
ELETG550,2025-09-23,9.6,9.6,9.6,9.6,
ELETJ460W4,2025-09-23,5.15,5.15,5.15,5.15,
RBRS11,2025-09-23,51.31,52,51.31,52,
MWET4,2025-09-23,10.06,10.06,10.06,10.06,
EQTLI365W4,2025-09-23,0.77,0.77,0.77,0.77,
MILSJ125,2025-09-23,0.2,0.2,0.2,0.2,
CSNAJ820W2,2025-09-23,0.23,0.23,0.23,0.23,
MDIAW285,2025-09-23,1.39,1.39,1.39,1.39,
EGIEJ461,2025-09-23,0.04,0.04,0.04,0.04,
CSNAJ999,2025-09-23,0.01,0.01,0.01,0.01,
TOTSJ432,2025-09-23,3.16,3.16,3.16,3.16,
BRKMK900,2025-09-23,0.5,0.5,0.5,0.5,
OCRE11,2025-09-23,90,95,90,95,
MULTW286,2025-09-23,0.8,0.8,0.8,0.8,
KNIP11,2025-09-23,88.97,88.09,88,88.97,
ALZR11,2025-09-23,10.5,10.5,10.5,10.59,
CPFE3F,2025-09-23,38.91,39.37,38.87,39.8,
PVBI11,2025-09-23,75.17,75.93,74.9,75.93,
CPFE3,2025-09-23,38.91,39.61,38.88,39.81,
SAPI11,2025-09-23,8.69,8.68,8.65,8.73,
VCRI11,2025-09-23,7.26,7.23,7.15,7.26,
MULT3,2025-09-23,28.76,29.18,28.58,29.32,
SAPR4,2025-09-23,7.12,7.22,7.1,7.27,
VRTA11,2025-09-23,77.89,77.6,77.29,78.2,
TGAR11,2025-09-23,87.23,87.3,86.9,89,
CACR11,2025-09-23,73.6,73.26,72.06,74.5,
IRDM11,2025-09-23,60.15,59.9,59.58,60.27,
OUJP11,2025-09-23,75.09,75.1,74.8,75.49,
CPSH11,2025-09-23,9.86,9.85,9.75,9.86,
JHSF3,2025-09-23,6.21,6.27,6.21,6.31,
HGRE11,2025-09-23,116.65,119.1,116.65,119.38,
WHGR11,2025-09-23,8.85,8.78,8.77,8.87,
TAEE11F,2025-09-23,35.7,36.21,35.64,36.37,
GTWR11,2025-09-23,76.86,77.2,76.61,78,
VSLH11,2025-09-23,2.63,2.63,2.61,2.63,
RELG11,2025-09-23,64.52,64.5,64.5,64.98,
JHSFV557,2025-09-23,0.03,0.03,0.03,0.03,
VISA34,2025-09-23,90.43,88.8,88.8,91.94,
NFLX34,2025-09-23,130.57,127.94,127.76,131.04,
VRTM11,2025-09-23,6.86,6.85,6.8,6.87,
EGIEV416,2025-09-23,0.64,0.66,0.62,0.77,
CPLE5F,2025-09-23,12.4,12.5,12.4,12.8,
BEEF3F,2025-09-23,6.41,6.44,6.35,6.46,
MDIA3,2025-09-23,27.91,28.05,27.7,28.42,
CMIG3,2025-09-23,14.71,14.98,14.63,15.01,
ITRI11,2025-09-23,80,80.65,79.04,80.93,
UNIP6,2025-09-23,73.8,73.46,73.37,74.36,
NEWL11,2025-09-23,104.75,105.48,103.31,105.48,
BRKMV860,2025-09-23,0.51,0.56,0.45,0.58,
BRKMJ900,2025-09-23,0.21,0.16,0.16,0.23,
RBHY11,2025-09-23,76.2,74.22,73.74,76.49,
CPLEV128,2025-09-23,0.2,0.16,0.16,0.21,
VRTX34,2025-09-23,501.8,497.63,497.63,501.8,
GRUL11,2025-09-23,8.35,8.3,8.2,8.35,
RCRB11,2025-09-23,127.66,126.77,126.2,127.66,
SAPRV326,2025-09-23,0.03,0.03,0.03,0.03,
IRIM11,2025-09-23,65.99,65.85,64.56,66,
CGAS3F,2025-09-23,124.99,122.5,121,125,
CXAG11,2025-09-23,74.99,74.77,74.06,75.07,
BEEFK745,2025-09-23,0.1,0.11,0.1,0.11,
TOPP11,2025-09-23,68.58,68.15,67.8,68.58,
ELETV518,2025-09-23,0.69,0.5,0.5,0.7,
CGRA4F,2025-09-23,27.29,27.54,27.01,27.59,
TOTSV430,2025-09-23,0.36,0.4,0.36,0.41,
TAEEL382,2025-09-23,2.22,2.75,2.22,2.75,
GLPF11,2025-09-23,105.24,105.24,105.24,105.24,
BLMO11,2025-09-23,89,89,89,89,
CXCO11,2025-09-23,58.15,58.51,57.64,58.78,
CMIGX113,2025-09-23,0.09,0.08,0.08,0.09,
TAEE4,2025-09-23,11.9,12.01,11.87,12.12,
CMIGV115,2025-09-23,0.05,0.04,0.03,0.05,
ELETK624,2025-09-23,0.13,0.15,0.13,0.16,
VPPR11,2025-09-23,12.95,13.05,12.8,13.05,
JPPC11,2025-09-23,163.03,190,163.03,190,
RADLJ198,2025-09-23,0.18,0.28,0.18,0.33,
RNEW4F,2025-09-23,1.1,1.1,1.08,1.1,
SMRE11,2025-09-23,80,79.49,79.49,80,
NTNS11,2025-09-23,60.17,60.11,60,60.17,
CLSC4,2025-09-23,102.5,102.1,101.2,102.74,
CPLEK133,2025-09-23,0.34,0.4,0.34,0.4,
WFCO34,2025-09-23,114.36,110.94,110.94,114.8,
MRCK34,2025-09-23,53.92,52.77,52.55,53.92,
S2GM34,2025-09-23,11.2,10.84,10.73,11.2,
CEBR5F,2025-09-23,22.78,24.11,22.4,24.17,
PATC11,2025-09-23,38.85,39.25,38.85,39.25,
CSNAU820W4,2025-09-23,0.28,0.28,0.28,0.28,
HOFC11,2025-09-23,28.41,28.3,28.12,28.7,
ELETV533,2025-09-23,3.26,2.54,2.54,3.26,
RINV11,2025-09-23,101.71,103.1,101.71,103.14,
TUPYW130,2025-09-23,0.37,0.4,0.37,0.4,
BIOM3F,2025-09-23,8.89,9.3,8.78,9.44,
BRKMW750,2025-09-23,0.24,0.27,0.24,0.27,
EGIEV41,2025-09-23,0.82,0.85,0.78,0.97,
CMIGV120,2025-09-23,0.16,0.11,0.11,0.16,
EQTLK378,2025-09-23,1.2,1.62,1.2,1.62,
EQTLJ373,2025-09-23,0.96,1.1,0.96,1.11,
ELETK555,2025-09-23,0.48,0.62,0.48,0.64,
TAEEJ381,2025-09-23,0.08,0.19,0.08,0.19,
CEOC11,2025-09-23,44.18,44.04,43.82,44.18,
P2AT34,2025-09-23,8.78,8.28,8.28,8.78,
BEEFJ601,2025-09-23,0.48,0.48,0.48,0.54,
CPFEW357,2025-09-23,0.14,0.14,0.14,0.14,
FVPQ11,2025-09-23,67.01,66.73,65.01,67.85,
JPMC34,2025-09-23,166.01,166.98,164.29,168.46,
MAXR11,2025-09-23,64.3,63.95,62.77,64.81,
MYPKV163,2025-09-23,3.72,3.72,3.72,3.72,
BEEFW635,2025-09-23,0.29,0.3,0.29,0.3,
FIXA11,2025-09-23,17.95,17.9,17.88,17.95,
LTNB11,2025-09-23,103.99,103.99,103.99,103.99,
INEP3F,2025-09-23,1.55,1.66,1.53,1.69,
RIOT34,2025-09-23,338,336.32,334.58,338,
RNEW4,2025-09-23,1.1,1.11,1.07,1.11,
N1GG34,2025-09-23,62.95,62.88,62.88,62.95,
CPFEV374,2025-09-23,0.17,0.13,0.13,0.17,
MULTJ286,2025-09-23,0.94,1.31,0.94,1.31,
ELETV456,2025-09-23,0.08,0.06,0.06,0.08,
BEEFL800,2025-09-23,0.4,0.39,0.39,0.4,
BRKMK110,2025-09-23,0.1,0.09,0.09,0.1,
EGIEJ420,2025-09-23,0.57,0.53,0.46,0.63,
EQTLV365,2025-09-23,0.65,0.47,0.43,0.69,
R1CL34,2025-09-23,898.48,940,886,979.98,
S2HO34,2025-09-23,6.83,6.6,6.59,6.96,
MULTJ316,2025-09-23,0.09,0.14,0.09,0.14,
ELETV506,2025-09-23,0.5,0.43,0.42,0.5,
ELETJ47,2025-09-23,4.09,4.09,4.09,4.09,
ELETV492,2025-09-23,0.07,0.09,0.07,0.09,
ENGI3,2025-09-23,13.52,13.84,13.52,13.99,
EGIEW388,2025-09-23,0.3,0.31,0.3,0.32,
CLSC4F,2025-09-23,103.35,101.09,100.3,103.35,
CMIGK116,2025-09-23,0.98,0.96,0.96,0.98,
ELETW480,2025-09-23,0.82,0.75,0.73,0.82,
RADLV180,2025-09-23,0.66,0.58,0.56,0.69,
HOMS11,2025-09-23,117.38,117.38,117.38,117.38,
ELETW529,2025-09-23,1.47,1.27,1.27,1.47,
ELETW441,2025-09-23,0.16,0.13,0.13,0.16,
CSNAW679,2025-09-23,0.1,0.1,0.1,0.1,
ELETV48,2025-09-23,0.44,0.37,0.34,0.44,
JHSFV607,2025-09-23,0.11,0.11,0.1,0.16,
SAPRJ376,2025-09-23,0.49,0.74,0.49,0.75,
MDIAK315,2025-09-23,0.58,0.55,0.55,0.58,
AZEV12,2025-09-23,0.06,0.07,0.06,0.07,
ELETV582,2025-09-23,3.28,2.78,2.77,3.32,
BEEFV611,2025-09-23,0.13,0.13,0.12,0.13,
JHSFK580,2025-09-23,0.67,0.67,0.67,0.67,
AFLT3F,2025-09-23,7.44,7.44,7.34,7.45,
TPIS3F,2025-09-23,4.02,4.01,4.01,4.07,
RADLW203,2025-09-23,2.22,2.18,2.18,2.22,
EZTCJ142,2025-09-23,3.15,3.25,3.1,3.25,
RADLL205,2025-09-23,0.73,0.74,0.73,0.77,
BRKMJ940,2025-09-23,0.13,0.09,0.09,0.13,
RADLV168,2025-09-23,0.26,0.21,0.19,0.26,
NOCG34,2025-09-23,608.78,606.34,606.34,608.78,
ENEVK140,2025-09-23,2.81,2.88,2.81,2.88,
MILSW945,2025-09-23,0.02,0.02,0.02,0.02,
BEEFK705,2025-09-23,0.18,0.18,0.17,0.19,
ELETW54,2025-09-23,1.74,1.72,1.72,1.77,
RADLJ158,2025-09-23,2.77,2.72,2.72,2.77,
CPLEV124,2025-09-23,0.11,0.13,0.09,0.14,
CSNAW909,2025-09-23,1.02,1.07,1.02,1.07,
N1WG34,2025-09-23,75.04,73.71,73.7,75.04,
ELETJ588,2025-09-23,0.08,0.07,0.07,0.08,
BEEFJ611,2025-09-23,0.5,0.45,0.44,0.5,
TELB4F,2025-09-23,8.75,8.66,8.66,9.4,
ELETV440,2025-09-23,0.05,0.04,0.04,0.05,
TOTSV447,2025-09-23,1.01,1.01,1.01,1.01,
ELETJ46,2025-09-23,4.81,5.06,4.81,5.06,
CPFEJ419,2025-09-23,0.1,0.14,0.1,0.14,
CPFEJ432,2025-09-23,0.05,0.05,0.05,0.05,
COCE3,2025-09-23,31.37,31.3,31,31.37,
SOND6F,2025-09-23,55.99,55.99,55.99,55.99,
MULTJ281,2025-09-23,1.6,1.59,1.59,1.6,
CMIGL108,2025-09-23,1.9,1.9,1.9,1.9,
ELETJ438,2025-09-23,11.77,11.95,11.75,11.95,
BEEFJ631,2025-09-23,0.32,0.32,0.32,0.34,
BEEFK655,2025-09-23,0.37,0.37,0.37,0.37,
RADLJ178,2025-09-23,0.75,1.12,0.75,1.26,
L2AZ34,2025-09-23,6.05,6,6,6.46,
Z1OM34,2025-09-23,17.58,17.38,17.38,17.64,
ELETW461,2025-09-23,0.26,0.25,0.23,0.26,
ELETV490,2025-09-23,0.1,0.08,0.07,0.1,
RADLJ223,2025-09-23,0.02,0.05,0.02,0.05,
MULTJ291,2025-09-23,0.65,0.91,0.65,0.91,
TOPB39,2025-09-23,53.2,54.62,53.2,54.62,
PABY11,2025-09-23,10.25,10.24,10.24,10.25,
ELETI475W4,2025-09-23,3.17,3.16,3.16,3.17,
CSNAV780W1,2025-09-23,0.11,0.12,0.1,0.12,
EGIEJ416,2025-09-23,1.4,1.39,1.12,1.44,
R1HI34,2025-09-23,181.83,178.2,178.2,181.83,
ELETV532,2025-09-23,0.55,0.39,0.39,0.57,
TOTSW375,2025-09-23,0.21,0.21,0.21,0.21,
GCDL11,2025-09-23,113.77,113.77,113.77,113.77,
CSNAK949,2025-09-23,0.13,0.11,0.11,0.13,
SAPRD340,2025-09-23,8,8,8,8,
EGIEV401,2025-09-23,0.24,0.28,0.24,0.32,
ELETK54,2025-09-23,1.97,2.3,1.91,2.3,
BEEFK615,2025-09-23,0.57,0.57,0.57,0.57,
CJCT11,2025-09-23,61.25,61.25,61.25,61.25,
BRKMJ990,2025-09-23,0.07,0.06,0.05,0.07,
VLIDW211,2025-09-23,0.69,0.69,0.69,0.69,
ELETV44,2025-09-23,0.08,0.08,0.07,0.08,
CSNAV709,2025-09-23,0.05,0.05,0.05,0.05,
CSNAJ729,2025-09-23,0.81,0.85,0.79,0.85,
MYPKJ130,2025-09-23,0.26,0.26,0.26,0.26,
CSNAV869,2025-09-23,0.62,0.65,0.62,0.67,
EZTCJ185,2025-09-23,0.13,0.13,0.09,0.15,
ELETW450,2025-09-23,0.3,0.31,0.3,0.31,
BRKMJ105,2025-09-23,0.04,0.03,0.03,0.04,
RADLX140,2025-09-23,0.15,0.16,0.15,0.16,
RADLW198,2025-09-23,1.8,1.76,1.76,1.8,
RADLL218,2025-09-23,0.46,0.48,0.46,0.48,
ELETU490W4,2025-09-23,0.1,0.1,0.1,0.1,
EQTLK360,2025-09-23,2.69,2.75,2.69,2.75,
ELETW435,2025-09-23,0.08,0.06,0.06,0.08,
ENGIV521,2025-09-23,1.31,1.31,1.31,1.31,
ELETJ48,2025-09-23,3.04,3.24,3.04,3.24,
ELETJ475W1,2025-09-23,0.86,1.47,0.86,1.47,
ENEVV157,2025-09-23,0.14,0.14,0.14,0.14,
LEVEW269,2025-09-23,0.36,0.36,0.36,0.36,
CSNAV800W1,2025-09-23,0.17,0.19,0.16,0.19,
EQTLK400,2025-09-23,0.67,0.67,0.67,0.67,
ELETV490W1,2025-09-23,0.25,0.25,0.25,0.25,
EGIEW390,2025-09-23,0.23,0.23,0.23,0.23,
CSNAV829,2025-09-23,0.39,0.43,0.38,0.43,
EQTLJ370W1,2025-09-23,0.78,0.78,0.78,0.78,
BRKMK750,2025-09-23,1.27,1.27,1.27,1.27,
CSNAL980,2025-09-23,0.16,0.16,0.16,0.16,
VSHO11,2025-09-23,73.99,73.99,72.91,73.99,
CSNAJ780W1,2025-09-23,0.31,0.31,0.31,0.31,
MULTW271,2025-09-23,0.35,0.35,0.35,0.35,
CSNAJ909,2025-09-23,0.04,0.03,0.03,0.05,
EQTLV378,2025-09-23,0.93,0.93,0.93,0.93,
JHSFV647,2025-09-23,0.26,0.27,0.25,0.27,
MYPKK123,2025-09-23,0.94,0.94,0.94,0.94,
CPLG11,2025-09-23,11.96,12.19,11.85,12.24,
JHSFS604,2025-09-23,0.24,0.24,0.24,0.24,
CPLEK138,2025-09-23,0.18,0.2,0.18,0.2,
JHSFV597,2025-09-23,0.08,0.06,0.06,0.08,
CSNAJ840W1,2025-09-23,0.09,0.09,0.09,0.09,
EQTLV350W1,2025-09-23,0.05,0.05,0.05,0.05,
LEVEJ290,2025-09-23,0.05,0.11,0.05,0.11,
EGIEJ451,2025-09-23,0.1,0.08,0.08,0.1,
PHIP11,2025-09-23,108.71,109.03,108.71,109.03,
ELETK415,2025-09-23,9.93,9.93,9.93,9.93,
ELETJ436,2025-09-23,9.23,9.23,9.23,9.23,
ELETW519,2025-09-23,1.13,1.02,1,1.13,
ELETI485W4,2025-09-23,2.26,2.26,2.26,2.26,
ELETW40,2025-09-23,0.04,0.03,0.03,0.04,
T1EV34,2025-09-23,51.15,51.15,51.15,51.15,
RANIV823,2025-09-23,0.09,0.09,0.09,0.09,
EZTCV185,2025-09-23,1.42,1.43,1.42,1.43,
S2NA34,2025-09-23,7.74,7.49,7.44,7.74,
S2TA34,2025-09-23,37.1,37.16,37.1,37.48,
CPFEV392,2025-09-23,0.75,0.75,0.75,0.75,
RBTS11,2025-09-23,360,370,360,370,
LOWC34,2025-09-23,68.36,68.36,68.36,68.36,
CSNAJ919,2025-09-23,0.03,0.03,0.03,0.03,
CPFEV389,2025-09-23,0.65,0.62,0.62,0.65,
BEEFW675,2025-09-23,0.47,0.47,0.47,0.47,
ALPAJ991,2025-09-23,0.38,0.36,0.36,0.38,
CMIGX104,2025-09-23,0.04,0.04,0.04,0.04,
RANIJ823,2025-09-23,0.36,0.36,0.36,0.36,
CMIGW111,2025-09-23,0.07,0.05,0.05,0.07,
ELETV471,2025-09-23,0.12,0.12,0.1,0.14,
RADLB330,2025-09-23,0.07,0.04,0.04,0.07,
MULTJ296,2025-09-23,0.44,0.65,0.44,0.65,
V1ST34,2025-09-23,80.22,78,78,80.22,
K1SS34,2025-09-23,93.95,94,93.95,94,
BRKMK105,2025-09-23,0.11,0.11,0.11,0.11,
P1DT34,2025-09-23,276.36,275.94,275.94,276.36,
ODPVV130,2025-09-23,0.2,0.19,0.16,0.2,
CSNAW759,2025-09-23,0.25,0.25,0.25,0.25,
CSNAC18,2025-09-23,0.04,0.04,0.04,0.04,
ELETW433,2025-09-23,0.07,0.06,0.06,0.07,
CSNAV689,2025-09-23,0.04,0.03,0.03,0.04,
CPFEJ399,2025-09-23,0.6,0.6,0.6,0.6,
RANIV832,2025-09-23,0.18,0.18,0.18,0.18,
MULTV266,2025-09-23,0.1,0.1,0.1,0.1,
LEVEV285,2025-09-23,0.84,0.9,0.84,0.9,
MULTV273,2025-09-23,0.2,0.18,0.18,0.2,
HAGA4F,2025-09-23,1.16,1.15,1.15,1.16,
SIVR39,2025-09-23,74.39,74.27,74.27,74.39,
ELETJ50,2025-09-23,3.41,3.47,3.36,3.47,
EGIEK406,2025-09-23,2.64,2.64,2.64,2.64,
CPLEJ124,2025-09-23,0.57,0.57,0.55,0.62,
UNIPL750,2025-09-23,3.5,3.5,3.5,3.5,
TAEEK33,2025-09-23,3.51,3.51,3.51,3.51,
EVENJ790,2025-09-23,0.23,0.23,0.23,0.23,
ELETJ485,2025-09-23,2.38,2.38,2.38,2.38,
CSNAK839,2025-09-23,0.41,0.41,0.41,0.41,
L1YB34,2025-09-23,136.64,136.64,136.64,136.64,
CSNAW719,2025-09-23,0.16,0.16,0.16,0.16,
ELETV465,2025-09-23,0.04,0.03,0.03,0.04,
RANIK832,2025-09-23,0.38,0.41,0.38,0.41,
EGIEW393,2025-09-23,0.39,0.39,0.39,0.39,
ENGIJ501,2025-09-23,2.32,2.32,2.32,2.32,
RADLU21,2025-09-23,2.87,2.87,2.87,2.87,
ELETV485W1,2025-09-23,0.25,0.25,0.25,0.25,
ENGIV495,2025-09-23,1.03,1.03,1.03,1.03,
ELETW6,2025-09-23,1.43,1.43,1.43,1.43,
BRKMR700,2025-09-23,0.58,0.58,0.58,0.58,
BRKMU880W4,2025-09-23,0.36,0.36,0.36,0.36,
BEEFW685,2025-09-23,0.56,0.56,0.56,0.56,
P2CO34,2025-09-23,40,40,40,40,
TUPYJ180,2025-09-23,0.01,0.01,0.01,0.01,
RADLW148,2025-09-23,0.22,0.22,0.22,0.22,
KNHY11,2025-09-23,101.27,101.45,100.8,101.45,
BEEF3,2025-09-23,6.4,6.37,6.35,6.46,
TOTS3,2025-09-23,45.69,45.24,45.21,46,
XPCI11,2025-09-23,82.77,83.4,82.75,83.4,
HGBR11,2025-09-23,50.35,50.03,49.99,50.5,
LVBI11,2025-09-23,108.5,108.52,108.01,109.05,
KIVO11,2025-09-23,63.82,64.81,63.77,64.88,
VGIR11,2025-09-23,9.57,9.54,9.5,9.57,
HFOF11,2025-09-23,6.1,6.15,6.1,6.16,
HGRU11,2025-09-23,126.78,126.18,125.78,126.78,
XPML11,2025-09-23,105.01,104.58,104.31,105.29,
CPLE3,2025-09-23,12.03,12.17,11.98,12.17,
IB5M11,2025-09-23,114.76,115.28,114.76,115.52,
ENGI11,2025-09-23,49.89,50.94,49.83,50.94,
RBFF11,2025-09-23,49.67,49.78,49.67,50.68,
CLIN11,2025-09-23,87.79,87.8,87.2,87.8,
EGIEK433,2025-09-23,1.16,1.09,1.04,1.19,
RBRP11,2025-09-23,51.3,51.55,51.3,51.82,
ROMI3F,2025-09-23,8.14,8.04,7.9,8.14,
EZTC3F,2025-09-23,16.87,16.95,16.83,17.1,
TRBL11,2025-09-23,64.04,64.51,64.04,65.36,
VINO11,2025-09-23,5,5.02,4.98,5.03,
BRKMJ860,2025-09-23,0.36,0.29,0.28,0.4,
MDIA3F,2025-09-23,27.91,28.24,27.74,28.36,
EQTLL382,2025-09-23,2.6,2.14,2.12,2.6,
CSNAV749,2025-09-23,0.11,0.12,0.11,0.12,
SADI11,2025-09-23,8.65,8.61,8.6,8.69,
CEBR3F,2025-09-23,22.85,23.39,22.76,23.4,
BTRA11,2025-09-23,55.5,55.55,55.5,56.68,
BRKMJ840W1,2025-09-23,0.17,0.17,0.17,0.17,
CPLE6F,2025-09-23,12.77,12.94,12.77,13,
BRKMJ780,2025-09-23,0.83,0.7,0.69,0.89,
AGRO3,2025-09-23,20.36,20.3,20.3,20.53,
SNLG11,2025-09-23,2.7,2.67,2.45,2.85,
TJKB11,2025-09-23,249.95,247.99,247.99,249.99,
ZAVI11,2025-09-23,87.91,87.68,87.67,89,
PAGS34,2025-09-23,10.92,10.84,10.73,11.1,
S2EA34,2025-09-23,41.11,38.92,38.92,41.11,
RVBI11,2025-09-23,63.89,63.65,63.2,64,
BBFO11,2025-09-23,64,64.28,63.57,64.5,
IDKA11,2025-09-23,55.15,55.26,55.15,55.38,
SNME11,2025-09-23,9.48,9.5,9.48,9.59,
RZZR11,2025-09-23,134.97,134.99,134.97,134.99,
HSLG11,2025-09-23,86,86.78,86,87.42,
BIME11,2025-09-23,6.96,6.93,6.93,6.96,
BEEFX50,2025-09-23,0.22,0.08,0.08,0.22,
M1SC34,2025-09-23,68.94,68.32,68.25,68.94,
ELETK510,2025-09-23,2.24,2.41,2.24,2.48,
NIKE34,2025-09-23,38.25,37.55,37.4,38.55,
RADLW185,2025-09-23,1.13,1.14,1.13,1.14,
SNCI11,2025-09-23,83.78,83.8,83.04,83.86,
DAYM11,2025-09-23,4.58,4.47,4.47,4.58,
SSFO34,2025-09-23,60.5,58.7,58.7,60.71,
ELETV468,2025-09-23,0.12,0.11,0.08,0.12,
PULV11,2025-09-23,8.85,8.85,8.78,8.86,
BEEF11F,2025-09-23,2.7,2.7,2.7,2.74,
INLG11,2025-09-23,74.65,74.06,74.01,74.67,
REGN34,2025-09-23,52.15,49.9,49.9,52.15,
TAEEJ376,2025-09-23,0.17,0.32,0.16,0.4,
ORLY34,2025-09-23,1.81,1.77,1.73,1.81,
RADLL210,2025-09-23,0.67,0.68,0.64,0.76,
ELETJ510,2025-09-23,0.97,1.26,0.88,1.39,
N1DA34,2025-09-23,239.76,232.66,232.66,239.76,
HUCG11,2025-09-23,91.86,99.99,91.85,99.99,
TUPYJ140,2025-09-23,0.65,0.29,0.29,0.65,
N1EM34,2025-09-23,454.23,464.86,446.43,464.86,
FIIB11,2025-09-23,502,501.98,500.01,502,
ENMT3F,2025-09-23,52.2,54.91,52.2,55.36,
BEEFJ691,2025-09-23,0.12,0.18,0.12,0.18,
ELETJ489,2025-09-23,2.02,2.51,2.02,2.52,
CARE11,2025-09-23,1.12,1.11,1.08,1.13,
RADLV163,2025-09-23,0.16,0.15,0.13,0.16,
TORD11,2025-09-23,3.13,3.12,3.12,3.13,
SCAR3F,2025-09-23,20.38,20.46,20.38,20.82,
BOBR4F,2025-09-23,1.46,1.47,1.39,1.5,
BOBR4,2025-09-23,1.39,1.38,1.38,1.45,
CTSA4,2025-09-23,2.46,2.46,2.46,2.46,
TAEEM336,2025-09-23,0.2,0.2,0.2,0.2,
TOTSV417,2025-09-23,0.22,0.23,0.21,0.23,
RADLV178,2025-09-23,0.72,0.51,0.47,0.72,
TOTSJ447,2025-09-23,1.67,1.7,1.67,1.72,
ELETJ542,2025-09-23,1.75,2.19,1.64,2.19,
TOTSV450,2025-09-23,0.98,1,0.98,1,
CMIGJ125,2025-09-23,0.09,0.14,0.09,0.15,
NCRI11,2025-09-23,8.82,8.75,8.75,8.82,
EQTLV338,2025-09-23,0.08,0.07,0.07,0.08,
ELETV510W1,2025-09-23,0.92,0.84,0.78,0.94,
ELETK500,2025-09-23,2.49,3.02,2.49,3.02,
ELETV480,2025-09-23,0.05,0.06,0.05,0.06,
CSNAV10,2025-09-23,0.26,0.3,0.23,0.3,
TAEEV356,2025-09-23,0.16,0.08,0.08,0.16,
CSNAW799,2025-09-23,0.43,0.44,0.43,0.44,
BRKMJ100,2025-09-23,0.05,0.04,0.04,0.06,
CSNAW739,2025-09-23,0.2,0.23,0.2,0.23,
W1AB34,2025-09-23,514.02,514.02,514.02,514.02,
EQTLK368,2025-09-23,1.72,2.14,1.72,2.14,
T2ER34,2025-09-23,39.4,39.4,39.4,39.4,
RADLJ213,2025-09-23,0.06,0.07,0.06,0.07,
ELETV536,2025-09-23,1.5,1.5,1.5,1.5,
CMIGW125,2025-09-23,0.27,0.26,0.22,0.28,
VULCV214,2025-09-23,0.5,0.49,0.46,0.5,
EGIEV395,2025-09-23,0.21,0.2,0.19,0.24,
ELETW454,2025-09-23,0.42,0.36,0.34,0.42,
BEEFV720,2025-09-23,0.06,0.06,0.06,0.06,
SAPRJ29,2025-09-23,10,10.2,10,10.2,
CSNAJ10,2025-09-23,0.32,0.32,0.32,0.41,
EGIEK438,2025-09-23,0.91,0.91,0.91,0.91,
EQTLV373,2025-09-23,0.78,0.7,0.7,0.78,
ODPVK143,2025-09-23,0.21,0.21,0.21,0.21,
ROMIK870,2025-09-23,0.12,0.12,0.12,0.12,
CMIGJ118,2025-09-23,0.47,0.63,0.47,0.63,
EZTCV147,2025-09-23,0.06,0.06,0.06,0.06,
CSNAK809,2025-09-23,0.55,0.52,0.52,0.55,
EZTCJ182,2025-09-23,0.22,0.26,0.22,0.26,
ELETV473,2025-09-23,0.14,0.13,0.02,0.14,
CGRA4,2025-09-23,27.27,27.5,27.11,27.5,
ELETV542,2025-09-23,0.8,0.62,0.62,0.87,
BRKM6F,2025-09-23,7.33,7.3,7.3,7.33,
ENEVV145,2025-09-23,0.03,0.03,0.03,0.03,
TAEEV361,2025-09-23,0.22,0.15,0.14,0.22,
TAEEL376,2025-09-23,0.61,0.61,0.61,0.61,
ELETV520W1,2025-09-23,1.52,1.48,1.48,1.53,
EGIEJ426,2025-09-23,0.79,0.7,0.66,0.85,
EQTLW368,2025-09-23,0.89,0.83,0.82,0.89,
BIOM12F,2025-09-23,0.17,0.17,0.17,0.17,
URHF11,2025-09-23,83.7,79.85,79.85,83.7,
EGIEJ456,2025-09-23,0.08,0.07,0.07,0.08,
CSNAV809,2025-09-23,0.29,0.32,0.27,0.32,
HRDF11,2025-09-23,4.5,4.72,4.5,5.74,
FAMB11,2025-09-23,805.01,807.59,805.01,829,
EGIEJ401,2025-09-23,2.6,2.37,2.2,2.6,
GRNDM600,2025-09-23,0.39,0.39,0.39,0.39,
ROMIJ810,2025-09-23,0.19,0.24,0.19,0.24,
CPOF11,2025-09-23,109.99,109.99,108.5,109.99,
ELETJ558,2025-09-23,0.08,0.09,0.08,0.09,
CPLEV13,2025-09-23,0.31,0.25,0.25,0.31,
BRKMV130,2025-09-23,4.63,4.63,4.63,4.63,
PACL11,2025-09-23,101.82,101.82,101.82,101.82,
RADLK228,2025-09-23,0.2,0.2,0.2,0.2,
HETA4,2025-09-23,4.81,4.81,4.81,4.81,
MULTK296,2025-09-23,1.06,1.3,0.99,1.3,
BIED3F,2025-09-23,3.15,3.15,3.12,3.27,
VVCO11,2025-09-23,14.44,14.74,14.44,14.74,
RADLW168,2025-09-23,0.69,0.48,0.45,0.69,
TRNT11,2025-09-23,95.6,95.03,95.03,95.6,
CSNAJ889,2025-09-23,0.06,0.05,0.05,0.07,
TOTSV400,2025-09-23,0.11,0.14,0.11,0.14,
RADLW158,2025-09-23,0.39,0.28,0.28,0.39,
ELETW5,2025-09-23,0.94,0.88,0.87,0.95,
JHSFW600,2025-09-23,0.15,0.15,0.14,0.15,
AZEV11F,2025-09-23,0.09,0.09,0.08,0.09,
W1IX34,2025-09-23,32.27,31.2,31.2,32.27,
SAPRV371,2025-09-23,0.87,0.63,0.63,0.87,
EGIEJ406,2025-09-23,2.04,1.92,1.84,2.04,
BMLT11,2025-09-23,102.66,102.66,102.66,102.66,
EQTLK428,2025-09-23,0.11,0.16,0.11,0.17,
VLIDW226,2025-09-23,1.49,1.5,1.49,1.5,
UNIPM530,2025-09-23,0.1,0.09,0.09,0.1,
TAEEJ346,2025-09-23,2.35,2.6,2.35,2.6,
REDE3,2025-09-23,6.37,6.35,6.35,6.38,
BEEFV551,2025-09-23,0.02,0.02,0.02,0.02,
BEEFW505,2025-09-23,0.05,0.01,0.01,0.05,
N1RG34,2025-09-23,878.35,884.95,878.35,884.95,
RADLL190,2025-09-23,1.28,1.34,1.26,1.34,
MCEM11,2025-09-23,65.77,65.77,65.76,65.77,
RANIW732,2025-09-23,0.03,0.03,0.03,0.03,
CSNAV15,2025-09-23,4.82,4.8,4.8,4.82,
ENGIJ511,2025-09-23,1.7,1.99,1.7,1.99,
EUCA3F,2025-09-23,20.76,20.99,20.26,20.99,
BEEFV621,2025-09-23,0.15,0.15,0.12,0.15,
CMIGX2,2025-09-23,0.4,0.4,0.4,0.4,
SAPRV331,2025-09-23,0.03,0.03,0.03,0.03,
ENEVW155,2025-09-23,0.25,0.25,0.25,0.25,
BTYU11,2025-09-23,9.9,9.9,9.9,9.9,
ELETV485,2025-09-23,0.51,0.42,0.41,0.55,
ELETL57,2025-09-23,0.6,0.61,0.6,0.61,
VLIDV191,2025-09-23,0.04,0.04,0.04,0.04,
MULTV256,2025-09-23,0.06,0.04,0.04,0.06,
ELETK530,2025-09-23,1.02,1.34,1.02,1.35,
EGIEW408,2025-09-23,0.75,0.7,0.7,0.75,
BEEFK715,2025-09-23,0.16,0.16,0.15,0.17,
JHSFV570,2025-09-23,0.03,0.03,0.03,0.03,
S2TW34,2025-09-23,35.6,35.3,35.3,35.6,
L1WH34,2025-09-23,145,145,145,145,
RADLL213,2025-09-23,0.53,0.56,0.53,0.56,
CMIGW109,2025-09-23,0.04,0.04,0.04,0.04,
BEEFW625,2025-09-23,0.25,0.25,0.25,0.25,
BEEFJ790,2025-09-23,0.25,0.24,0.23,0.25,
RADLW233,2025-09-23,4.73,4.71,4.71,4.73,
K1IM34,2025-09-23,115.56,115.56,115.56,115.56,
MULTJ283,2025-09-23,1.28,1.43,1.28,1.43,
BRKMV107,2025-09-23,2.35,2.35,2.35,2.35,
CGAS3,2025-09-23,122.41,122.4,122.4,122.41,
EGIEK408,2025-09-23,2.26,2.26,2.26,2.26,
HBORW30,2025-09-23,0.08,0.1,0.08,0.1,
BRKMJ115,2025-09-23,0.02,0.02,0.02,0.02,
MILSV100,2025-09-23,0.01,0.01,0.01,0.01,
CSNAJ820W1,2025-09-23,0.17,0.12,0.12,0.17,
EQTLJ385W1,2025-09-23,0.2,0.2,0.2,0.2,
BMKS3,2025-09-23,424,434.99,412,440,
CMIGA122,2025-09-23,0.77,0.77,0.77,0.77,
BEEFJ701,2025-09-23,0.11,0.09,0.09,0.11,
VLIDK221,2025-09-23,1,1,1,1,
ELETV50,2025-09-23,0.32,0.22,0.22,0.32,
S1KM34,2025-09-23,28.92,28.92,28.92,28.92,
M1KT34,2025-09-23,19.08,19.08,19.08,19.08,
JHSFK610,2025-09-23,0.63,0.62,0.62,0.63,
V1RS34,2025-09-23,16.9,16.9,16.9,16.9,
N1XP34,2025-09-23,599.4,607.2,599.4,607.2,
TELM11,2025-09-23,10.05,10.05,10.05,10.05,
SAPRV341,2025-09-23,0.07,0.07,0.07,0.07,
RDLI11,2025-09-23,110,110,110,110,
RADLV158,2025-09-23,0.12,0.09,0.09,0.12,
RADLK223,2025-09-23,0.25,0.25,0.25,0.25,
EGIEK436,2025-09-23,0.95,0.95,0.95,0.95,
RADLK175,2025-09-23,1.79,1.83,1.79,1.83,
EGIEX376,2025-09-23,0.2,0.2,0.2,0.2,
MYPKJ163,2025-09-23,0.02,0.02,0.02,0.02,
BEEFV681,2025-09-23,0.49,0.49,0.49,0.49,
JHSFV537,2025-09-23,0.01,0.01,0.01,0.01,
VULCV204,2025-09-23,0.11,0.11,0.11,0.11,
ELETJ431,2025-09-23,9.6,9.6,9.6,9.6,
CSNAK719,2025-09-23,1.22,1.22,1.22,1.22,
ELETK462,2025-09-23,8.2,8.2,8.2,8.2,
EZTCK167,2025-09-23,1.46,1.46,1.46,1.46,
CSNAW659,2025-09-23,0.08,0.08,0.08,0.08,
JHSFL649,2025-09-23,0.41,0.41,0.41,0.41,
CMIGV106,2025-09-23,0.01,0.01,0.01,0.02,
SAPRJ341,2025-09-23,2.76,2.99,2.76,2.99,
S1EA34,2025-09-23,188.05,179.1,179.1,188.05,
CSNAV909,2025-09-23,1.1,1.1,1.1,1.1,
ELETV515,2025-09-23,0.26,0.27,0.25,0.27,
MULTV286,2025-09-23,0.55,0.55,0.55,0.55,
VULCK221,2025-09-23,0.55,0.55,0.55,0.55,
TAEEK34,2025-09-23,2.67,2.58,2.58,2.67,
ELETW471,2025-09-23,0.32,0.32,0.32,0.34,
BIOM11,2025-09-23,3.39,3.39,3.39,3.39,
MDIAK322,2025-09-23,0.33,0.33,0.33,0.33,
BEEFL671,2025-09-23,0.27,0.27,0.27,0.27,
MULTW316,2025-09-23,2.38,2.38,2.38,2.38,
TAEEK336,2025-09-23,3.7,3.7,3.7,3.7,
CPFEX362,2025-09-23,0.25,0.25,0.25,0.25,
BRKMR110,2025-09-23,2.2,2.17,2.17,2.2,
ELETV55,2025-09-23,2.86,2.57,2.57,2.93,
BRKMV115,2025-09-23,2.97,2.97,2.97,2.97,
ELETJ488,2025-09-23,4.01,4.01,4.01,4.01,
EGIEW416,2025-09-23,1.04,1.04,1.04,1.04,
CSNAV629,2025-09-23,0.01,0.01,0.01,0.01,
T1EL34,2025-09-23,584.5,584.5,584.5,584.5,
ROMIW790,2025-09-23,0.16,0.16,0.16,0.16,
ELETV458,2025-09-23,0.06,0.06,0.06,0.06,
ELETW448,2025-09-23,0.09,0.1,0.09,0.1,
MCRE11,2025-09-23,8.84,8.75,8.7,8.85,
ROXO34,2025-09-23,14.55,14.22,14.21,14.64,
MCCI11,2025-09-23,89.75,90.22,88.71,90.44,
TUPYV130,2025-09-23,0.18,0.19,0.18,0.2,
RZTR11,2025-09-23,92.4,92.09,92.05,92.55,
BTLG11,2025-09-23,102.05,102.2,101.83,102.49,
GRND3,2025-09-23,5.23,5.26,5.21,5.28,
XPLG11,2025-09-23,101,101.05,100.58,101.3,
ENEV3,2025-09-23,16.38,16.51,16.32,16.52,
HBOR3,2025-09-23,3.58,3.56,3.52,3.63,
MYPK3,2025-09-23,12.52,12.41,12.36,12.61,
RANI3,2025-09-23,8.18,8.31,8.18,8.35,
EGIEW423,2025-09-23,1.22,1.28,1.22,1.38,
VILG11,2025-09-23,88.07,88.5,87.45,88.5,
RBRX11,2025-09-23,7.86,7.86,7.85,7.93,
RANI3F,2025-09-23,8.18,8.37,8.18,8.37,
DEVA11,2025-09-23,26.52,26.61,26.52,27.09,
BPML11,2025-09-23,78.28,78.2,77.63,78.29,
PMLL11,2025-09-23,101.09,100.74,100.2,101.09,
ALPA4,2025-09-23,9.85,9.72,9.72,9.94,
FRAS3F,2025-09-23,22.25,22.6,22.25,22.6,
RCRI11,2025-09-23,99.25,99.32,99.18,99.32,
EZTC3,2025-09-23,16.91,17.08,16.83,17.09,
RADL3F,2025-09-23,17.55,18.35,17.5,18.51,
EGIEV420,2025-09-23,1.35,1.4,1.26,1.56,
RBRD11,2025-09-23,40,40.03,39.99,40.03,
P2LT34,2025-09-23,321.99,321.5,313.05,330.25,
MFII11,2025-09-23,79.75,79.63,79,79.75,
RBHG11,2025-09-23,65.52,66.16,65.52,66.78,
BBRC11,2025-09-23,98.49,99.8,98.49,100.13,
MSFT34,2025-09-23,114.73,112.98,111.76,114.73,
CNES11,2025-09-23,1.53,1.59,1.48,1.6,
ELETV552,2025-09-23,1.21,0.97,0.94,1.3,
PRNR3,2025-09-23,17.5,17.84,17.44,17.94,
WALM34,2025-09-23,34.25,33.89,33.51,34.25,
TOTSJ460,2025-09-23,1.08,1.06,1.03,1.08,
SEQR11,2025-09-23,48.91,48.9,48.67,49.99,
WHRL4F,2025-09-23,4.95,5.05,4.9,5.05,
MSCD34,2025-09-23,100.6,96.48,96.48,100.8,
BRKMV840,2025-09-23,0.4,0.46,0.36,0.47,
SFIX11,2025-09-23,101.89,100.87,100.87,101.9,
BRKMV780,2025-09-23,0.18,0.2,0.13,0.21,
JSCR11,2025-09-23,8.07,8,8,8.07,
TRXB11,2025-09-23,157.99,150.02,150.01,157.99,
BLMG11,2025-09-23,34.4,33.99,33.88,34.67,
CPLE3F,2025-09-23,12.07,12.19,12,12.19,
BRKM3,2025-09-23,8.96,8.63,8.63,8.98,
EQTLV353,2025-09-23,0.22,0.21,0.21,0.22,
HTMX11,2025-09-23,138.3,138.03,137.91,139.12,
ALPAW931,2025-09-23,0.33,0.35,0.3,0.35,
SAPRJ396,2025-09-23,0.15,0.16,0.15,0.16,
FIGS11,2025-09-23,48.16,48.01,47.83,48.4,
SAPRJ386,2025-09-23,0.34,0.38,0.34,0.38,
BRKMV760,2025-09-23,0.13,0.15,0.1,0.15,
BNFS11,2025-09-23,74.99,74.75,74.54,74.99,
RADLJ183,2025-09-23,0.57,0.83,0.57,0.95,
ELETW476,2025-09-23,0.42,0.37,0.35,0.43,
RADLL230,2025-09-23,0.3,0.31,0.3,0.37,
EKTR4F,2025-09-23,46.89,46.9,46.89,46.9,
TAEEK386,2025-09-23,0.41,0.54,0.39,0.54,
CSNAI820W4,2025-09-23,0.09,0.05,0.03,0.09,
ROMI3,2025-09-23,8.05,8.01,7.88,8.05,
AZEV4F,2025-09-23,0.41,0.41,0.39,0.42,
T1AM34,2025-09-23,44.95,44.06,43.62,44.95,
ELETK515,2025-09-23,2.15,2.08,2.06,2.16,
EGIEV436,2025-09-23,1.7,1.77,1.56,1.93,
ELETK565,2025-09-23,0.4,0.44,0.4,0.46,
R2BL34,2025-09-23,73.33,70.13,70,73.33,
ELETJ538,2025-09-23,0.29,0.31,0.29,0.31,
RNEW3,2025-09-23,1.1,1.08,1.07,1.12,
BRKMJ840,2025-09-23,0.43,0.35,0.35,0.5,
JNJB34,2025-09-23,62.08,61.81,61.81,62.68,
MCLO11,2025-09-23,10.19,10,9.82,10.19,
ABCP11,2025-09-23,79.9,80,79.6,80.52,
LUXM4F,2025-09-23,3.46,3.46,3.42,3.67,
WUNI34,2025-09-23,43.6,42.93,42.8,43.6,
FYTO11,2025-09-23,7.93,7.87,7.8,7.93,
CMIGW131,2025-09-23,0.78,0.77,0.77,0.78,
RADLX138,2025-09-23,0.13,0.13,0.13,0.14,
ALPAJ102,2025-09-23,0.15,0.18,0.15,0.18,
MULTW291,2025-09-23,1.07,0.87,0.87,1.07,
ELETJ55,2025-09-23,0.27,0.45,0.27,0.48,
W1BD34,2025-09-23,105.33,103.96,103.96,105.6,
EQTLV375,2025-09-23,0.85,0.8,0.8,0.85,
ELETK570,2025-09-23,0.28,0.38,0.28,0.38,
JHSFJ667,2025-09-23,0.09,0.08,0.08,0.11,
SAPRK363,2025-09-23,2.1,2.28,2.1,2.28,
ISCJ11,2025-09-23,50.16,45.02,45.02,61.75,
BRKMV940,2025-09-23,1.05,1.18,0.98,1.18,
JHSFJ747,2025-09-23,0.01,0.04,0.01,0.04,
ENGI3F,2025-09-23,13.74,13.76,13.54,13.8,
ELETV7,2025-09-23,0.98,0.69,0.67,0.98,
BEEFV671,2025-09-23,0.42,0.42,0.42,0.42,
CSNAW969,2025-09-23,1.61,1.61,1.61,1.61,
ENEVV150,2025-09-23,0.06,0.08,0.06,0.08,
TUPYV145,2025-09-23,0.93,0.95,0.89,0.95,
L1YG34,2025-09-23,24,23.62,23.42,24,
M1RN34,2025-09-23,7.17,6.79,6.79,7.19,
BRIM11,2025-09-23,487.96,487.98,473.02,487.98,
BDLL4,2025-09-23,7,7.01,7,7.2,
TAEEL381,2025-09-23,0.45,0.64,0.45,0.71,
PQDP11,2025-09-23,2326.02,2330,2301.01,2330,
BRKMJ960,2025-09-23,0.09,0.07,0.07,0.1,
EQTLK413,2025-09-23,0.36,0.37,0.36,0.37,
TAEEJ361,2025-09-23,0.97,1.28,0.97,1.38,
CRFF11,2025-09-23,75.26,73.84,73.26,75.26,
RADLW163,2025-09-23,0.38,0.36,0.36,0.38,
BEEFB701,2025-09-23,0.41,0.41,0.41,0.41,
MULTW266,2025-09-23,0.31,0.27,0.27,0.31,
MULTW281,2025-09-23,0.69,0.56,0.56,0.69,
MULTK301,2025-09-23,1,1.11,1,1.11,
EQTLJ380,2025-09-23,0.54,0.65,0.54,0.66,
TUPYW140,2025-09-23,0.61,0.81,0.61,0.81,
EQTLV360,2025-09-23,0.36,0.33,0.33,0.36,
TAEEJ356,2025-09-23,1.65,1.87,1.65,1.87,
PATA11,2025-09-23,10,9.99,9.99,10,
BRKMV100,2025-09-23,1.6,1.7,1.56,1.7,
JHSFJ557,2025-09-23,0.8,0.8,0.8,0.8,
TAEEJ391,2025-09-23,0.03,0.04,0.03,0.04,
L2RN34,2025-09-23,193.2,189.05,188.67,193.2,
FRIO3F,2025-09-23,213.5,213.5,213.5,213.5,
SAPRJ351,2025-09-23,2,2.39,1.98,2.44,
FLMA11,2025-09-23,142.35,142.54,142.35,144.41,
Z2SC34,2025-09-23,51.54,51.25,51.09,51.54,
BRKMU840W4,2025-09-23,0.12,0.23,0.12,0.23,
W1PP34,2025-09-23,25.92,25.45,25.45,26.01,
CSNAW979,2025-09-23,1.71,1.71,1.71,1.71,
PTNT3F,2025-09-23,8.13,8.03,8.03,8.29,
ELETV448,2025-09-23,0.05,0.05,0.04,0.05,
EQTLK383,2025-09-23,1.11,1.3,1.11,1.33,
EZTCV166,2025-09-23,0.39,0.39,0.39,0.39,
RADLW153,2025-09-23,0.25,0.21,0.21,0.25,
ONDV11,2025-09-23,10.65,10.1,10.1,10.65,
TAEEV346,2025-09-23,0.05,0.04,0.04,0.05,
CEEB3F,2025-09-23,36.75,36.75,36.75,36.75,
MYPKJ123,2025-09-23,0.51,0.48,0.47,0.51,
HLOG11,2025-09-23,8.89,8.89,8.77,8.9,
MDIAK283,2025-09-23,1.88,1.88,1.88,1.88,
DPRO11,2025-09-23,6.04,6.04,5.97,6.05,
NUTR3,2025-09-23,2.85,2.89,2.85,2.89,
EGIEV391,2025-09-23,0.11,0.14,0.11,0.18,
EQTLV358,2025-09-23,0.43,0.26,0.26,0.43,
ROXOJ145,2025-09-23,0.46,0.39,0.39,0.46,
CPFEJ409,2025-09-23,0.27,0.3,0.27,0.3,
W1BO34,2025-09-23,17.45,15.88,15.88,17.45,
SAPRV29,2025-09-23,0.01,0.01,0.01,0.01,
ELETV565,2025-09-23,0.42,0.31,0.31,0.45,
CSNAL850,2025-09-23,0.48,0.48,0.48,0.48,
JHSFJ647,2025-09-23,0.05,0.15,0.05,0.16,
CMIGV128,2025-09-23,0.54,0.5,0.5,0.54,
S2FM34,2025-09-23,210.45,210.21,210.21,210.45,
CPLEJ138,2025-09-23,0.06,0.06,0.06,0.06,
BDLL3,2025-09-23,9.9,9.9,9.9,9.9,
APXM11,2025-09-23,84.19,84,84,84.5,
BIED3,2025-09-23,3.26,3.17,3.1,3.27,
RSUL4,2025-09-23,64.6,64.5,64.06,65.45,
EQTLJ355,2025-09-23,2.34,2.41,2.34,2.41,
KNRE11,2025-09-23,0.32,0.32,0.31,0.32,
ELETJ465,2025-09-23,9.06,9.25,9.04,9.25,
EQTLV333,2025-09-23,0.05,0.05,0.05,0.05,
CGRA3F,2025-09-23,27.83,28,27.49,28,
RNEW11F,2025-09-23,3.48,3.31,3.29,3.6,
EQTLI375W4,2025-09-23,0.32,0.35,0.32,0.35,
CPFEV372,2025-09-23,0.12,0.11,0.1,0.12,
CPFEK412,2025-09-23,0.86,1.05,0.86,1.05,
SAPRV356,2025-09-23,0.26,0.2,0.2,0.33,
BRKMX100,2025-09-23,1.7,1.7,1.7,1.7,
CPFEJ412,2025-09-23,0.17,0.29,0.17,0.29,
CTAX3F,2025-09-23,1.2,1.1,1.1,1.21,
ROXOJ140,2025-09-23,0.68,0.68,0.68,0.68,
RBIR11,2025-09-23,91.94,91.94,91.3,91.95,
JHSFK590,2025-09-23,0.65,0.7,0.64,0.7,
JHSFV547,2025-09-23,0.04,0.02,0.02,0.04,
TAEEV341,2025-09-23,0.03,0.03,0.03,0.03,
RADLM200,2025-09-23,1.1,1.1,1.1,1.1,
EQTLK425,2025-09-23,0.19,0.18,0.18,0.19,
RADLK173,2025-09-23,1.89,1.99,1.86,2.09,
VULCJ224,2025-09-23,0.21,0.12,0.12,0.21,
VLIDV211,2025-09-23,0.34,0.34,0.31,0.34,
ELETV6,2025-09-23,0.24,0.29,0.24,0.3,
EQTLJ388,2025-09-23,0.3,0.37,0.3,0.37,
ENEVW150,2025-09-23,0.16,0.16,0.16,0.16,
K1EY34,2025-09-23,99.5,99.5,99.5,99.5,
PNVLJ108,2025-09-23,0.04,0.04,0.04,0.04,
BEEFW595,2025-09-23,0.16,0.16,0.16,0.16,
CSNAN927,2025-09-23,0.51,0.56,0.51,0.6,
RADLJ168,2025-09-23,1.78,1.91,1.78,1.91,
BEEFK645,2025-09-23,0.41,0.4,0.4,0.41,
EQTLW345,2025-09-23,0.33,0.33,0.33,0.33,
TUPYJ185,2025-09-23,0.01,0.01,0.01,0.01,
RADLL203,2025-09-23,0.8,0.85,0.8,0.86,
HAGA3,2025-09-23,1.83,1.75,1.71,1.84,
CPFEJ392,2025-09-23,0.96,0.98,0.96,0.98,
ELETK523,2025-09-23,4.6,4.6,4.6,4.6,
EGIEK428,2025-09-23,1.36,1.37,1.24,1.38,
LEVEW295,2025-09-23,1.75,1.75,1.75,1.75,
MULTV291,2025-09-23,0.75,0.56,0.56,0.75,
BEEFK874,2025-09-23,0.13,0.12,0.12,0.13,
ELETJ406,2025-09-23,12.01,12.01,12.01,12.01,
RADLX145,2025-09-23,0.2,0.2,0.2,0.2,
TOTSW465,2025-09-23,2.44,2.44,2.44,2.44,
RADLK210,2025-09-23,0.32,0.46,0.32,0.51,
T1TW34,2025-09-23,335.8,332.86,332,336.94,
BRKMW860,2025-09-23,0.66,0.72,0.66,0.72,
CPFEJ402,2025-09-23,0.5,0.58,0.49,0.58,
EQTLJ375,2025-09-23,0.8,0.99,0.8,0.99,
EQTLW333,2025-09-23,0.2,0.2,0.2,0.2,
TOTSV442,2025-09-23,0.59,0.72,0.59,0.72,
BEEFL651,2025-09-23,0.5,0.5,0.5,0.5,
SAPRK353,2025-09-23,2.46,2.46,2.46,2.46,
SHPH11,2025-09-23,975,974.98,974.9,975,
JHSFW590,2025-09-23,0.12,0.12,0.12,0.12,
MILSW115,2025-09-23,0.15,0.15,0.15,0.15,
CPFEV377,2025-09-23,0.16,0.14,0.14,0.2,
R1IN34,2025-09-23,157.6,157.28,156.96,158,
TOTSJ388,2025-09-23,7.15,6.9,6.9,7.27,
BALM3F,2025-09-23,19.9,20.93,19.9,20.93,
P2IN34,2025-09-23,31.26,31.27,31.26,31.27,
MULTX266,2025-09-23,0.25,0.25,0.25,0.25,
CGRA3,2025-09-23,28.45,27.81,27.81,28.45,
RADLW173,2025-09-23,0.65,0.65,0.65,0.65,
CPLEK128,2025-09-23,0.64,0.64,0.64,0.64,
CSNAV729,2025-09-23,0.07,0.07,0.06,0.07,
BEEFX621,2025-09-23,0.37,0.37,0.37,0.37,
VLIDJ231,2025-09-23,0.13,0.13,0.13,0.13,
GRNDJ600,2025-09-23,0.02,0.02,0.02,0.03,
RADLL188,2025-09-23,1.38,1.4,1.37,1.4,
TELB3F,2025-09-23,11.3,11.74,10.79,11.74,
BRKMJ102,2025-09-23,0.04,0.04,0.04,0.04,
L1DO34,2025-09-23,98.88,98.88,98.88,98.88,
MILSM105,2025-09-23,0.15,0.11,0.11,0.15,
ELETJ483,2025-09-23,4.64,4.64,4.64,4.64,
CMIGV130,2025-09-23,0.78,0.7,0.7,0.78,
MILSM100,2025-09-23,0.1,0.1,0.1,0.1,
EQTLJ358,2025-09-23,2.13,2.13,2.13,2.13,
STBP3Q,2025-09-23,14.36,14.36,14.36,14.36,
MILSW965,2025-09-23,0.05,0.05,0.05,0.05,
MILSW110,2025-09-23,0.08,0.08,0.08,0.08,
EQTLJ393,2025-09-23,0.19,0.34,0.19,0.34,
TUPYK140,2025-09-23,0.7,0.73,0.7,0.73,
ELETW443,2025-09-23,0.09,0.08,0.07,0.09,
EVENJ740,2025-09-23,0.64,0.64,0.64,0.64,
ODPVB140,2025-09-23,1.95,2.1,1.95,2.1,
EQTLU345W4,2025-09-23,0.01,0.01,0.01,0.01,
BRKMV990,2025-09-23,1.48,1.46,1.45,1.5,
PHMO34,2025-09-23,430.4,427.85,427.24,430.4,
ELETK590,2025-09-23,0.15,0.17,0.15,0.17,
ELETK605,2025-09-23,0.09,0.1,0.09,0.1,
J1EF34,2025-09-23,368.15,368.15,368.15,368.15,
EGIEW368,2025-09-23,0.12,0.12,0.12,0.12,
VLIDK236,2025-09-23,0.49,0.49,0.49,0.49,
EVENK830,2025-09-23,0.27,0.27,0.27,0.27,
UNIPK725,2025-09-23,4.5,4.5,4.5,4.5,
T1WL34,2025-09-23,22.2,22.2,22.2,22.2,
BRKML105,2025-09-23,0.2,0.22,0.2,0.22,
ELETV548,2025-09-23,3.98,3.98,3.98,3.98,
CMIGJ106,2025-09-23,1.8,1.8,1.8,1.8,
BRKMK102,2025-09-23,0.2,0.17,0.17,0.2,
CMIGV143,2025-09-23,1.93,1.93,1.93,1.93,
CSNAM920,2025-09-23,1.1,1.1,1.1,1.1,
PQAG11,2025-09-23,55.9,55.9,55.9,55.9,
CSNAI760W4,2025-09-23,0.49,0.47,0.47,0.52,
BALM4,2025-09-23,17.93,17.99,17.93,17.99,
ENGIK541,2025-09-23,1.17,1.28,1.17,1.28,
ELETW444,2025-09-23,0.28,0.3,0.28,0.3,
SLBG34,2025-09-23,90.01,91.89,89.91,91.89,
BRKMJ920W2,2025-09-23,0.1,0.1,0.1,0.1,
CMIGW818,2025-09-23,0.01,0.01,0.01,0.01,
ELETW515,2025-09-23,1.9,1.9,1.9,1.9,
CMIGX126,2025-09-23,0.44,0.44,0.44,0.44,
CPLEK123,2025-09-23,0.99,1,0.99,1,
J2BL34,2025-09-23,155.68,155.68,155.68,155.68,
ENEVJ172,2025-09-23,0.19,0.19,0.19,0.19,
BEEFX650,2025-09-23,0.12,0.12,0.12,0.12,
NVDCJ220,2025-09-23,0.05,0.05,0.05,0.05,
CPFEJ397,2025-09-23,0.75,0.75,0.75,0.75,
CSNAF120,2025-09-23,0.95,0.93,0.92,0.95,
O1MC34,2025-09-23,204.2,204.8,204.2,204.8,
V2EE34,2025-09-23,49.5,49.5,49.5,49.5,
ENGIX501,2025-09-23,1.97,1.97,1.97,1.97,
TUPYX145,2025-09-23,1,1,1,1,
BEEFX591,2025-09-23,0.1,0.1,0.1,0.1,
ELETK490,2025-09-23,3.12,3.12,3.12,3.12,
CSNAK789,2025-09-23,0.65,0.65,0.65,0.65,
MULTV241,2025-09-23,0.02,0.02,0.02,0.02,
MYPKJ138,2025-09-23,0.05,0.05,0.05,0.05,
CPFEJ382,2025-09-23,1.44,1.44,1.44,1.44,
U1LT34,2025-09-23,138.79,138.79,138.79,138.79,
EQTLU365W4,2025-09-23,0.15,0.15,0.15,0.15,
CSNAJ619,2025-09-23,1.95,1.95,1.95,1.95,
CSNAJ880W1,2025-09-23,0.02,0.02,0.02,0.02,
ELETJ426,2025-09-23,10.06,10.06,10.06,10.06,
GSHP3,2025-09-23,2.76,2.76,2.76,2.76,
EGIEW383,2025-09-23,0.24,0.27,0.24,0.27,
ELETK535,2025-09-23,0.97,0.97,0.97,0.97,
VULCX190,2025-09-23,0.3,0.3,0.3,0.3,
TAEEV330,2025-09-23,0.01,0.01,0.01,0.01,
HPDP11,2025-09-23,88.68,88.68,88.68,88.68,
MDLZ34,2025-09-23,169.83,169.83,169.83,169.83,
LEVEL346,2025-09-23,0.4,0.4,0.4,0.4,
ROMIV830,2025-09-23,0.24,0.24,0.24,0.24,
WLMM3F,2025-09-23,22.35,22.35,22.35,22.35,
SHOP11,2025-09-23,32,32,32,32,
SHUL4T,2025-09-23,4.95,4.96,4.95,4.96,
BRKM5T,2025-09-23,8.33,8.34,8.33,8.34,
TOTS3T,2025-09-23,46.18,46.19,46.18,46.19,
FRAS3T,2025-09-23,23.33,23.34,23.33,23.34,
PFRM3T,2025-09-23,7.69,7.7,7.69,7.7,
NVDC34T,2025-09-23,20.5,20.17,20.16,20.52,
EZTC3T,2025-09-23,17.16,17.17,17.16,17.17,
TSLA34T,2025-09-23,73.81,73.99,73.81,73.99,
ROXO34T,2025-09-23,14.43,14.44,14.43,14.44,
GRND3T,2025-09-23,5.37,5.38,5.37,5.38,
BRKM5T,2025-09-23,8.45,8.34,8.33,8.46,
BRKM5T,2025-09-23,8.49,8.5,8.49,8.5,
CSNA3T,2025-09-23,8.24,8.19,8.18,8.25,
SHUL4T,2025-09-23,4.93,4.94,4.93,4.94,
LIGT3T,2025-09-23,5.83,5.84,5.83,5.84,
BEEF3T,2025-09-23,6.66,6.67,6.66,6.67,
EZTC3T,2025-09-23,17.27,17.28,17.27,17.28,
TAEE11T,2025-09-23,37.6,37.61,37.6,37.61,
JBSS32,2025-09-23,81.02,80.5,80.1,81.54,
ISAE4,2025-09-23,23.52,23.86,23.52,23.92,
AURE3F,2025-09-23,10.5,10.59,10.48,10.75,
SBFG3,2025-09-23,13.08,13.26,12.95,13.26,
CEAB3,2025-09-23,17.37,17.55,17.36,17.74,
HYPE3F,2025-09-23,23.3,23.21,23.2,23.84,
NEOE3F,2025-09-23,28.43,28.8,28.43,28.96,
SMTO3,2025-09-23,17.4,17.81,17.25,17.81,
PGMN3,2025-09-23,3.58,3.65,3.58,3.67,
HYPE3,2025-09-23,23.27,23.47,23.25,23.85,
DIRR3F,2025-09-23,15.57,15.72,15.47,15.96,
BBSE3F,2025-09-23,33.28,33.37,33.11,33.61,
RDOR3,2025-09-23,41.65,42,41.52,42.45,
CYREW269,2025-09-23,0.34,0.35,0.34,0.35,
PCAR3F,2025-09-23,4.1,4.3,4.1,4.31,
ENDD11,2025-09-23,107.3,107.15,106.95,107.89,
KLBN11F,2025-09-23,18.28,18.08,18.08,18.29,
VVEO3,2025-09-23,1.09,1.17,1.07,1.17,
CRAA11,2025-09-23,95.43,95.51,95.34,95.86,
IFRI11,2025-09-23,99.94,99.48,99.46,99.99,
CURY3F,2025-09-23,33.03,33.4,33.03,33.57,
XPIE11,2025-09-23,59.64,59.15,59.01,59.64,
DASA3,2025-09-23,1.33,1.38,1.33,1.39,
TASA3,2025-09-23,5.43,5.48,5.42,5.55,
SBSPV131,2025-09-23,3.02,2.42,2.41,3.05,
ORVR3,2025-09-23,56.47,56.96,56.46,57.31,
BRAVJ185,2025-09-23,1.05,0.9,0.9,1.06,
PICE11,2025-09-23,34.39,33.6,33.6,34.39,
AMOB3F,2025-09-23,12.54,12.76,12.54,12.94,
VIVR3,2025-09-23,0.93,1,0.93,1.09,
NATUV836,2025-09-23,0.14,0.16,0.12,0.16,
VBBRK279,2025-09-23,0.24,0.26,0.23,0.26,
LOGG3,2025-09-23,23.43,23.59,23.18,23.77,
AZTE3,2025-09-23,0.41,0.42,0.39,0.43,
YDUQJ125,2025-09-23,1.26,1.26,1.24,1.26,
PCARJ393,2025-09-23,0.48,0.55,0.48,0.58,
BRAVJ172,2025-09-23,1.94,1.83,1.83,2.01,
SIMH3F,2025-09-23,5.44,5.69,5.4,5.69,
BBGO11,2025-09-23,64.22,64.72,63.77,64.98,
CPTR11,2025-09-23,7.54,7.51,7.49,7.54,
BRAV3F,2025-09-23,18.78,18.61,18.61,19.06,
ORVR3F,2025-09-23,56.26,57.37,56.26,57.37,
XPCA11,2025-09-23,7.96,7.93,7.91,7.96,
AERI3,2025-09-23,4.09,4.07,4.05,4.12,
RAIZV10,2025-09-23,0.11,0.11,0.1,0.11,
SEQL3,2025-09-23,1.38,1.35,1.33,1.41,
PCARV333,2025-09-23,0.09,0.07,0.04,0.09,
PCARV398,2025-09-23,0.27,0.2,0.2,0.27,
PETZJ400,2025-09-23,0.07,0.09,0.06,0.09,
HBSA3F,2025-09-23,3.35,3.42,3.35,3.49,
BRAVA450,2025-09-23,0.01,0.01,0.01,0.01,
SEER3F,2025-09-23,11.24,11.12,10.98,11.24,
NATUJ896,2025-09-23,0.79,0.67,0.66,0.81,
MLAS3F,2025-09-23,1.05,1.04,1.04,1.07,
DEXP3,2025-09-23,8.3,8.3,8.29,8.46,
ISAEK241,2025-09-23,0.61,0.7,0.6,0.7,
CYREJ314,2025-09-23,0.55,0.54,0.5,0.63,
BRAVW182,2025-09-23,0.63,0.64,0.6,0.65,
DXCOJ649,2025-09-23,0.04,0.03,0.03,0.04,
BRAVK197,2025-09-23,0.96,0.81,0.81,0.96,
RSID3,2025-09-23,1.97,1.93,1.88,1.98,
ALOSI260W4,2025-09-23,0.06,0.16,0.06,0.16,
ASAIV859,2025-09-23,0.05,0.07,0.05,0.07,
MBRFJ228,2025-09-23,1.5,1.02,0.9,1.5,
CXSEW151,2025-09-23,0.29,0.27,0.26,0.29,
DCRA11,2025-09-23,7.1,7.07,7.06,7.2,
NATUV916,2025-09-23,0.36,0.46,0.36,0.46,
RAIZJ146,2025-09-23,0.02,0.02,0.01,0.02,
CYREJ340,2025-09-23,0.19,0.18,0.18,0.21,
ISAEK261,2025-09-23,0.05,0.07,0.05,0.08,
VIVTJ351,2025-09-23,0.28,0.23,0.23,0.29,
NATUK940,2025-09-23,0.79,0.75,0.74,0.83,
VBBRJ232,2025-09-23,1.14,1.5,1.14,1.5,
VBBRJ247,2025-09-23,0.4,0.6,0.39,0.6,
CMINJ504,2025-09-23,0.38,0.38,0.38,0.41,
INBRJ510,2025-09-23,0.4,0.85,0.4,0.85,
AZZAS320,2025-09-23,2.05,3,2.05,3,
ALOSJ271,2025-09-23,0.08,0.22,0.08,0.22,
BBSEJ367,2025-09-23,0.21,0.19,0.18,0.28,
CXSEX130,2025-09-23,0.02,0.02,0.02,0.02,
YDUQJ135,2025-09-23,0.69,0.65,0.58,0.69,
LJQQJ270,2025-09-23,0.11,0.12,0.09,0.12,
BRAVI195W4,2025-09-23,0.1,0.04,0.04,0.1,
PDTC3F,2025-09-23,1.08,1.05,1.04,1.08,
COGNV288,2025-09-23,0.03,0.02,0.02,0.03,
BMOBJ248,2025-09-23,0.26,0.28,0.26,0.28,
YDUQV145,2025-09-23,1.41,1.23,1.21,1.41,
AUREL114,2025-09-23,0.31,0.33,0.31,0.33,
RAIZV116,2025-09-23,0.04,0.09,0.04,0.1,
CXSEL145,2025-09-23,1.35,1.35,1.35,1.35,
BBSEW310,2025-09-23,0.19,0.19,0.17,0.19,
KLBNW172,2025-09-23,0.12,0.12,0.12,0.13,
RVEE3F,2025-09-23,12.44,11.05,10.9,12.44,
FLRYW155,2025-09-23,0.33,0.3,0.3,0.33,
ARMLV404,2025-09-23,0.2,0.2,0.2,0.2,
MBRFV243,2025-09-23,1.24,1.9,1.12,1.99,
CMINV524,2025-09-23,0.1,0.06,0.06,0.11,
AVLL3,2025-09-23,1.65,1.63,1.63,1.65,
BBSEV372,2025-09-23,1.71,1.68,1.68,1.71,
WIZCV805,2025-09-23,0.15,0.15,0.15,0.15,
BMGBX400,2025-09-23,0.12,0.12,0.12,0.12,
PETZL580,2025-09-23,0.04,0.05,0.01,0.15,
NATUK115,2025-09-23,0.21,0.21,0.21,0.21,
PCARK480,2025-09-23,0.3,0.32,0.3,0.33,
KLBNV172,2025-09-23,0.04,0.04,0.04,0.05,
EPAR3,2025-09-23,4.48,4.56,4.46,4.58,
SBFGV424,2025-09-23,29,28.9,28.9,29,
XPBRJ995,2025-09-23,7.12,6.15,6.15,7.37,
COGNV268,2025-09-23,0.02,0.01,0.01,0.02,
BBSEJ382,2025-09-23,0.04,0.04,0.04,0.04,
BRAVV160,2025-09-23,0.05,0.05,0.05,0.05,
BBSEK377,2025-09-23,0.43,0.43,0.43,0.5,
MBRFV173,2025-09-23,0.1,0.1,0.1,0.1,
DIVS11,2025-09-23,104.5,104.5,104.49,104.5,
BRAVV190,2025-09-23,0.63,0.68,0.57,0.69,
RAIZW135,2025-09-23,0.23,0.23,0.23,0.23,
FLRYV13,2025-09-23,0.02,0.02,0.02,0.02,
CXSEJ146,2025-09-23,0.64,0.81,0.64,0.81,
CSMGJ345,2025-09-23,0.94,1.03,0.94,1.16,
BRAVV250,2025-09-23,6,6,6,6,
CXSEJ156,2025-09-23,0.06,0.1,0.06,0.11,
RECVV137,2025-09-23,0.53,0.53,0.53,0.53,
XPBRW990,2025-09-23,2.8,3.12,2.76,3.12,
PETZX381,2025-09-23,0.2,0.2,0.2,0.22,
BBSEV382,2025-09-23,2.5,2.51,2.5,2.51,
CYREK274,2025-09-23,3.75,3.74,3.74,3.75,
VIVAK298,2025-09-23,1.63,1.68,1.63,1.68,
QUALA500,2025-09-23,0.02,0.03,0.02,0.04,
HGAG11,2025-09-23,12,12,12,12,
YDUQJ145,2025-09-23,0.25,0.27,0.25,0.31,
AMAR11F,2025-09-23,0.19,0.19,0.19,0.2,
ALOSV246,2025-09-23,0.14,0.12,0.12,0.14,
SBSPU132W4,2025-09-23,1.21,1.12,1.12,1.21,
YDUQJ150,2025-09-23,0.17,0.17,0.17,0.17,
BHIAJ750,2025-09-23,0.04,0.06,0.04,0.06,
BRAVJ175,2025-09-23,1.74,1.67,1.67,1.8,
TTENW145,2025-09-23,0.73,0.73,0.73,0.73,
BRAVW192,2025-09-23,1.02,1.04,1.02,1.04,
AZZAV292,2025-09-23,0.45,0.38,0.36,0.49,
XPBRJ110,2025-09-23,1.37,1.22,1.22,1.55,
VBBRJ264,2025-09-23,0.1,0.13,0.1,0.13,
CSMGJ355,2025-09-23,0.6,0.63,0.6,0.63,
PCARV413,2025-09-23,0.28,0.27,0.27,0.31,
RAIZV106,2025-09-23,0.05,0.05,0.04,0.05,
SIMHV603,2025-09-23,0.48,0.48,0.48,0.48,
SIMHK593,2025-09-23,0.23,0.23,0.23,0.23,
SBSPV125,2025-09-23,0.59,0.45,0.45,0.59,
COGNJ223,2025-09-23,1,1,1,1,
COGNV263,2025-09-23,0.01,0.01,0.01,0.01,
BHIAF50,2025-09-23,1.66,1.65,1.65,1.66,
BBSEW342,2025-09-23,0.4,0.4,0.37,0.4,
NATUW800,2025-09-23,0.21,0.2,0.17,0.21,
RAIZX290,2025-09-23,1.65,1.65,1.65,1.65,
CXSEV13,2025-09-23,0.01,0.01,0.01,0.01,
BRAVW190,2025-09-23,0.86,0.93,0.86,0.94,
RDORJ419,2025-09-23,1.15,1.21,1.11,1.5,
VAMOW320,2025-09-23,0.03,0.03,0.03,0.03,
TASAJ549,2025-09-23,0.05,0.05,0.05,0.05,
PSSAV521,2025-09-23,1.28,1.28,1.28,1.28,
KLBNX185,2025-09-23,0.52,0.53,0.52,0.53,
MBRFW25,2025-09-23,2.78,2.78,2.78,2.78,
MBRFJ248,2025-09-23,0.4,0.35,0.35,0.56,
YDUQV125,2025-09-23,0.28,0.25,0.24,0.31,
BMGB10,2025-09-23,3.85,3.93,3.85,3.93,
ASAIV108,2025-09-23,0.97,0.98,0.97,1,
YDUQV140,2025-09-23,1.04,0.92,0.9,1.04,
ISAEV251,2025-09-23,1.05,1.05,1.05,1.05,
CYREJ279,2025-09-23,2.73,2.69,2.69,2.73,
AZZAV370,2025-09-23,4.7,4.7,4.7,4.7,
PETZV425,2025-09-23,0.38,0.41,0.38,0.41,
BRAVK212,2025-09-23,0.4,0.39,0.39,0.4,
BRAVW180,2025-09-23,0.52,0.55,0.52,0.55,
SBSPJ122,2025-09-23,9.87,9.87,9.87,9.87,
COGNJ310W1,2025-09-23,0.15,0.15,0.15,0.15,
BRAVK225,2025-09-23,0.2,0.19,0.19,0.22,
VAMOV410,2025-09-23,0.36,0.36,0.35,0.37,
CXSEX152,2025-09-23,0.27,0.27,0.27,0.27,
BBSEJ392,2025-09-23,0.02,0.02,0.02,0.02,
AUREJ115,2025-09-23,0.08,0.02,0.01,0.08,
SBSPJ105,2025-09-23,30.48,30.4,30.26,30.48,
COGNW278,2025-09-23,0.04,0.04,0.04,0.04,
RAIZX99,2025-09-23,0.08,0.08,0.06,0.08,
PCARV383,2025-09-23,0.21,0.16,0.16,0.21,
VIVTX332,2025-09-23,1,0.82,0.82,1,
BBSEV340W2,2025-09-23,0.68,0.68,0.68,0.68,
VBBRJ244,2025-09-23,0.46,0.64,0.46,0.64,
RAIZV146,2025-09-23,0.3,0.31,0.3,0.31,
PSSAV511,2025-09-23,0.79,0.78,0.78,0.93,
DIRRK161,2025-09-23,0.77,0.74,0.74,0.77,
CSMGJ305,2025-09-23,4.2,4.35,4.2,4.35,
ASAIX100,2025-09-23,0.7,0.75,0.7,0.75,
BHIAJ900,2025-09-23,0.02,0.02,0.02,0.02,
PETZK411,2025-09-23,0.15,0.13,0.13,0.15,
VAMOJ380,2025-09-23,0.16,0.15,0.15,0.2,
KLBNJ202,2025-09-23,0.02,0.03,0.02,0.03,
RAIZK120,2025-09-23,0.19,0.11,0.1,0.19,
SEERJ100,2025-09-23,1.26,1.25,1.25,1.26,
BBSEM36,2025-09-23,0.54,0.52,0.52,0.54,
BHIAV410,2025-09-23,0.14,0.14,0.14,0.14,
KLBNK202,2025-09-23,0.15,0.14,0.14,0.15,
IGTIK263,2025-09-23,0.43,0.54,0.43,0.54,
CXSEW150,2025-09-23,0.13,0.12,0.11,0.13,
QUALK279,2025-09-23,0.13,0.08,0.08,0.13,
JBSSV920,2025-09-23,0.2,0.59,0.2,0.59,
CBAVJ380,2025-09-23,0.2,0.2,0.2,0.2,
TTENJ143,2025-09-23,0.3,0.3,0.3,0.3,
NATUI920W4,2025-09-23,0.26,0.24,0.24,0.26,
BBSEW350,2025-09-23,1.53,1.53,1.53,1.53,
SBSPV140,2025-09-23,9.63,8.36,8.36,9.63,
GUARJ100,2025-09-23,0.34,0.33,0.33,0.34,
NEOEJ292,2025-09-23,0.57,0.57,0.57,0.57,
ALOSX206,2025-09-23,0.05,0.06,0.05,0.06,
COGNV358,2025-09-23,0.38,0.36,0.32,0.38,
DIRRW176,2025-09-23,1.72,1.71,1.71,1.72,
PETZP500,2025-09-23,1,1.02,1,1.02,
CSMGV335,2025-09-23,0.38,0.38,0.38,0.38,
HYPEJ250,2025-09-23,0.29,0.31,0.29,0.36,
VAMOV360,2025-09-23,0.09,0.07,0.07,0.09,
VAMOL365,2025-09-23,0.45,0.45,0.45,0.45,
TTENV11,2025-09-23,0.02,0.02,0.02,0.02,
CBAVJ350,2025-09-23,0.37,0.4,0.37,0.41,
BRAVJ195W1,2025-09-23,0.24,0.23,0.21,0.25,
CMINV699,2025-09-23,1.36,1.36,1.36,1.36,
HYPEW227,2025-09-23,0.69,0.61,0.61,0.69,
ALOSJ246,2025-09-23,1.55,1.67,1.49,1.67,
MBRFJ278,2025-09-23,0.14,0.08,0.08,0.14,
PCARW390,2025-09-23,0.25,0.25,0.25,0.25,
QUALJ249,2025-09-23,0.08,0.12,0.08,0.18,
SLCEW159,2025-09-23,0.13,0.13,0.13,0.13,
CYREK299,2025-09-23,2.06,2.01,2,2.17,
PSSAV501,2025-09-23,0.59,0.45,0.45,0.59,
NATUK950,2025-09-23,0.82,0.84,0.7,0.84,
BMGBK392,2025-09-23,0.2,0.2,0.2,0.2,
FLRYJ144,2025-09-23,1.73,1.73,1.73,1.73,
FLRYK155,2025-09-23,1.31,1.31,1.31,1.31,
VIVTK329,2025-09-23,1.9,1.9,1.9,1.9,
BRAVK220,2025-09-23,0.28,0.27,0.27,0.3,
PCARV338,2025-09-23,0.06,0.06,0.06,0.06,
PETZX341,2025-09-23,0.05,0.09,0.05,0.1,
NATUK117,2025-09-23,0.2,0.18,0.18,0.2,
NATUV137,2025-09-23,4.36,4.38,4.36,4.38,
AZZAJ352,2025-09-23,0.34,0.42,0.34,0.42,
PCARK450,2025-09-23,0.41,0.43,0.41,0.43,
BRAVK230,2025-09-23,0.17,0.16,0.16,0.17,
VAMOJ440,2025-09-23,0.03,0.03,0.03,0.03,
RAIZL149,2025-09-23,0.05,0.05,0.05,0.05,
BRAVW165,2025-09-23,0.23,0.23,0.23,0.23,
BBSEW402,2025-09-23,4.05,4.05,4.05,4.05,
VIVTJ361,2025-09-23,0.1,0.1,0.1,0.1,
PETZJ390W1,2025-09-23,0.05,0.04,0.04,0.05,
RAIZW120,2025-09-23,0.15,0.15,0.13,0.15,
MBRFK250,2025-09-23,1,0.8,0.8,1,
PETZL485,2025-09-23,0.09,0.09,0.09,0.09,
COGNU310W4,2025-09-23,0.02,0.01,0.01,0.03,
BRAVE270,2025-09-23,0.59,0.51,0.51,0.59,
BHIAV35,2025-09-23,0.06,0.05,0.05,0.06,
COGNW903,2025-09-23,5.58,5.57,5.57,5.58,
KLBNK220,2025-09-23,0.04,0.04,0.04,0.04,
VIVAJ323,2025-09-23,0.2,0.22,0.2,0.22,
BBSEJ340W2,2025-09-23,0.33,0.33,0.33,0.33,
GFSAV10,2025-09-23,0.39,0.02,0.02,0.39,
FLRYW16,2025-09-23,0.56,0.56,0.56,0.56,
PCARW320,2025-09-23,0.11,0.11,0.1,0.13,
BHIAK590,2025-09-23,0.25,0.24,0.17,0.25,
QUALJ189,2025-09-23,0.66,0.66,0.66,0.66,
QUALJ204,2025-09-23,0.5,0.5,0.5,0.5,
VBBRV244,2025-09-23,0.99,0.86,0.83,0.99,
KLBNS20,2025-09-23,1.2,1.12,1.12,1.2,
CBAVJ420,2025-09-23,0.07,0.06,0.06,0.07,
ALOSJ236,2025-09-23,2.48,2.48,2.48,2.48,
COGNJ330W1,2025-09-23,0.04,0.06,0.04,0.06,
SMTOJ185,2025-09-23,0.42,0.46,0.42,0.46,
CYREJ324,2025-09-23,0.3,0.29,0.29,0.3,
CEABJ198,2025-09-23,0.3,0.3,0.3,0.3,
PCARK405,2025-09-23,0.57,0.62,0.57,0.62,
ANIMK425,2025-09-23,0.15,0.15,0.15,0.15,
SBFGJ144,2025-09-23,0.07,0.08,0.06,0.1,
SIMHJ593,2025-09-23,0.14,0.12,0.12,0.14,
ISAEJ256,2025-09-23,0.01,0.01,0.01,0.01,
SIMHK603,2025-09-23,0.28,0.28,0.28,0.28,
COGNG30,2025-09-23,1.21,1.21,1.21,1.21,
COGNW293,2025-09-23,0.08,0.08,0.08,0.08,
MBRFJ235,2025-09-23,0.11,0.11,0.11,0.11,
PCARW315,2025-09-23,0.11,0.11,0.1,0.11,
BBSEJ365,2025-09-23,0.03,0.03,0.03,0.03,
COGNX283,2025-09-23,0.09,0.09,0.09,0.09,
PCARK395,2025-09-23,0.61,0.61,0.61,0.61,
PCARK400,2025-09-23,0.59,0.59,0.59,0.59,
SIMHV563,2025-09-23,0.21,0.21,0.21,0.21,
COGNK358,2025-09-23,0.1,0.11,0.1,0.11,
POSIJ513,2025-09-23,0.02,0.02,0.02,0.02,
PCARW345,2025-09-23,0.18,0.18,0.18,0.18,
PCARW355,2025-09-23,0.19,0.2,0.19,0.21,
COGNB40,2025-09-23,0.2,0.17,0.17,0.2,
ASAIJ108,2025-09-23,0.11,0.11,0.11,0.11,
VBBRK282,2025-09-23,0.21,0.21,0.21,0.21,
MBRFV195,2025-09-23,0.6,0.65,0.6,0.65,
PETZK376,2025-09-23,0.3,0.31,0.3,0.31,
RAIZJ860,2025-09-23,0.36,0.36,0.36,0.36,
MOTVW139,2025-09-23,0.13,0.13,0.13,0.13,
NATUW140,2025-09-23,4.5,4.48,4.48,4.5,
CRPG3F,2025-09-23,15.03,15.03,15.03,15.03,
PCARK520,2025-09-23,0.2,0.19,0.19,0.2,
GMATJ729,2025-09-23,0.16,0.15,0.13,0.16,
VIVTW290,2025-09-23,0.08,0.08,0.08,0.08,
SMTOL211,2025-09-23,0.22,0.22,0.22,0.22,
PETZV415,2025-09-23,0.3,0.3,0.3,0.3,
DEXP4F,2025-09-23,8.4,8.4,8.4,8.4,
RAIZV206,2025-09-23,0.85,0.85,0.85,0.85,
CXSEU1,2025-09-23,0.51,0.47,0.47,0.51,
BBSEU340W4,2025-09-23,0.69,0.63,0.63,0.69,
BHIAV270,2025-09-23,0.03,0.03,0.03,0.03,
HYPEJ260,2025-09-23,0.11,0.15,0.11,0.15,
HYPEJ270,2025-09-23,0.04,0.07,0.04,0.07,
FIEI3F,2025-09-23,19.1,19.11,19.1,19.11,
NATUJ125,2025-09-23,0.04,0.04,0.04,0.04,
JBSSL910,2025-09-23,6,6,6,6,
AZZAW327,2025-09-23,2.4,2.37,2.37,2.4,
MBRFJ250,2025-09-23,0.04,0.04,0.04,0.04,
MOTVJ163,2025-09-23,0.09,0.09,0.09,0.09,
RAIZL115,2025-09-23,0.12,0.12,0.12,0.12,
PSSAV471,2025-09-23,0.1,0.1,0.1,0.1,
SBSPK121,2025-09-23,13.8,13.8,13.8,13.8,
TIMSV238,2025-09-23,0.7,0.65,0.65,0.7,
BBSEW355,2025-09-23,1.92,1.92,1.92,1.92,
CSMGK365,2025-09-23,0.8,0.8,0.8,0.8,
PSSAW491,2025-09-23,0.56,0.56,0.56,0.56,
KLBNG20,2025-09-23,3,3,3,3,
PCARV323,2025-09-23,0.05,0.05,0.05,0.05,
IGTIV153,2025-09-23,0.01,0.01,0.01,0.01,
HYPEL237,2025-09-23,1.75,1.75,1.75,1.75,
BRAVK222,2025-09-23,0.25,0.26,0.25,0.26,
COGNW263,2025-09-23,0.04,0.04,0.04,0.04,
GMATK709,2025-09-23,0.4,0.4,0.4,0.4,
KLBNX180,2025-09-23,0.36,0.36,0.36,0.36,
SBSPV132W1,2025-09-23,2.37,2.43,2.37,2.43,
BRAVK165,2025-09-23,3.12,3.12,3.12,3.12,
RDORK405,2025-09-23,3.12,3.12,3.12,3.12,
BBSEJ322,2025-09-23,3.3,3.3,3.3,3.3,
PCARC230,2025-09-23,2.01,2.01,2.01,2.01,
YDUQX128,2025-09-23,0.78,0.83,0.78,0.83,
PETZJ335,2025-09-23,0.54,0.54,0.54,0.54,
PETZJ340,2025-09-23,0.5,0.49,0.49,0.5,
ASAIK103,2025-09-23,0.52,0.52,0.52,0.52,
NATUJ132,2025-09-23,0.04,0.04,0.04,0.04,
NATUJ856,2025-09-23,1.08,1.05,1.05,1.08,
YDUQK132,2025-09-23,1.23,1.23,1.23,1.23,
PCARJ493,2025-09-23,0.1,0.1,0.1,0.1,
RDORV41,2025-09-23,0.58,0.58,0.58,0.58,
PCARJ358,2025-09-23,0.72,0.72,0.72,0.72,
IGTIV248,2025-09-23,0.85,0.85,0.85,0.85,
BBSEJ394,2025-09-23,0.01,0.01,0.01,0.01,
CAML3,2025-09-23,5.14,5.12,5.12,5.24,
PORT3,2025-09-23,18.25,18.18,18.17,18.3,
AZZA3,2025-09-23,31.68,31.93,31.41,32.26,
INTB3,2025-09-23,12.57,12.45,12.1,12.65,
CDII11,2025-09-23,108.67,108.65,108.3,108.68,
NUIF11,2025-09-23,93.5,93.38,93.29,93.5,
MDNE3F,2025-09-23,27.42,28.78,27.42,28.9,
AMER3,2025-09-23,7.14,7.05,7,7.26,
VGIA11,2025-09-23,9.42,9.41,9.37,9.45,
KLBN4F,2025-09-23,3.64,3.61,3.61,3.64,
QUAL3,2025-09-23,2.36,2.43,2.33,2.58,
WIZC3,2025-09-23,8.32,8.25,8.25,8.4,
CMIN3F,2025-09-23,5.24,5.32,5.22,5.37,
CYREV309,2025-09-23,1.05,1.26,1.05,1.26,
PSSA3F,2025-09-23,51.73,50.73,50.73,51.85,
TEND3F,2025-09-23,26.55,27.09,26.55,27.3,
BLAU3F,2025-09-23,14.1,14.12,13.83,14.15,
FLRYJ160,2025-09-23,0.59,0.75,0.59,0.75,
BRAVV195,2025-09-23,0.86,0.96,0.84,0.96,
SNAG11,2025-09-23,9.53,9.52,9.5,9.54,
SYNE3F,2025-09-23,5.1,5.24,5.04,5.34,
CSMGV330,2025-09-23,0.34,0.3,0.3,0.34,
ISEN11,2025-09-23,104.16,104.2,104.16,104.46,
PSSAW496,2025-09-23,0.79,0.79,0.79,0.8,
BLAU3,2025-09-23,13.88,14.01,13.85,14.15,
SBSPJ130,2025-09-23,3.28,4.14,3.15,4.3,
NATUJ836,2025-09-23,1.21,1.07,1.05,1.21,
CMINV479,2025-09-23,0.01,0.01,0.01,0.02,
AZZAJ335,2025-09-23,0.85,0.75,0.75,0.92,
MTRE3,2025-09-23,3.85,3.86,3.85,3.92,
OIAG11,2025-09-23,8.01,7.97,7.91,8.02,
AMOB3,2025-09-23,12.65,12.9,12.62,12.94,
WIZC3F,2025-09-23,8.32,8.23,8.23,8.4,
NATUJ100,2025-09-23,0.35,0.26,0.25,0.36,
ALOS3F,2025-09-23,25.1,25.67,25.05,25.9,
BRAVV172,2025-09-23,0.16,0.16,0.12,0.16,
CSED3,2025-09-23,4.96,4.96,4.91,5,
OFSA3F,2025-09-23,23.74,22.22,22.14,23.76,
BRAVJ207,2025-09-23,0.15,0.13,0.13,0.17,
MBRFV198,2025-09-23,0.02,0.06,0.02,0.06,
PETZJ370,2025-09-23,0.24,0.2,0.2,0.24,
KLBNJ192,2025-09-23,0.14,0.11,0.11,0.17,
MBRFV24,2025-09-23,0.78,1.8,0.78,1.8,
VVEO3F,2025-09-23,1.07,1.14,1.07,1.17,
BHIAV370,2025-09-23,0.09,0.09,0.09,0.09,
VAMOX410,2025-09-23,0.41,0.4,0.4,0.41,
AALR3F,2025-09-23,6.06,6.29,6.04,6.34,
TOKY3F,2025-09-23,0.99,1.03,0.99,1.03,
ONCO3F,2025-09-23,2.89,2.91,2.86,2.94,
VIVR3F,2025-09-23,0.89,1.02,0.89,1.08,
GMAT3F,2025-09-23,7.11,7.2,7.02,7.2,
PETZV385,2025-09-23,0.11,0.14,0.11,0.14,
WEST3F,2025-09-23,4.45,4.47,4.37,4.55,
BHIAJ495,2025-09-23,0.52,0.2,0.2,0.52,
VAMOJ500,2025-09-23,0.01,0.01,0.01,0.01,
BRST3F,2025-09-23,2.91,2.83,2.83,2.94,
EQPA3F,2025-09-23,5.62,5.74,5.62,5.74,
SBSPJ128,2025-09-23,4.19,5.53,4.19,5.67,
RDORV391,2025-09-23,0.14,0.17,0.14,0.17,
FLRYV160,2025-09-23,0.34,0.28,0.28,0.36,
LVTC3F,2025-09-23,3.74,3.63,3.63,3.76,
CSUD3F,2025-09-23,18.78,18.19,18.18,18.78,
DEXP3F,2025-09-23,8.41,8.32,8.32,8.48,
PSSAJ531,2025-09-23,0.5,0.5,0.49,0.51,
ENJU3F,2025-09-23,0.94,0.93,0.92,0.94,
PCARV423,2025-09-23,0.35,0.33,0.33,0.35,
VBBRV239,2025-09-23,0.72,0.55,0.51,0.72,
TOKY3,2025-09-23,1.02,1.01,0.99,1.03,
VIVTW320,2025-09-23,0.31,0.32,0.31,0.32,
AMBPW120,2025-09-23,1.1,1.76,1.1,1.76,
AMBPT103,2025-09-23,0.07,0.07,0.07,0.07,
BHIAJ500,2025-09-23,0.25,0.24,0.24,0.26,
KLBNJ197,2025-09-23,0.07,0.05,0.04,0.07,
PCARK640,2025-09-23,0.08,0.08,0.08,0.09,
MBRFK280,2025-09-23,0.29,0.25,0.25,0.29,
ASAIV969,2025-09-23,0.31,0.3,0.29,0.35,
AMBPJ172,2025-09-23,0.11,0.24,0.11,0.45,
RDORJ420,2025-09-23,1.05,1.11,1.05,1.37,
QUALJ254,2025-09-23,0.1,0.1,0.08,0.18,
FLRYJ165,2025-09-23,0.35,0.44,0.35,0.44,
BRAVV197,2025-09-23,1.07,1.12,0.98,1.14,
SBSPJ136,2025-09-23,0.92,1.39,0.92,1.42,
RAIZJ116,2025-09-23,0.1,0.09,0.08,0.1,
CXSEK162,2025-09-23,0.1,0.1,0.1,0.1,
COGNJ338,2025-09-23,0.05,0.07,0.05,0.09,
BRAVW175,2025-09-23,0.44,0.44,0.44,0.44,
UCAS3,2025-09-23,1.31,1.35,1.29,1.39,
ALPK3F,2025-09-23,3.32,3.27,3.26,3.33,
TRISW800,2025-09-23,0.7,0.7,0.7,0.7,
BMOBJ243,2025-09-23,0.42,0.42,0.42,0.42,
KLBNK18,2025-09-23,0.76,0.75,0.75,0.76,
PETZV345,2025-09-23,0.02,0.02,0.02,0.02,
NGRD3,2025-09-23,25.99,25.92,25.81,26.19,
PETZJ390W2,2025-09-23,0.06,0.06,0.06,0.06,
ALOSV261,2025-09-23,0.5,0.5,0.48,0.5,
VBBRJ227,2025-09-23,1.93,1.93,1.93,1.93,
KLBNJ189,2025-09-23,0.23,0.18,0.18,0.23,
CXSEJ159,2025-09-23,0.03,0.03,0.03,0.05,
VAMOW500,2025-09-23,1.15,1.15,1.15,1.15,
NATUV946,2025-09-23,0.54,0.6,0.51,0.61,
KDOL11,2025-09-23,93.01,93,93,93.01,
AAGR11,2025-09-23,94.01,94.52,94.01,94.91,
SBSPK120,2025-09-23,15.19,15.26,15.19,15.26,
NATUJ117,2025-09-23,0.08,0.06,0.06,0.08,
BRAVJ205,2025-09-23,0.22,0.17,0.16,0.22,
BRAVL250,2025-09-23,0.19,0.23,0.15,0.23,
SBSPW129,2025-09-23,3.4,3,3,3.4,
MBRFX199,2025-09-23,0.91,1.3,0.91,1.3,
BBSEV352,2025-09-23,0.46,0.43,0.37,0.46,
KLBNW162,2025-09-23,0.02,0.02,0.02,0.02,
FHER3,2025-09-23,4.02,4.1,4.02,4.14,
RDORJ401,2025-09-23,2.76,2.46,2.46,2.76,
VSTE3,2025-09-23,5.48,5.35,5.35,5.5,
HYPEX205,2025-09-23,0.3,0.3,0.3,0.3,
VBBRK284,2025-09-23,0.18,0.19,0.18,0.19,
TRISK800,2025-09-23,1.5,1.5,1.5,1.5,
KLBNV179,2025-09-23,0.13,0.15,0.13,0.16,
PETZW390,2025-09-23,0.12,0.12,0.12,0.12,
CYREJ299,2025-09-23,1.32,1.24,1.23,1.42,
NATUV900W1,2025-09-23,0.23,0.21,0.2,0.23,
HYPEJ267,2025-09-23,0.1,0.07,0.07,0.1,
SMTOW191,2025-09-23,1.53,1.53,1.53,1.53,
EVEB31,2025-09-23,22.49,22.45,21.97,22.49,
CYREV249,2025-09-23,0.02,0.03,0.02,0.03,
SBSPJ135,2025-09-23,1.49,1.64,1.49,1.64,
CMINK632,2025-09-23,0.03,0.03,0.03,0.03,
VAMOJ390,2025-09-23,0.12,0.11,0.11,0.15,
BBSEJ347,2025-09-23,1.13,1.21,1.13,1.35,
MBRFV248,2025-09-23,1.84,1.69,1.69,1.84,
BMGBJ412,2025-09-23,0.05,0.09,0.05,0.09,
NEOEJ294,2025-09-23,0.48,0.48,0.48,0.48,
ARMLJ424,2025-09-23,0.07,0.09,0.06,0.1,
HYPEJ240,2025-09-23,0.76,0.6,0.6,0.76,
INTBV122,2025-09-23,0.19,0.15,0.13,0.19,
AZZAJ32,2025-09-23,1.5,1.56,1.37,1.64,
VAMOV340,2025-09-23,0.03,0.03,0.03,0.03,
BRAVW200,2025-09-23,1.37,1.47,1.37,1.47,
RAIZX800,2025-09-23,0.01,0.01,0.01,0.01,
RECVE160,2025-09-23,0.7,0.7,0.7,0.7,
CXSEK160,2025-09-23,0.12,0.17,0.12,0.18,
BBSEO380,2025-09-23,0.7,0.93,0.7,0.93,
PCARV373,2025-09-23,0.17,0.14,0.11,0.18,
DIRRW149,2025-09-23,0.29,0.29,0.29,0.29,
NEXP3,2025-09-23,3.45,3.46,3.45,3.46,
HYPEW230,2025-09-23,0.72,0.81,0.7,0.81,
COGNV388,2025-09-23,0.62,0.62,0.59,0.62,
BBSEV325W1,2025-09-23,0.07,0.09,0.07,0.09,
NATUV886,2025-09-23,0.27,0.29,0.26,0.3,
HYPEV232,2025-09-23,0.53,0.58,0.53,0.58,
BBSEW349,2025-09-23,0.61,0.58,0.55,0.63,
RECVV147,2025-09-23,1.43,1.43,1.43,1.43,
CYREV340,2025-09-23,2.54,2.76,2.54,2.76,
ISAEJ236,2025-09-23,0.48,0.58,0.45,0.58,
BMGBJ382,2025-09-23,0.3,0.31,0.3,0.31,
RAIZW800,2025-09-23,0.02,0.02,0.02,0.02,
PETZK386,2025-09-23,0.23,0.23,0.23,0.23,
JBSSV810,2025-09-23,1.5,1.5,1.5,1.5,
SMTOJ205,2025-09-23,0.07,0.06,0.06,0.07,
CRPG5,2025-09-23,13.27,13.1,12.95,13.49,
BMGBE510,2025-09-23,0.22,0.22,0.22,0.22,
TRISK740,2025-09-23,0.46,0.41,0.41,0.46,
SBSPV119,2025-09-23,0.44,0.36,0.36,0.44,
CYREV279,2025-09-23,0.17,0.2,0.17,0.22,
PCARV343,2025-09-23,0.09,0.06,0.06,0.09,
VIVTJ336,2025-09-23,0.9,0.9,0.9,0.9,
MBRFV229,2025-09-23,0.3,0.45,0.3,0.45,
BBSEK392,2025-09-23,0.16,0.21,0.16,0.21,
CBAVV360,2025-09-23,0.1,0.07,0.07,0.1,
QUALL299,2025-09-23,0.08,0.08,0.08,0.08,
AZZAW307,2025-09-23,1.52,1.42,1.35,1.56,
COGNK338,2025-09-23,0.16,0.17,0.16,0.19,
RAIZX110,2025-09-23,0.09,0.09,0.09,0.09,
CMINK572,2025-09-23,0.09,0.12,0.09,0.12,
VAMOJ410,2025-09-23,0.08,0.07,0.05,0.08,
RDORJ366,2025-09-23,5.82,5.83,5.82,5.83,
KLBNK196,2025-09-23,0.2,0.19,0.19,0.2,
PETZK381,2025-09-23,0.27,0.27,0.27,0.29,
CMINK652,2025-09-23,0.01,0.01,0.01,0.01,
BBSEJ317,2025-09-23,3.95,3.95,3.95,3.95,
CBAVL400,2025-09-23,0.3,0.3,0.3,0.3,
PETZW336,2025-09-23,0.06,0.06,0.06,0.06,
QUALW229,2025-09-23,0.11,0.14,0.11,0.14,
AZZAJ377,2025-09-23,0.16,0.16,0.16,0.16,
EVTC31,2025-09-23,180.72,177.48,177.48,180.72,
COGNL334,2025-09-23,0.26,0.3,0.26,0.33,
VIVAJ288,2025-09-23,1.3,1.43,1.3,1.47,
BMGBK400,2025-09-23,0.31,0.31,0.31,0.31,
AMBPK160,2025-09-23,0.22,0.22,0.22,0.22,
DIRRK121,2025-09-23,3.88,3.88,3.88,3.88,
ISAEV216,2025-09-23,0.01,0.01,0.01,0.01,
COGNV303,2025-09-23,0.05,0.04,0.04,0.05,
PETZV470,2025-09-23,0.85,0.85,0.85,0.85,
MBRFK24,2025-09-23,1.1,0.9,0.9,1.1,
CYREJ300,2025-09-23,2.11,1.93,1.91,2.11,
COGNV308,2025-09-23,0.07,0.06,0.05,0.07,
COGNV298,2025-09-23,0.04,0.04,0.04,0.04,
MBRFW18,2025-09-23,0.55,0.72,0.55,0.72,
AZZAJ327,2025-09-23,1.22,1.22,1.22,1.22,
PETZJ500,2025-09-23,0.01,0.01,0.01,0.01,
BMGBK402,2025-09-23,0.14,0.15,0.14,0.15,
CYREW274,2025-09-23,0.45,0.45,0.45,0.45,
VAMOV310,2025-09-23,0.02,0.02,0.02,0.02,
RDORK403,2025-09-23,3.65,3.32,3.32,3.65,
CYREW294,2025-09-23,0.92,0.95,0.85,0.95,
VIVAV283,2025-09-23,0.52,0.53,0.52,0.53,
CMINM700,2025-09-23,1.25,1.25,1.25,1.25,
HYPEW240,2025-09-23,1.11,1.19,1.09,1.19,
VBBRW247,2025-09-23,1.25,1.25,1.25,1.25,
MBRFK25,2025-09-23,0.62,0.62,0.62,0.62,
RAIZW299,2025-09-23,1.8,1.8,1.8,1.8,
GUARV100,2025-09-23,0.68,0.68,0.68,0.68,
COGNI310W4,2025-09-23,0.1,0.16,0.1,0.16,
INFB11,2025-09-23,99.4,97.8,97.8,99.4,
ALOSV255W1,2025-09-23,0.23,0.23,0.23,0.23,
PETZJ365,2025-09-23,0.27,0.25,0.25,0.27,
PCARV503,2025-09-23,0.95,0.9,0.9,0.95,
YDUQJ175,2025-09-23,0.02,0.02,0.02,0.02,
QUALV249,2025-09-23,0.09,0.14,0.09,0.14,
KLBNK19,2025-09-23,0.34,0.31,0.31,0.34,
SBSPJ110,2025-09-23,21.5,21.5,21.5,21.5,
QUALV289,2025-09-23,0.44,0.47,0.44,0.47,
NATUK190,2025-09-23,0.34,0.3,0.24,0.4,
COGNK368,2025-09-23,0.05,0.07,0.05,0.07,
COGNU33,2025-09-23,0.51,0.51,0.51,0.51,
SBSPJ125,2025-09-23,10.29,10.97,10.29,11.35,
HYPEJ232,2025-09-23,0.93,1.23,0.93,1.23,
IGTIK238,2025-09-23,1.9,1.9,1.9,1.9,
VAMOV355,2025-09-23,0.06,0.06,0.06,0.06,
COGNI330W4,2025-09-23,0.01,0.02,0.01,0.03,
BRAVK182,2025-09-23,1.64,1.68,1.64,1.68,
NATUK870,2025-09-23,1.18,1.14,1.14,1.18,
RECVJ137,2025-09-23,0.14,0.15,0.12,0.15,
BBSEW339,2025-09-23,0.36,0.33,0.32,0.36,
YDUQW115,2025-09-23,0.25,0.25,0.25,0.25,
XPBRV106,2025-09-23,4.21,4.21,4.21,4.21,
PCARV313,2025-09-23,0.04,0.04,0.04,0.04,
CEABK188,2025-09-23,1.03,1.03,1.03,1.03,
ASAIK959,2025-09-23,0.91,0.91,0.91,0.91,
CMINW632,2025-09-23,0.92,0.92,0.92,0.92,
CXSEK165,2025-09-23,0.07,0.07,0.07,0.07,
QUALK289,2025-09-23,0.12,0.1,0.1,0.12,
ALOSW230,2025-09-23,0.18,0.13,0.13,0.18,
PCARL560,2025-09-23,0.25,0.25,0.25,0.25,
BRAVJ185W4,2025-09-23,1.07,1.11,1.07,1.15,
PETZL50,2025-09-23,0.51,0.51,0.51,0.51,
ALUPK315,2025-09-23,1,1.2,1,1.2,
ASAIV979,2025-09-23,0.36,0.34,0.34,0.38,
BRAVF27,2025-09-23,0.52,0.52,0.52,0.52,
NATUW760,2025-09-23,0.11,0.11,0.11,0.11,
ISAEK236,2025-09-23,0.88,0.88,0.88,0.88,
AZZAV330,2025-09-23,2.03,1.67,1.67,2.03,
PETZX391,2025-09-23,0.25,0.25,0.25,0.25,
NATUJ826,2025-09-23,1.29,1.13,1.13,1.29,
NATUV132,2025-09-23,3.87,3.87,3.87,3.87,
ALOSV216,2025-09-23,0.02,0.02,0.02,0.02,
HYPEJ227,2025-09-23,1.66,1.66,1.66,1.69,
PCARK820,2025-09-23,0.03,0.03,0.03,0.03,
BBSEJ330W4,2025-09-23,1.15,1.12,1.12,1.17,
BHIAV240,2025-09-23,0.03,0.03,0.03,0.04,
XPBRW100,2025-09-23,3.17,3.11,3.11,3.17,
COGNA10,2025-09-23,2.42,2.44,2.42,2.44,
DIRRV145,2025-09-23,0.09,0.1,0.07,0.1,
BBSEB38,2025-09-23,6,5.7,5.7,6,
SBSPU118W4,2025-09-23,0.05,0.05,0.05,0.05,
RAIZH13,2025-09-23,0.25,0.24,0.24,0.26,
VBBRV237,2025-09-23,0.6,0.5,0.5,0.63,
COGNJ298,2025-09-23,0.27,0.32,0.24,0.32,
YDUQV120,2025-09-23,0.13,0.13,0.13,0.13,
BHIAJ10,2025-09-23,0.01,0.01,0.01,0.01,
MBRFJ223,2025-09-23,1.72,1.72,1.72,1.72,
PCARK840,2025-09-23,0.03,0.03,0.03,0.03,
VBBRJ267,2025-09-23,0.1,0.1,0.1,0.1,
VBBRW239,2025-09-23,0.9,0.9,0.9,0.9,
PETZU390W4,2025-09-23,0.08,0.08,0.08,0.08,
ANIMK385,2025-09-23,0.27,0.27,0.27,0.27,
COGNN30,2025-09-23,0.13,0.13,0.13,0.13,
DXCOJ629,2025-09-23,0.09,0.1,0.09,0.1,
NATUV105,2025-09-23,1.23,1.29,1.23,1.29,
AZZAV350,2025-09-23,3.01,3.01,3.01,3.01,
BBSEV335W2,2025-09-23,0.46,0.47,0.46,0.47,
HYPEK275,2025-09-23,0.27,0.26,0.26,0.27,
HYPEW217,2025-09-23,0.42,0.41,0.41,0.42,
NATUJ115W2,2025-09-23,0.04,0.05,0.04,0.05,
CYREW289,2025-09-23,0.73,0.79,0.73,0.79,
CYREW284,2025-09-23,0.58,0.64,0.58,0.65,
BRAVW160,2025-09-23,0.17,0.17,0.17,0.17,
PCARK580,2025-09-23,0.12,0.11,0.11,0.12,
PCARW360,2025-09-23,0.23,0.22,0.22,0.23,
SBSPK93,2025-09-23,55,55,55,55,
PCARK380,2025-09-23,0.72,0.7,0.7,0.72,
COGNK388,2025-09-23,0.05,0.05,0.05,0.05,
PSSAV476,2025-09-23,0.1,0.1,0.1,0.1,
AZZAV315,2025-09-23,1.24,0.98,0.98,1.24,
SBSPW127,2025-09-23,2.85,2.46,2.46,2.85,
VIVAK288,2025-09-23,2.22,2.22,2.22,2.22,
CURYV308,2025-09-23,0.2,0.21,0.2,0.21,
PCARW440,2025-09-23,0.59,0.6,0.59,0.6,
HYPEK260,2025-09-23,0.57,0.63,0.57,0.63,
BHIAJ950,2025-09-23,0.02,0.02,0.02,0.02,
ALOSL273,2025-09-23,0.5,0.5,0.5,0.5,
FLRYV14,2025-09-23,0.05,0.05,0.05,0.05,
ASAIJ110,2025-09-23,0.09,0.09,0.08,0.09,
NEXP3F,2025-09-23,3.4,3.46,3.4,3.46,
ANIMO200,2025-09-23,0.04,0.04,0.04,0.04,
FLRYW145,2025-09-23,0.13,0.07,0.07,0.13,
CSMGL270,2025-09-23,8.36,8.36,8.36,8.36,
SBSPJ911,2025-09-23,40.7,40.7,40.7,40.7,
VBBRK307,2025-09-23,0.07,0.07,0.07,0.07,
QUALV370,2025-09-23,1.13,1.13,1.13,1.13,
SBSPV10,2025-09-23,0.22,0.22,0.22,0.22,
SBSPV996,2025-09-23,0.09,0.09,0.08,0.09,
NEOEJ297,2025-09-23,0.43,0.43,0.43,0.43,
SBSPV112W4,2025-09-23,0.27,0.25,0.25,0.27,
VIVTV527,2025-09-23,0.06,0.06,0.06,0.06,
COGNF250,2025-09-23,1.08,1.1,1.08,1.1,
QUALJ264,2025-09-23,0.12,0.11,0.11,0.12,
TASAK509,2025-09-23,0.06,0.06,0.06,0.06,
POSIW473,2025-09-23,0.35,0.37,0.35,0.37,
CXSEK172,2025-09-23,0.01,0.01,0.01,0.01,
ISAEP24,2025-09-23,0.22,0.22,0.22,0.22,
CSMGJ325,2025-09-23,2.3,2.3,2.3,2.3,
PCARK410,2025-09-23,0.54,0.54,0.54,0.54,
NATUX820,2025-09-23,0.28,0.28,0.28,0.28,
BRAVU195W4,2025-09-23,0.58,0.61,0.58,0.61,
VBBRV204,2025-09-23,0.05,0.04,0.04,0.05,
QUALW200,2025-09-23,0.03,0.03,0.03,0.03,
ANIMV335,2025-09-23,0.08,0.08,0.08,0.08,
PCARJ343,2025-09-23,0.81,0.81,0.81,0.81,
SIMHV523,2025-09-23,0.08,0.08,0.08,0.08,
NATUK800,2025-09-23,1.6,1.6,1.6,1.6,
PCARU390W4,2025-09-23,0.02,0.02,0.02,0.02,
ASAIV899,2025-09-23,0.11,0.11,0.11,0.11,
POSIW383,2025-09-23,0.09,0.09,0.09,0.09,
TTENV12,2025-09-23,0.04,0.02,0.02,0.04,
ASAIX899,2025-09-23,0.3,0.3,0.3,0.3,
BRAVK195,2025-09-23,1,1,1,1,
AUREV115,2025-09-23,0.8,0.79,0.79,0.81,
RDORK393,2025-09-23,3.98,3.98,3.98,3.98,
ISAEM231,2025-09-23,0.21,0.21,0.21,0.21,
HYPEK242,2025-09-23,1.09,1.09,1.09,1.09,
NATUL170,2025-09-23,0.02,0.05,0.02,0.05,
BRAVK215,2025-09-23,0.38,0.38,0.38,0.38,
CXSEC186,2025-09-23,0.1,0.1,0.1,0.1,
LJQQJ280,2025-09-23,0.07,0.07,0.07,0.07,
BRAVJ220,2025-09-23,0.07,0.07,0.07,0.07,
HYPEW180,2025-09-23,0.08,0.03,0.03,0.08,
RAIZK200,2025-09-23,0.02,0.02,0.02,0.02,
COGNK318,2025-09-23,0.25,0.25,0.25,0.25,
CMINL570,2025-09-23,0.25,0.25,0.25,0.25,
PCARV388,2025-09-23,0.23,0.17,0.17,0.23,
PCARW385,2025-09-23,0.29,0.29,0.29,0.29,
GMATJ769,2025-09-23,0.02,0.02,0.02,0.02,
PETZO500,2025-09-23,1,1,1,1,
CBAVJ360,2025-09-23,0.27,0.27,0.27,0.27,
CYREJ354,2025-09-23,0.02,0.02,0.02,0.02,
RDORV381,2025-09-23,0.1,0.1,0.1,0.1,
NATUJ866,2025-09-23,1.01,0.98,0.98,1.01,
COGNJ138,2025-09-23,1.83,1.83,1.83,1.83,
BBSEU345W4,2025-09-23,1.2,1.2,1.2,1.2,
COGNC45,2025-09-23,0.08,0.08,0.08,0.08,
ASAIX919,2025-09-23,0.28,0.28,0.28,0.28,
ALOSW225,2025-09-23,0.12,0.12,0.12,0.12,
MOTVJ173,2025-09-23,0.03,0.03,0.03,0.03,
NATUK170,2025-09-23,0.02,0.02,0.02,0.02,
BRAVK172,2025-09-23,2.44,2.44,2.44,2.44,
AUREL113,2025-09-23,0.08,0.08,0.08,0.08,
CURYJ323,2025-09-23,1.69,1.69,1.69,1.69,
CYRE3,2025-09-23,30.01,30.2,29.9,30.5,
AMER3F,2025-09-23,7.1,7.02,7,7.26,
CURY3,2025-09-23,33.05,33.3,33.05,33.58,
TEND3,2025-09-23,26.69,26.93,26.53,27.34,
SLCE3,2025-09-23,16.5,16.66,16.5,16.74,
ALUP11,2025-09-23,31.07,31.78,30.94,31.87,
KNOX11,2025-09-23,100.51,101.7,100.51,101.8,
ARML3,2025-09-23,3.72,3.94,3.72,4.09,
MDNE3,2025-09-23,27.6,28.82,27.6,28.94,
RURA11,2025-09-23,8.24,8.25,8.22,8.27,
CBAV3,2025-09-23,3.72,3.81,3.72,3.88,
VAMO3,2025-09-23,3.7,3.77,3.7,3.8,
OIBR3F,2025-09-23,0.54,0.54,0.54,0.55,
VIGT11,2025-09-23,38,37.83,37.4,38,
NEOE3,2025-09-23,28.72,28.82,28.68,28.98,
SLCE3F,2025-09-23,16.59,16.69,16.48,16.74,
GUAR3F,2025-09-23,9.71,9.6,9.53,9.9,
RECV3,2025-09-23,13.04,13.16,13,13.3,
BINC11,2025-09-23,96.93,97.99,96.74,98,
MATD3,2025-09-23,4.54,4.6,4.51,4.61,
FGAA11,2025-09-23,8.82,8.81,8.75,8.84,
BMOB3F,2025-09-23,23.04,23.25,22.77,23.25,
CSUD3,2025-09-23,18.79,18.26,18.18,18.79,
SLCEV170,2025-09-23,0.45,0.45,0.45,0.45,
MBRFV190,2025-09-23,0.2,0.88,0.2,0.88,
BHIA3F,2025-09-23,4.6,4.73,4.6,4.81,
FIQE3F,2025-09-23,4.62,4.53,4.43,4.62,
NATUW880,2025-09-23,0.43,0.47,0.43,0.48,
PETZV390W2,2025-09-23,0.14,0.14,0.14,0.14,
KLBNJ182,2025-09-23,0.56,0.54,0.54,0.56,
NATUK110,2025-09-23,0.31,0.28,0.28,0.31,
CMINK532,2025-09-23,0.27,0.28,0.26,0.32,
ETER3F,2025-09-23,4.7,4.76,4.7,4.82,
BRAVV182,2025-09-23,0.35,0.38,0.3,0.38,
IFCM3F,2025-09-23,0.23,0.22,0.22,0.23,
AERI3F,2025-09-23,4.07,4.07,4.05,4.12,
MBRFJ238,2025-09-23,0.97,0.57,0.55,0.98,
SLCEV157,2025-09-23,0.03,0.04,0.03,0.04,
AZZAJ390,2025-09-23,0.09,0.09,0.09,0.09,
SBSPV132,2025-09-23,3.31,2.9,2.82,3.31,
MEAL3,2025-09-23,1.37,1.39,1.37,1.39,
BMGBW400,2025-09-23,0.07,0.07,0.07,0.09,
BBSEK335,2025-09-23,1.39,1.35,1.35,1.44,
BRAVJ210,2025-09-23,0.17,0.11,0.1,0.17,
BRAVV210,2025-09-23,2.05,2.14,1.99,2.14,
ALUP3F,2025-09-23,10.99,11.45,10.98,11.67,
MBRFJ288,2025-09-23,0.02,0.02,0.02,0.02,
BRST3,2025-09-23,2.87,3,2.86,3,
COGNJ273,2025-09-23,0.53,0.54,0.53,0.54,
SNID11,2025-09-23,10.06,10.09,10,10.14,
IGTI3F,2025-09-23,2.93,2.92,2.82,2.94,
TCSA3F,2025-09-23,1.62,1.61,1.61,1.7,
PLCA11,2025-09-23,70.45,70.49,69.6,70.64,
VBBRK259,2025-09-23,0.65,0.69,0.64,0.69,
RAIZV960,2025-09-23,0.02,0.03,0.02,0.03,
COGNW348,2025-09-23,0.3,0.31,0.3,0.31,
BBSEJ362,2025-09-23,0.34,0.35,0.31,0.47,
CXSEV141,2025-09-23,0.02,0.01,0.01,0.02,
KLBNK197,2025-09-23,0.26,0.25,0.25,0.28,
WEST3,2025-09-23,4.45,4.45,4.35,4.55,
BHIAV450,2025-09-23,0.21,0.26,0.21,0.3,
AZZAJ340,2025-09-23,0.7,0.58,0.58,0.79,
BRAVV202,2025-09-23,1.45,1.51,1.34,1.51,
BBSEV327,2025-09-23,0.03,0.05,0.03,0.05,
COGNK343,2025-09-23,0.16,0.16,0.16,0.17,
CYREV304,2025-09-23,0.95,0.97,0.82,0.97,
CSMGK360,2025-09-23,1.17,1.14,1.14,1.17,
HYPEV220,2025-09-23,0.18,0.23,0.16,0.23,
BBSEJ352,2025-09-23,0.77,0.84,0.77,1.01,
FIEI3,2025-09-23,21.7,21.78,21.7,21.78,
BRAVV175,2025-09-23,0.2,0.2,0.15,0.2,
CXSEV156,2025-09-23,0.41,0.32,0.31,0.41,
BBSEK340,2025-09-23,1.18,1.1,1.1,1.18,
BRFT11,2025-09-23,83.8,84.45,83,84.77,
HBRE3F,2025-09-23,4.92,4.93,4.85,4.98,
ALOSW264,2025-09-23,0.96,0.87,0.85,0.97,
CSMGJ380,2025-09-23,0.11,0.1,0.1,0.12,
NATUJ112,2025-09-23,0.1,0.09,0.08,0.11,
TIMSK226,2025-09-23,1.38,1.38,1.38,1.39,
QUALM500,2025-09-23,2.39,2.4,2.37,2.4,
ISAEK246,2025-09-23,0.34,0.43,0.34,0.45,
MBRFJ210,2025-09-23,0.4,0.3,0.3,0.42,
BRAVV170,2025-09-23,0.11,0.13,0.1,0.13,
AZZAJ330,2025-09-23,0.93,1.01,0.93,1.22,
MBRFJ243,2025-09-23,0.5,0.45,0.38,0.76,
PCARV393,2025-09-23,0.25,0.19,0.18,0.25,
SLCEV16,2025-09-23,0.11,0.1,0.09,0.11,
KLBNL205,2025-09-23,0.18,0.18,0.18,0.18,
YDUQK160,2025-09-23,0.3,0.28,0.28,0.3,
YDUQV135,2025-09-23,0.72,0.63,0.59,0.72,
COGNJ380W4,2025-09-23,0.01,0.01,0.01,0.01,
BHIAW290,2025-09-23,0.08,0.08,0.08,0.08,
RAIZV101,2025-09-23,0.03,0.04,0.03,0.05,
PCARJ388,2025-09-23,0.51,0.58,0.51,0.58,
JBSSV830,2025-09-23,3.5,2.85,2.85,3.5,
MBRFJ273,2025-09-23,0.2,0.1,0.03,0.23,
SBSPV124,2025-09-23,0.88,0.7,0.7,0.88,
CRPG5F,2025-09-23,13.34,13.49,12.99,13.49,
SBSPV123,2025-09-23,0.81,0.63,0.61,0.81,
HYPEV260,2025-09-23,2.45,2.47,2.45,2.47,
TIMSW236,2025-09-23,0.82,0.84,0.82,0.85,
RDORK423,2025-09-23,2.16,2.11,2.11,2.33,
VAMOV380,2025-09-23,0.16,0.16,0.15,0.16,
MBRFV238,2025-09-23,0.92,1.55,0.92,1.55,
KLBNW202,2025-09-23,1.55,1.55,1.55,1.55,
VAMOV370,2025-09-23,0.1,0.12,0.1,0.12,
BBSEW300,2025-09-23,0.1,0.1,0.1,0.1,
SBSPV134,2025-09-23,4.2,3.91,3.91,4.2,
BRAVI190W4,2025-09-23,0.25,0.14,0.14,0.28,
PCARB50,2025-09-23,0.46,0.5,0.46,0.5,
ALUPL333,2025-09-23,0.62,0.62,0.62,0.62,
ALUPV315,2025-09-23,0.15,0.15,0.15,0.15,
RAIZK110,2025-09-23,0.17,0.16,0.16,0.17,
QUALJ200,2025-09-23,0.5,0.48,0.41,0.6,
CXSEV146,2025-09-23,0.04,0.02,0.02,0.04,
ALOSW241,2025-09-23,0.23,0.23,0.23,0.23,
COGNK323,2025-09-23,0.22,0.24,0.22,0.27,
NATUK105W1,2025-09-23,0.31,0.24,0.24,0.31,
BBSEK372,2025-09-23,0.57,0.58,0.57,0.65,
CYREJ319,2025-09-23,0.42,0.39,0.38,0.47,
HYPEJ257,2025-09-23,0.2,0.18,0.18,0.26,
BBSEK362,2025-09-23,1,0.98,0.98,1.07,
VAMOW430,2025-09-23,0.54,0.54,0.54,0.54,
SIMHW423,2025-09-23,0.03,0.03,0.03,0.03,
KLBNJ179,2025-09-23,0.74,0.74,0.7,0.74,
CMINH50,2025-09-23,1.2,1.25,1.2,1.25,
MBRFL199,2025-09-23,0.7,0.7,0.7,0.7,
SBSPV120,2025-09-23,0.46,0.4,0.39,0.48,
VBBRV224,2025-09-23,0.2,0.16,0.16,0.2,
CSMGW330,2025-09-23,0.77,0.65,0.65,0.77,
ALOSJ261,2025-09-23,0.37,0.63,0.37,0.63,
CEABK183,2025-09-23,1.33,1.33,1.33,1.33,
GROP31,2025-09-23,14.65,14.28,14.21,15,
MBRFV165,2025-09-23,0.02,0.02,0.02,0.02,
CMINV564,2025-09-23,0.3,0.28,0.28,0.3,
PCARV493,2025-09-23,0.86,0.78,0.78,0.86,
AZZAV307,2025-09-23,0.81,0.75,0.74,0.81,
ALOSV256,2025-09-23,0.38,0.32,0.32,0.38,
PCARJ443,2025-09-23,0.29,0.28,0.23,0.3,
QUALJ300,2025-09-23,0.01,0.02,0.01,0.02,
SBSPU130W4,2025-09-23,1.2,0.47,0.47,1.2,
PCARJ543,2025-09-23,0.07,0.06,0.06,0.07,
ASAIJ999,2025-09-23,0.4,0.4,0.36,0.43,
VBBRW229,2025-09-23,0.64,0.52,0.52,0.64,
RDORL451,2025-09-23,1.4,1.35,1.35,1.4,
BBSEK380,2025-09-23,1.21,1.24,1.2,1.36,
MBRFJ180,2025-09-23,1.85,1.85,1.85,1.85,
VAMOJ350,2025-09-23,0.31,0.32,0.31,0.32,
CXSEW145,2025-09-23,0.06,0.05,0.04,0.06,
SIMHW483,2025-09-23,0.08,0.08,0.08,0.08,
RDORJ410,2025-09-23,1.3,1.36,1.24,1.68,
SBSPV122,2025-09-23,0.58,0.52,0.52,0.62,
COGNK328,2025-09-23,0.2,0.2,0.2,0.23,
CURYV323,2025-09-23,0.46,0.46,0.46,0.46,
BHIAJ530,2025-09-23,0.17,0.17,0.17,0.17,
MBRFJ220,2025-09-23,0.26,0.15,0.15,0.26,
CYREJ304,2025-09-23,1.02,0.94,0.93,1.08,
BRAVC230,2025-09-23,1,1.1,0.88,1.1,
XPBRJ980,2025-09-23,8.08,7.39,7.39,8.55,
PSSAJ521,2025-09-23,0.86,0.92,0.86,0.99,
VIVTV316,2025-09-23,0.09,0.09,0.09,0.09,
ASAIW869,2025-09-23,0.18,0.17,0.17,0.18,
MBRFV223,2025-09-23,0.35,0.35,0.35,0.39,
BBSEW332,2025-09-23,0.2,0.2,0.2,0.21,
CYREV269,2025-09-23,0.1,0.1,0.09,0.1,
NATUW870,2025-09-23,0.43,0.4,0.4,0.43,
BBSEV332,2025-09-23,0.07,0.07,0.06,0.07,
MBRFJ245,2025-09-23,0.05,0.03,0.03,0.05,
VIVAJ293,2025-09-23,1.1,1.13,1.1,1.13,
BRAVV195W1,2025-09-23,0.74,0.8,0.74,0.8,
PCARW290,2025-09-23,0.07,0.06,0.06,0.07,
PCARJ408,2025-09-23,0.49,0.46,0.42,0.49,
BBSEM347,2025-09-23,0.2,0.19,0.19,0.2,
SMTOV180,2025-09-23,0.57,0.48,0.48,0.57,
BBSEV367,2025-09-23,1.33,1.22,1.22,1.33,
HYPEK280,2025-09-23,0.17,0.18,0.17,0.18,
BRAVU190W4,2025-09-23,0.3,0.33,0.24,0.33,
JFEN3,2025-09-23,1.76,1.75,1.72,1.82,
CSMGK315,2025-09-23,4,4,4,4,
COGNL403,2025-09-23,0.06,0.06,0.06,0.06,
RAIZK135,2025-09-23,0.07,0.06,0.06,0.07,
RAIZK125,2025-09-23,0.09,0.09,0.08,0.09,
CMINW552,2025-09-23,0.29,0.24,0.24,0.29,
SMTOW151,2025-09-23,0.11,0.11,0.11,0.11,
BBSEK394,2025-09-23,0.15,0.15,0.15,0.15,
BHIAV400,2025-09-23,0.09,0.09,0.09,0.12,
BMOBJ208,2025-09-23,2.5,2.5,2.5,2.5,
BBSEJ369,2025-09-23,0.13,0.16,0.13,0.2,
COGNV258,2025-09-23,0.01,0.01,0.01,0.01,
IGTIW213,2025-09-23,0.09,0.09,0.09,0.09,
CXSEW152,2025-09-23,0.22,0.18,0.18,0.22,
BRAVV180W2,2025-09-23,0.21,0.21,0.21,0.21,
CBAVK410,2025-09-23,0.19,0.19,0.19,0.19,
BRAVW172,2025-09-23,0.34,0.37,0.34,0.37,
PETZV380,2025-09-23,0.09,0.11,0.08,0.12,
VBBRM220,2025-09-23,0.55,0.5,0.5,0.55,
JBSSJ927,2025-09-23,2.65,2.65,2.65,2.65,
JBSSW750,2025-09-23,0.75,0.84,0.75,0.84,
BBSEJ337,2025-09-23,1.92,2.04,1.91,2.2,
BBSEV345W1,2025-09-23,1,1.05,1,1.05,
COGNJ278,2025-09-23,0.5,0.47,0.47,0.5,
KEPLV780,2025-09-23,0.07,0.07,0.07,0.07,
QUALJ269,2025-09-23,0.08,0.05,0.05,0.1,
VIVTW339,2025-09-23,0.95,0.96,0.95,0.96,
FLRYW160,2025-09-23,0.47,0.48,0.47,0.48,
PCARJ563,2025-09-23,0.06,0.06,0.06,0.06,
NATUV142,2025-09-23,4.85,4.89,4.85,4.89,
PETZW306,2025-09-23,0.02,0.02,0.02,0.02,
NATUW950,2025-09-23,0.8,0.8,0.8,0.8,
CYREB270,2025-09-23,6,6,6,6,
MBRFJ230,2025-09-23,0.15,0.15,0.15,0.15,
CXSEJ164,2025-09-23,0.01,0.01,0.01,0.01,
PETZI380W4,2025-09-23,0.08,0.05,0.05,0.08,
COGNO349,2025-09-23,0.37,0.37,0.37,0.37,
IGTIJ255,2025-09-23,0.31,0.34,0.3,0.34,
PETZD500,2025-09-23,0.15,0.15,0.15,0.15,
HYPEV21,2025-09-23,0.16,0.15,0.15,0.16,
NATUV960W1,2025-09-23,0.5,0.5,0.5,0.5,
AZZAK332,2025-09-23,2.02,2.02,2.02,2.02,
PETZJ400W1,2025-09-23,0.02,0.02,0.02,0.02,
CSMGJ365,2025-09-23,0.32,0.33,0.32,0.33,
BBSEW337,2025-09-23,0.3,0.28,0.28,0.3,
VIVAJ303,2025-09-23,0.69,0.7,0.69,0.7,
BBSEV335W1,2025-09-23,0.32,0.32,0.32,0.32,
PCARK570,2025-09-23,0.14,0.14,0.13,0.14,
VAMOJ420,2025-09-23,0.05,0.06,0.05,0.07,
CSMGV310,2025-09-23,0.1,0.08,0.07,0.1,
CMINA500,2025-09-23,0.78,0.78,0.78,0.78,
VBBRJ237,2025-09-23,0.86,1.02,0.82,1.03,
AZZAV360,2025-09-23,3.95,3.95,3.95,3.95,
PCARV273,2025-09-23,0.02,0.02,0.02,0.02,
VAMOW370,2025-09-23,0.17,0.17,0.17,0.2,
RDORV326,2025-09-23,0.1,0.1,0.1,0.1,
KLBNJ209,2025-09-23,0.01,0.01,0.01,0.01,
QUALV264,2025-09-23,0.2,0.19,0.18,0.2,
PETZW391,2025-09-23,0.23,0.24,0.23,0.24,
RDORJ394,2025-09-23,3.48,3.48,3.48,3.48,
SLCEW162,2025-09-23,0.24,0.18,0.18,0.24,
YDUQW110,2025-09-23,0.16,0.16,0.16,0.16,
CBAVO50,2025-09-23,1.05,1.05,1.05,1.05,
SLCEJ172,2025-09-23,0.12,0.16,0.12,0.16,
BRAVJ200W1,2025-09-23,0.13,0.12,0.11,0.13,
VIVAV275,2025-09-23,0.28,0.32,0.28,0.32,
SBSPW123,2025-09-23,1.73,1.7,1.7,1.73,
HYPEV237,2025-09-23,0.7,0.56,0.55,0.7,
PETZW386,2025-09-23,0.2,0.21,0.2,0.21,
FLRYW150,2025-09-23,0.21,0.21,0.21,0.21,
NATUX900,2025-09-23,0.55,0.65,0.55,0.65,
BRAVJ230,2025-09-23,0.03,0.04,0.03,0.04,
PETZL80,2025-09-23,0.15,0.15,0.15,0.15,
VBBRW242,2025-09-23,1.2,1.02,1.02,1.2,
CSMGW305,2025-09-23,0.21,0.21,0.21,0.21,
PSSAK591,2025-09-23,0.24,0.24,0.24,0.24,
TIMSW219,2025-09-23,0.26,0.26,0.26,0.26,
BRAVV272,2025-09-23,8.1,8.1,8.1,8.1,
SBSPR125,2025-09-23,3.72,3.72,3.72,3.72,
AZZAJ310,2025-09-23,1.93,2.33,1.9,2.33,
RAIZL120,2025-09-23,0.13,0.13,0.13,0.14,
BRAVW215,2025-09-23,2.45,2.45,2.45,2.45,
RDORK350,2025-09-23,8.16,8.16,8.16,8.16,
JBSSK640,2025-09-23,17.95,17.95,17.95,17.95,
JBSSW960,2025-09-23,8.09,8.15,8.09,8.15,
PETZV350,2025-09-23,0.03,0.03,0.03,0.03,
CSMGJ290,2025-09-23,4.86,4.86,4.86,4.86,
PCARB400,2025-09-23,1.5,1.5,1.5,1.5,
CBAVJ450,2025-09-23,0.02,0.08,0.02,0.08,
COGNK308,2025-09-23,0.31,0.34,0.31,0.34,
NATUW820,2025-09-23,0.25,0.23,0.23,0.25,
BRAVV225,2025-09-23,3.45,3.41,3.41,3.45,
SIMHJ533,2025-09-23,0.42,0.42,0.42,0.42,
CURYV326,2025-09-23,0.56,0.56,0.56,0.56,
BRAVV220,2025-09-23,2.9,2.91,2.9,2.92,
VIVAW293,2025-09-23,1.35,1.35,1.35,1.35,
PETZK540,2025-09-23,0.02,0.03,0.02,0.03,
YDUQW130,2025-09-23,0.67,0.67,0.67,0.67,
PCARX275,2025-09-23,0.05,0.05,0.05,0.05,
BBSEI345W4,2025-09-23,0.04,0.04,0.04,0.04,
COGNB50,2025-09-23,0.03,0.05,0.03,0.07,
BRAVW195,2025-09-23,1.14,1.1,1.1,1.14,
BRAVK252,2025-09-23,0.06,0.06,0.06,0.06,
COGNJ373,2025-09-23,0.01,0.01,0.01,0.01,
SBFGW129,2025-09-23,0.61,0.63,0.61,0.63,
PETZW341,2025-09-23,0.08,0.07,0.07,0.08,
YDUQK145,2025-09-23,0.71,0.71,0.71,0.71,
BRAVK257,2025-09-23,0.05,0.05,0.05,0.05,
SBSPQ125,2025-09-23,3.55,3.55,3.55,3.55,
HYPEV250,2025-09-23,1.39,1.39,1.39,1.39,
RSID3F,2025-09-23,1.91,1.91,1.9,1.91,
ANIMP200,2025-09-23,0.06,0.05,0.05,0.06,
VBBRW214,2025-09-23,0.3,0.24,0.24,0.3,
HYPEL280,2025-09-23,0.36,0.36,0.36,0.36,
HYPEK232,2025-09-23,1.59,1.79,1.59,1.79,
CBAVK500,2025-09-23,0.05,0.05,0.05,0.05,
NATUJ980W1,2025-09-23,0.22,0.13,0.13,0.22,
COGNV310W2,2025-09-23,0.04,0.04,0.04,0.04,
ANIMM200,2025-09-23,0.04,0.03,0.03,0.04,
YDUQJ130,2025-09-23,0.96,0.96,0.96,0.96,
BRAVV150,2025-09-23,0.03,0.03,0.03,0.03,
ISAEW244,2025-09-23,0.65,0.65,0.65,0.65,
CXSEM154,2025-09-23,0.3,0.3,0.3,0.3,
GFSA12F,2025-09-23,2.08,2.08,2.08,2.08,
SLCEJ180,2025-09-23,0.04,0.04,0.04,0.04,
AZZAJ345,2025-09-23,0.53,0.54,0.53,0.54,
AZZAE450,2025-09-23,3.4,3.4,3.4,3.4,
CXSEW140,2025-09-23,0.03,0.03,0.03,0.03,
RDORJ364,2025-09-23,6.36,6.36,6.36,6.36,
IGTIV233,2025-09-23,0.15,0.15,0.15,0.15,
SBSPV111,2025-09-23,0.19,0.21,0.19,0.21,
SBSPV114,2025-09-23,0.27,0.27,0.27,0.27,
SIMHW573,2025-09-23,0.33,0.33,0.33,0.33,
VBBRJ182,2025-09-23,6,6,6,6,
BBSEX420,2025-09-23,7.25,7.14,7.14,7.25,
RECVW160,2025-09-23,1.84,1.75,1.75,1.84,
CYREK309,2025-09-23,1.5,1.61,1.5,1.61,
VIVTV331,2025-09-23,0.3,0.35,0.3,0.37,
SIMHX553,2025-09-23,0.46,0.4,0.4,0.46,
SBSPW107,2025-09-23,0.4,0.38,0.38,0.4,
ASAIK105,2025-09-23,0.45,0.45,0.44,0.46,
ISAEW240,2025-09-23,0.11,0.09,0.09,0.11,
COGNV373,2025-09-23,0.49,0.46,0.46,0.49,
COGNW463,2025-09-23,1.3,1.3,1.3,1.3,
TRISJ760,2025-09-23,0.15,0.16,0.15,0.16,
CMINW500,2025-09-23,0.04,0.04,0.04,0.04,
ASAIK114,2025-09-23,0.2,0.19,0.19,0.21,
RAIZX115,2025-09-23,0.13,0.02,0.02,0.13,
HYPEJ280,2025-09-23,0.02,0.02,0.02,0.02,
BRAVJ237,2025-09-23,0.03,0.02,0.02,0.03,
KLBNK192,2025-09-23,0.43,0.43,0.43,0.43,
ISAEW224,2025-09-23,0.07,0.07,0.07,0.07,
CSMGJ310,2025-09-23,3.54,3.54,3.54,3.54,
BBSEL360,2025-09-23,0.51,0.51,0.51,0.51,
INTBJ142,2025-09-23,0.04,0.04,0.04,0.04,
VAMOJ360,2025-09-23,0.24,0.28,0.24,0.28,
VAMOL410,2025-09-23,0.25,0.23,0.23,0.25,
VBBRN214,2025-09-23,0.5,0.53,0.5,0.53,
AZZAJ315,2025-09-23,1.63,1.64,1.63,1.64,
NATUA130,2025-09-23,0.22,0.16,0.16,0.22,
MBRFL188,2025-09-23,2.2,3.15,2.2,3.15,
BRAVB229,2025-09-23,3.01,3.01,3.01,3.01,
KEPLJ840,2025-09-23,0.04,0.04,0.04,0.04,
BRAVK217,2025-09-23,0.3,0.33,0.3,0.33,
JBSSW830,2025-09-23,3,3,3,3,
RDORJ385,2025-09-23,3.67,3.67,3.67,3.67,
QUALV144,2025-09-23,0.01,0.01,0.01,0.01,
BRAVW147,2025-09-23,0.09,0.09,0.09,0.09,
BRAVL260,2025-09-23,0.11,0.11,0.11,0.11,
CXSEW167,2025-09-23,1.35,1.36,1.35,1.36,
MBRFV22,2025-09-23,0.18,0.22,0.18,0.22,
CURYV200,2025-09-23,0.01,0.01,0.01,0.01,
QUALV430,2025-09-23,1.66,1.66,1.66,1.66,
AZZAJ342,2025-09-23,0.6,0.6,0.6,0.6,
RDORJ396,2025-09-23,2.83,2.83,2.83,2.83,
NATUJ142,2025-09-23,0.02,0.02,0.02,0.02,
KLBNV189,2025-09-23,0.59,0.59,0.59,0.59,
CEABW178,2025-09-23,1.32,1.32,1.32,1.32,
GMATJ709,2025-09-23,0.24,0.24,0.24,0.24,
NATUG12,2025-09-23,0.96,0.87,0.87,0.96,
COGNG1,2025-09-23,1.39,1.39,1.39,1.39,
CSMGW335,2025-09-23,0.99,0.89,0.89,0.99,
BHIAV495,2025-09-23,0.62,0.62,0.62,0.62,
NATUK145,2025-09-23,0.06,0.06,0.06,0.06,
VBBRA25,2025-09-23,4.84,4.84,4.84,4.84,
NATUA107,2025-09-23,0.61,0.58,0.58,0.61,
ISAEX240,2025-09-23,0.11,0.11,0.11,0.11,
VBBRK244,2025-09-23,1.1,1.1,1.1,1.1,
PCARJ348,2025-09-23,0.79,0.79,0.79,0.79,
CYREV274,2025-09-23,0.15,0.15,0.15,0.15,
PCARJ623,2025-09-23,0.03,0.03,0.03,0.03,
ALOSU250W4,2025-09-23,0.08,0.08,0.08,0.08,
PCARJ368,2025-09-23,0.64,0.64,0.64,0.64,
PCARJ333,2025-09-23,0.92,0.92,0.92,0.92,
BRAVJ227,2025-09-23,0.04,0.04,0.04,0.04,
CPTI11,2025-09-23,82.98,82.9,82.51,83.09,
SOJA3F,2025-09-23,10.82,10.84,10.76,10.93,
IGTI11,2025-09-23,23.92,24.57,23.92,24.72,
VTRU3,2025-09-23,11.91,12.01,11.79,12.11,
RZAG11,2025-09-23,9.12,9.08,9.05,9.16,
MOTV3,2025-09-23,15.05,15.03,14.9,15.11,
TIMS3,2025-09-23,23.03,23.21,22.97,23.32,
TFCO4,2025-09-23,17.19,17.4,17.08,17.44,
GFSA3,2025-09-23,11.57,11.59,11.54,11.75,
TRIS3,2025-09-23,7.1,7.16,7.09,7.31,
KLBN4,2025-09-23,3.64,3.61,3.61,3.64,
ASAI3F,2025-09-23,9.8,9.8,9.75,9.92,
TASA4F,2025-09-23,4.91,5.02,4.85,5.1,
SYNE3,2025-09-23,5.04,5.26,5.04,5.34,
YDUQ3F,2025-09-23,13.46,13.37,13.21,13.56,
ALLD3F,2025-09-23,8.43,8.38,8.25,8.47,
ISAE4F,2025-09-23,23.53,23.89,23.53,23.93,
SEER3,2025-09-23,11.21,11.05,10.95,11.23,
VBBR3F,2025-09-23,23.7,24.17,23.6,24.28,
RAIZ4F,2025-09-23,1.19,1.18,1.17,1.2,
INTB3F,2025-09-23,12.69,12.53,12.11,12.69,
NATU3F,2025-09-23,9.3,9.22,9.16,9.4,
COGNV363,2025-09-23,0.4,0.39,0.37,0.4,
EGAF11,2025-09-23,91.92,91.99,91.52,91.99,
GGPS3F,2025-09-23,18.38,18.58,18.34,18.61,
PTBL3,2025-09-23,4.06,4.2,4.01,4.24,
JALL3F,2025-09-23,2.77,2.84,2.76,2.85,
HBRE3,2025-09-23,4.93,4.89,4.8,4.95,
ONCO3,2025-09-23,2.87,2.85,2.85,2.95,
MNPR3,2025-09-23,41,41,40.25,41,
MBRFJ24,2025-09-23,0.8,0.49,0.45,0.87,
ESPA3,2025-09-23,1.32,1.3,1.26,1.32,
BRAVJ192,2025-09-23,0.64,0.49,0.49,0.65,
VITT3,2025-09-23,5.03,5.05,5.03,5.14,
BRAVJ180,2025-09-23,1.36,1.23,1.22,1.46,
ALUP11F,2025-09-23,30.93,31.88,30.93,31.89,
PORT3F,2025-09-23,18.17,18.18,18.16,18.32,
SBSPK131,2025-09-23,6.44,6.93,6.44,7.05,
PPLA11,2025-09-23,0.9,0.9,0.9,0.9,
OIBR3,2025-09-23,0.54,0.54,0.54,0.55,
ISAEV241,2025-09-23,0.46,0.36,0.32,0.46,
PLPL3F,2025-09-23,17.17,16.88,16.63,17.44,
CYREW279,2025-09-23,0.51,0.53,0.51,0.53,
CYREW309,2025-09-23,1.52,1.57,1.44,1.57,
VCRA11,2025-09-23,61.3,61.58,60.91,61.64,
MATD3F,2025-09-23,4.52,4.59,4.52,4.6,
IAGR11,2025-09-23,3.92,3.85,3.81,3.94,
CAMB3F,2025-09-23,10.06,10.15,10,10.28,
SLCEW169,2025-09-23,0.5,0.52,0.5,0.52,
NATUU860W4,2025-09-23,0.02,0.01,0.01,0.03,
ISAE3F,2025-09-23,30.95,30.67,30.64,31.1,
FZDA11,2025-09-23,130,145,130,145,
BBSEJ372,2025-09-23,0.11,0.12,0.09,0.15,
RAIZJ136,2025-09-23,0.03,0.04,0.03,0.04,
ARML3F,2025-09-23,3.7,3.98,3.7,4.08,
NATUJ10,2025-09-23,0.32,0.27,0.27,0.34,
DXCOM529,2025-09-23,0.05,0.05,0.05,0.05,
BHIAJ35,2025-09-23,1.12,1.12,1.12,1.12,
DMVF3,2025-09-23,4.78,4.94,4.71,4.94,
KNDI11,2025-09-23,100.15,100,99.74,100.37,
REAG3F,2025-09-23,2.74,2.73,2.73,2.76,
COGNJ318,2025-09-23,0.15,0.18,0.13,0.19,
LAND3,2025-09-23,9.2,9.14,9.02,9.2,
CYREV299,2025-09-23,0.79,0.75,0.63,0.79,
GRWA11,2025-09-23,7.67,7.55,7.28,7.67,
CSED3F,2025-09-23,4.95,4.94,4.88,4.99,
TIMSV228,2025-09-23,0.28,0.34,0.25,0.34,
KLBNV182,2025-09-23,0.17,0.23,0.17,0.24,
CYREJ254,2025-09-23,5,4.96,4.9,5,
RAIZK150,2025-09-23,0.04,0.03,0.03,0.05,
BRAVJ197,2025-09-23,0.38,0.33,0.33,0.42,
MBRFK285,2025-09-23,0.3,0.2,0.2,0.3,
XPBRW104,2025-09-23,4.61,5.27,4.61,5.27,
JBSSJ830,2025-09-23,1.4,0.86,0.86,1.98,
BRAVV180,2025-09-23,0.29,0.3,0.24,0.3,
AZTE3F,2025-09-23,0.42,0.42,0.39,0.43,
CXSEJ151,2025-09-23,0.22,0.35,0.22,0.38,
KLBNX175,2025-09-23,0.23,0.24,0.06,0.24,
RAIZJ131,2025-09-23,0.05,0.03,0.03,0.05,
COGNJ233,2025-09-23,0.92,0.9,0.9,0.92,
VSTE3F,2025-09-23,5.4,5.43,5.4,5.49,
COGNJ333,2025-09-23,0.07,0.1,0.07,0.11,
BRAVV207,2025-09-23,1.83,1.93,1.73,1.93,
NATUV976,2025-09-23,0.7,0.79,0.68,0.8,
IGTIV238,2025-09-23,0.39,0.27,0.27,0.4,
SBSPI134W4,2025-09-23,0.3,0.3,0.3,0.3,
SBSPW131,2025-09-23,4,3.66,3.66,4.21,
BRAVJ202,2025-09-23,0.24,0.2,0.2,0.27,
COGNG40,2025-09-23,1.01,1.01,1.01,1.01,
VIVAJ298,2025-09-23,0.79,0.81,0.78,0.96,
BBSEW322,2025-09-23,0.13,0.12,0.12,0.13,
NATUV856,2025-09-23,0.17,0.21,0.17,0.21,
ALOSL275,2025-09-23,1.5,1.5,1.5,1.5,
SBSPV126,2025-09-23,1.38,1,0.98,1.38,
BBSEC379,2025-09-23,1.21,1.21,1.21,1.21,
TECN3,2025-09-23,6.71,6.72,6.67,6.8,
VBBRJ252,2025-09-23,0.34,0.38,0.34,0.41,
CMINW532,2025-09-23,0.19,0.16,0.16,0.19,
HYPEW225,2025-09-23,0.59,0.66,0.57,0.66,
BBSEV315,2025-09-23,0.08,0.07,0.07,0.09,
ISAEJ241,2025-09-23,0.19,0.3,0.19,0.3,
KLBNW171,2025-09-23,0.16,0.16,0.15,0.17,
BBSEW299,2025-09-23,0.03,0.03,0.03,0.03,
VBBRJ259,2025-09-23,0.13,0.22,0.13,0.22,
VBBRJ249,2025-09-23,0.4,0.5,0.4,0.5,
VBBRV229,2025-09-23,0.31,0.22,0.22,0.36,
CMINW502,2025-09-23,0.07,0.07,0.07,0.07,
VAMOV390,2025-09-23,0.21,0.22,0.21,0.23,
BRAVV185W1,2025-09-23,0.23,0.26,0.23,0.26,
MBRFJ205,2025-09-23,0.38,0.43,0.1,0.7,
SBSPK133,2025-09-23,5.71,5.9,5.57,5.9,
DIRRJ220,2025-09-23,10.5,9.9,9.9,10.5,
AUREJ107,2025-09-23,0.16,0.2,0.15,0.2,
RAIZW165,2025-09-23,0.5,0.5,0.5,0.5,
RAIZW110,2025-09-23,0.1,0.1,0.09,0.11,
CRPG6F,2025-09-23,14.99,14,14,14.99,
YDUQJ155,2025-09-23,0.1,0.1,0.1,0.1,
NATUW900,2025-09-23,0.53,0.55,0.53,0.56,
AZZAN319,2025-09-23,2.05,3.04,2.05,3.04,
MBRFX222,2025-09-23,0.8,0.8,0.8,0.8,
ANIMJ380,2025-09-23,0.14,0.14,0.14,0.14,
CMINR500,2025-09-23,0.15,0.15,0.15,0.15,
CMINL600,2025-09-23,0.17,0.17,0.17,0.17,
CMINK552,2025-09-23,0.17,0.21,0.16,0.21,
RAIZV111,2025-09-23,0.07,0.06,0.06,0.07,
BBSEK367,2025-09-23,0.73,0.77,0.73,0.85,
CMINV650,2025-09-23,0.92,0.82,0.82,0.93,
VIVTK339,2025-09-23,1.35,1.34,1.31,1.35,
VBBRK252,2025-09-23,0.77,1,0.77,1,
MBRFV233,2025-09-23,0.58,1.1,0.55,1.1,
MBRFJ202,2025-09-23,0.81,0.45,0.4,0.81,
JBSSW790,2025-09-23,1.2,1.71,1.2,1.71,
XPBRJ940,2025-09-23,11.77,10.7,10.7,11.86,
NATUJ105,2025-09-23,0.2,0.19,0.17,0.21,
SBSPJ126,2025-09-23,6.2,7.18,6.2,7.18,
RAIZW115,2025-09-23,0.12,0.12,0.12,0.12,
VIVAW273,2025-09-23,0.64,0.64,0.64,0.64,
ASAIW859,2025-09-23,0.17,0.16,0.1,0.17,
HYPEK295,2025-09-23,0.07,0.07,0.07,0.1,
XPBRJ102,2025-09-23,4.57,4.57,4.57,4.57,
EQPA3,2025-09-23,5.61,5.66,5.61,5.82,
PCARK435,2025-09-23,0.45,0.45,0.43,0.47,
XPBRK990,2025-09-23,10.42,9.68,9.67,10.42,
ISAEK239,2025-09-23,0.76,0.82,0.76,0.82,
COGNJ203,2025-09-23,1.21,1.2,1.2,1.21,
COGNJ188,2025-09-23,1.35,1.35,1.35,1.35,
MBRFW170,2025-09-23,0.5,0.5,0.5,0.5,
ALOSW239,2025-09-23,0.22,0.2,0.2,0.22,
NATUV10,2025-09-23,0.83,0.92,0.83,0.92,
CXSEV171,2025-09-23,1.7,1.7,1.7,1.7,
RAIZJ111,2025-09-23,0.12,0.13,0.12,0.13,
RECVK137,2025-09-23,0.4,0.42,0.4,0.42,
BHIAV780,2025-09-23,3.3,3.3,3.3,3.3,
ASAIV939,2025-09-23,0.22,0.2,0.18,0.22,
COGNJ238,2025-09-23,0.86,0.86,0.86,0.86,
COGNJ268,2025-09-23,0.57,0.57,0.57,0.57,
BBSEV325W2,2025-09-23,0.15,0.15,0.13,0.15,
SBFGK144,2025-09-23,0.34,0.32,0.32,0.36,
VIVTV336,2025-09-23,0.5,0.54,0.5,0.54,
ALOSJ251,2025-09-23,0.85,1.26,0.75,1.26,
AZTE11F,2025-09-23,0.27,0.21,0.2,0.27,
SBFGJ134,2025-09-23,0.39,0.36,0.32,0.39,
YDUQJ140,2025-09-23,0.52,0.44,0.37,0.52,
PCARK420,2025-09-23,0.52,0.51,0.51,0.52,
COGNJ293,2025-09-23,0.32,0.34,0.31,0.38,
BBSEL377,2025-09-23,0.61,0.72,0.61,0.72,
RAIZH150,2025-09-23,0.34,0.33,0.33,0.34,
WIZCJ855,2025-09-23,0.23,0.2,0.2,0.23,
PCARJ423,2025-09-23,0.33,0.36,0.3,0.39,
BMGBQ510,2025-09-23,0.68,0.67,0.67,0.68,
NEOEL298,2025-09-23,0.9,0.9,0.9,0.9,
CMINB700,2025-09-23,0.49,0.5,0.49,0.5,
COGNV278,2025-09-23,0.02,0.02,0.02,0.02,
BBSED359,2025-09-23,2.1,2.1,2.1,2.1,
NATUJ876,2025-09-23,0.94,0.85,0.8,0.94,
PSSAW481,2025-09-23,0.42,0.39,0.39,0.42,
BRAVV290,2025-09-23,9.93,9.93,9.93,9.93,
CYREV284,2025-09-23,0.29,0.3,0.27,0.31,
COGNJ320W1,2025-09-23,0.07,0.11,0.07,0.11,
ISET11,2025-09-23,103.95,103.95,103.95,103.96,
PETZA401,2025-09-23,0.3,0.3,0.3,0.3,
CMINL527,2025-09-23,1,1.02,1,1.02,
BBSEK347,2025-09-23,1.83,1.96,1.83,2,
HYPEK300,2025-09-23,0.06,0.06,0.06,0.07,
ASAIW819,2025-09-23,0.11,0.09,0.09,0.11,
QUALJ220,2025-09-23,0.3,0.26,0.26,0.3,
VBBRV214,2025-09-23,0.07,0.07,0.07,0.07,
CSMGJ275,2025-09-23,7,7.2,7,7.2,
PETZW396,2025-09-23,0.25,0.26,0.25,0.26,
RDORJ336,2025-09-23,8.82,8.82,8.82,8.82,
DIRRW156,2025-09-23,0.57,0.49,0.49,0.57,
ISAEK256,2025-09-23,0.14,0.14,0.14,0.14,
PSSAV496,2025-09-23,0.34,0.33,0.33,0.43,
MBRFJ233,2025-09-23,0.99,0.85,0.85,0.99,
QUALV214,2025-09-23,0.03,0.04,0.03,0.04,
SEQL11F,2025-09-23,0.03,0.01,0.01,0.03,
QUALV239,2025-09-23,0.12,0.12,0.12,0.12,
SLCEK164,2025-09-23,0.84,0.9,0.84,0.9,
SMRT11,2025-09-23,100,100,100,100,
PETZJ405,2025-09-23,0.06,0.05,0.04,0.07,
FLRYK17,2025-09-23,0.4,0.4,0.4,0.4,
XPBRJ104,2025-09-23,3.58,3.58,3.58,3.58,
ASAIJ115,2025-09-23,0.04,0.04,0.04,0.04,
VAMOV320,2025-09-23,0.02,0.02,0.02,0.02,
ASAIV118,2025-09-23,1.88,1.92,1.81,1.92,
RECVV132,2025-09-23,0.32,0.21,0.2,0.32,
PETZC500,2025-09-23,0.12,0.12,0.12,0.12,
GMATV689,2025-09-23,0.08,0.08,0.08,0.08,
ALOSJ260W2,2025-09-23,0.42,0.42,0.42,0.42,
RAIZN200,2025-09-23,0.8,0.8,0.8,0.8,
MOTVJ148,2025-09-23,0.63,0.66,0.63,0.66,
CAMLJ533,2025-09-23,0.05,0.05,0.05,0.05,
PETZK456,2025-09-23,0.05,0.05,0.05,0.05,
XPBRW960,2025-09-23,2.1,2.1,2.1,2.1,
COGNS853,2025-09-23,4.45,4.45,4.45,4.45,
RAIZX130,2025-09-23,0.21,0.21,0.21,0.21,
TTENV148,2025-09-23,0.79,0.79,0.79,0.79,
VBBRJ282,2025-09-23,0.02,0.02,0.02,0.02,
QUALW249,2025-09-23,0.14,0.2,0.14,0.2,
AUREK107,2025-09-23,0.26,0.21,0.21,0.26,
CBAVV380,2025-09-23,0.13,0.13,0.13,0.13,
PETZW356,2025-09-23,0.11,0.11,0.11,0.11,
PETZV420,2025-09-23,0.34,0.37,0.34,0.37,
VBBRV207,2025-09-23,0.06,0.05,0.05,0.06,
AZZAV32,2025-09-23,1.48,1.18,1.18,1.48,
CRPG6,2025-09-23,14.99,14.01,14.01,14.99,
FICT3F,2025-09-23,3.22,3.19,3.19,3.22,
SMTOK190,2025-09-23,0.53,0.66,0.53,0.7,
LJQQW220,2025-09-23,0.07,0.07,0.07,0.07,
NATUW810,2025-09-23,0.22,0.22,0.22,0.22,
ALUPJ310,2025-09-23,0.95,1.16,0.95,1.16,
VBBRV232,2025-09-23,0.36,0.35,0.32,0.39,
NATUV112,2025-09-23,1.89,2.06,1.89,2.06,
NATUJ796,2025-09-23,1.57,1.37,1.37,1.57,
IGTIK253,2025-09-23,0.94,0.98,0.94,0.98,
PCARW250,2025-09-23,0.04,0.03,0.03,0.04,
RAIZT13,2025-09-23,0.2,0.24,0.2,0.24,
RDORV410,2025-09-23,0.76,0.58,0.58,0.76,
QUALK329,2025-09-23,0.05,0.04,0.04,0.05,
SLCEJ192,2025-09-23,0.02,0.02,0.02,0.02,
CXSEJ161,2025-09-23,0.02,0.02,0.02,0.02,
RECVW117,2025-09-23,0.05,0.05,0.05,0.05,
SBSPJ136W1,2025-09-23,0.42,0.42,0.42,0.42,
ASAIW879,2025-09-23,0.2,0.2,0.2,0.21,
CBAVJ390,2025-09-23,0.15,0.15,0.15,0.15,
SIMHJ613,2025-09-23,0.07,0.09,0.07,0.09,
CURYJ343,2025-09-23,0.59,0.59,0.59,0.59,
NATUX880,2025-09-23,0.55,0.57,0.55,0.57,
COGNJ368,2025-09-23,0.01,0.01,0.01,0.01,
PETZA600,2025-09-23,0.08,0.02,0.02,0.08,
QUALW214,2025-09-23,0.06,0.07,0.06,0.07,
CBAVN480,2025-09-23,0.91,0.91,0.91,0.91,
LJQQX264,2025-09-23,0.24,0.24,0.24,0.24,
VIVTK356,2025-09-23,0.57,0.57,0.57,0.57,
BBSEI325W4,2025-09-23,1.05,1.05,1.05,1.05,
BHIAJ510,2025-09-23,0.25,0.25,0.25,0.25,
INTBB139,2025-09-23,1.82,1.81,1.81,1.82,
IGTIJ243,2025-09-23,0.73,0.97,0.67,0.97,
BBSEW364,2025-09-23,1.23,1.18,1.18,1.23,
COGNK3,2025-09-23,1.66,1.66,1.66,1.66,
QUALW149,2025-09-23,0.01,0.01,0.01,0.01,
TTENV138,2025-09-23,0.18,0.18,0.18,0.18,
COGNL100,2025-09-23,2.44,2.44,2.44,2.44,
VIVAJ310,2025-09-23,0.51,0.52,0.51,0.52,
PETZV450,2025-09-23,0.6,0.64,0.6,0.64,
PETZV395,2025-09-23,0.17,0.17,0.16,0.17,
BBSEJ325W1,2025-09-23,1.14,1.14,1.14,1.14,
PETZX331,2025-09-23,0.06,0.06,0.06,0.06,
SIMHJ633,2025-09-23,0.05,0.06,0.05,0.06,
BRAVK187,2025-09-23,1.39,1.39,1.39,1.39,
CMINL557,2025-09-23,0.31,0.31,0.31,0.31,
CXSEP133,2025-09-23,0.08,0.08,0.08,0.08,
SIMHJ543,2025-09-23,0.34,0.4,0.34,0.43,
MBRFJ242,2025-09-23,0.05,0.05,0.05,0.05,
BMOBV193,2025-09-23,0.04,0.04,0.04,0.04,
TENDL290,2025-09-23,1,1,1,1,
NATUL105,2025-09-23,0.58,0.58,0.58,0.58,
PCARW430,2025-09-23,0.54,0.52,0.52,0.55,
VBBRV234,2025-09-23,0.5,0.42,0.42,0.5,
BRAVW167,2025-09-23,0.27,0.27,0.27,0.27,
CYREN270,2025-09-23,0.52,0.52,0.52,0.52,
PCARW335,2025-09-23,0.15,0.15,0.15,0.15,
ANIMM20,2025-09-23,0.07,0.07,0.07,0.07,
VIVTO700,2025-09-23,1.3,1.3,1.3,1.3,
AZZAJ347,2025-09-23,0.53,0.53,0.53,0.53,
VBBRV227,2025-09-23,0.22,0.22,0.22,0.22,
SMTOK180,2025-09-23,1.13,1.13,1.13,1.13,
SMTOK171,2025-09-23,1.42,1.42,1.42,1.42,
PCARJ353,2025-09-23,0.76,0.74,0.74,0.86,
NATUI100W4,2025-09-23,0.08,0.03,0.03,0.08,
ALOSW259,2025-09-23,0.71,0.71,0.71,0.71,
NATUB190,2025-09-23,0.4,0.4,0.4,0.4,
ISAEW229,2025-09-23,0.13,0.13,0.13,0.13,
CEABV168,2025-09-23,0.51,0.51,0.51,0.51,
BRAVX232,2025-09-23,3.84,3.87,3.84,3.87,
CEABW153,2025-09-23,0.38,0.4,0.38,0.4,
NATUD12,2025-09-23,0.7,0.7,0.7,0.7,
PSSAV491,2025-09-23,0.25,0.26,0.25,0.27,
BHIAJ580,2025-09-23,0.15,0.16,0.12,0.16,
JBSSL907,2025-09-23,7,6.5,6.5,7,
KLBNK187,2025-09-23,0.64,0.62,0.62,0.64,
ANIMJ425,2025-09-23,0.03,0.03,0.03,0.03,
BRAVL207,2025-09-23,0.8,0.8,0.8,0.8,
VBBRK239,2025-09-23,1.4,1.4,1.4,1.4,
POSIN599,2025-09-23,1.1,1.1,1.1,1.1,
SBFGJ149,2025-09-23,0.04,0.04,0.04,0.04,
COGNC25,2025-09-23,0.97,1.02,0.97,1.02,
HYPEK230,2025-09-23,1.81,1.85,1.75,1.85,
PCARK930,2025-09-23,0.02,0.02,0.02,0.02,
JBSSL940,2025-09-23,0.8,0.8,0.8,0.8,
RAIZL195,2025-09-23,0.02,0.02,0.02,0.02,
BRAVJ225,2025-09-23,0.05,0.05,0.05,0.05,
CSMGF300,2025-09-23,7,7,7,7,
POSIJ488,2025-09-23,0.08,0.08,0.08,0.08,
COGNN3,2025-09-23,0.04,0.04,0.04,0.04,
BRAVK245,2025-09-23,0.08,0.08,0.08,0.08,
PETZB700,2025-09-23,0.04,0.04,0.04,0.04,
BBSEW237,2025-09-23,0.03,0.02,0.01,0.03,
BMGBJ462,2025-09-23,0.01,0.01,0.01,0.01,
QUALJ304,2025-09-23,0.01,0.01,0.01,0.01,
CXSEL135,2025-09-23,2.1,2.1,2.1,2.1,
PCARV368,2025-09-23,0.16,0.1,0.1,0.16,
KLBNV162,2025-09-23,0.01,0.02,0.01,0.02,
AUREJ110,2025-09-23,0.16,0.16,0.16,0.16,
HYPEV230,2025-09-23,0.45,0.45,0.45,0.45,
PCARV308,2025-09-23,0.05,0.05,0.05,0.05,
QUALV330,2025-09-23,0.74,0.74,0.74,0.74,
CMINW487,2025-09-23,0.05,0.05,0.05,0.05,
SLCEK177,2025-09-23,0.27,0.27,0.27,0.27,
RDORV380,2025-09-23,0.1,0.1,0.1,0.1,
ALOSJ231,2025-09-23,2.85,2.87,2.85,2.87,
RAIZK115,2025-09-23,0.15,0.15,0.15,0.15,
SBSPV100,2025-09-23,0.11,0.09,0.09,0.11,
NEOEV264,2025-09-23,0.09,0.09,0.09,0.09,
RAIZK170,2025-09-23,0.03,0.03,0.03,0.03,
JBSSV940,2025-09-23,3.02,3.02,3.02,3.02,
RDORK410,2025-09-23,3,3,3,3,
QUALW219,2025-09-23,0.07,0.07,0.07,0.07,
KLBNI203,2025-09-23,1.75,1.75,1.75,1.75,
PETZV435,2025-09-23,0.47,0.48,0.47,0.48,
PCARV348,2025-09-23,0.11,0.11,0.11,0.11,
VBBRV242,2025-09-23,0.84,0.84,0.84,0.84,
NATUJ15,2025-09-23,0.67,0.59,0.59,0.67,
BBSEX307,2025-09-23,0.06,0.06,0.06,0.06,
CMINJ650,2025-09-23,0.01,0.01,0.01,0.01,
ALOSV250W1,2025-09-23,0.23,0.23,0.23,0.23,
NATUJ147,2025-09-23,0.02,0.02,0.02,0.02,
CURYW318,2025-09-23,0.85,0.85,0.85,0.85,
BBSEV330W2,2025-09-23,0.3,0.3,0.3,0.3,
YDUQW125,2025-09-23,0.6,0.6,0.6,0.6,
QUALJ330,2025-09-23,0.01,0.01,0.01,0.01,
TTENW140,2025-09-23,0.43,0.43,0.43,0.43,
BBSEK412,2025-09-23,0.04,0.04,0.04,0.04,
BDIF11,2025-09-23,75.08,74.51,74.51,75.23,
ANIM3,2025-09-23,3.59,3.63,3.53,3.68,
PCAR3,2025-09-23,4.15,4.3,4.12,4.33,
ALLD3,2025-09-23,8.3,8.35,8.21,8.4,
BHIA3,2025-09-23,4.66,4.7,4.6,4.83,
SBSP3,2025-09-23,129.79,132.18,129.58,132.18,
KDIF11,2025-09-23,123.93,123.1,122.76,124.24,
VBBRK249,2025-09-23,0.88,1.07,0.87,1.14,
SIMH3,2025-09-23,5.41,5.62,5.4,5.7,
PDTC3,2025-09-23,1.04,1.02,1.02,1.08,
BRAV3,2025-09-23,18.81,18.79,18.71,19.06,
VIVA3F,2025-09-23,28.85,29.11,28.7,29.37,
SBSP3F,2025-09-23,129.57,132.13,129.57,132.13,
KNCA11,2025-09-23,94.19,94.19,94,94.2,
MBRFJ195,2025-09-23,0.95,0.76,0.75,0.95,
DXCO3,2025-09-23,5.95,5.92,5.88,6.03,
YDUQ3,2025-09-23,13.53,13.46,13.2,13.58,
AURA33,2025-09-23,61,62.66,60.16,62.66,
AAZQ11,2025-09-23,7.53,7.61,7.52,7.65,
OPCT3,2025-09-23,8,7.89,7.85,8,
BMGB4,2025-09-23,3.94,3.96,3.92,4,
KLBN3F,2025-09-23,3.73,3.68,3.67,3.73,
NATUV756,2025-09-23,0.03,0.04,0.03,0.04,
G2DI33,2025-09-23,1.72,1.72,1.61,1.81,
ALOSV271,2025-09-23,1.12,1.1,1.1,1.12,
PCARV238,2025-09-23,0.01,0.01,0.01,0.01,
LOGG3F,2025-09-23,23.27,23.79,23.16,23.8,
NATUJ986,2025-09-23,0.37,0.3,0.29,0.37,
CYRE3F,2025-09-23,29.93,30.25,29.87,30.5,
COGNJ313,2025-09-23,0.17,0.22,0.15,0.22,
VAMO3F,2025-09-23,3.69,3.79,3.68,3.8,
NATUV866,2025-09-23,0.2,0.25,0.2,0.25,
AGXY3F,2025-09-23,5.71,5.77,5.71,5.79,
VITT3F,2025-09-23,5.21,5.08,5.02,5.21,
IGTIV245,2025-09-23,0.71,0.54,0.51,0.72,
CEAB3F,2025-09-23,17.29,17.66,17.29,17.77,
SMTOV165,2025-09-23,0.11,0.08,0.08,0.11,
LVTC3,2025-09-23,3.64,3.63,3.63,3.75,
MBRFV180,2025-09-23,0.3,0.4,0.3,0.45,
VBBRJ239,2025-09-23,0.73,0.95,0.69,1.02,
VBBRK254,2025-09-23,0.68,0.87,0.68,0.91,
JBSSK850,2025-09-23,1.8,1.75,1.75,1.9,
IGTI3,2025-09-23,2.84,2.92,2.84,2.95,
KLBNV187,2025-09-23,0.42,0.46,0.42,0.48,
NGRD3F,2025-09-23,25.55,25.92,25.54,26,
CAML3F,2025-09-23,5.16,5.18,5.12,5.24,
QUALJ244,2025-09-23,0.18,0.14,0.13,0.18,
BRAVU180W4,2025-09-23,0.05,0.04,0.03,0.05,
OIBR4F,2025-09-23,7.2,7.12,7.12,7.22,
BBSEV330,2025-09-23,0.36,0.34,0.29,0.36,
RIFF11,2025-09-23,7.5,7.5,7.46,7.52,
GFSA12,2025-09-23,2.04,2.5,2,2.5,
SHOW3F,2025-09-23,5.81,6.06,5.81,6.14,
IAAG11,2025-09-23,7.88,7.85,7.81,7.89,
ALUP4F,2025-09-23,9.91,10.09,9.91,10.17,
LPSB3,2025-09-23,1.38,1.37,1.35,1.4,
NATUV906,2025-09-23,0.34,0.41,0.33,0.41,
PSSAK551,2025-09-23,0.98,0.8,0.8,0.98,
FLRYJ155,2025-09-23,1.11,1.11,1.11,1.11,
GCRA11,2025-09-23,51.09,51.07,50.65,51.09,
VBBRV217,2025-09-23,0.12,0.18,0.09,0.18,
MBRFJ200,2025-09-23,1,0.57,0.5,1,
NATUU900W4,2025-09-23,0.06,0.12,0.06,0.12,
MBRFJ263,2025-09-23,0.11,0.11,0.11,0.7,
ASAIJ103,2025-09-23,0.27,0.24,0.24,0.28,
RAIZK105,2025-09-23,0.2,0.2,0.2,0.2,
MBRFV200,2025-09-23,0.81,1.63,0.78,1.63,
KLBNW17,2025-09-23,0.29,0.29,0.28,0.3,
DOTZ3,2025-09-23,7.66,7.81,7.5,7.89,
PETZV410,2025-09-23,0.26,0.31,0.26,0.33,
MEAL3F,2025-09-23,1.37,1.37,1.37,1.39,
BRAVJ170,2025-09-23,2.16,2.05,2.05,2.23,
PETZX351,2025-09-23,0.1,0.09,0.09,0.11,
CBAVW350,2025-09-23,0.09,0.1,0.09,0.1,
CCTY3F,2025-09-23,25,25.5,25,27.37,
CMINV504,2025-09-23,0.04,0.03,0.03,0.04,
MBRFV228,2025-09-23,0.56,0.85,0.56,0.85,
NATUX800,2025-09-23,0.25,0.3,0.25,0.3,
CMINJ524,2025-09-23,0.18,0.22,0.15,0.24,
RAIZW130,2025-09-23,0.2,0.21,0.2,0.21,
PCARJ643,2025-09-23,0.02,0.03,0.02,0.03,
KLBNK182,2025-09-23,0.95,0.9,0.9,0.95,
PSSAK541,2025-09-23,1.23,1.18,1.18,1.23,
COGNJ343,2025-09-23,0.04,0.05,0.04,0.07,
SLCEV172,2025-09-23,0.64,0.64,0.64,0.64,
PETZV390,2025-09-23,0.13,0.16,0.11,0.17,
PCARV363,2025-09-23,0.15,0.09,0.09,0.15,
CSMGJ340,2025-09-23,1.15,1.31,1.15,1.33,
CXSEV151,2025-09-23,0.1,0.09,0.08,0.1,
VBBRJ262,2025-09-23,0.15,0.19,0.15,0.19,
SBFGJ129,2025-09-23,0.69,0.64,0.63,0.69,
OFSA3,2025-09-23,22.12,22.13,22.12,22.3,
MBRFJ268,2025-09-23,0.2,0.17,0.15,0.2,
IGTIV228,2025-09-23,0.16,0.11,0.09,0.16,
BRAVJ200,2025-09-23,0.34,0.27,0.26,0.36,
QUALJ274,2025-09-23,0.04,0.05,0.04,0.09,
HYPEM264,2025-09-23,2.12,2.13,2.12,2.13,
CBAVJ370,2025-09-23,0.25,0.25,0.25,0.25,
PETZW366,2025-09-23,0.13,0.13,0.13,0.13,
RAIZJ156,2025-09-23,0.01,0.01,0.01,0.01,
DEXP4,2025-09-23,8.26,8.32,8.26,8.32,
JBSSW770,2025-09-23,1.15,1.25,1.15,1.25,
KLBNW182,2025-09-23,0.38,0.37,0.35,0.38,
CMINK512,2025-09-23,0.39,0.4,0.39,0.4,
JFEN3F,2025-09-23,1.73,1.72,1.7,1.78,
INTBW115,2025-09-23,0.16,0.14,0.14,0.16,
BBSEJ342,2025-09-23,1.31,1.57,1.31,1.67,
QUALJ234,2025-09-23,0.2,0.19,0.19,0.2,
KLBNJ191,2025-09-23,0.1,0.07,0.07,0.1,
FLRYJ175,2025-09-23,0.13,0.15,0.13,0.15,
BHIAJ450,2025-09-23,0.36,0.36,0.36,0.36,
AUREL110,2025-09-23,1.91,1.91,1.91,1.91,
CXSEK152,2025-09-23,0.5,0.55,0.5,0.57,
BMGBK372,2025-09-23,0.35,0.35,0.35,0.35,
PETZJ390,2025-09-23,0.11,0.1,0.09,0.11,
QUALK229,2025-09-23,0.3,0.3,0.3,0.3,
PETZW401,2025-09-23,0.28,0.31,0.28,0.31,
CMINK612,2025-09-23,0.03,0.04,0.03,0.04,
BRAVK200,2025-09-23,0.77,0.74,0.74,0.8,
SIMHL673,2025-09-23,0.2,0.2,0.2,0.2,
LJQQJ299,2025-09-23,0.05,0.04,0.04,0.05,
RDORK418,2025-09-23,2.42,2.36,2.36,2.53,
AZZAK397,2025-09-23,0.39,0.42,0.39,0.42,
RBIF11,2025-09-23,73.4,73.21,72.71,73.4,
RDORJ405,2025-09-23,2.15,2.24,2.15,2.25,
RDORV419,2025-09-23,0.8,0.81,0.66,0.82,
PCARI410W4,2025-09-23,0.2,0.2,0.2,0.2,
BBSEB327,2025-09-23,3.13,3.02,3.02,3.13,
ISAEJ246,2025-09-23,0.07,0.1,0.07,0.1,
SMTOV195,2025-09-23,1.49,1.49,1.49,1.49,
SBSPJ138,2025-09-23,0.66,0.9,0.66,0.9,
CEABJ183,2025-09-23,0.65,0.63,0.63,0.7,
XPBRV105,2025-09-23,3.72,3.72,3.72,3.72,
PCARV408,2025-09-23,0.26,0.24,0.24,0.26,
BRAVA210,2025-09-23,1.01,1.01,1.01,1.01,
BRAVA220,2025-09-23,0.89,0.89,0.89,0.89,
BBSEW377,2025-09-23,1.97,1.97,1.97,1.97,
BBSEG38,2025-09-23,4.05,3.95,3.95,4.05,
BBSEW347,2025-09-23,0.6,0.52,0.5,0.6,
PETZJ410,2025-09-23,0.05,0.05,0.03,0.05,
AUREJ105,2025-09-23,0.27,0.27,0.27,0.27,
ALOSV241,2025-09-23,0.09,0.08,0.08,0.09,
SBSPJ123,2025-09-23,8.6,9.48,8.6,9.48,
MBRFJ240,2025-09-23,0.06,0.03,0.03,0.06,
PETZW461,2025-09-23,0.71,0.74,0.71,0.74,
VBBRJ242,2025-09-23,0.62,0.8,0.55,0.83,
CYREK284,2025-09-23,2.96,2.96,2.96,2.96,
SBSPI132W4,2025-09-23,0.57,0.98,0.49,0.98,
AZZAV305,2025-09-23,0.73,0.68,0.65,0.82,
BBSEW327,2025-09-23,0.16,0.17,0.14,0.17,
CXSEK151,2025-09-23,0.3,0.41,0.3,0.41,
BBSEV330W1,2025-09-23,0.22,0.19,0.17,0.22,
HYPEJ237,2025-09-23,0.8,0.86,0.8,1.05,
SBSPW135,2025-09-23,5.45,5.45,5.45,5.45,
FHER3F,2025-09-23,3.9,4.08,3.9,4.15,
BHIAW395,2025-09-23,0.18,0.18,0.18,0.18,
HYPEX220,2025-09-23,0.6,0.6,0.6,0.6,
LJQQV270,2025-09-23,0.23,0.23,0.23,0.23,
TIMSJ233,2025-09-23,0.59,0.63,0.59,0.63,
FLRYV145,2025-09-23,0.07,0.06,0.06,0.07,
KLBNX195,2025-09-23,1.01,1.01,1.01,1.01,
KLBNW18,2025-09-23,0.47,0.44,0.44,0.47,
PETZK426,2025-09-23,0.1,0.09,0.09,0.1,
ASAIW839,2025-09-23,0.14,0.12,0.12,0.14,
CMINK522,2025-09-23,0.3,0.37,0.3,0.37,
RAIZB200,2025-09-23,0.04,0.04,0.04,0.04,
COGNJ358,2025-09-23,0.02,0.02,0.02,0.03,
CSMGK350,2025-09-23,1.6,1.6,1.6,1.6,
PCARK375,2025-09-23,0.8,0.82,0.8,0.82,
CSMGV360,2025-09-23,2.1,1.6,1.6,2.1,
RAIZM120,2025-09-23,0.16,0.16,0.16,0.16,
COGNW353,2025-09-23,0.35,0.35,0.35,0.35,
CYRED320,2025-09-23,3.57,3.56,3.48,3.57,
PETZW371,2025-09-23,0.14,0.15,0.14,0.16,
CMINX600,2025-09-23,0.45,0.45,0.45,0.53,
BBSEW367,2025-09-23,1.33,1.33,1.33,1.33,
MBRFW23,2025-09-23,1.2,1.2,1.2,1.2,
VIVTK336,2025-09-23,1.44,1.44,1.44,1.44,
PSSAW501,2025-09-23,0.97,0.85,0.84,0.97,
CBAVJ410,2025-09-23,0.09,0.08,0.08,0.09,
FLRYK175,2025-09-23,0.35,0.35,0.35,0.35,
COGNK298,2025-09-23,0.37,0.41,0.37,0.42,
MBRFV258,2025-09-23,3.1,3.1,3.1,3.1,
SBSPI130W4,2025-09-23,2.1,2.1,2.1,2.1,
FLRYK165,2025-09-23,0.74,0.74,0.74,0.74,
BBSEU330W4,2025-09-23,0.11,0.09,0.06,0.13,
MBRFV293,2025-09-23,6.5,6.5,6.5,6.5,
IGTIJ238,2025-09-23,1.35,1.35,1.35,1.35,
DXCOJ609,2025-09-23,0.18,0.15,0.15,0.18,
VIVTJ356,2025-09-23,0.2,0.15,0.15,0.2,
WIZCK855,2025-09-23,0.4,0.4,0.4,0.4,
BHIAL610,2025-09-23,0.2,0.2,0.2,0.2,
YDUQK147,2025-09-23,0.61,0.61,0.61,0.61,
RAIZV126,2025-09-23,0.14,0.13,0.13,0.14,
MBRFJ225,2025-09-23,0.15,0.15,0.15,0.15,
YDUQW140,2025-09-23,1.24,1.2,1.2,1.24,
CYREJ349,2025-09-23,0.04,0.04,0.04,0.04,
COGNI320W4,2025-09-23,0.05,0.07,0.03,0.08,
BBSEJ330W1,2025-09-23,0.78,0.78,0.78,0.78,
COGNK383,2025-09-23,0.05,0.05,0.05,0.05,
PETZJ355,2025-09-23,0.36,0.33,0.33,0.36,
MOTVV148,2025-09-23,0.19,0.19,0.18,0.2,
BBSEK352,2025-09-23,1.5,1.6,1.5,1.7,
BRAVK207,2025-09-23,0.55,0.54,0.54,0.55,
QUALV224,2025-09-23,0.05,0.06,0.03,0.06,
CYREV264,2025-09-23,0.07,0.07,0.07,0.07,
RAIZV176,2025-09-23,0.6,0.6,0.6,0.6,
BHIAW590,2025-09-23,1.2,1.24,1.2,1.25,
CSMGN340,2025-09-23,1.37,1.35,1.35,1.37,
QUALV279,2025-09-23,0.34,0.35,0.34,0.35,
NATUV840W2,2025-09-23,0.08,0.08,0.08,0.14,
NATUJ115W4,2025-09-23,0.11,0.09,0.09,0.11,
VAMOJ320,2025-09-23,0.6,0.6,0.55,0.62,
BRAVV217,2025-09-23,2.69,2.69,2.69,2.69,
PETZK451,2025-09-23,0.05,0.06,0.05,0.06,
PETZV335,2025-09-23,0.02,0.02,0.02,0.02,
SBSPW130,2025-09-23,3.53,3.53,3.53,3.53,
HYPEK259,2025-09-23,0.5,0.5,0.5,0.55,
SLCEW180,2025-09-23,0.74,0.74,0.74,0.74,
ALOSV255W2,2025-09-23,0.28,0.28,0.28,0.28,
CSMGJ295,2025-09-23,5.23,5.23,5.23,5.23,
PCARV353,2025-09-23,0.09,0.08,0.08,0.1,
CBAVK320,2025-09-23,0.6,0.8,0.6,0.8,
BMGBW392,2025-09-23,0.11,0.1,0.1,0.11,
CEABV158,2025-09-23,0.16,0.16,0.16,0.16,
BBSEW340,2025-09-23,0.94,0.94,0.94,0.94,
BRAVW240,2025-09-23,4.64,4.64,4.64,4.64,
NATUJ107,2025-09-23,0.16,0.14,0.12,0.18,
TTENJ148,2025-09-23,0.13,0.16,0.13,0.16,
AZZAV325,2025-09-23,1.74,1.51,1.51,1.74,
QUALJ259,2025-09-23,0.1,0.08,0.08,0.15,
NATUV966,2025-09-23,0.62,0.71,0.62,0.72,
NATUJ886,2025-09-23,0.84,0.75,0.75,0.85,
BBSEV312,2025-09-23,0.01,0.01,0.01,0.01,
YDUQK150,2025-09-23,0.49,0.53,0.49,0.53,
BRAVV190W1,2025-09-23,0.43,0.46,0.43,0.46,
BBSEP352,2025-09-23,0.74,0.74,0.74,0.74,
VBBRV222,2025-09-23,0.16,0.13,0.13,0.16,
AZZAW315,2025-09-23,1.85,1.62,1.62,1.85,
PETZN50,2025-09-23,0.77,0.85,0.77,0.85,
AZZAK352,2025-09-23,1.26,1.33,1.26,1.33,
YDUQK130,2025-09-23,1.37,1.46,1.37,1.46,
COGNG200,2025-09-23,1.56,1.56,1.56,1.56,
QUALJ214,2025-09-23,0.45,0.45,0.45,0.45,
NATUW105,2025-09-23,1.38,1.46,1.38,1.46,
HYPEJ247,2025-09-23,0.48,0.53,0.47,0.53,
BBSEV402,2025-09-23,4.6,4.6,4.6,4.6,
ALOSK244,2025-09-23,2.17,2.17,2.17,2.17,
PETZX500,2025-09-23,0.82,0.82,0.82,0.82,
PCARW325,2025-09-23,0.12,0.13,0.11,0.13,
PCARJ473,2025-09-23,0.14,0.17,0.14,0.18,
ASAIV959,2025-09-23,0.26,0.26,0.26,0.26,
SBSPK140,2025-09-23,2.42,2.8,2.42,2.8,
NATUU920W4,2025-09-23,0.25,0.15,0.15,0.25,
PETZK366,2025-09-23,0.37,0.34,0.34,0.37,
BBSEX325,2025-09-23,0.51,0.5,0.49,0.51,
PETZX485,2025-09-23,0.66,0.69,0.66,0.7,
AZZAJ360,2025-09-23,0.29,0.31,0.29,0.32,
COGNW328,2025-09-23,0.19,0.2,0.19,0.2,
PCARK460,2025-09-23,0.34,0.34,0.34,0.34,
CYREK319,2025-09-23,1.04,1.05,1.04,1.12,
PETZB50,2025-09-23,0.39,0.39,0.39,0.39,
COGNB3,2025-09-23,2.07,2.08,2.07,2.08,
ISAEW234,2025-09-23,0.22,0.22,0.22,0.22,
PCARK830,2025-09-23,0.03,0.03,0.03,0.03,
XPBRV104,2025-09-23,3.14,2.71,2.71,3.14,
CSMGJ315,2025-09-23,3.36,3.36,3.36,3.36,
VBBRN180,2025-09-23,0.15,0.15,0.15,0.15,
CSMGK355,2025-09-23,1.28,1.29,1.28,1.29,
CXSEJ134,2025-09-23,2,2,2,2,
QUALW159,2025-09-23,0.01,0.01,0.01,0.01,
ALOSA273,2025-09-23,1.04,1.03,1.03,1.04,
HYPEJ23,2025-09-23,0.89,0.93,0.89,0.93,
BRAVW225,2025-09-23,3.28,3.28,3.28,3.28,
PCARK540,2025-09-23,0.16,0.14,0.14,0.16,
QUALV234,2025-09-23,0.07,0.07,0.07,0.07,
MBRFJ229,2025-09-23,1.6,1.6,1.6,1.6,
INTBW140,2025-09-23,1.06,1.06,1.06,1.06,
VIVTW321,2025-09-23,0.37,0.37,0.37,0.37,
PETZV365,2025-09-23,0.04,0.05,0.04,0.05,
PSSAJ551,2025-09-23,0.21,0.18,0.18,0.21,
PSSAJ491,2025-09-23,2.93,2.93,2.93,2.93,
TTENK143,2025-09-23,0.75,0.75,0.75,0.75,
SMTOW180,2025-09-23,0.83,0.73,0.72,0.83,
CYREW304,2025-09-23,1.3,1.33,1.22,1.33,
NATUK105,2025-09-23,0.45,0.4,0.4,0.45,
RAIZX260,2025-09-23,1.4,1.4,1.4,1.4,
ANIMJ370,2025-09-23,0.16,0.21,0.16,0.21,
BBSEV335W4,2025-09-23,0.55,0.53,0.53,0.55,
VIVAK303,2025-09-23,1.44,1.44,1.44,1.44,
TIMSV213,2025-09-23,0.08,0.05,0.05,0.08,
SBSPJ120,2025-09-23,11.39,11.99,11.39,11.99,
RDORW403,2025-09-23,0.82,0.82,0.82,0.82,
VAMOW360,2025-09-23,0.13,0.14,0.13,0.14,
CYREJ339,2025-09-23,0.1,0.1,0.1,0.1,
VIVTW334,2025-09-23,0.72,0.72,0.72,0.72,
SMTOK181,2025-09-23,0.87,0.87,0.87,0.87,
CYREJ294,2025-09-23,1.61,1.56,1.55,1.61,
YDUQK140,2025-09-23,0.89,0.89,0.89,0.89,
COGNV903,2025-09-23,5.71,5.71,5.71,5.71,
CMINQ500,2025-09-23,0.12,0.12,0.12,0.12,
SLCEJ182,2025-09-23,0.02,0.03,0.02,0.03,
CXSEX137,2025-09-23,0.04,0.04,0.04,0.04,
COGNK293,2025-09-23,0.42,0.45,0.42,0.45,
PETZJ480,2025-09-23,0.01,0.01,0.01,0.01,
BBSEI340W4,2025-09-23,0.06,0.05,0.05,0.06,
VIVAV285,2025-09-23,0.65,0.64,0.64,0.65,
WIZCV775,2025-09-23,0.09,0.09,0.09,0.09,
PCARK530,2025-09-23,0.18,0.18,0.18,0.18,
AZZAK347,2025-09-23,1.42,1.42,1.42,1.42,
CMINV489,2025-09-23,0.02,0.02,0.02,0.02,
PCARW415,2025-09-23,0.45,0.46,0.45,0.46,
BRAVV175W2,2025-09-23,0.1,0.1,0.1,0.1,
NATUU940W4,2025-09-23,0.31,0.3,0.3,0.31,
PCARK760,2025-09-23,0.04,0.04,0.04,0.04,
RDORW410,2025-09-23,0.98,0.94,0.94,0.98,
ALUPJ330,2025-09-23,0.06,0.06,0.05,0.06,
QUALH800,2025-09-23,0.14,0.14,0.14,0.14,
COGNX303,2025-09-23,0.14,0.13,0.13,0.14,
AZZAX290,2025-09-23,1.15,1.2,1.15,1.2,
RAIZC200,2025-09-23,0.04,0.04,0.04,0.04,
BRAVX162,2025-09-23,0.27,0.27,0.27,0.27,
VBBRK292,2025-09-23,0.13,0.13,0.13,0.13,
BRAVI180W4,2025-09-23,0.94,1.01,0.94,1.01,
AZZAJ322,2025-09-23,1.25,1.22,1.18,1.35,
KLBNO174,2025-09-23,0.39,0.39,0.39,0.39,
CYREV314,2025-09-23,1.43,1.45,1.43,1.45,
COGNW318,2025-09-23,0.19,0.16,0.16,0.19,
VIVTV321,2025-09-23,0.15,0.14,0.14,0.15,
VBBRK229,2025-09-23,2.17,2.12,2.12,2.17,
COGNJ290W1,2025-09-23,0.39,0.39,0.39,0.39,
IGTIV213,2025-09-23,0.03,0.03,0.03,0.03,
ISAEV246,2025-09-23,0.69,0.69,0.69,0.69,
BRAVJ175W1,2025-09-23,1.5,1.57,1.48,1.57,
CSMGK345,2025-09-23,1.71,1.72,1.71,1.73,
COGNV333,2025-09-23,0.21,0.21,0.21,0.21,
NATUA120,2025-09-23,0.34,0.28,0.28,0.34,
BRAVD296,2025-09-23,0.27,0.27,0.27,0.27,
COGNV300W1,2025-09-23,0.02,0.02,0.02,0.02,
IGTIV188,2025-09-23,0.01,0.01,0.01,0.01,
IGTIV240,2025-09-23,0.48,0.48,0.48,0.48,
FLRYK16,2025-09-23,0.8,0.8,0.8,0.8,
PSSAV466,2025-09-23,0.06,0.06,0.06,0.06,
VAMOJ470,2025-09-23,0.02,0.02,0.02,0.02,
BRAVW202,2025-09-23,1.57,1.57,1.57,1.57,
BBSEU320W4,2025-09-23,0.02,0.02,0.02,0.02,
QUALK259,2025-09-23,0.22,0.21,0.21,0.22,
SIMHJ493,2025-09-23,0.73,0.72,0.72,0.73,
PCARJ703,2025-09-23,0.02,0.02,0.02,0.02,
BBSEX38,2025-09-23,0.92,0.92,0.92,0.92,
BBSEJ332,2025-09-23,2.37,2.37,2.37,2.37,
BBSEV322,2025-09-23,0.03,0.03,0.03,0.03,
CMINV469,2025-09-23,0.01,0.01,0.01,0.01,
KLBNQ22,2025-09-23,2.18,2.18,2.18,2.18,
YDUQK185,2025-09-23,0.07,0.07,0.07,0.07,
CMINK622,2025-09-23,0.03,0.03,0.03,0.03,
HYPEJ242,2025-09-23,0.49,0.49,0.49,0.49,
NATUJ127,2025-09-23,0.05,0.04,0.04,0.05,
VVEOV900,2025-09-23,0.02,0.02,0.02,0.02,
BRAVW212,2025-09-23,2.28,2.28,2.28,2.28,
PETZJ350,2025-09-23,0.41,0.39,0.39,0.41,
BBSEK310,2025-09-23,3.18,3.18,3.18,3.18,
BRAVS176,2025-09-23,1.42,1.42,1.42,1.42,
JBSSJ860,2025-09-23,0.48,0.48,0.48,0.48,
CBAVV450,2025-09-23,0.74,0.73,0.73,0.74,
RAIZK165,2025-09-23,0.03,0.03,0.03,0.03,
BRAVW155,2025-09-23,0.13,0.13,0.13,0.13,
VIVTV317,2025-09-23,0.08,0.08,0.08,0.08,
CMINV584,2025-09-23,0.5,0.5,0.5,0.5,
PETZV340,2025-09-23,0.02,0.02,0.02,0.02,
TIMSJ253,2025-09-23,0.03,0.03,0.03,0.03,
CEABV153,2025-09-23,0.1,0.1,0.1,0.1,
SMTOL188,2025-09-23,0.54,0.54,0.54,0.54,
ALOS3,2025-09-23,25.25,25.8,25.04,25.9,
MBRF3,2025-09-23,21.2,19.7,19.7,21.62,
COGN3,2025-09-23,3.16,3.25,3.13,3.27,
BBSE3,2025-09-23,33.31,33.3,33.11,33.61,
KLBN11,2025-09-23,18.21,18.1,18.06,18.26,
VIVT3,2025-09-23,33.59,33.43,33.4,33.73,
CSMG3,2025-09-23,33.23,33.55,33.08,33.97,
MBRF3F,2025-09-23,21.25,19.8,19.8,21.7,
PFIN11,2025-09-23,77.76,77.5,76.72,78.65,
CSMG3F,2025-09-23,33.23,33.55,33.01,33.97,
GMAT3,2025-09-23,7.07,7.13,7.02,7.17,
AURE3,2025-09-23,10.54,10.64,10.54,10.76,
CMIN3,2025-09-23,5.23,5.36,5.23,5.37,
TTEN3,2025-09-23,13.85,13.9,13.73,14.25,
TTEN3F,2025-09-23,13.88,14.06,13.75,14.26,
RDOR3F,2025-09-23,41.64,42.02,41.52,42.45,
TASA4,2025-09-23,4.9,5.04,4.85,5.1,
AZTE11,2025-09-23,0.25,0.2,0.19,0.27,
KLBN3,2025-09-23,3.72,3.67,3.66,3.72,
POSI3,2025-09-23,4.44,4.49,4.43,4.6,
SMTO3F,2025-09-23,17.33,17.8,17.26,17.8,
LJQQ3,2025-09-23,2.6,2.58,2.52,2.69,
BRBI11,2025-09-23,17.7,19.75,17.7,19.85,
FLRY3F,2025-09-23,15.86,16.14,15.79,16.14,
PPEI11,2025-09-23,88.9,88.37,88.37,89,
PTBL3F,2025-09-23,4.02,4.21,4.02,4.22,
DESK3,2025-09-23,9.94,10.35,9.94,10.49,
AMBP3F,2025-09-23,14.29,12.2,12.03,14.29,
COGNJ323,2025-09-23,0.11,0.15,0.1,0.17,
JALL3,2025-09-23,2.77,2.8,2.77,2.84,
COPN11,2025-09-23,57.54,56.85,56.85,57.54,
PETZX900,2025-09-23,4.58,4.61,4.58,4.61,
SEQL1F,2025-09-23,0.22,0.24,0.22,0.26,
NATUV806,2025-09-23,0.09,0.1,0.07,0.1,
HBSA3,2025-09-23,3.35,3.44,3.34,3.5,
SEQL1,2025-09-23,0.23,0.22,0.22,0.28,
BRZP11,2025-09-23,144.2,145,142.12,146.9,
XPID11,2025-09-23,51.8,50.72,50.72,52.1,
GFSA3F,2025-09-23,11.52,11.59,11.51,11.74,
MELK3F,2025-09-23,3.81,3.88,3.76,3.88,
BRAVJ195,2025-09-23,0.47,0.47,0.4,0.54,
SBSPV128,2025-09-23,1.78,1.42,1.39,1.96,
KEPL3F,2025-09-23,7.79,7.73,7.71,7.87,
BRAVJ182,2025-09-23,1.15,1.05,1.05,1.2,
VBBRV257,2025-09-23,1.54,1.54,1.52,1.55,
IGTIW243,2025-09-23,0.71,0.72,0.65,0.72,
AZZA3F,2025-09-23,31.81,31.83,31.48,32.34,
MOTV3F,2025-09-23,15.01,14.99,14.92,15.15,
AMAR3F,2025-09-23,1.25,1.23,1.22,1.27,
BRAVJ190,2025-09-23,0.75,0.62,0.6,0.79,
NATUJ940W1,2025-09-23,0.25,0.25,0.25,0.25,
DIRRV470,2025-09-23,0.38,0.39,0.36,0.39,
NATUW840,2025-09-23,0.33,0.33,0.3,0.34,
NATUV846,2025-09-23,0.16,0.19,0.14,0.19,
NATUJ926,2025-09-23,0.62,0.52,0.52,0.62,
CYREJ334,2025-09-23,0.12,0.11,0.11,0.12,
ATED3F,2025-09-23,2.13,2.42,2.11,2.47,
KLBNJ187,2025-09-23,0.35,0.27,0.27,0.35,
TRIS3F,2025-09-23,7.01,7.06,7.01,7.3,
QUALV254,2025-09-23,0.13,0.18,0.13,0.19,
ESPA3F,2025-09-23,1.32,1.28,1.28,1.32,
PCARJ453,2025-09-23,0.25,0.24,0.2,0.25,
PETZV375,2025-09-23,0.07,0.09,0.07,0.09,
PETZJ395,2025-09-23,0.13,0.1,0.07,0.13,
HYPEK290,2025-09-23,0.1,0.09,0.09,0.11,
MBRFV193,2025-09-23,0.03,0.03,0.03,0.03,
DMVF3F,2025-09-23,4.7,4.85,4.7,4.93,
AZZAJ375,2025-09-23,0.11,0.11,0.11,0.11,
LPSB3F,2025-09-23,1.39,1.4,1.37,1.4,
AZZAJ337,2025-09-23,0.73,0.66,0.66,0.73,
PSSAJ511,2025-09-23,1.46,1.39,1.04,1.75,
BRAVW157,2025-09-23,0.15,0.16,0.14,0.16,
RVEE3,2025-09-23,11,11.2,10.91,11.67,
AZZAK357,2025-09-23,1.04,0.95,0.95,1.04,
BRAVW185,2025-09-23,0.7,0.75,0.67,0.75,
CSMGJ335,2025-09-23,1.61,1.61,1.61,1.61,
KLBNX169,2025-09-23,0.17,0.19,0.17,0.19,
IFCM1,2025-09-23,0.01,0.01,0.01,0.01,
COGNK333,2025-09-23,0.17,0.2,0.16,0.21,
COGNV313,2025-09-23,0.09,0.07,0.07,0.1,
RAIZJ126,2025-09-23,0.06,0.05,0.04,0.06,
SBSPJ134,2025-09-23,1.74,2.05,1.41,2.16,
ALUP4,2025-09-23,9.97,10.06,9.95,10.2,
ISAE3,2025-09-23,30.95,30.98,30.54,30.99,
MBRFJ258,2025-09-23,0.08,0.18,0.07,0.3,
BRAVK190,2025-09-23,1.29,1.35,1.17,1.35,
AMBPV120,2025-09-23,0.6,1.5,0.6,1.5,
BRAVT200,2025-09-23,2.01,2.01,2.01,2.01,
BRAVV212,2025-09-23,2.27,2.36,2.18,2.37,
BBSEV362,2025-09-23,0.96,0.92,0.81,0.96,
PCARK500,2025-09-23,0.22,0.26,0.22,0.27,
NATUV826,2025-09-23,0.12,0.13,0.1,0.14,
MBRFW181,2025-09-23,0.3,0.71,0.24,1,
BBSEW324,2025-09-23,0.14,0.14,0.14,0.14,
SBSPK137,2025-09-23,3.4,3.98,3.4,4,
MTREJ408,2025-09-23,0.11,0.11,0.11,0.11,
HYPEV227,2025-09-23,0.3,0.33,0.25,0.33,
COGNK403,2025-09-23,0.03,0.02,0.02,0.03,
NATUV102,2025-09-23,1.04,1.18,1.04,1.18,
QUALJ224,2025-09-23,0.22,0.25,0.22,0.39,
VAMOJ400,2025-09-23,0.08,0.08,0.08,0.1,
ARMLJ434,2025-09-23,0.02,0.1,0.02,0.1,
DIRRJ470,2025-09-23,0.5,0.61,0.5,0.68,
CYREJ284,2025-09-23,2.39,2.2,2.2,2.52,
CYREK241,2025-09-23,6.5,6.45,6.45,6.53,
INTBJ127,2025-09-23,0.38,0.4,0.27,0.4,
BBSEU335W4,2025-09-23,0.22,0.25,0.22,0.3,
COGNJ328,2025-09-23,0.09,0.11,0.08,0.13,
BRAVV177,2025-09-23,0.25,0.25,0.2,0.25,
OIBR4,2025-09-23,7.2,7.12,7.12,7.23,
BBSEX299,2025-09-23,0.04,0.04,0.04,0.04,
BMGBJ400,2025-09-23,0.18,0.23,0.18,0.23,
NATUV796,2025-09-23,0.07,0.08,0.06,0.08,
SLCEV167,2025-09-23,0.32,0.29,0.21,0.32,
RAIZB350,2025-09-23,0.08,0.08,0.08,0.11,
COGNJ218,2025-09-23,1.01,1.02,1.01,1.1,
BHIAJ550,2025-09-23,0.23,0.18,0.18,0.23,
PETZV355,2025-09-23,0.03,0.04,0.03,0.04,
NATUW830,2025-09-23,0.29,0.29,0.28,0.29,
NATUJ916,2025-09-23,0.69,0.58,0.54,0.69,
CSMGG344,2025-09-23,4.76,3,3,4.76,
KLBNV181,2025-09-23,0.31,0.33,0.3,0.34,
ASAIJ113,2025-09-23,0.06,0.06,0.06,0.06,
KLBNW186,2025-09-23,0.7,0.73,0.7,0.73,
FLRYV130,2025-09-23,0.02,0.02,0.02,0.02,
CXSEJ149,2025-09-23,0.39,0.58,0.39,0.58,
PETZK396,2025-09-23,0.18,0.18,0.18,0.18,
PETZV370,2025-09-23,0.06,0.07,0.05,0.08,
MBRFW174,2025-09-23,0.15,0.2,0.15,0.2,
PETZQ500,2025-09-23,0.8,0.86,0.8,0.86,
AZZAK310,2025-09-23,3.15,3.23,3.1,3.27,
AZZAW32,2025-09-23,1.92,1.92,1.9,1.97,
BMGBV412,2025-09-23,0.08,0.1,0.08,0.1,
RAIZV500,2025-09-23,3.66,3.65,3.65,3.66,
ALOSJ266,2025-09-23,0.18,0.38,0.15,0.38,
VBBRJ234,2025-09-23,1.08,1.34,1.08,1.34,
RDORW423,2025-09-23,1.39,1.51,1.39,1.51,
PETZW411,2025-09-23,0.35,0.35,0.35,0.35,
SIMHV533,2025-09-23,0.12,0.12,0.12,0.13,
RDORV298,2025-09-23,0.01,0.01,0.01,0.01,
PCARV403,2025-09-23,0.27,0.22,0.22,0.28,
RAIZN460,2025-09-23,3.22,3.23,3.22,3.23,
SIMHX488,2025-09-23,0.13,0.13,0.13,0.13,
CXSEV149,2025-09-23,0.09,0.04,0.04,0.1,
ISAEK244,2025-09-23,0.46,0.55,0.44,0.55,
RDORV414,2025-09-23,0.7,0.59,0.52,0.7,
BHIAJ980,2025-09-23,0.02,0.01,0.01,0.02,
PETZJ430,2025-09-23,0.02,0.02,0.01,0.02,
PETZW376,2025-09-23,0.17,0.18,0.17,0.18,
COGNJ173,2025-09-23,1.5,1.5,1.5,1.5,
CSMGV315,2025-09-23,0.13,0.1,0.08,0.13,
BBSEK364,2025-09-23,0.81,0.86,0.81,0.96,
DASAJ200,2025-09-23,0.01,0.01,0.01,0.01,
MBRFJ253,2025-09-23,0.45,0.15,0.15,0.49,
ALOSK264,2025-09-23,0.69,0.98,0.69,1,
VBBRW234,2025-09-23,0.81,0.69,0.69,0.81,
COGNX313,2025-09-23,0.16,0.16,0.16,0.17,
COGNJ208,2025-09-23,1.19,1.16,1.16,1.19,
SBSPV142,2025-09-23,9.76,9.76,9.76,9.76,
AMBPX699,2025-09-23,0.22,0.22,0.22,0.22,
SBSPK135,2025-09-23,4.4,4.8,4.4,4.8,
HYPEV217,2025-09-23,0.12,0.14,0.12,0.14,
COGNV293,2025-09-23,0.04,0.03,0.03,0.04,
NATUJ900W1,2025-09-23,0.45,0.45,0.45,0.45,
PCARW270,2025-09-23,0.05,0.05,0.01,0.05,
CYREW224,2025-09-23,0.07,0.03,0.03,0.07,
MBRFL24,2025-09-23,0.68,0.86,0.68,0.86,
PETZV400,2025-09-23,0.2,0.22,0.18,0.3,
PETZJ380,2025-09-23,0.17,0.14,0.14,0.18,
CMINV710,2025-09-23,1.53,1.45,1.45,1.53,
VAMOJ430,2025-09-23,0.02,0.04,0.02,0.04,
TIMSV220,2025-09-23,0.1,0.12,0.1,0.12,
BRAVV180W1,2025-09-23,0.13,0.12,0.12,0.13,
CMINO500,2025-09-23,0.15,0.12,0.12,0.15,
COGNK363,2025-09-23,0.09,0.09,0.09,0.09,
PETZK391,2025-09-23,0.22,0.22,0.22,0.22,
VBBRJ224,2025-09-23,2,2,2,2,
COGNW288,2025-09-23,0.06,0.06,0.06,0.06,
GUARW868,2025-09-23,0.32,0.32,0.32,0.32,
AUREB799,2025-09-23,4.3,4.3,4.3,4.3,
SIMHK653,2025-09-23,0.14,0.14,0.14,0.14,
VBBRV212,2025-09-23,0.07,0.07,0.07,0.07,
BRAVM190,2025-09-23,1.3,1.3,1.3,1.3,
MBRFW184,2025-09-23,0.3,0.65,0.3,0.65,
BBSEV397,2025-09-23,3.97,3.97,3.97,3.97,
BRAVJ200W2,2025-09-23,0.17,0.17,0.17,0.17,
NATUA990,2025-09-23,0.85,0.85,0.85,0.85,
SBSPX135,2025-09-23,5.5,5.5,5.5,5.5,
COGNJ263,2025-09-23,0.61,0.61,0.61,0.61,
WIZCJ875,2025-09-23,0.14,0.13,0.13,0.14,
RAIZW900,2025-09-23,0.04,0.04,0.04,0.04,
XPBRK104,2025-09-23,7.25,6.43,6.43,7.64,
CMINW512,2025-09-23,0.13,0.1,0.1,0.13,
CXSEA137,2025-09-23,2.43,2.43,2.43,2.43,
VAMOR50,2025-09-23,1.07,1.07,1.07,1.07,
PCARJ523,2025-09-23,0.07,0.09,0.07,0.09,
COGNK313,2025-09-23,0.25,0.29,0.25,0.32,
CYREK289,2025-09-23,2.77,2.63,2.63,2.77,
COGNJ363,2025-09-23,0.02,0.02,0.02,0.02,
MBRFJ212,2025-09-23,0.33,0.26,0.26,0.33,
QUALV229,2025-09-23,0.06,0.06,0.06,0.06,
BBSEV317,2025-09-23,0.02,0.02,0.02,0.02,
POSIJ453,2025-09-23,0.18,0.18,0.18,0.18,
FLRYV150,2025-09-23,0.1,0.08,0.08,0.1,
BBSEK387,2025-09-23,0.22,0.26,0.22,0.26,
BBSEK355,2025-09-23,0.5,0.56,0.5,0.56,
PCARW420,2025-09-23,0.43,0.43,0.43,0.43,
CSMGJ375,2025-09-23,0.1,0.16,0.1,0.16,
QUALJ239,2025-09-23,0.17,0.18,0.17,0.26,
CXSEL157,2025-09-23,0.4,0.42,0.4,0.42,
AMBPJ130,2025-09-23,1.5,1.5,1.5,1.5,
ALOSU255W4,2025-09-23,0.22,0.11,0.11,0.22,
PETZW351,2025-09-23,0.08,0.09,0.08,0.09,
ALOSV251,2025-09-23,0.23,0.2,0.2,0.23,
IGTIK243,2025-09-23,1.31,1.57,1.31,1.58,
CEABV163,2025-09-23,0.36,0.33,0.33,0.36,
CSMGW320,2025-09-23,0.5,0.5,0.5,0.5,
VIVTJ316,2025-09-23,2.41,2.41,2.41,2.41,
BBSEK349,2025-09-23,1.78,1.8,1.78,1.86,
BRAVW150,2025-09-23,0.1,0.1,0.1,0.1,
RAIZK140,2025-09-23,0.06,0.05,0.05,0.06,
ASAIK999,2025-09-23,0.72,0.72,0.72,0.72,
NATUJ816,2025-09-23,1.38,1.21,1.21,1.38,
IGTIK248,2025-09-23,1.24,1.24,1.24,1.24,
VIVAJ290,2025-09-23,1.33,1.33,1.33,1.33,
RAIZL20,2025-09-23,0.17,0.17,0.17,0.17,
PETZK406,2025-09-23,0.15,0.15,0.15,0.18,
VIVTK353,2025-09-23,0.64,0.64,0.64,0.64,
VIVTK321,2025-09-23,2.46,2.46,2.46,2.46,
ISAEV240,2025-09-23,0.03,0.03,0.03,0.03,
POSIX60,2025-09-23,1.14,1.1,1.1,1.14,
CXSEP1,2025-09-23,0.45,0.44,0.44,0.45,
RAIZW99,2025-09-23,0.07,0.06,0.06,0.07,
BBSEF431,2025-09-23,1.17,1.34,1.17,2.35,
SBSPJ124,2025-09-23,7.76,8.24,7.76,8.24,
COGNK303,2025-09-23,0.39,0.39,0.39,0.39,
COGNW253,2025-09-23,0.02,0.02,0.02,0.02,
RDORW405,2025-09-23,0.89,0.89,0.89,0.89,
VBBRK274,2025-09-23,0.28,0.31,0.28,0.31,
VBBRJ254,2025-09-23,0.29,0.29,0.29,0.29,
HYPEK250,2025-09-23,0.74,0.91,0.71,0.91,
NATUV147,2025-09-23,5.33,5.34,5.33,5.34,
CXSEC17,2025-09-23,0.37,0.37,0.37,0.37,
BRAVK232,2025-09-23,0.15,0.15,0.15,0.15,
RAIZL200,2025-09-23,0.03,0.03,0.02,0.06,
ALOSW254,2025-09-23,0.57,0.57,0.57,0.57,
PCARW425,2025-09-23,0.5,0.5,0.5,0.51,
NATUV776,2025-09-23,0.05,0.05,0.05,0.05,
COGNV343,2025-09-23,0.22,0.22,0.21,0.22,
AZZAX317,2025-09-23,1.95,1.95,1.95,1.95,
YDUQW132,2025-09-23,0.87,0.8,0.8,0.87,
CYREV259,2025-09-23,0.05,0.05,0.04,0.05,
PCARV358,2025-09-23,0.14,0.1,0.1,0.14,
CBAVB50,2025-09-23,0.13,0.15,0.13,0.15,
HYPEW235,2025-09-23,0.91,0.88,0.88,0.91,
BRAVJ217,2025-09-23,0.07,0.07,0.07,0.07,
XPBRJ105,2025-09-23,3.44,3.44,3.44,3.44,
PCARJ298,2025-09-23,1.25,1.31,1.25,1.31,
BRAVJ215W1,2025-09-23,0.03,0.02,0.02,0.03,
SBSPF135,2025-09-23,18.17,18.17,18.17,18.17,
IGTIJ253,2025-09-23,0.35,0.43,0.35,0.43,
QUALW269,2025-09-23,0.3,0.3,0.27,0.3,
RDORJ331,2025-09-23,9.53,9.53,9.53,9.53,
PETZU380W4,2025-09-23,0.05,0.04,0.04,0.05,
MOTVK148,2025-09-23,0.93,0.95,0.93,0.95,
VIVAW275,2025-09-23,0.65,0.65,0.65,0.65,
PCARV433,2025-09-23,0.41,0.41,0.41,0.41,
PETZJ435,2025-09-23,0.01,0.01,0.01,0.01,
PETZV430,2025-09-23,0.43,0.45,0.43,0.45,
BRAVD316,2025-09-23,0.2,0.2,0.2,0.2,
HYPEK285,2025-09-23,0.16,0.16,0.15,0.16,
COGNV320W4,2025-09-23,0.12,0.11,0.11,0.12,
COGNV403,2025-09-23,0.75,0.75,0.75,0.75,
COGNI340W4,2025-09-23,0.01,0.01,0.01,0.01,
BHIAJ520,2025-09-23,0.35,0.35,0.35,0.35,
PCARK385,2025-09-23,0.66,0.67,0.66,0.67,
PRIF11,2025-09-23,100.13,100.13,100.13,100.13,
VBBRW224,2025-09-23,0.41,0.41,0.41,0.41,
PCARW310,2025-09-23,0.1,0.1,0.1,0.1,
NATUW135,2025-09-23,3.34,3.49,3.34,3.49,
PCARK390,2025-09-23,0.64,0.64,0.64,0.64,
PCARW340,2025-09-23,0.17,0.16,0.16,0.17,
MBRFJ203,2025-09-23,3.9,3.9,3.9,3.9,
PCARW350,2025-09-23,0.19,0.19,0.19,0.19,
NATUB12,2025-09-23,0.44,0.42,0.4,0.44,
CSMGV325,2025-09-23,0.21,0.21,0.21,0.21,
FLRYV140,2025-09-23,0.04,0.04,0.04,0.05,
ALOSJ255W4,2025-09-23,1.5,0.91,0.91,1.5,
AUREX114,2025-09-23,0.65,0.65,0.65,0.65,
SMTOJ200,2025-09-23,0.08,0.08,0.08,0.08,
COGNN1,2025-09-23,0.02,0.02,0.02,0.02,
VBBRK269,2025-09-23,0.41,0.41,0.41,0.41,
COGNJ350W2,2025-09-23,0.03,0.03,0.03,0.03,
BHIAJ600,2025-09-23,0.14,0.14,0.14,0.14,
CMINL517,2025-09-23,1.03,1.05,1.03,1.05,
PCARK940,2025-09-23,0.02,0.02,0.02,0.02,
SIMHJ573,2025-09-23,0.17,0.25,0.17,0.25,
PCARJ410W2,2025-09-23,0.32,0.32,0.32,0.32,
KLBNL184,2025-09-23,0.85,0.85,0.85,0.85,
BBSEJ397,2025-09-23,0.01,0.01,0.01,0.01,
KLBNW187,2025-09-23,0.58,0.57,0.57,0.59,
COGNJ170,2025-09-23,1.55,1.6,1.55,1.6,
CSMGW235,2025-09-23,0.06,0.01,0.01,0.06,
PCARK430,2025-09-23,0.49,0.49,0.49,0.49,
CYREJ274,2025-09-23,3.25,3.33,3.25,3.33,
SBSPK931,2025-09-23,39.88,39.88,39.88,39.88,
RECVJ139,2025-09-23,0.07,0.07,0.07,0.07,
QUALJ310,2025-09-23,0.01,0.01,0.01,0.01,
POSIJ478,2025-09-23,0.1,0.1,0.1,0.1,
PCARJ383,2025-09-23,0.54,0.58,0.54,0.65,
ALOSA280,2025-09-23,0.5,0.5,0.5,0.5,
INTBV127,2025-09-23,0.33,0.4,0.33,0.52,
VBBRK302,2025-09-23,0.09,0.09,0.09,0.09,
MOTVV139,2025-09-23,0.05,0.05,0.05,0.05,
PETZJ450,2025-09-23,0.01,0.01,0.01,0.01,
AZZAK362,2025-09-23,0.93,0.93,0.93,0.93,
COGNW283,2025-09-23,0.06,0.06,0.06,0.06,
DIRRW144,2025-09-23,0.1,0.1,0.1,0.1,
RAIZA99,2025-09-23,0.25,0.25,0.25,0.25,
NATUU880W4,2025-09-23,0.03,0.03,0.03,0.03,
PETZK431,2025-09-23,0.13,0.13,0.13,0.13,
INTBK127,2025-09-23,0.53,0.53,0.53,0.53,
CXSEV184,2025-09-23,2.99,2.99,2.99,2.99,
PETZK401,2025-09-23,0.18,0.18,0.18,0.18,
QUALK319,2025-09-23,0.06,0.06,0.06,0.06,
QUALV314,2025-09-23,0.65,0.59,0.59,0.65,
PCARJ313,2025-09-23,1.25,1.25,1.25,1.25,
BHIAK500,2025-09-23,0.32,0.32,0.32,0.32,
COGNU270W4,2025-09-23,0.03,0.03,0.03,0.03,
SMTOJ188,2025-09-23,0.13,0.13,0.13,0.13,
MBRFJ215,2025-09-23,0.29,0.35,0.29,0.35,
PCARP50,2025-09-23,0.93,1,0.93,1,
ASAIW979,2025-09-23,0.55,0.53,0.53,0.55,
RECVW132,2025-09-23,0.42,0.39,0.39,0.42,
RDORK41,2025-09-23,2.71,2.71,2.71,2.71,
YDUQV110,2025-09-23,0.05,0.05,0.05,0.05,
COGNV368,2025-09-23,0.47,0.47,0.47,0.47,
SLCEM180,2025-09-23,0.6,0.6,0.6,0.6,
MOTVJ138,2025-09-23,1.44,1.44,1.44,1.44,
QUALV440,2025-09-23,1.82,1.82,1.82,1.82,
PETZA650,2025-09-23,0.03,0.03,0.03,0.03,
QUALL239,2025-09-23,0.35,0.35,0.35,0.35,
GUARK988,2025-09-23,0.99,0.79,0.79,0.99,
IGTIV235,2025-09-23,0.32,0.32,0.32,0.32,
IGTIJ240,2025-09-23,0.81,0.81,0.81,0.81,
NATUJ17,2025-09-23,0.47,0.37,0.37,0.47,
QUALJ295,2025-09-23,0.02,0.02,0.02,0.02,
ISAEX261,2025-09-23,1.7,1.7,1.7,1.7,
QUALK249,2025-09-23,0.25,0.25,0.25,0.25,
ALOSU245W4,2025-09-23,0.04,0.04,0.04,0.04,
INTBK139,2025-09-23,0.12,0.12,0.12,0.12,
BHIAV390W1,2025-09-23,0.01,0.01,0.01,0.01,
SBSPJ130W1,2025-09-23,2.02,2.02,2.02,2.02,
BBSEX312,2025-09-23,0.27,0.27,0.27,0.27,
ASAI3,2025-09-23,9.83,9.83,9.74,9.93,
MELK3,2025-09-23,3.76,3.85,3.76,3.85,
VBBR3,2025-09-23,23.71,24.07,23.57,24.28,
PLPL3,2025-09-23,17.51,16.65,16.65,17.51,
KEPL3,2025-09-23,7.79,7.71,7.7,7.87,
DIRR3,2025-09-23,15.6,15.65,15.45,15.96,
AMBP3,2025-09-23,14.1,12.15,11.99,14.25,
BRBI11F,2025-09-23,17.91,19.8,17.8,19.84,
CXSE3,2025-09-23,14.41,14.69,14.37,14.73,
BMOB3,2025-09-23,22.81,23.08,22.73,23.12,
NATU3,2025-09-23,9.36,9.21,9.16,9.41,
GGPS3,2025-09-23,18.2,18.45,18.2,18.62,
RAIZ4,2025-09-23,1.19,1.17,1.17,1.2,
JGPX11,2025-09-23,72.49,72.29,71.86,72.49,
SBSPJ132,2025-09-23,2.62,3.05,2.16,3.08,
JMBI11,2025-09-23,85.55,86.29,85.55,86.33,
CBAV3F,2025-09-23,3.74,3.85,3.74,3.88,
NATUJ936,2025-09-23,0.55,0.48,0.46,0.58,
RECV3F,2025-09-23,12.98,13.2,12.98,13.3,
IFCM3,2025-09-23,0.22,0.23,0.22,0.23,
ANIM3F,2025-09-23,3.59,3.6,3.53,3.67,
SBSPJ131,2025-09-23,2.62,3.61,2.62,3.65,
KOPA11,2025-09-23,796.43,805,795,820,
VIVT3F,2025-09-23,33.59,33.39,33.39,33.71,
IFRA11,2025-09-23,99.25,99,98.72,99.82,
AALR3,2025-09-23,6.1,6.39,6,6.39,
ALUP3,2025-09-23,10.99,11.48,10.99,11.65,
BRAVK185,2025-09-23,1.59,1.44,1.43,1.59,
AMAR3,2025-09-23,1.24,1.23,1.23,1.26,
ALPK3,2025-09-23,3.27,3.28,3.24,3.36,
FIQE3,2025-09-23,4.56,4.5,4.43,4.56,
NATUV936,2025-09-23,0.48,0.56,0.46,0.56,
NATUV100,2025-09-23,0.91,0.98,0.85,0.99,
TASA3F,2025-09-23,5.53,5.49,5.43,5.58,
CMINJ544,2025-09-23,0.07,0.11,0.07,0.13,
NATUV876,2025-09-23,0.23,0.28,0.22,0.28,
SHOW3,2025-09-23,5.83,6.17,5.83,6.19,
SBSPV130,2025-09-23,2.56,2.06,2.01,2.75,
PCARJ433,2025-09-23,0.26,0.33,0.25,0.34,
RDORV409,2025-09-23,0.38,0.47,0.38,0.47,
PETZV405,2025-09-23,0.22,0.27,0.22,0.27,
NATUJ966,2025-09-23,0.5,0.43,0.36,0.5,
BRAVL190,2025-09-23,1.49,1.49,1.49,1.49,
VBBRK272,2025-09-23,0.28,0.39,0.28,0.4,
BRAVV162,2025-09-23,0.06,0.07,0.06,0.07,
BRAVD211,2025-09-23,1.68,1.67,1.67,1.68,
NATUI940W4,2025-09-23,0.15,0.14,0.14,0.17,
OGIN11,2025-09-23,8.38,8.39,8.29,8.39,
PGMN3F,2025-09-23,3.63,3.63,3.59,3.68,
BHIAK400,2025-09-23,0.85,0.85,0.85,0.85,
MTRE3F,2025-09-23,3.85,3.88,3.83,3.92,
NATUK135,2025-09-23,0.97,0.91,0.86,1.08,
LAND3F,2025-09-23,9.1,9.26,9.02,9.26,
VIVTJ341,2025-09-23,0.52,0.57,0.52,0.68,
MNPR3F,2025-09-23,43.93,39.9,39.9,43.94,
ENJU3,2025-09-23,0.94,0.93,0.92,0.94,
POSI3F,2025-09-23,4.45,4.46,4.45,4.6,
VBBRL288,2025-09-23,0.3,0.31,0.3,0.31,
TFCO4F,2025-09-23,16.98,17.39,16.98,17.42,
NATUJ956,2025-09-23,0.5,0.4,0.39,0.5,
AMBPJ120,2025-09-23,1.04,1.06,1.04,1.06,
SIMHV553,2025-09-23,0.22,0.18,0.18,0.23,
CYREJ239,2025-09-23,6.7,6.4,6.4,6.7,
VTRU3F,2025-09-23,11.98,12.07,11.89,12.07,
LSAG11,2025-09-23,75.51,74.98,74.94,75.51,
ISAEV231,2025-09-23,0.08,0.07,0.06,0.08,
AMAR11,2025-09-23,0.2,0.2,0.2,0.2,
BRAVL200,2025-09-23,1.06,1.04,1.04,1.06,
BHIAV470,2025-09-23,0.38,0.4,0.38,0.4,
SIMHJ553,2025-09-23,0.25,0.43,0.25,0.43,
CMINJ564,2025-09-23,0.03,0.05,0.03,0.05,
NATUK900,2025-09-23,0.95,0.94,0.94,0.95,
HYPEK252,2025-09-23,0.75,0.72,0.72,0.8,
CXSEJ154,2025-09-23,0.11,0.2,0.11,0.22,
VIVAV288,2025-09-23,0.8,0.8,0.8,0.8,
AZZAJ325,2025-09-23,1.14,1.18,1.14,1.18,
NATUV986,2025-09-23,0.75,0.86,0.75,0.88,
CEABJ188,2025-09-23,0.52,0.45,0.45,0.52,
SBSPK129,2025-09-23,7.25,8.25,7.25,8.27,
BRAVV187,2025-09-23,0.52,0.56,0.45,0.56,
BRAVJ187,2025-09-23,0.84,0.75,0.75,0.91,
PCARJ403,2025-09-23,0.42,0.48,0.42,0.51,
EPAR3F,2025-09-23,4.58,4.55,4.46,4.59,
AMBPX899,2025-09-23,0.62,0.81,0.62,0.81,
TRAD3F,2025-09-23,5.3,5.2,5.2,5.39,
PCARD50,2025-09-23,0.93,0.74,0.71,0.93,
NATUJ846,2025-09-23,1.14,0.99,0.98,1.14,
BBSEK342,2025-09-23,2.19,2.2,2.19,2.2,
HYPEK235,2025-09-23,1.5,1.43,1.43,1.62,
NATUJ102,2025-09-23,0.25,0.2,0.2,0.26,
BMGBK412,2025-09-23,0.1,0.13,0.1,0.13,
CEABV178,2025-09-23,0.95,0.94,0.92,0.95,
KLBNW177,2025-09-23,0.15,0.22,0.15,0.23,
VAMOS350,2025-09-23,0.26,0.26,0.26,0.26,
ISAEJ251,2025-09-23,0.02,0.03,0.02,0.03,
CBAVV370,2025-09-23,0.09,0.09,0.09,0.09,
PETZJ360,2025-09-23,0.32,0.28,0.28,0.32,
ISAEC244,2025-09-23,1.5,1.5,1.5,1.5,
SLCEJ167,2025-09-23,0.34,0.32,0.32,0.4,
BRAVJ177,2025-09-23,1.54,1.42,1.42,1.6,
MBRFX179,2025-09-23,0.22,0.6,0.22,0.6,
MBRFW179,2025-09-23,0.25,0.7,0.25,0.7,
CYREV294,2025-09-23,0.52,0.53,0.44,0.57,
MBRFV170,2025-09-23,0.15,0.15,0.04,0.15,
BBSEW352,2025-09-23,0.73,0.69,0.62,0.73,
SBSPW137,2025-09-23,6.51,6.46,6.44,6.51,
BBSEK382,2025-09-23,0.32,0.32,0.32,0.36,
BRAVX230,2025-09-23,3.19,3.74,3.19,3.74,
ISAEV236,2025-09-23,0.22,0.13,0.13,0.22,
BBSEV342,2025-09-23,0.17,0.16,0.13,0.17,
CYREK259,2025-09-23,4.97,4.97,4.97,4.97,
BHIAJ470,2025-09-23,0.34,0.27,0.27,0.37,
COGNJ348,2025-09-23,0.03,0.05,0.03,0.05,
NATUJ906,2025-09-23,0.75,0.62,0.59,0.75,
RAIZW105,2025-09-23,0.06,0.08,0.06,0.08,
BRAVV200,2025-09-23,1.23,1.31,1.15,1.32,
COGNJ213,2025-09-23,1.1,1.1,1.1,1.1,
CYREK279,2025-09-23,3.5,3.33,3.33,3.5,
BBSEI335W4,2025-09-23,0.22,0.19,0.19,0.33,
MBRFV23,2025-09-23,0.71,0.71,0.71,0.71,
MBRFV208,2025-09-23,0.2,0.2,0.2,0.2,
BBSEL367,2025-09-23,1.16,1.13,1.13,1.16,
CBAVV390,2025-09-23,0.19,0.19,0.19,0.19,
HYPEV247,2025-09-23,1.08,1.26,1.08,1.26,
VAMOK370,2025-09-23,0.33,0.33,0.33,0.33,
CMINK592,2025-09-23,0.06,0.07,0.06,0.08,
COGNJ308,2025-09-23,0.2,0.24,0.18,0.25,
COGNV318,2025-09-23,0.11,0.1,0.08,0.13,
SMTOJ180,2025-09-23,0.52,0.64,0.52,0.64,
CSMGW260,2025-09-23,0.04,0.04,0.03,0.05,
COGNV283,2025-09-23,0.03,0.02,0.01,0.03,
AZZAV332,2025-09-23,1.83,1.83,1.83,1.83,
CSMGK375,2025-09-23,0.72,0.72,0.72,0.72,
ISAEK251,2025-09-23,0.25,0.25,0.23,0.25,
RAIZA200,2025-09-23,0.03,0.05,0.03,0.05,
BRAVV167,2025-09-23,0.1,0.11,0.09,0.11,
EXIF11,2025-09-23,10.1,10.1,10.1,10.1,
NATUW102,2025-09-23,1.22,1.22,1.22,1.22,
BMGBV402,2025-09-23,0.04,0.04,0.04,0.04,
COGNJ168,2025-09-23,1.55,1.55,1.55,1.55,
COGNJ193,2025-09-23,1.3,1.3,1.3,1.3,
COGNJ183,2025-09-23,1.4,1.4,1.4,1.4,
YDUQV130,2025-09-23,0.48,0.41,0.4,0.48,
VAMOW350,2025-09-23,0.09,0.09,0.09,0.09,
BBSEW335,2025-09-23,0.8,0.76,0.72,0.8,
CURYK348,2025-09-23,1.22,1.22,1.22,1.22,
VIVAK328,2025-09-23,0.56,0.56,0.56,0.56,
ALOSU260W4,2025-09-23,0.27,0.26,0.26,0.27,
DXCOV589,2025-09-23,0.14,0.14,0.14,0.14,
VBBRK222,2025-09-23,2.84,2.84,2.84,2.84,
RAIZW750,2025-09-23,0.01,0.01,0.01,0.01,
CXSEK157,2025-09-23,0.2,0.27,0.2,0.28,
CSMGJ385,2025-09-23,0.1,0.1,0.1,0.1,
PCARJ503,2025-09-23,0.09,0.12,0.09,0.14,
BRAVJ167,2025-09-23,2.38,2.28,2.28,2.43,
BBSEK397,2025-09-23,0.13,0.13,0.13,0.13,
NATUV896,2025-09-23,0.3,0.34,0.29,0.34,
RECVV127,2025-09-23,0.12,0.08,0.07,0.12,
SBSPJ137,2025-09-23,1.01,1.08,1.01,1.08,
BRAVV165,2025-09-23,0.07,0.08,0.07,0.08,
BBSEL382,2025-09-23,2.5,3.1,2.5,3.1,
CYREV266,2025-09-23,0.08,0.08,0.08,0.08,
SBSPV128W1,2025-09-23,0.8,0.71,0.71,1.04,
KLBNK171,2025-09-23,1.44,1.44,1.44,1.44,
CYREV300,2025-09-23,0.38,0.41,0.34,0.41,
COGNW298,2025-09-23,0.1,0.1,0.09,0.1,
DOTZ3F,2025-09-23,7.71,7.6,7.6,7.71,
INTBW120,2025-09-23,0.28,0.3,0.28,0.32,
RAIZK130,2025-09-23,0.09,0.07,0.07,0.09,
HYPEV240,2025-09-23,0.99,0.88,0.78,0.99,
PETZL900,2025-09-23,0.01,0.01,0.01,0.01,
MBRFJ283,2025-09-23,0.09,0.07,0.05,0.09,
KLBNK212,2025-09-23,0.05,0.05,0.05,0.05,
PSSAJ561,2025-09-23,0.09,0.12,0.09,0.12,
AZZAK317,2025-09-23,2.55,2.81,2.55,2.81,
HYPEW222,2025-09-23,0.54,0.54,0.54,0.54,
CSMGK305,2025-09-23,4.88,4.88,4.88,4.88,
TRISV700,2025-09-23,0.14,0.14,0.14,0.14,
RAIZV136,2025-09-23,0.22,0.22,0.22,0.23,
DXCOJ600,2025-09-23,0.22,0.21,0.21,0.22,
ASAIK119,2025-09-23,0.12,0.12,0.12,0.14,
RDORW388,2025-09-23,0.46,0.49,0.46,0.49,
CMINW522,2025-09-23,0.13,0.12,0.12,0.13,
AUREV105,2025-09-23,0.1,0.1,0.1,0.1,
MBRFV202,2025-09-23,1.11,1.81,1.11,1.81,
VAMOV430,2025-09-23,0.53,0.53,0.53,0.53,
INTBV117,2025-09-23,0.04,0.06,0.04,0.06,
MBRFV263,2025-09-23,2.7,3.5,2.7,3.5,
MOTVJ153,2025-09-23,0.31,0.38,0.31,0.39,
IGTIW233,2025-09-23,0.41,0.41,0.41,0.41,
HYPEK240,2025-09-23,1.24,1.24,1.24,1.24,
NATUJ976,2025-09-23,0.42,0.35,0.35,0.42,
ISAEW231,2025-09-23,0.16,0.14,0.14,0.16,
QUALV220,2025-09-23,0.04,0.05,0.04,0.05,
CSMGJ370,2025-09-23,0.22,0.22,0.22,0.22,
AZZAW312,2025-09-23,1.53,1.57,1.53,1.57,
POSIJ498,2025-09-23,0.04,0.04,0.04,0.04,
BRAVK180,2025-09-23,1.89,1.78,1.78,1.89,
COGNJ248,2025-09-23,0.75,0.75,0.75,0.75,
RAIZM105,2025-09-23,0.1,0.1,0.1,0.1,
BRAVW187,2025-09-23,0.83,0.83,0.83,0.83,
QUALV200,2025-09-23,0.01,0.01,0.01,0.01,
ALUPJ320,2025-09-23,0.45,0.58,0.43,0.58,
BRAVK235,2025-09-23,0.13,0.13,0.13,0.13,
NATUV107,2025-09-23,1.47,1.56,1.46,1.56,
PETZK421,2025-09-23,0.14,0.11,0.11,0.14,
IGTIW258,2025-09-23,1.33,1.34,1.33,1.34,
COGNV328,2025-09-23,0.17,0.14,0.12,0.17,
RECVW122,2025-09-23,0.1,0.08,0.08,0.1,
ALOSW234,2025-09-23,0.21,0.16,0.16,0.21,
PSSAJ581,2025-09-23,0.05,0.05,0.05,0.05,
COGNV338,2025-09-23,0.19,0.18,0.18,0.2,
PCARJ603,2025-09-23,0.04,0.04,0.04,0.04,
PCARV463,2025-09-23,0.65,0.57,0.55,0.65,
PCARK290,2025-09-23,1.37,1.41,1.37,1.41,
SBFGJ139,2025-09-23,0.21,0.19,0.17,0.21,
BRAVJ190W1,2025-09-23,0.41,0.4,0.4,0.43,
SLCEJ177,2025-09-23,0.06,0.07,0.06,0.07,
ALOSJ260W1,2025-09-23,0.3,0.3,0.3,0.3,
COGNK353,2025-09-23,0.1,0.11,0.1,0.12,
BRAVW217,2025-09-23,2.64,2.64,2.64,2.64,
PCARK75,2025-09-23,0.04,0.05,0.04,0.05,
VBBRX204,2025-09-23,0.08,0.08,0.08,0.08,
BRAVB24,2025-09-23,2.6,2.6,2.6,2.6,
BBSEW295,2025-09-23,0.06,0.09,0.06,0.09,
PETZJ420,2025-09-23,0.03,0.03,0.02,0.04,
CSMGV340,2025-09-23,0.54,0.54,0.54,0.54,
QUALX194,2025-09-23,0.04,0.04,0.04,0.04,
AMBPJ150,2025-09-23,0.6,0.6,0.6,0.6,
COGNC349,2025-09-23,0.37,0.37,0.37,0.37,
QUALW289,2025-09-23,0.46,0.46,0.46,0.46,
IGTIW253,2025-09-23,1.07,1.08,1.07,1.08,
HYPEK305,2025-09-23,0.05,0.05,0.05,0.05,
RAIZM130,2025-09-23,0.22,0.22,0.22,0.22,
COGNV320W1,2025-09-23,0.08,0.08,0.08,0.08,
RAIZS160,2025-09-23,0.43,0.44,0.43,0.44,
INTBK125,2025-09-23,0.65,0.65,0.65,0.65,
VIVTJ346,2025-09-23,0.42,0.44,0.41,0.44,
VAMOW380,2025-09-23,0.22,0.22,0.22,0.22,
BRAVU185W4,2025-09-23,0.08,0.1,0.08,0.1,
VBBRK232,2025-09-23,2,1.97,1.97,2,
RDORW385,2025-09-23,0.45,0.45,0.45,0.45,
COGNJ353,2025-09-23,0.02,0.03,0.02,0.03,
JBSSK830,2025-09-23,3,2.7,2.7,3,
BBSEL402,2025-09-23,0.18,0.18,0.18,0.18,
DXCOJ619,2025-09-23,0.14,0.14,0.13,0.14,
PCARV303,2025-09-23,0.03,0.03,0.03,0.03,
RAIZV860,2025-09-23,0.02,0.02,0.02,0.02,
PCARV603,2025-09-23,1.74,1.85,1.74,1.86,
RDORJ41,2025-09-23,2,2,2,2,
TRISV660,2025-09-23,0.05,0.05,0.05,0.05,
RAIZM900,2025-09-23,0.05,0.06,0.05,0.06,
RECVJ142,2025-09-23,0.05,0.05,0.05,0.05,
BRAVJ185W1,2025-09-23,0.71,0.73,0.71,0.73,
IGTIJ248,2025-09-23,0.45,0.61,0.45,0.61,
PETZK461,2025-09-23,0.05,0.05,0.05,0.05,
BBSEJ387,2025-09-23,0.02,0.02,0.02,0.03,
CSMGK300,2025-09-23,5.23,5.22,5.22,5.23,
VBBRK262,2025-09-23,0.55,0.55,0.55,0.55,
NATUW130,2025-09-23,3.5,3.5,3.5,3.5,
NATUJ806,2025-09-23,1.48,1.41,1.26,1.48,
BBSEJ345W1,2025-09-23,0.1,0.1,0.08,0.1,
PCARL50,2025-09-23,0.4,0.31,0.31,0.4,
COGNV473,2025-09-23,1.44,1.44,1.44,1.44,
KLBNL195,2025-09-23,0.55,0.54,0.54,0.55,
PCARV563,2025-09-23,1.48,1.47,1.47,1.48,
BRAVK202,2025-09-23,0.68,0.68,0.68,0.68,
SMTOV170,2025-09-23,0.16,0.17,0.16,0.18,
XPBRK102,2025-09-23,8.85,8.73,8.73,8.85,
CBAVK400,2025-09-23,0.25,0.21,0.21,0.25,
SBSPU122W4,2025-09-23,0.11,0.08,0.08,0.11,
ANIMK395,2025-09-23,0.24,0.24,0.24,0.24,
LJQQJ260,2025-09-23,0.19,0.19,0.19,0.19,
PCARJ373,2025-09-23,0.61,0.6,0.6,0.71,
IGTIW238,2025-09-23,0.54,0.52,0.52,0.54,
ALOSK254,2025-09-23,1.44,1.44,1.44,1.44,
NATUV860W5,2025-09-23,0.25,0.22,0.22,0.25,
CBAVP500,2025-09-23,1.02,1.02,1.02,1.02,
NATUJ120W4,2025-09-23,0.08,0.06,0.06,0.08,
QUALW279,2025-09-23,0.33,0.36,0.33,0.36,
SLCEK189,2025-09-23,0.09,0.09,0.09,0.09,
CBAVK380,2025-09-23,0.32,0.34,0.32,0.36,
PETZJ415,2025-09-23,0.04,0.03,0.03,0.04,
BBSEL399,2025-09-23,0.3,0.3,0.3,0.3,
SBSPW115,2025-09-23,0.46,0.46,0.46,0.46,
COGNK2,2025-09-23,1.96,2,1.96,2,
HYPEV242,2025-09-23,0.89,0.89,0.89,0.89,
VAMOJ395,2025-09-23,0.1,0.13,0.1,0.13,
BRAVV215,2025-09-23,2.4,2.4,2.4,2.4,
PCARJ363,2025-09-23,0.68,0.68,0.68,0.68,
RAIZK160,2025-09-23,0.04,0.04,0.04,0.04,
DIRRJ400,2025-09-23,2.4,2.7,2.4,2.7,
POSIJ463,2025-09-23,0.15,0.15,0.15,0.15,
CYREW299,2025-09-23,1.09,1.11,1.09,1.12,
NATUV740W2,2025-09-23,0.01,0.01,0.01,0.01,
BMGBV400,2025-09-23,0.03,0.02,0.02,0.03,
VVEOJ130,2025-09-23,0.01,0.01,0.01,0.01,
COGNK393,2025-09-23,0.03,0.03,0.03,0.03,
ALOSV250W4,2025-09-23,0.3,0.3,0.3,0.3,
NATUW110,2025-09-23,1.81,1.81,1.81,1.81,
ISAEW241,2025-09-23,0.53,0.53,0.53,0.53,
CURYV318,2025-09-23,0.32,0.36,0.32,0.36,
MOTVV143,2025-09-23,0.11,0.09,0.08,0.11,
TIMSV223,2025-09-23,0.14,0.14,0.13,0.14,
YDUQV155,2025-09-23,2.04,2.04,2.04,2.04,
CYREV254,2025-09-23,0.03,0.04,0.03,0.04,
AZZAV295,2025-09-23,0.48,0.45,0.45,0.48,
BBSEW317,2025-09-23,0.09,0.09,0.09,0.09,
ALOSV231,2025-09-23,0.04,0.05,0.04,0.05,
PCARV473,2025-09-23,0.7,0.71,0.7,0.71,
VBBRJ269,2025-09-23,0.07,0.07,0.07,0.07,
VAMOV400,2025-09-23,0.32,0.29,0.29,0.33,
BMGBJ402,2025-09-23,0.09,0.09,0.09,0.09,
RDORV364,2025-09-23,0.04,0.04,0.04,0.04,
ASAIV113,2025-09-23,1.42,1.42,1.42,1.42,
CSMGJ265,2025-09-23,8.3,8.3,8.3,8.3,
CMINW497,2025-09-23,0.07,0.07,0.07,0.07,
INTBB240,2025-09-23,0.2,0.2,0.2,0.2,
KLBNK207,2025-09-23,0.09,0.09,0.09,0.09,
ANIMV375,2025-09-23,0.23,0.23,0.23,0.23,
PETZL401,2025-09-23,0.3,0.29,0.27,0.3,
HYPEW212,2025-09-23,0.3,0.31,0.3,0.32,
ASAIJ979,2025-09-23,0.45,0.47,0.45,0.48,
RDORW373,2025-09-23,0.28,0.31,0.28,0.31,
SBSPV116,2025-09-23,0.29,0.28,0.28,0.31,
RECVU16,2025-09-23,1.65,1.66,1.65,1.66,
MOTVW158,2025-09-23,0.84,0.79,0.77,0.86,
POSIK453,2025-09-23,0.38,0.38,0.38,0.38,
SBFGW134,2025-09-23,0.84,0.84,0.84,0.84,
VAMOB50,2025-09-23,0.63,0.63,0.63,0.63,
JBSSX750,2025-09-23,0.9,0.9,0.9,0.9,
CYREJ309,2025-09-23,0.84,0.74,0.74,0.84,
NATUW920,2025-09-23,0.65,0.65,0.65,0.65,
BRAVK167,2025-09-23,2.86,2.86,2.86,2.86,
BBSEL390,2025-09-23,0.14,0.14,0.14,0.14,
SBFGK134,2025-09-23,0.82,0.82,0.82,0.82,
MBRFM195,2025-09-23,0.6,0.6,0.6,0.6,
NATUX860,2025-09-23,0.39,0.39,0.39,0.39,
QUALJ314,2025-09-23,0.01,0.01,0.01,0.01,
QUALL269,2025-09-23,0.15,0.25,0.15,0.25,
CEABJ173,2025-09-23,1.2,1.2,1.2,1.2,
CSMGW340,2025-09-23,1.11,1.11,1.11,1.11,
KLBNJ222,2025-09-23,0.01,0.01,0.01,0.01,
SMTOJ183,2025-09-23,0.24,0.24,0.24,0.24,
QUALJ210,2025-09-23,0.48,0.48,0.48,0.48,
ALOSV250W2,2025-09-23,0.29,0.29,0.29,0.29,
VAMOK440,2025-09-23,0.06,0.06,0.06,0.06,
PCARV583,2025-09-23,1.63,1.65,1.63,1.65,
RAIZJ101,2025-09-23,0.2,0.2,0.2,0.2,
COGNG250,2025-09-23,1.17,1.17,1.17,1.17,
TIMSV178,2025-09-23,0.01,0.01,0.01,0.01,
ANIMW365,2025-09-23,0.36,0.36,0.36,0.36,
BRAVJ195W4,2025-09-23,0.59,0.59,0.59,0.59,
ASAIJ959,2025-09-23,0.58,0.58,0.58,0.58,
CMINJ479,2025-09-23,0.55,0.55,0.55,0.55,
POSIX403,2025-09-23,0.12,0.12,0.12,0.12,
TENDK275,2025-09-23,1.8,1.8,1.8,1.8,
QUALK269,2025-09-23,0.2,0.2,0.2,0.2,
BRAVK250,2025-09-23,0.06,0.06,0.06,0.07,
VAMOK390,2025-09-23,0.23,0.23,0.23,0.23,
TENDJ255,2025-09-23,2.06,2.06,2.06,2.06,
PETZJ345,2025-09-23,0.45,0.44,0.44,0.45,
NATUJ18,2025-09-23,0.39,0.23,0.23,0.39,
BBSEU315W4,2025-09-23,0.01,0.01,0.01,0.01,
RAIZQ200,2025-09-23,0.75,0.75,0.75,0.75,
AZZAJ312,2025-09-23,1.84,1.78,1.78,1.84,
NATUB15,2025-09-23,0.12,0.08,0.08,0.12,
CSMGJ300,2025-09-23,4.43,4.43,4.43,4.43,
TIMSJ243,2025-09-23,0.28,0.28,0.28,0.28,
AZZAV312,2025-09-23,1.15,1.15,1.15,1.15,
NATUL12,2025-09-23,1.38,1.48,1.38,1.48,
PCARV498,2025-09-23,0.9,0.9,0.9,0.9,
NATUJ130W2,2025-09-23,0.02,0.02,0.02,0.02,
PCARV483,2025-09-23,0.78,0.78,0.78,0.78,
RDORV35,2025-09-23,0.02,0.02,0.02,0.02,
POSIC599,2025-09-23,0.3,0.3,0.3,0.3,
BBSEV340W1,2025-09-23,0.74,0.74,0.74,0.74,
BBSEI310W4,2025-09-23,2.5,2.5,2.5,2.5,
DBIN11,2025-09-23,105.2,105.2,105.2,105.2,
BRAVK242,2025-09-23,0.09,0.09,0.09,0.09,
VIVA3,2025-09-23,29.02,29.05,28.75,29.39,
FLRY3,2025-09-23,15.95,16.08,15.81,16.1,
BODB11,2025-09-23,7.47,7.49,7.41,7.49,
INBR32,2025-09-23,48.21,50.02,48.04,50.02,
SOJA3,2025-09-23,10.78,10.9,10.74,10.94,
PSSA3,2025-09-23,51.8,51.05,50.78,51.88,
BTAG11,2025-09-23,96.05,96.5,96.05,97.7,
PETZ3F,2025-09-23,3.84,3.81,3.78,3.88,
CXSE3F,2025-09-23,14.41,14.6,14.37,14.72,
PETZ3,2025-09-23,3.84,3.77,3.77,3.88,
BRAVV17,2025-09-23,1.15,1.17,1.15,1.17,
GUAR3,2025-09-23,9.79,9.47,9.47,9.91,
DASA3F,2025-09-23,1.34,1.38,1.33,1.38,
XPBR31,2025-09-23,103.59,103.6,102.08,104.95,
AGRX11,2025-09-23,7.98,7.96,7.96,7.98,
BIDB11,2025-09-23,78.39,78.71,78.39,79.16,
DXCO3F,2025-09-23,5.91,5.96,5.89,6.03,
JURO11,2025-09-23,100.3,100,99.35,100.36,
LJQQ3F,2025-09-23,2.62,2.59,2.52,2.69,
SRNA3,2025-09-23,12.27,12.26,12.25,12.27,
COGN3F,2025-09-23,3.16,3.26,3.14,3.27,
ATED3,2025-09-23,2.13,2.48,2.12,2.49,
AZIN11,2025-09-23,100.44,100.33,99.92,100.48,
ZAMP3,2025-09-23,3.5,3.5,3.5,3.52,
COGNV348,2025-09-23,0.26,0.26,0.24,0.26,
NATUV926,2025-09-23,0.41,0.51,0.41,0.51,
COGNJ303,2025-09-23,0.24,0.28,0.22,0.3,
LAVV3,2025-09-23,15.12,15.1,15.05,15.35,
TIMS3F,2025-09-23,23.03,23.29,22.96,23.32,
AZZAJ385,2025-09-23,0.11,0.09,0.09,0.13,
IGTI11F,2025-09-23,23.86,24.46,23.86,24.71,
TRAD3,2025-09-23,5.42,5.15,5.15,5.44,
BMGB4F,2025-09-23,3.97,4,3.92,4,
LAVV3F,2025-09-23,15.23,15.23,15.03,15.29,
SBFG3F,2025-09-23,12.88,13.3,12.88,13.3,
ALOSJ256,2025-09-23,0.78,0.9,0.77,0.92,
SBSPW133,2025-09-23,4.92,4.49,4.49,4.95,
BBSEV347,2025-09-23,0.35,0.28,0.22,0.35,
OPCT3F,2025-09-23,7.84,7.96,7.84,8.04,
BRAVV185,2025-09-23,0.44,0.46,0.38,0.46,
ZAMP3F,2025-09-23,3.5,3.46,3.46,3.52,
MLAS3,2025-09-23,1.05,1.05,1.05,1.07,
PDGR3F,2025-09-23,0.15,0.15,0.13,0.15,
BHIAJ370,2025-09-23,1.06,1,1,1.06,
BBSEJ377,2025-09-23,0.07,0.07,0.07,0.08,
DESK3F,2025-09-23,9.71,10.39,9.71,10.46,
KLBNJ199,2025-09-23,0.04,0.04,0.03,0.04,
IFCM1F,2025-09-23,0.01,0.01,0.01,0.01,
TCSA3,2025-09-23,1.64,1.62,1.6,1.66,
UCAS3F,2025-09-23,1.29,1.3,1.29,1.39,
ETER3,2025-09-23,4.73,4.8,4.73,4.81,
TECN3F,2025-09-23,6.63,6.72,6.63,6.8,
QUAL3F,2025-09-23,2.33,2.43,2.33,2.58,
BDIV11,2025-09-23,39.72,39.74,39.56,39.97,
SEQL3F,2025-09-23,1.38,1.38,1.34,1.4,
TIMSW226,2025-09-23,0.45,0.45,0.45,0.45,
FICT3,2025-09-23,3.26,3.23,3.2,3.3,
MBRFJ293,2025-09-23,0.02,0.02,0.02,0.02,
SRNA3F,2025-09-23,12.27,12.32,12.16,12.32,
NATUJ110W1,2025-09-23,0.08,0.08,0.08,0.08,
AGXY3,2025-09-23,5.71,5.75,5.71,5.82,
BBSEJ380,2025-09-23,0.52,0.55,0.52,0.7,
PSSAV486,2025-09-23,0.2,0.2,0.17,0.2,
BBSEV337,2025-09-23,0.11,0.11,0.09,0.11,
REAG3,2025-09-23,2.76,2.76,2.71,2.76,
BHIAJ850,2025-09-23,0.03,0.03,0.03,0.03,
MBRFX200,2025-09-23,0.8,1.1,0.8,1.1,
BRAVV192,2025-09-23,0.77,0.82,0.7,0.83,
NATUV816,2025-09-23,0.1,0.11,0.09,0.12,
PDGR3,2025-09-23,0.14,0.15,0.14,0.15,
BRAVK192,2025-09-23,1.11,1.04,1.04,1.11,
BRAVJ212,2025-09-23,0.1,0.09,0.08,0.11,
ISAEJ240,2025-09-23,1.45,1.45,1.45,1.45,
ASAIV919,2025-09-23,0.15,0.14,0.13,0.15,
MOTVK153,2025-09-23,0.64,0.64,0.64,0.64,
MBRFV203,2025-09-23,0.03,0.12,0.02,0.12,
PCARK600,2025-09-23,0.1,0.11,0.1,0.11,
FTCA11,2025-09-23,8.65,8.67,8.61,8.68,
CSMGJ350,2025-09-23,0.61,0.78,0.61,0.85,
ANIMJ385,2025-09-23,0.15,0.12,0.12,0.15,
COGNJ340W1,2025-09-23,0.03,0.03,0.03,0.03,
BBSEV380,2025-09-23,0.66,0.63,0.55,0.67,
RAIZW140,2025-09-23,0.25,0.28,0.25,0.29,
FLRYJ170,2025-09-23,0.23,0.25,0.2,0.25,
KLBNV177,2025-09-23,0.08,0.1,0.08,0.1,
IGTIV243,2025-09-23,0.59,0.44,0.39,0.59,
SLCEK169,2025-09-23,0.55,0.55,0.55,0.62,
ANIMX295,2025-09-23,0.11,0.11,0.11,0.11,
CMINV544,2025-09-23,0.15,0.14,0.14,0.16,
SBSPV118,2025-09-23,0.37,0.37,0.32,0.49,
AZZAJ305,2025-09-23,2.56,2.36,2.36,2.56,
BHIAW400,2025-09-23,0.17,0.24,0.17,0.25,
TIMSJ228,2025-09-23,0.92,0.92,0.92,0.92,
RAIZW950,2025-09-23,0.05,0.05,0.04,0.05,
WIZCJ835,2025-09-23,0.3,0.26,0.26,0.3,
COGNJ288,2025-09-23,0.36,0.4,0.36,0.41,
AVLL3F,2025-09-23,1.72,1.65,1.65,1.73,
CAMB3,2025-09-23,10.08,10.15,9.86,10.36,
NEOE3Q,2025-09-23,28.78,28.78,28.78,28.78,
BBSEI330W4,2025-09-23,0.69,0.5,0.5,0.69,
ISAEK266,2025-09-23,0.04,0.04,0.04,0.04,
HYPEJ230,2025-09-23,1.17,1.1,1.1,1.4,
PETZJ385,2025-09-23,0.14,0.12,0.12,0.14,
BRAVV205,2025-09-23,1.62,1.7,1.53,1.7,
SBSPW125,2025-09-23,2.21,1.92,1.92,2.21,
CXSEV154,2025-09-23,0.29,0.17,0.16,0.29,
SNFZ11,2025-09-23,9.8,9.8,9.7,9.81,
RAIZX900,2025-09-23,0.04,0.04,0.04,0.04,
AZZAV310,2025-09-23,1.04,0.95,0.81,1.04,
BRAVL185,2025-09-23,1.82,1.82,1.82,1.82,
SIMHJ583,2025-09-23,0.13,0.16,0.13,0.17,
HYPEV22,2025-09-23,0.4,0.4,0.4,0.4,
CXSEW147,2025-09-23,0.09,0.07,0.07,0.09,
HYPEJ24,2025-09-23,0.35,0.35,0.35,0.43,
BRAVI185W4,2025-09-23,0.54,0.4,0.4,0.56,
AUREK112,2025-09-23,0.16,0.05,0.05,0.24,
CXSEK150,2025-09-23,0.7,0.72,0.7,0.72,
COGNV273,2025-09-23,0.02,0.01,0.01,0.02,
SIMHW533,2025-09-23,0.23,0.21,0.17,0.23,
BBSEJ335W1,2025-09-23,0.41,0.44,0.41,0.47,
SBSPU124W4,2025-09-23,0.24,0.1,0.1,0.25,
SLCEJ170,2025-09-23,0.2,0.26,0.2,0.27,
HYPEW215,2025-09-23,0.35,0.38,0.35,0.38,
BRAVW197,2025-09-23,1.23,1.31,1.23,1.31,
KLBNJ181,2025-09-23,0.44,0.41,0.39,0.45,
SIMHV613,2025-09-23,0.54,0.52,0.52,0.54,
COGNL323,2025-09-23,0.3,0.29,0.29,0.33,
BMGB10F,2025-09-23,3.84,3.92,3.84,3.92,
SBSPK132,2025-09-23,6.38,6.4,5.97,6.4,
ALOSK259,2025-09-23,1.04,1.24,1.04,1.24,
BBSEK350,2025-09-23,0.66,0.7,0.66,0.75,
COGNU320W4,2025-09-23,0.04,0.04,0.03,0.05,
BBSEJ340W1,2025-09-23,0.23,0.22,0.19,0.23,
BBSEV377,2025-09-23,1.99,2.04,1.99,2.04,
COGNV323,2025-09-23,0.12,0.11,0.1,0.12,
SBSPJ133,2025-09-23,2.36,2.33,2.33,2.36,
HYPEV212,2025-09-23,0.1,0.1,0.1,0.1,
COGNJ198,2025-09-23,1.25,1.25,1.25,1.25,
BRAVK210,2025-09-23,0.48,0.44,0.44,0.49,
AZZAJ317,2025-09-23,1.51,1.68,1.42,1.68,
YDUQW135,2025-09-23,0.94,0.94,0.94,0.94,
MBRFJ170,2025-09-23,3.52,2.8,2.8,3.52,
RDORK413,2025-09-23,2.58,2.67,2.58,2.92,
SIMHJ603,2025-09-23,0.08,0.08,0.08,0.13,
CSMGJ360,2025-09-23,0.35,0.46,0.35,0.46,
SBSPU128W4,2025-09-23,0.29,0.2,0.2,0.29,
VAMOJ370,2025-09-23,0.2,0.2,0.2,0.2,
BRAVW170,2025-09-23,0.3,0.32,0.3,0.32,
CURYW303,2025-09-23,0.47,0.47,0.47,0.47,
SLCEV177,2025-09-23,1.06,0.99,0.99,1.06,
CXSEL151,2025-09-23,0.6,0.59,0.59,0.6,
RDORV356,2025-09-23,0.03,0.03,0.03,0.03,
PCARJ498,2025-09-23,0.09,0.12,0.09,0.12,
RECVJ132,2025-09-23,0.24,0.36,0.24,0.36,
IGTIJ263,2025-09-23,0.14,0.14,0.14,0.14,
LJQQV230,2025-09-23,0.05,0.05,0.05,0.05,
PCARJ398,2025-09-23,0.45,0.5,0.45,0.51,
PCARJ483,2025-09-23,0.12,0.15,0.12,0.16,
CMINV419,2025-09-23,0.09,0.02,0.02,0.09,
PETZB60,2025-09-23,0.07,0.04,0.04,0.07,
RAIZJ10,2025-09-23,0.08,0.06,0.06,0.08,
ISTT11,2025-09-23,1013.73,1013.73,1013.73,1013.73,
IRIF11,2025-09-23,8.46,8.64,8.46,8.68,
MBRFK270,2025-09-23,0.41,0.41,0.41,0.41,
PETZJ375,2025-09-23,0.2,0.18,0.18,0.2,
MEALJ170,2025-09-23,0.01,0.01,0.01,0.01,
DIRRL162,2025-09-23,1,0.97,0.97,1,
VAMOV350,2025-09-23,0.06,0.06,0.05,0.06,
BBSEJ330,2025-09-23,0.95,1.07,0.95,1.18,
CXSEX151,2025-09-23,0.4,0.3,0.3,0.4,
AZZAV337,2025-09-23,2.12,2.12,2.12,2.12,
PCARV453,2025-09-23,0.5,0.48,0.48,0.5,
BBSEW387,2025-09-23,2.73,2.73,2.73,2.73,
BBSEW315,2025-09-23,0.25,0.24,0.24,0.25,
PETZV360,2025-09-23,0.04,0.04,0.03,0.04,
POSIW413,2025-09-23,0.11,0.11,0.11,0.11,
CBAVV420,2025-09-23,0.39,0.39,0.39,0.39,
SMTOJ175,2025-09-23,0.83,0.94,0.83,0.95,
AZZAV327,2025-09-23,1.66,1.66,1.66,1.66,
VBBRX216,2025-09-23,0.4,0.35,0.35,0.4,
RAIZJ106,2025-09-23,0.17,0.16,0.13,0.17,
PETZJ460,2025-09-23,0.01,0.01,0.01,0.01,
RECVK132,2025-09-23,0.61,0.61,0.61,0.61,
COGNJ243,2025-09-23,0.8,0.8,0.8,0.8,
RAIZG130,2025-09-23,0.23,0.21,0.21,0.23,
BRAVV242,2025-09-23,5.15,5.15,5.15,5.15,
PCARJ583,2025-09-23,0.04,0.05,0.04,0.05,
COGNJ283,2025-09-23,0.46,0.42,0.42,0.46,
ASAIK100,2025-09-23,0.65,0.67,0.61,0.67,
PCARX800,2025-09-23,3.55,3.56,3.55,3.56,
CMINM600,2025-09-23,0.46,0.45,0.45,0.46,
COGNL349,2025-09-23,0.21,0.21,0.21,0.21,
QUALW179,2025-09-23,0.02,0.03,0.02,0.03,
COGNK348,2025-09-23,0.1,0.14,0.1,0.14,
ALUPJ325,2025-09-23,0.25,0.29,0.25,0.29,
PETZK390,2025-09-23,0.4,0.39,0.39,0.4,
HYPEV222,2025-09-23,0.22,0.22,0.22,0.22,
PETZJ425,2025-09-23,0.02,0.02,0.02,0.03,
HYPEJ25,2025-09-23,0.15,0.2,0.15,0.2,
NATUJ946,2025-09-23,0.52,0.52,0.43,0.52,
VIVTV346,2025-09-23,1.01,1.01,1.01,1.01,
COGNI300W4,2025-09-23,0.23,0.23,0.23,0.23,
PCARV378,2025-09-23,0.13,0.13,0.13,0.15,
POSIW403,2025-09-23,0.09,0.09,0.09,0.09,
AZZAK337,2025-09-23,1.88,1.88,1.88,1.88,
PCARJ413,2025-09-23,0.36,0.42,0.36,0.42,
VIVTV326,2025-09-23,0.23,0.21,0.21,0.23,
NATUX840,2025-09-23,0.41,0.35,0.35,0.42,
MBRFL237,2025-09-23,1.95,1.72,1.72,1.95,
SBSPC107,2025-09-23,30,30,30,30,
VIVAJ313,2025-09-23,0.38,0.42,0.37,0.43,
ASAIV123,2025-09-23,2.5,2.37,2.37,2.5,
KLBNX18,2025-09-23,0.4,0.45,0.4,0.45,
VAMOV420,2025-09-23,0.42,0.42,0.42,0.42,
DIRRW171,2025-09-23,1.29,1.38,1.29,1.4,
QUALK299,2025-09-23,0.1,0.07,0.07,0.1,
POSIK503,2025-09-23,0.16,0.16,0.16,0.16,
COGNS288,2025-09-23,0.2,0.2,0.2,0.2,
VIVTK363,2025-09-23,0.38,0.38,0.38,0.38,
VBBRK237,2025-09-23,1.68,1.65,1.61,1.68,
PCARJ293,2025-09-23,1.34,1.34,1.34,1.34,
VBBRK242,2025-09-23,1.38,1.37,1.37,1.38,
BBSEW362,2025-09-23,1.17,1.06,1.06,1.17,
ASAIW100,2025-09-23,0.68,0.65,0.65,0.71,
ANIMW345,2025-09-23,0.19,0.19,0.19,0.19,
ASAIK117,2025-09-23,0.16,0.15,0.15,0.16,
PETZK416,2025-09-23,0.13,0.13,0.13,0.13,
CXSEV14,2025-09-23,0.01,0.01,0.01,0.01,
ASAIW969,2025-09-23,0.51,0.46,0.46,0.51,
TIMSW221,2025-09-23,0.32,0.32,0.32,0.32,
JBSSV800,2025-09-23,1,1,1,1,
COGNW308,2025-09-23,0.14,0.12,0.11,0.14,
BRAVX190,2025-09-23,1.05,1.05,1.05,1.05,
TTENJ12,2025-09-23,2.34,2.34,2.34,2.34,
SBSPK130,2025-09-23,6.81,7.49,6.81,7.49,
IGTIJ250,2025-09-23,0.53,0.53,0.53,0.53,
CBAVJ400,2025-09-23,0.08,0.13,0.08,0.13,
BBSEK344,2025-09-23,1.97,2.13,1.97,2.13,
COGNV478,2025-09-23,1.5,1.5,1.5,1.5,
FLRYV155,2025-09-23,0.18,0.17,0.17,0.18,
ASAIV103,2025-09-23,0.7,0.65,0.65,0.7,
PCARW330,2025-09-23,0.14,0.14,0.12,0.14,
RDORK390,2025-09-23,4.46,4.46,4.46,4.46,
COGNX349,2025-09-23,0.3,0.29,0.29,0.3,
AZZAV322,2025-09-23,1.59,1.35,1.33,1.61,
PETZW421,2025-09-23,0.4,0.4,0.4,0.4,
VIVAJ295,2025-09-23,1.05,1.08,1.05,1.08,
QUALV189,2025-09-23,0.01,0.01,0.01,0.01,
MBRFJ218,2025-09-23,2,2,2,2,
CXSEJ14,2025-09-23,1.75,1.75,1.75,1.75,
SBSPK113,2025-09-23,21.4,21.1,21.1,21.4,
ISAEJ231,2025-09-23,0.8,0.9,0.8,0.9,
RECVK142,2025-09-23,0.24,0.24,0.24,0.24,
ISAEK231,2025-09-23,1.18,1.29,1.18,1.29,
PSSAV481,2025-09-23,0.09,0.13,0.09,0.13,
BBSEV302,2025-09-23,0.01,0.01,0.01,0.01,
QUALV174,2025-09-23,0.01,0.01,0.01,0.01,
JBSSJ630,2025-09-23,18.67,18.67,18.67,18.67,
ANIMJ375,2025-09-23,0.14,0.19,0.13,0.19,
BRAVJ222,2025-09-23,0.05,0.05,0.05,0.05,
BHIAJ880,2025-09-23,0.03,0.04,0.03,0.04,
ALOSI250W4,2025-09-23,0.85,0.85,0.85,0.85,
CYREJ264,2025-09-23,4.2,4.14,4.14,4.2,
NATUV780W2,2025-09-23,0.06,0.02,0.02,0.06,
VAMOG350,2025-09-23,0.91,0.91,0.91,0.91,
PCARW540,2025-09-23,1.29,1.29,1.29,1.29,
PCARJ303,2025-09-23,1.21,1.2,1.2,1.21,
VAMOW390,2025-09-23,0.27,0.24,0.24,0.27,
QUALV244,2025-09-23,0.1,0.1,0.1,0.1,
PCARJ463,2025-09-23,0.18,0.2,0.18,0.21,
HYPEJ252,2025-09-23,0.32,0.32,0.32,0.32,
SLCEK179,2025-09-23,0.22,0.24,0.22,0.24,
PETZI400W4,2025-09-23,0.02,0.02,0.02,0.02,
CYREK304,2025-09-23,1.83,1.77,1.77,1.83,
CXSEK147,2025-09-23,0.72,0.9,0.72,0.9,
ALOSI255W4,2025-09-23,0.25,0.4,0.13,0.4,
PSSAJ541,2025-09-23,0.32,0.27,0.27,0.37,
SBSPU126W4,2025-09-23,0.22,0.16,0.16,0.22,
RAIZV389,2025-09-23,2.66,2.69,2.66,2.69,
SLCEJ187,2025-09-23,0.01,0.01,0.01,0.01,
POSIV425,2025-09-23,0.02,0.02,0.02,0.02,
AZZAV317,2025-09-23,1.34,1.24,1.21,1.37,
CMINB50,2025-09-23,1.39,1.39,1.39,1.39,
TRISJ740,2025-09-23,0.23,0.22,0.22,0.23,
VVEOJ150,2025-09-23,0.01,0.01,0.01,0.01,
ALOSJ265W4,2025-09-23,0.36,0.36,0.36,0.36,
BRAVM170,2025-09-23,0.52,0.52,0.52,0.52,
CMINJ584,2025-09-23,0.01,0.01,0.01,0.01,
CYREP320,2025-09-23,2.17,2.09,2.09,2.17,
CYREV334,2025-09-23,3.05,3.1,3.05,3.1,
ALOSW231,2025-09-23,0.14,0.09,0.09,0.17,
PCARW410,2025-09-23,0.41,0.41,0.41,0.41,
ASAIJ969,2025-09-23,0.53,0.53,0.53,0.53,
COGNW913,2025-09-23,5.68,5.68,5.68,5.69,
PCARW405,2025-09-23,0.4,0.41,0.4,0.41,
BBSEN380,2025-09-23,0.95,0.95,0.95,0.95,
IGTIJ245,2025-09-23,0.59,0.71,0.58,0.71,
ASAIW899,2025-09-23,0.26,0.26,0.26,0.26,
TENDV245,2025-09-23,0.13,0.13,0.13,0.13,
PETZW540,2025-09-23,1.19,1.19,1.19,1.19,
CEABJ178,2025-09-23,0.8,0.8,0.8,0.8,
ASAIV809,2025-09-23,0.03,0.03,0.03,0.03,
AZZAJ355,2025-09-23,0.4,0.4,0.4,0.4,
ANIMJ355,2025-09-23,0.23,0.25,0.23,0.25,
CSMGK330,2025-09-23,2.68,2.85,2.68,2.85,
SBSPK125,2025-09-23,9.56,10.5,9.56,10.5,
MBRFX188,2025-09-23,0.4,0.6,0.4,0.6,
VBBRV247,2025-09-23,0.98,0.98,0.98,0.98,
PCARK770,2025-09-23,0.04,0.04,0.04,0.05,
PCARK910,2025-09-23,0.02,0.02,0.02,0.02,
YDUQJ160,2025-09-23,0.07,0.07,0.07,0.07,
SIMHK553,2025-09-23,0.46,0.46,0.46,0.46,
KLBNV169,2025-09-23,0.03,0.02,0.02,0.03,
COGNU300W4,2025-09-23,0.01,0.01,0.01,0.01,
BRAVK260,2025-09-23,0.05,0.05,0.05,0.05,
VBBRK289,2025-09-23,0.14,0.14,0.14,0.14,
BRAVV145,2025-09-23,0.02,0.02,0.02,0.02,
KLBNJ207,2025-09-23,0.02,0.02,0.02,0.02,
COGNN50,2025-09-23,1.48,1.48,1.48,1.48,
COGNW408,2025-09-23,0.77,0.77,0.77,0.77,
RAIZX149,2025-09-23,0.38,0.38,0.38,0.38,
COGNX308,2025-09-23,0.14,0.14,0.14,0.14,
CXSEQ152,2025-09-23,0.4,0.4,0.4,0.4,
PCARK920,2025-09-23,0.02,0.02,0.02,0.02,
COGNK378,2025-09-23,0.06,0.06,0.06,0.06,
CSMGJ330,2025-09-23,1.7,1.95,1.7,1.95,
SLCEW164,2025-09-23,0.3,0.27,0.27,0.3,
JBSSV785,2025-09-23,0.5,0.5,0.5,0.5,
PCARW275,2025-09-23,0.05,0.04,0.04,0.05,
BBSEX349,2025-09-23,0.55,0.64,0.55,0.64,
YDUQX133,2025-09-23,1.08,1.08,1.08,1.08,
CSMGK370,2025-09-23,0.65,0.75,0.65,0.75,
CURYE340,2025-09-23,5.5,4,4,5.5,
COGNL223,2025-09-23,1.05,1.05,1.05,1.05,
BRAVV155,2025-09-23,0.04,0.04,0.04,0.04,
SBSPW121,2025-09-23,1.35,1.35,1.35,1.35,
PSSAW521,2025-09-23,1.75,1.75,1.75,1.75,
QUALV269,2025-09-23,0.22,0.22,0.22,0.22,
JBSSJ940,2025-09-23,2.75,2.75,2.75,2.75,
ALOSK230,2025-09-23,3,3.1,3,3.1,
DASAJ170,2025-09-23,0.02,0.02,0.02,0.02,
NATUV956,2025-09-23,0.56,0.61,0.56,0.61,
CBAVJ430,2025-09-23,0.05,0.05,0.05,0.05,
WIZCW755,2025-09-23,0.09,0.09,0.09,0.09,
VBBRV192,2025-09-23,0.02,0.02,0.02,0.02,
BBSEW344,2025-09-23,0.5,0.45,0.45,0.5,
RAIZK190,2025-09-23,0.02,0.02,0.02,0.02,
MBRFJ198,2025-09-23,4.35,3.89,3.89,4.35,
CBAVV310,2025-09-23,0.01,0.01,0.01,0.01,
RAIZJ176,2025-09-23,0.01,0.01,0.01,0.01,
BHIAU380W4,2025-09-23,0.01,0.01,0.01,0.01,
COGNB4,2025-09-23,0.6,0.6,0.6,0.6,
DIRRK171,2025-09-23,0.32,0.32,0.32,0.32,
AZZAW317,2025-09-23,1.98,1.98,1.98,1.98,
VBBRV209,2025-09-23,0.05,0.05,0.05,0.05,
QUALK239,2025-09-23,0.29,0.29,0.29,0.29,
NATUI105W4,2025-09-23,0.03,0.03,0.03,0.03,
JBSSJ850,2025-09-23,0.95,0.95,0.95,0.95,
NATUJ120W1,2025-09-23,0.02,0.02,0.02,0.02,
BRAVV165W1,2025-09-23,0.02,0.02,0.02,0.02,
QUAL3T,2025-09-23,2.75,2.76,2.75,2.76,
MBRF3T,2025-09-23,21.35,20.05,19.99,21.36,
SIMH3T,2025-09-23,5.63,5.64,5.63,5.64,
KLBN4T,2025-09-23,3.7,3.71,3.7,3.71,
MBRF3T,2025-09-23,20.62,20.28,20.27,20.63,
SIMH3T,2025-09-23,6.02,6.03,6.02,6.03,
INBR32T,2025-09-23,53.97,53.99,53.97,53.99,
MBRF3T,2025-09-23,21.35,21.36,21.35,21.36,
VAMO3T,2025-09-23,3.78,3.79,3.78,3.79,
DIRR3T,2025-09-23,16.2,16.21,16.2,16.21,
SIMH3T,2025-09-23,5.57,5.58,5.57,5.58,
COGN3T,2025-09-23,3.75,3.76,3.75,3.76,
KLBN4T,2025-09-23,3.65,3.66,3.65,3.66,
VIVA3T,2025-09-23,30.42,30.43,30.42,30.43,
CBAV3T,2025-09-23,3.96,3.97,3.96,3.97,
BBSE3T,2025-09-23,34.32,34.33,34.32,34.33,
VBBR3T,2025-09-23,24.42,24.79,24.42,24.79,
MBRF3T,2025-09-23,21.64,20.76,20.75,21.65,
BRAV3T,2025-09-23,19.44,19.45,19.44,19.45,
VIVA3T,2025-09-23,29.98,29.99,29.98,29.99,
RDOR3T,2025-09-23,42.63,42.64,42.63,42.64,
KLBN4T,2025-09-23,3.73,3.74,3.73,3.74,
CURY3T,2025-09-23,33.82,33.83,33.82,33.83,
VAMO3T,2025-09-23,3.83,3.84,3.83,3.84,
GFSA3T,2025-09-23,12.19,12.15,12.14,12.2,
COGN3T,2025-09-23,3.32,3.33,3.32,3.33,
MBRF3T,2025-09-23,20.55,20.56,20.55,20.56,
DASA3T,2025-09-23,1.38,1.39,1.38,1.39,
KLBN4T,2025-09-23,3.68,3.69,3.68,3.69,
ISAE4T,2025-09-23,27.35,27.36,27.35,27.36,
AURA33T,2025-09-23,62.14,62.15,62.14,62.15,
KEPL3T,2025-09-23,7.81,7.82,7.81,7.82,
HBRE3T,2025-09-23,5,5.01,5,5.01,
CBAV3T,2025-09-23,3.87,3.88,3.87,3.88,
DASA3T,2025-09-23,1.4,1.41,1.4,1.41,
BRAV3T,2025-09-23,18.92,18.93,18.92,18.93,
ORVR3T,2025-09-23,61.5,61.51,61.5,61.51,
DXCO3T,2025-09-23,6.07,6.08,6.07,6.08,
SIMH3T,2025-09-23,5.55,5.56,5.55,5.56,
KLBN11T,2025-09-23,18.32,18.33,18.32,18.33,
BHIA3T,2025-09-23,4.92,4.93,4.92,4.93,
RAIZ4T,2025-09-23,1.28,1.29,1.28,1.29,
ESPA3T,2025-09-23,1.33,1.34,1.33,1.34,
NGRD3T,2025-09-23,26.82,26.83,26.82,26.83,
DIRR3T,2025-09-23,15.86,15.87,15.86,15.87,
ABEV3,2025-09-23,12.36,12.46,12.34,12.56,
ABEV3F,2025-09-23,12.4,12.5,12.34,12.56,
ABEVA121,2025-09-23,1.15,1.15,1.15,1.15,
ABEVA134,2025-09-23,0.21,0.21,0.21,0.21,
ABEVB108,2025-09-23,1.97,1.97,1.97,1.97,
ABEVB128,2025-09-23,0.62,0.62,0.62,0.62,
ABEVI115W4,2025-09-23,1.05,1.05,1.05,1.05,
ABEVI120W4,2025-09-23,0.46,0.54,0.46,0.57,
ABEVI125W4,2025-09-23,0.09,0.12,0.07,0.14,
ABEVI130W4,2025-09-23,0.01,0.01,0.01,0.01,
ABEVI135W4,2025-09-23,0.01,0.01,0.01,0.01,
ABEVJ114,2025-09-23,1.23,1.28,1.23,1.28,
ABEVJ115W1,2025-09-23,1.06,1.06,1.06,1.06,
ABEVJ117,2025-09-23,1.01,1.05,1.01,1.05,
ABEVJ119,2025-09-23,0.69,0.79,0.69,0.83,
ABEVJ120W1,2025-09-23,0.52,0.57,0.52,0.57,
ABEVJ120W2,2025-09-23,0.65,0.65,0.65,0.65,
ABEVJ123,2025-09-23,0.5,0.59,0.49,0.62,
ABEVJ124,2025-09-23,0.37,0.42,0.36,0.43,
ABEVJ125W1,2025-09-23,0.15,0.19,0.14,0.19,
ABEVJ125W2,2025-09-23,0.27,0.28,0.27,0.28,
ABEVJ127,2025-09-23,0.22,0.27,0.2,0.28,
ABEVJ129,2025-09-23,0.14,0.17,0.14,0.18,
ABEVJ130W1,2025-09-23,0.03,0.04,0.03,0.04,
ABEVJ130W2,2025-09-23,0.07,0.08,0.07,0.08,
ABEVJ132,2025-09-23,0.08,0.1,0.08,0.1,
ABEVJ134,2025-09-23,0.05,0.06,0.05,0.06,
ABEVJ135W1,2025-09-23,0.01,0.01,0.01,0.01,
ABEVJ137,2025-09-23,0.04,0.04,0.03,0.04,
ABEVJ139,2025-09-23,0.02,0.02,0.02,0.02,
ABEVJ142,2025-09-23,0.01,0.01,0.01,0.02,
ABEVJ144,2025-09-23,0.01,0.01,0.01,0.01,
ABEVK12,2025-09-23,0.82,0.84,0.82,0.84,
ABEVK120,2025-09-23,1.18,1.18,1.18,1.18,
ABEVK122,2025-09-23,0.92,0.92,0.92,0.92,
ABEVK124,2025-09-23,0.59,0.59,0.59,0.59,
ABEVK127,2025-09-23,0.51,0.52,0.51,0.55,
ABEVK129,2025-09-23,0.38,0.41,0.38,0.41,
ABEVK132,2025-09-23,0.27,0.3,0.27,0.31,
ABEVK134,2025-09-23,0.19,0.22,0.19,0.22,
ABEVK137,2025-09-23,0.13,0.15,0.13,0.16,
ABEVK139,2025-09-23,0.11,0.11,0.11,0.11,
ABEVK144,2025-09-23,0.07,0.05,0.05,0.07,
ABEVL137,2025-09-23,0.26,0.26,0.26,0.26,
ABEVL14,2025-09-23,0.6,0.8,0.6,0.8,
ABEVL16,2025-09-23,0.13,0.13,0.13,0.13,
ABEVL17,2025-09-23,0.04,0.04,0.04,0.04,
ABEVM124,2025-09-23,0.4,0.4,0.4,0.4,
ABEVM139,2025-09-23,0.73,0.73,0.73,0.73,
ABEVO122,2025-09-23,0.37,0.31,0.31,0.37,
ABEVU120W4,2025-09-23,0.01,0.02,0.01,0.02,
ABEVU125W4,2025-09-23,0.19,0.09,0.09,0.19,
ABEVU130W4,2025-09-23,0.51,0.48,0.45,0.52,
ABEVU135W4,2025-09-23,1,1,1,1,
ABEVV109,2025-09-23,0.01,0.01,0.01,0.01,
ABEVV114,2025-09-23,0.03,0.03,0.03,0.04,
ABEVV115W1,2025-09-23,0.01,0.01,0.01,0.01,
ABEVV117,2025-09-23,0.04,0.04,0.04,0.05,
ABEVV119,2025-09-23,0.09,0.06,0.06,0.09,
ABEVV120W1,2025-09-23,0.03,0.03,0.03,0.04,
ABEVV123,2025-09-23,0.16,0.11,0.1,0.16,
ABEVV124,2025-09-23,0.24,0.18,0.17,0.25,
ABEVV125W1,2025-09-23,0.15,0.15,0.14,0.16,
ABEVV125W4,2025-09-23,0.54,0.32,0.3,0.54,
ABEVV127,2025-09-23,0.36,0.28,0.27,0.39,
ABEVV129,2025-09-23,0.49,0.43,0.41,0.49,
ABEVV130W1,2025-09-23,0.6,0.48,0.47,0.6,
ABEVV132,2025-09-23,0.75,0.67,0.67,0.75,
ABEVV134,2025-09-23,0.88,0.83,0.79,0.88,
ABEVV137,2025-09-23,1.06,1.03,1.03,1.07,
ABEVW102,2025-09-23,0.02,0.02,0.02,0.02,
ABEVW112,2025-09-23,0.07,0.07,0.07,0.07,
ABEVW114,2025-09-23,0.1,0.09,0.09,0.1,
ABEVW12,2025-09-23,0.26,0.22,0.22,0.26,
ABEVW120,2025-09-23,0.13,0.1,0.1,0.13,
ABEVW122,2025-09-23,0.15,0.15,0.15,0.15,
ABEVW124,2025-09-23,0.35,0.32,0.32,0.36,
ABEVW127,2025-09-23,0.47,0.39,0.38,0.47,
ABEVW129,2025-09-23,0.56,0.51,0.51,0.56,
ABEVW132,2025-09-23,0.77,0.68,0.68,0.77,
ABEVW134,2025-09-23,0.92,0.82,0.82,0.93,
ABEVX118,2025-09-23,0.2,0.2,0.2,0.2,
ABEVX15,2025-09-23,0.8,0.8,0.8,0.8,
ACWI11,2025-09-23,15.4,15.22,15.2,15.52,
AGRI11,2025-09-23,44.36,43.88,43.88,44.7,
ALUG11,2025-09-23,41.05,40.74,40.7,41.15,
ARGE11,2025-09-23,8.72,8.51,8.43,8.8,
AURO11,2025-09-23,104.2,102.89,102.78,104.93,
AUVP11,2025-09-23,103.88,104.65,103.76,105.06,
AZUL11,2025-09-23,0.85,0.85,0.8,0.91,
AZUL11F,2025-09-23,0.85,0.85,0.75,0.92,
AZUL4,2025-09-23,1.25,1.27,1.25,1.29,
AZUL4F,2025-09-23,1.26,1.26,1.25,1.29,
AZULA400,2025-09-23,0.01,0.01,0.01,0.01,
AZULA500,2025-09-23,0.07,0.04,0.04,0.07,
AZULF500,2025-09-23,0.1,0.1,0.1,0.1,
AZULJ110,2025-09-23,0.24,0.23,0.21,0.24,
AZULJ120,2025-09-23,0.23,0.17,0.17,0.23,
AZULJ130,2025-09-23,0.13,0.1,0.1,0.13,
AZULJ140,2025-09-23,0.1,0.1,0.08,0.1,
AZULJ149,2025-09-23,0.15,0.07,0.07,0.15,
AZULJ160,2025-09-23,0.07,0.05,0.05,0.07,
AZULJ170,2025-09-23,0.04,0.03,0.03,0.04,
AZULJ180,2025-09-23,0.05,0.05,0.04,0.05,
AZULJ190,2025-09-23,0.04,0.04,0.04,0.04,
AZULJ199,2025-09-23,0.05,0.03,0.02,0.05,
AZULJ210,2025-09-23,0.03,0.03,0.03,0.03,
AZULJ240,2025-09-23,0.01,0.02,0.01,0.02,
AZULJ500,2025-09-23,0.01,0.01,0.01,0.01,
AZULJ700,2025-09-23,0.59,0.6,0.59,0.6,
AZULJ99,2025-09-23,0.34,0.39,0.25,0.39,
AZULK100,2025-09-23,0.38,0.33,0.33,0.38,
AZULK500,2025-09-23,0.02,0.01,0.01,0.02,
AZULK700,2025-09-23,0.62,0.63,0.62,0.63,
AZULL100,2025-09-23,0.37,0.32,0.32,0.37,
AZULL300,2025-09-23,0.06,0.06,0.05,0.07,
AZULL60,2025-09-23,0.08,0.08,0.08,0.08,
AZULL700,2025-09-23,0.59,0.57,0.53,0.61,
AZULV110,2025-09-23,0.06,0.05,0.05,0.06,
AZULV120,2025-09-23,0.09,0.1,0.09,0.12,
AZULV130,2025-09-23,0.14,0.14,0.14,0.14,
AZULV140,2025-09-23,0.22,0.2,0.18,0.22,
AZULV160,2025-09-23,0.31,0.31,0.31,0.31,
AZULV240,2025-09-23,1.1,1.15,1.1,1.15,
AZULV700,2025-09-23,0.01,0.01,0.01,0.01,
AZULV800,2025-09-23,0.01,0.01,0.01,0.01,
AZULV99,2025-09-23,0.04,0.03,0.03,0.04,
AZULW100,2025-09-23,0.06,0.07,0.06,0.07,
AZULW700,2025-09-23,0.01,0.03,0.01,0.03,
AZULX300,2025-09-23,1.7,1.69,1.69,1.7,
AZULX60,2025-09-23,3.9,3.9,3.9,3.9,
AZULX700,2025-09-23,0.01,0.02,0.01,0.02,
B3BR11,2025-09-23,55.66,55.67,55.66,56.15,
BBOI11,2025-09-23,9.69,9.7,9.6,9.72,
BBOV11,2025-09-23,75.18,76.3,75.18,76.6,
BBSD11,2025-09-23,120.06,121.67,120.06,121.67,
BCIC11,2025-09-23,127.68,127.9,127.68,128.4,
BDEF11,2025-09-23,145.3,145.73,145.3,145.79,
BDOM11,2025-09-23,126.94,127.68,126.94,129,
BEST11,2025-09-23,102.9,104.33,102.9,104.34,
BITC11,2025-09-23,97.89,96.55,96.55,97.89,
BITH11,2025-09-23,137.36,134.7,134.04,137.88,
BITI11,2025-09-23,165.23,165.23,160.43,165.23,
BIZD11,2025-09-23,93.45,91.69,91.62,93.45,
BLOK11,2025-09-23,241.37,238.63,231.96,247.19,
BMMT11,2025-09-23,138.18,137.49,137.49,138.18,
BNDX11,2025-09-23,103.44,101.57,101.57,103.44,
BOVA11,2025-09-23,142.36,143.33,142.09,144.12,
BOVAA118,2025-09-23,29.69,29.7,29.68,29.7,
BOVAA120,2025-09-23,27.7,28.5,27.66,28.5,
BOVAA125,2025-09-23,24,22.9,22.9,24,
BOVAA130,2025-09-23,19.9,19.12,19,19.9,
BOVAA134,2025-09-23,16.32,16.32,16.32,16.32,
BOVAA135,2025-09-23,15.49,15.49,15.49,15.49,
BOVAA140,2025-09-23,10.21,10.18,10.12,10.21,
BOVAA142,2025-09-23,8.5,8.5,8.5,8.5,
BOVAA145,2025-09-23,6.68,6.68,6.68,6.68,
BOVAA150,2025-09-23,4.2,4.45,4.2,4.45,
BOVAA152,2025-09-23,3.41,3.41,3.41,3.41,
BOVAA160,2025-09-23,1.36,1.36,1.36,1.36,
BOVAA200,2025-09-23,0.02,0.03,0.02,0.03,
BOVAB127,2025-09-23,22.05,23,22.05,23,
BOVAB131,2025-09-23,19.25,19.48,19.25,19.58,
BOVAB134,2025-09-23,17.9,17.9,17.9,17.9,
BOVAB135,2025-09-23,15.62,15.62,15.62,15.62,
BOVAB159,2025-09-23,2.59,2.39,2.37,2.59,
BOVAC1,2025-09-23,20.8,21.92,20.8,21.94,
BOVAC125,2025-09-23,26.04,25.88,25.88,26.04,
BOVAC141,2025-09-23,12.36,12.02,12.02,12.42,
BOVAC15,2025-09-23,1.59,1.59,1.59,1.59,
BOVAC150,2025-09-23,7.03,7.14,7.03,7.3,
BOVAC153,2025-09-23,5.2,5.61,5,5.8,
BOVAD110,2025-09-23,39.3,40.51,39.3,40.55,
BOVAD120,2025-09-23,30.53,31.98,30.52,32,
BOVAD130,2025-09-23,22.25,22.25,22.25,22.26,
BOVAD140,2025-09-23,14,14.52,14,14.52,
BOVAD150,2025-09-23,23.89,23.89,23.89,23.89,
BOVAE136,2025-09-23,17.56,17.56,17.56,17.56,
BOVAE137,2025-09-23,18.5,16.66,16.66,18.5,
BOVAE70,2025-09-23,78.37,71,71,78.37,
BOVAF11,2025-09-23,7.6,7.6,7.6,7.6,
BOVAF150,2025-09-23,10.45,11.64,10.4,11.67,
BOVAF155,2025-09-23,8.16,8.16,8.16,8.16,
BOVAF160,2025-09-23,6.16,6.16,6.16,6.16,
BOVAG190,2025-09-23,7,7.55,7,7.55,
BOVAG20,2025-09-23,43,43,43,43,
BOVAH138,2025-09-23,22.05,21.75,21.75,22.15,
BOVAH15,2025-09-23,10.68,13.8,10.68,13.8,
BOVAH6,2025-09-23,27.8,27.9,27.8,27.97,
BOVAH99,2025-09-23,51.41,51.6,51.41,51.6,
BOVAI110W4,2025-09-23,32.3,33.13,32.3,33.13,
BOVAI114W4,2025-09-23,29.7,29.63,29.63,29.7,
BOVAI118W4,2025-09-23,25.33,25.64,25.33,26.21,
BOVAI12,2025-09-23,38,37.18,37.18,38,
BOVAI120W4,2025-09-23,23.5,23.86,23.5,24.21,
BOVAI121W4,2025-09-23,22.72,23.13,22.72,23.13,
BOVAI122W4,2025-09-23,21.34,21.76,21.34,22.15,
BOVAI123W4,2025-09-23,20.77,20.87,20.66,21.16,
BOVAI124W4,2025-09-23,19,19.79,19,20.16,
BOVAI125W4,2025-09-23,18.35,18.75,18.35,19.13,
BOVAI126W4,2025-09-23,18.09,17.76,17.76,18.09,
BOVAI127W4,2025-09-23,17.06,16.66,16.66,17.06,
BOVAI128W4,2025-09-23,14.98,15.7,14.98,16,
BOVAI129W4,2025-09-23,13.38,14.67,13.38,14.99,
BOVAI130W4,2025-09-23,12.76,13.68,12.7,13.98,
BOVAI131W4,2025-09-23,11.5,12.74,11.39,13.13,
BOVAI132W4,2025-09-23,10.77,11.74,10.53,12.02,
BOVAI133W4,2025-09-23,9.77,10.6,9.5,11.04,
BOVAI134W4,2025-09-23,8.36,9.72,8.36,10.16,
BOVAI135W4,2025-09-23,7.41,8.73,7.41,9.28,
BOVAI136W4,2025-09-23,6.73,7.69,6.35,8.17,
BOVAI137W4,2025-09-23,5.76,6.78,5.76,7.16,
BOVAI138W4,2025-09-23,4.58,5.79,4.42,6.28,
BOVAI139W4,2025-09-23,3.78,4.7,3.46,5.25,
BOVAI140,2025-09-23,21,21.5,21,21.5,
BOVAI140W4,2025-09-23,2.88,3.83,2.58,4.31,
BOVAI141W4,2025-09-23,1.98,2.85,1.79,3.4,
BOVAI142W4,2025-09-23,1,1.93,1,2.48,
BOVAI143W4,2025-09-23,0.65,1.02,0.62,1.69,
BOVAI144W4,2025-09-23,0.29,0.7,0.29,1.04,
BOVAI145W4,2025-09-23,0.24,0.35,0.18,0.57,
BOVAI146W4,2025-09-23,0.28,0.19,0.11,0.3,
BOVAI147W4,2025-09-23,0.09,0.11,0.08,0.16,
BOVAI148W4,2025-09-23,0.05,0.06,0.05,0.09,
BOVAI149W4,2025-09-23,0.03,0.03,0.02,0.05,
BOVAI150,2025-09-23,14,15,14,15,
BOVAI150W4,2025-09-23,0.02,0.02,0.01,0.04,
BOVAI152W4,2025-09-23,0.01,0.02,0.01,0.02,
BOVAI154W4,2025-09-23,0.01,0.01,0.01,0.01,
BOVAI158W4,2025-09-23,0.01,0.01,0.01,0.01,
BOVAI162W4,2025-09-23,0.01,0.01,0.01,0.01,
BOVAI32,2025-09-23,9,9.52,9,9.52,
BOVAI33,2025-09-23,11.85,12.2,11.85,12.2,
BOVAI80,2025-09-23,83.53,83.53,83.53,83.53,
BOVAJ1,2025-09-23,18.51,19.5,18.5,19.85,
BOVAJ100,2025-09-23,42,44.36,42,44.8,
BOVAJ101,2025-09-23,43.65,43.51,43.51,43.65,
BOVAJ105,2025-09-23,37.46,39.31,37.46,39.31,
BOVAJ108,2025-09-23,36.43,36.41,36.41,36.43,
BOVAJ110W1,2025-09-23,34.1,34.1,34.1,34.1,
BOVAJ111,2025-09-23,32.1,33.28,32.1,33.78,
BOVAJ113,2025-09-23,31.8,31.68,31.68,31.8,
BOVAJ114W1,2025-09-23,29.6,30,29.6,30,
BOVAJ116,2025-09-23,28.04,28.62,28.04,28.62,
BOVAJ118,2025-09-23,26.08,26.65,26.01,26.8,
BOVAJ118W1,2025-09-23,24.97,26.05,24.97,26.38,
BOVAJ120,2025-09-23,23.12,24.51,23.12,25,
BOVAJ120W1,2025-09-23,23.03,24.05,23.03,24.39,
BOVAJ120W2,2025-09-23,23.68,24.05,23.68,24.05,
BOVAJ121W1,2025-09-23,23.03,23.3,23.03,23.39,
BOVAJ121W4,2025-09-23,23.34,23.34,23.34,23.34,
BOVAJ122,2025-09-23,21.63,22.67,21.5,23.03,
BOVAJ122W1,2025-09-23,22.31,21.94,21.94,22.33,
BOVAJ123W1,2025-09-23,20.39,20.89,20.39,21.34,
BOVAJ123W2,2025-09-23,20.71,20.71,20.71,20.71,
BOVAJ124W1,2025-09-23,20.11,19.99,19.99,20.35,
BOVAJ124W2,2025-09-23,20.38,20.38,20.38,20.38,
BOVAJ125W1,2025-09-23,18.03,18.98,18.03,19.35,
BOVAJ125W2,2025-09-23,18.3,18.32,18.3,18.32,
BOVAJ126W1,2025-09-23,18.33,17.97,17.97,18.33,
BOVAJ127W1,2025-09-23,17.29,16.96,16.95,17.29,
BOVAJ127W2,2025-09-23,17.27,17.27,17.27,17.27,
BOVAJ127W4,2025-09-23,16.71,17.91,16.71,17.95,
BOVAJ128W1,2025-09-23,15.9,15.93,15.9,16.26,
BOVAJ128W2,2025-09-23,16.25,16.31,16.25,16.31,
BOVAJ129W1,2025-09-23,14.98,14.9,14.9,15.39,
BOVAJ129W2,2025-09-23,15.26,15.26,15.26,15.26,
BOVAJ129W4,2025-09-23,16,16,16,16,
BOVAJ13,2025-09-23,13.68,14.62,13.35,15.19,
BOVAJ130W1,2025-09-23,12.87,14.01,12.85,14.25,
BOVAJ130W2,2025-09-23,13.95,14.53,13.95,14.75,
BOVAJ130W4,2025-09-23,14.24,15.01,14.24,15.1,
BOVAJ131,2025-09-23,12.68,13.57,12.31,14.16,
BOVAJ131W1,2025-09-23,12.03,12.95,12.03,13.43,
BOVAJ131W2,2025-09-23,13.6,13.36,13.36,13.6,
BOVAJ132,2025-09-23,11.55,12.71,11.46,13.14,
BOVAJ132W1,2025-09-23,10.98,12.04,10.96,12.24,
BOVAJ132W2,2025-09-23,12.4,12.28,12.28,12.4,
BOVAJ133,2025-09-23,9.89,10.69,9.64,11.52,
BOVAJ133W1,2025-09-23,9.99,11,9.99,11.27,
BOVAJ133W2,2025-09-23,11.78,11.37,11.3,11.79,
BOVAJ133W4,2025-09-23,12.12,12.47,12.12,12.55,
BOVAJ134W1,2025-09-23,8.69,10.07,8.69,10.32,
BOVAJ134W2,2025-09-23,9.51,10.33,9.51,10.65,
BOVAJ134W5,2025-09-23,11.8,11.8,11.8,11.8,
BOVAJ135,2025-09-23,8.85,9.72,8.47,10.34,
BOVAJ135W1,2025-09-23,8.08,9.1,8.03,9.55,
BOVAJ135W2,2025-09-23,8.8,9.43,8.8,9.6,
BOVAJ135W4,2025-09-23,9.4,9.99,9.4,9.99,
BOVAJ136W1,2025-09-23,6.97,8.1,6.97,8.56,
BOVAJ136W2,2025-09-23,8.9,8.42,8.42,8.9,
BOVAJ137,2025-09-23,7.09,7.92,6.9,8.42,
BOVAJ137W1,2025-09-23,5.75,7.3,5.75,7.55,
BOVAJ137W2,2025-09-23,7.94,7.5,7.5,7.94,
BOVAJ137W4,2025-09-23,8.45,8.5,8.45,8.5,
BOVAJ138,2025-09-23,5.87,6.99,5.86,7.57,
BOVAJ138W1,2025-09-23,5.14,6.18,4.82,6.63,
BOVAJ138W2,2025-09-23,6.79,6.67,6.67,6.79,
BOVAJ139,2025-09-23,5.22,6.05,4.98,6.7,
BOVAJ139W1,2025-09-23,4.01,5.25,3.93,5.72,
BOVAJ139W2,2025-09-23,5.26,5.87,5.26,6.12,
BOVAJ139W4,2025-09-23,6,6,6,6,
BOVAJ14,2025-09-23,4.22,5.2,4.21,5.8,
BOVAJ140W1,2025-09-23,3.4,4.24,3.16,4.75,
BOVAJ140W2,2025-09-23,4.92,4.76,4.76,4.92,
BOVAJ140W4,2025-09-23,5.72,5.72,5.72,5.72,
BOVAJ141W1,2025-09-23,2.7,3.39,2.4,3.8,
BOVAJ141W2,2025-09-23,3.14,3.97,3.14,4.19,
BOVAJ142W1,2025-09-23,1.9,2.59,1.9,3.05,
BOVAJ142W2,2025-09-23,2.53,3.33,2.53,3.6,
BOVAJ143W1,2025-09-23,1.55,1.94,1.3,2.34,
BOVAJ143W2,2025-09-23,2.2,2.58,2.2,2.81,
BOVAJ144W1,2025-09-23,0.99,1.43,0.86,1.72,
BOVAJ144W2,2025-09-23,1.99,2.02,1.97,2.19,
BOVAJ144W4,2025-09-23,2.47,2.46,2.46,2.47,
BOVAJ145,2025-09-23,1.42,1.95,1.41,2.36,
BOVAJ145W1,2025-09-23,0.6,0.93,0.57,1.24,
BOVAJ145W2,2025-09-23,1.33,1.49,1.33,1.75,
BOVAJ145W4,2025-09-23,2.35,1.84,1.84,2.72,
BOVAJ146W1,2025-09-23,0.48,0.64,0.38,0.84,
BOVAJ146W2,2025-09-23,0.88,1.09,0.88,1.22,
BOVAJ146W4,2025-09-23,1.32,1.99,1.32,1.99,
BOVAJ147W1,2025-09-23,0.28,0.4,0.28,0.55,
BOVAJ147W2,2025-09-23,0.7,0.78,0.68,0.92,
BOVAJ148W1,2025-09-23,0.2,0.27,0.18,0.36,
BOVAJ148W2,2025-09-23,0.6,0.56,0.56,0.68,
BOVAJ148W4,2025-09-23,1.05,1.21,1.05,1.21,
BOVAJ149W1,2025-09-23,0.19,0.21,0.19,0.22,
BOVAJ149W2,2025-09-23,0.34,0.41,0.34,0.5,
BOVAJ15,2025-09-23,27.09,27.4,26.99,27.6,
BOVAJ150W1,2025-09-23,0.11,0.14,0.1,0.18,
BOVAJ150W2,2025-09-23,0.26,0.3,0.26,0.38,
BOVAJ150W4,2025-09-23,0.74,0.77,0.27,0.78,
BOVAJ151,2025-09-23,0.31,0.37,0.28,0.49,
BOVAJ152,2025-09-23,0.23,0.24,0.22,0.38,
BOVAJ152W1,2025-09-23,0.05,0.08,0.05,0.1,
BOVAJ152W2,2025-09-23,0.15,0.15,0.15,0.15,
BOVAJ153,2025-09-23,0.19,0.22,0.18,0.3,
BOVAJ154,2025-09-23,0.14,0.17,0.14,0.23,
BOVAJ154W1,2025-09-23,0.04,0.04,0.04,0.05,
BOVAJ154W2,2025-09-23,0.12,0.11,0.11,0.13,
BOVAJ155,2025-09-23,0.12,0.14,0.11,0.19,
BOVAJ156,2025-09-23,0.1,0.12,0.1,0.15,
BOVAJ156W1,2025-09-23,0.02,0.02,0.02,0.02,
BOVAJ156W2,2025-09-23,0.05,0.08,0.05,0.08,
BOVAJ157,2025-09-23,0.08,0.09,0.08,0.12,
BOVAJ158,2025-09-23,0.06,0.06,0.06,0.1,
BOVAJ158W1,2025-09-23,0.01,0.02,0.01,0.02,
BOVAJ158W2,2025-09-23,0.04,0.04,0.04,0.04,
BOVAJ159,2025-09-23,0.05,0.06,0.05,0.08,
BOVAJ160,2025-09-23,0.04,0.05,0.04,0.06,
BOVAJ160W1,2025-09-23,0.01,0.01,0.01,0.01,
BOVAJ160W2,2025-09-23,0.02,0.02,0.02,0.02,
BOVAJ161,2025-09-23,0.03,0.04,0.03,0.05,
BOVAJ162,2025-09-23,0.03,0.02,0.02,0.03,
BOVAJ162W1,2025-09-23,0.01,0.01,0.01,0.01,
BOVAJ162W2,2025-09-23,0.01,0.01,0.01,0.01,
BOVAJ163,2025-09-23,0.02,0.03,0.02,0.04,
BOVAJ164,2025-09-23,0.01,0.02,0.01,0.02,
BOVAJ164W2,2025-09-23,0.01,0.01,0.01,0.01,
BOVAJ165,2025-09-23,0.02,0.02,0.02,0.02,
BOVAJ166,2025-09-23,0.01,0.01,0.01,0.01,
BOVAJ167,2025-09-23,0.01,0.01,0.01,0.01,
BOVAJ168,2025-09-23,0.01,0.01,0.01,0.01,
BOVAJ18,2025-09-23,24.62,25.53,24.62,26.3,
BOVAJ19,2025-09-23,22.54,23.49,22.54,24,
BOVAJ20,2025-09-23,20.5,21.5,20.5,22,
BOVAJ21,2025-09-23,14.55,15.58,14.55,16.08,
BOVAJ22,2025-09-23,20.1,20.44,20.1,21,
BOVAJ23,2025-09-23,18.7,18.52,18.52,19.04,
BOVAJ24,2025-09-23,15.82,16.49,15.24,16.85,
BOVAJ25,2025-09-23,8,8.88,7.6,9.39,
BOVAJ26,2025-09-23,2.43,3.72,2.43,4.24,
BOVAJ27,2025-09-23,1.76,2.45,1.76,2.91,
BOVAJ28,2025-09-23,1.15,1.51,1.07,1.85,
BOVAJ29,2025-09-23,0.42,0.87,0.42,1.1,
BOVAJ30,2025-09-23,0.4,0.49,0.34,0.65,
BOVAJ31,2025-09-23,2.53,3.05,2.31,3.53,
BOVAJ32,2025-09-23,0.84,1.13,0.82,1.44,
BOVAJ33,2025-09-23,10.75,11.67,10.38,12.2,
BOVAJ34,2025-09-23,0.54,0.64,0.47,0.85,
BOVAJ4,2025-09-23,33.9,33.9,33.9,33.9,
BOVAJ41,2025-09-23,3.65,4.45,3.51,5,
BOVAJ61,2025-09-23,129.45,129.45,129.45,129.45,
BOVAJ70,2025-09-23,73.51,73.51,73.51,73.51,
BOVAJ8,2025-09-23,16.59,17.56,16.58,18.05,
BOVAJ880,2025-09-23,55.45,55.45,55.45,55.45,
BOVAJ9,2025-09-23,29.03,29.3,29.03,29.61,
BOVAJ900,2025-09-23,53.75,54.07,53.71,54.07,
BOVAJ99,2025-09-23,45.4,45.76,45.1,45.81,
BOVAK10,2025-09-23,19.16,19.21,18.48,19.27,
BOVAK101,2025-09-23,45.57,44.8,44.8,45.57,
BOVAK105,2025-09-23,38.4,40.49,38.4,40.58,
BOVAK109,2025-09-23,33.5,33.5,33.5,33.5,
BOVAK11,2025-09-23,28.48,30.7,28.48,30.84,
BOVAK112,2025-09-23,32.67,32.67,32.67,32.67,
BOVAK114,2025-09-23,31.7,31.7,31.7,31.7,
BOVAK117,2025-09-23,28.32,28.9,28.32,29.05,
BOVAK118,2025-09-23,27.3,27.71,27.26,27.71,
BOVAK119,2025-09-23,26.96,26.83,26.69,27.28,
BOVAK12,2025-09-23,24.78,25.54,24.78,26.35,
BOVAK123,2025-09-23,21.57,22.97,21.57,23.28,
BOVAK124,2025-09-23,21.56,22.13,21.56,22.45,
BOVAK13,2025-09-23,14.31,15.22,14.31,15.8,
BOVAK131W4,2025-09-23,15.65,15.65,15.65,15.65,
BOVAK132,2025-09-23,13.15,14.33,13.11,14.8,
BOVAK136,2025-09-23,9.85,10.7,9.77,11.07,
BOVAK136W1,2025-09-23,9.75,9.72,9.72,9.75,
BOVAK137,2025-09-23,8.96,9.85,8.88,10.28,
BOVAK138,2025-09-23,8.18,8.5,8.16,9.52,
BOVAK139,2025-09-23,6.73,7.36,6.51,7.81,
BOVAK14,2025-09-23,4.02,4.57,3.84,5.01,
BOVAK142W4,2025-09-23,6.15,6.15,6.15,6.15,
BOVAK144W2,2025-09-23,5.5,5.5,5.5,5.5,
BOVAK146W2,2025-09-23,3,4.2,3,4.2,
BOVAK148W2,2025-09-23,2.35,1.5,1.5,2.35,
BOVAK149W1,2025-09-23,1.69,1.62,1.6,1.69,
BOVAK15,2025-09-23,1.5,1.78,1.43,2.06,
BOVAK151,2025-09-23,1.3,1.51,1.27,1.71,
BOVAK152,2025-09-23,1.04,1.27,1.04,1.44,
BOVAK153,2025-09-23,0.96,1.02,0.95,1.22,
BOVAK154,2025-09-23,0.7,0.86,0.7,1.02,
BOVAK155,2025-09-23,0.65,0.72,0.65,0.86,
BOVAK155W2,2025-09-23,1.5,0.65,0.65,1.5,
BOVAK156,2025-09-23,0.53,0.63,0.53,0.7,
BOVAK157,2025-09-23,0.44,0.51,0.44,0.59,
BOVAK158,2025-09-23,0.37,0.42,0.35,0.52,
BOVAK159,2025-09-23,0.36,0.38,0.36,0.42,
BOVAK160,2025-09-23,0.25,0.3,0.25,0.39,
BOVAK161,2025-09-23,0.23,0.25,0.23,0.3,
BOVAK162,2025-09-23,0.25,0.22,0.22,0.26,
BOVAK163,2025-09-23,0.19,0.2,0.19,0.22,
BOVAK164,2025-09-23,0.14,0.18,0.14,0.18,
BOVAK165,2025-09-23,0.14,0.14,0.14,0.17,
BOVAK166,2025-09-23,0.13,0.12,0.12,0.13,
BOVAK167,2025-09-23,0.07,0.1,0.07,0.1,
BOVAK168,2025-09-23,0.08,0.09,0.08,0.1,
BOVAK17,2025-09-23,0.06,0.07,0.06,0.07,
BOVAK170,2025-09-23,8,8,8,8,
BOVAK172,2025-09-23,0.04,0.04,0.04,0.04,
BOVAK173,2025-09-23,0.03,0.04,0.03,0.04,
BOVAK174,2025-09-23,0.03,0.05,0.03,0.05,
BOVAK175,2025-09-23,0.04,0.04,0.04,0.04,
BOVAK176,2025-09-23,0.02,0.02,0.02,0.02,
BOVAK177,2025-09-23,0.02,0.02,0.02,0.02,
BOVAK181,2025-09-23,0.02,0.01,0.01,0.02,
BOVAK19,2025-09-23,22.75,24.05,22.75,24.12,
BOVAK20,2025-09-23,18.8,20.21,18.8,20.22,
BOVAK21,2025-09-23,12.2,12.46,12.11,12.76,
BOVAK22,2025-09-23,5.26,5.87,5,6.35,
BOVAK23,2025-09-23,3.05,3.5,2.83,3.86,
BOVAK24,2025-09-23,2.01,2.56,2.01,2.82,
BOVAK26,2025-09-23,24.85,24.94,24.75,24.94,
BOVAK27,2025-09-23,20.57,21,20.55,21.48,
BOVAK28,2025-09-23,12.4,13.39,12.11,13.92,
BOVAK29,2025-09-23,10.77,11.57,10.69,12.07,
BOVAK30,2025-09-23,7.23,8.1,7.23,8.66,
BOVAK31,2025-09-23,5.37,6.66,5.37,7.04,
BOVAK32,2025-09-23,4.41,5.29,4.4,5.68,
BOVAK34,2025-09-23,3.5,3.98,3.47,4.39,
BOVAK35,2025-09-23,2.5,2.93,2.5,3.3,
BOVAK36,2025-09-23,1.83,2.13,1.83,2.36,
BOVAK510,2025-09-23,92.19,92.19,92.19,92.19,
BOVAK7,2025-09-23,15.17,16.22,15.17,16.74,
BOVAK8,2025-09-23,16.19,17.22,16.19,17.48,
BOVAK800,2025-09-23,64.85,64.9,64.85,65.05,
BOVAK9,2025-09-23,16.75,18.34,16.75,18.6,
BOVAK900,2025-09-23,54.1,54.4,54.1,54.4,
BOVAK99,2025-09-23,42.93,45.28,42.93,45.28,
BOVAL10,2025-09-23,54,56.8,54,56.8,
BOVAL105,2025-09-23,40.57,40.27,40.27,40.57,
BOVAL11,2025-09-23,30.7,31.78,30.7,31.94,
BOVAL119,2025-09-23,27.8,27.81,27.8,27.9,
BOVAL12,2025-09-23,22.3,22.32,22.25,22.32,
BOVAL120,2025-09-23,27.2,27.3,27.2,27.3,
BOVAL123,2025-09-23,22.65,23.75,22.65,23.75,
BOVAL124,2025-09-23,22.75,23.23,22.75,23.5,
BOVAL128,2025-09-23,19,19.45,19,19.45,
BOVAL129,2025-09-23,32.8,34,32.8,34,
BOVAL13,2025-09-23,32.25,32.35,31,32.35,
BOVAL130,2025-09-23,16.24,17.6,16.24,17.97,
BOVAL133,2025-09-23,13.5,13.6,13.5,13.6,
BOVAL135,2025-09-23,13.4,13.3,12.85,14.52,
BOVAL136W2,2025-09-23,11.38,11.38,11.38,11.38,
BOVAL138,2025-09-23,10.62,10.62,10.62,10.62,
BOVAL14,2025-09-23,5,5.6,5,5.9,
BOVAL140,2025-09-23,8.65,9,7.96,9.25,
BOVAL143,2025-09-23,23.94,23.94,23.94,23.94,
BOVAL15,2025-09-23,17.95,18.81,17.85,18.9,
BOVAL150,2025-09-23,2.3,3.03,2.3,3.5,
BOVAL155,2025-09-23,1.3,1.5,1.3,1.65,
BOVAL158,2025-09-23,0.92,0.91,0.91,0.92,
BOVAL159,2025-09-23,16,14.08,14.08,16,
BOVAL165,2025-09-23,0.3,0.3,0.3,0.3,
BOVAL166,2025-09-23,0.28,0.36,0.28,0.36,
BOVAL17,2025-09-23,0.2,0.2,0.2,0.2,
BOVAL18,2025-09-23,36,39.25,36,39.25,
BOVAL180,2025-09-23,0.1,0.1,0.1,0.1,
BOVAL201,2025-09-23,45.52,45.52,45.52,45.52,
BOVAL22,2025-09-23,20.6,20.47,20.46,21,
BOVAL24,2025-09-23,16.83,16.65,16.35,16.83,
BOVAL27,2025-09-23,12.3,12.28,12.28,12.37,
BOVAL29,2025-09-23,9.85,9.9,9.85,9.96,
BOVAL30,2025-09-23,6.6,7.45,6.6,7.68,
BOVAL34,2025-09-23,6.5,6.28,6.25,6.6,
BOVAL37,2025-09-23,4.87,4.3,4.3,4.87,
BOVAL4,2025-09-23,3.36,3.95,3.36,4.05,
BOVAL41,2025-09-23,7.6,8.3,7.6,8.4,
BOVAL43,2025-09-23,6,6.85,5.99,7.14,
BOVAL5,2025-09-23,3.28,3.28,3.28,3.28,
BOVAL6,2025-09-23,2.31,2.69,2.23,2.78,
BOVAL7,2025-09-23,2,2.35,2,2.35,
BOVAL80,2025-09-23,72,72,72,72,
BOVAM100,2025-09-23,0.01,0.01,0.01,0.01,
BOVAM103,2025-09-23,0.1,0.1,0.1,0.1,
BOVAM119,2025-09-23,1.46,1.57,1.46,1.57,
BOVAM125,2025-09-23,0.49,0.49,0.49,0.49,
BOVAM130,2025-09-23,0.6,0.6,0.6,0.6,
BOVAM135,2025-09-23,1.01,1,1,1.01,
BOVAM137,2025-09-23,1.09,1.09,1.09,1.09,
BOVAM138,2025-09-23,1.8,1.8,1.8,1.8,
BOVAM140,2025-09-23,2,1.73,1.73,2,
BOVAM142,2025-09-23,2.75,2.75,2.75,2.75,
BOVAM143,2025-09-23,2.94,2.93,2.93,2.94,
BOVAM145,2025-09-23,3.28,3.55,3,3.55,
BOVAM15,2025-09-23,8.32,8.32,8.32,8.32,
BOVAM150,2025-09-23,5.25,5.25,5.25,5.25,
BOVAM155,2025-09-23,7.55,7.6,7.55,7.6,
BOVAM160,2025-09-23,12.14,11.37,11.3,12.18,
BOVAN118,2025-09-23,0.35,0.35,0.35,0.35,
BOVAN123,2025-09-23,0.48,0.5,0.48,0.5,
BOVAN127,2025-09-23,0.56,0.62,0.56,0.69,
BOVAN131,2025-09-23,1.02,1.02,1.02,1.02,
BOVAN135,2025-09-23,1.33,1.2,1.2,1.33,
BOVAN136,2025-09-23,1.4,1.35,1.35,1.4,
BOVAN140,2025-09-23,2.16,2.14,1.92,2.16,
BOVAN15,2025-09-23,8.46,8.46,8.46,8.46,
BOVAN150,2025-09-23,5.21,5.16,5,5.21,
BOVAN800,2025-09-23,0.04,0.04,0.04,0.04,
BOVAO1,2025-09-23,1,0.89,0.89,1,
BOVAO118,2025-09-23,0.5,0.49,0.49,0.5,
BOVAO134,2025-09-23,1.32,1.35,1.32,1.35,
BOVAP14,2025-09-23,3.01,3.01,3.01,3.01,
BOVAP140,2025-09-23,2.8,2.65,2.55,2.8,
BOVAP15,2025-09-23,5,5,5,5,
BOVAP150,2025-09-23,7.34,8,6.6,8,
BOVAP160,2025-09-23,11.02,10.01,10,11.02,
BOVAP175,2025-09-23,16.2,15.77,15.77,16.2,
BOVAR150,2025-09-23,6,5.69,5.69,6,
BOVAS100,2025-09-23,0.9,0.95,0.9,0.95,
BOVAS139,2025-09-23,3.28,3.28,3.28,3.28,
BOVAS500,2025-09-23,0.25,0.25,0.25,0.25,
BOVAT14,2025-09-23,3.5,3.5,3.5,3.5,
BOVAT15,2025-09-23,6.22,5.55,5.55,7.63,
BOVAT5,2025-09-23,1.8,1.75,1.75,1.8,
BOVAT6,2025-09-23,1.75,1.75,1.75,1.75,
BOVAT7,2025-09-23,2.9,2.87,2,2.9,
BOVAU126W4,2025-09-23,0.01,0.01,0.01,0.01,
BOVAU127W4,2025-09-23,0.01,0.01,0.01,0.01,
BOVAU128W4,2025-09-23,0.01,0.01,0.01,0.01,
BOVAU129,2025-09-23,1.75,1.77,1.75,1.77,
BOVAU129W4,2025-09-23,0.01,0.01,0.01,0.01,
BOVAU130W4,2025-09-23,0.01,0.01,0.01,0.01,
BOVAU131W4,2025-09-23,0.01,0.01,0.01,0.02,
BOVAU132W4,2025-09-23,0.02,0.02,0.02,0.03,
BOVAU133W4,2025-09-23,0.02,0.01,0.01,0.02,
BOVAU134W4,2025-09-23,0.02,0.02,0.02,0.03,
BOVAU135W4,2025-09-23,0.04,0.03,0.02,0.04,
BOVAU136W4,2025-09-23,0.04,0.04,0.03,0.04,
BOVAU137W4,2025-09-23,0.13,0.04,0.03,0.13,
BOVAU138W4,2025-09-23,0.08,0.04,0.03,0.09,
BOVAU139W4,2025-09-23,0.15,0.06,0.05,0.16,
BOVAU140,2025-09-23,3.3,3.3,3.3,3.3,
BOVAU140W4,2025-09-23,0.22,0.09,0.07,0.34,
BOVAU141W4,2025-09-23,0.39,0.16,0.12,0.44,
BOVAU142W4,2025-09-23,0.85,0.31,0.23,0.85,
BOVAU143W4,2025-09-23,1.1,0.59,0.43,1.3,
BOVAU144W4,2025-09-23,2,1.06,0.76,2,
BOVAU145W4,2025-09-23,2.43,1.64,1.34,2.83,
BOVAU146W4,2025-09-23,3.79,2.5,2.1,3.79,
BOVAU147W4,2025-09-23,3.54,3.13,3.13,3.54,
BOVAU148W4,2025-09-23,5.3,4.2,4.09,5.3,
BOVAU150W4,2025-09-23,6.83,6.35,5.78,6.83,
BOVAU152W4,2025-09-23,9.29,9.29,9.29,9.29,
BOVAU160W4,2025-09-23,16.58,16.58,16.58,16.58,
BOVAU164W4,2025-09-23,20.63,20.57,20.57,20.63,
BOVAU33,2025-09-23,16.55,15.97,15.95,16.55,
BOVAU80,2025-09-23,0.58,0.5,0.5,0.58,
BOVAV1,2025-09-23,0.05,0.05,0.04,0.05,
BOVAV105,2025-09-23,0.01,0.01,0.01,0.01,
BOVAV109,2025-09-23,0.01,0.01,0.01,0.01,
BOVAV11,2025-09-23,0.02,0.01,0.01,0.02,
BOVAV111,2025-09-23,0.01,0.01,0.01,0.01,
BOVAV113,2025-09-23,0.01,0.01,0.01,0.01,
BOVAV116,2025-09-23,0.01,0.02,0.01,0.02,
BOVAV118,2025-09-23,0.02,0.02,0.02,0.02,
BOVAV118W2,2025-09-23,0.01,0.01,0.01,0.01,
BOVAV120,2025-09-23,0.03,0.03,0.02,0.03,
BOVAV120W2,2025-09-23,0.02,0.02,0.02,0.02,
BOVAV121W1,2025-09-23,0.01,0.01,0.01,0.01,
BOVAV122,2025-09-23,0.03,0.03,0.03,0.03,
BOVAV122W1,2025-09-23,0.01,0.01,0.01,0.01,
BOVAV123W1,2025-09-23,0.01,0.01,0.01,0.01,
BOVAV123W2,2025-09-23,0.02,0.02,0.02,0.02,
BOVAV124W1,2025-09-23,0.02,0.01,0.01,0.02,
BOVAV124W2,2025-09-23,0.02,0.02,0.02,0.02,
BOVAV125W1,2025-09-23,0.01,0.01,0.01,0.01,
BOVAV126W1,2025-09-23,0.01,0.01,0.01,0.01,
BOVAV127W1,2025-09-23,0.02,0.02,0.02,0.02,
BOVAV127W2,2025-09-23,0.04,0.03,0.03,0.04,
BOVAV128W1,2025-09-23,0.02,0.03,0.02,0.03,
BOVAV128W2,2025-09-23,0.05,0.05,0.05,0.05,
BOVAV129W2,2025-09-23,0.05,0.05,0.05,0.05,
BOVAV13,2025-09-23,0.09,0.08,0.07,0.09,
BOVAV130W1,2025-09-23,0.03,0.04,0.03,0.04,
BOVAV130W2,2025-09-23,0.05,0.05,0.05,0.05,
BOVAV131,2025-09-23,0.09,0.09,0.09,0.1,
BOVAV131W1,2025-09-23,0.03,0.04,0.03,0.04,
BOVAV132,2025-09-23,0.12,0.11,0.1,0.12,
BOVAV132W1,2025-09-23,0.05,0.03,0.03,0.05,
BOVAV133,2025-09-23,0.2,0.14,0.14,0.2,
BOVAV133W1,2025-09-23,0.06,0.05,0.04,0.06,
BOVAV133W2,2025-09-23,0.09,0.08,0.08,0.09,
BOVAV134,2025-09-23,3.5,3.5,3.5,3.5,
BOVAV134W1,2025-09-23,0.07,0.05,0.05,0.07,
BOVAV134W2,2025-09-23,0.11,0.1,0.1,0.11,
BOVAV135,2025-09-23,0.23,0.16,0.16,0.24,
BOVAV135W1,2025-09-23,0.1,0.08,0.07,0.1,
BOVAV135W2,2025-09-23,0.12,0.11,0.11,0.14,
BOVAV136W1,2025-09-23,0.12,0.09,0.08,0.12,
BOVAV136W2,2025-09-23,0.19,0.16,0.15,0.19,
BOVAV137,2025-09-23,0.36,0.27,0.27,0.4,
BOVAV137W1,2025-09-23,0.14,0.1,0.09,0.14,
BOVAV137W2,2025-09-23,0.24,0.18,0.17,0.24,
BOVAV138,2025-09-23,0.52,0.36,0.35,0.52,
BOVAV138W1,2025-09-23,0.19,0.15,0.12,0.24,
BOVAV138W2,2025-09-23,0.31,0.27,0.22,0.31,
BOVAV138W4,2025-09-23,0.47,0.47,0.47,0.47,
BOVAV139,2025-09-23,0.68,0.52,0.45,0.72,
BOVAV139W1,2025-09-23,0.35,0.19,0.18,0.35,
BOVAV139W2,2025-09-23,0.34,0.33,0.3,0.37,
BOVAV139W4,2025-09-23,0.43,0.56,0.43,0.56,
BOVAV14,2025-09-23,0.93,0.63,0.59,0.99,
BOVAV140W1,2025-09-23,0.47,0.3,0.25,0.48,
BOVAV140W2,2025-09-23,0.72,0.45,0.43,0.72,
BOVAV141W1,2025-09-23,0.65,0.44,0.36,0.75,
BOVAV141W2,2025-09-23,0.75,0.63,0.57,0.75,
BOVAV142W1,2025-09-23,0.98,0.73,0.55,1.15,
BOVAV142W2,2025-09-23,1.06,0.88,0.82,1.06,
BOVAV143W1,2025-09-23,1.4,1.05,0.81,1.61,
BOVAV143W2,2025-09-23,1.41,1.2,1.1,1.44,
BOVAV143W4,2025-09-23,0.85,1.5,0.85,1.5,
BOVAV144W1,2025-09-23,2.13,1.43,1.18,2.13,
BOVAV144W2,2025-09-23,2.14,1.6,1.5,2.14,
BOVAV145,2025-09-23,2.79,2.24,2.08,3.05,
BOVAV145W1,2025-09-23,2.53,1.97,1.7,2.93,
BOVAV145W2,2025-09-23,2.36,2.1,1.93,2.36,
BOVAV146W1,2025-09-23,3.46,2.61,2.31,3.46,
BOVAV146W2,2025-09-23,2.46,2.47,2.46,2.47,
BOVAV147W1,2025-09-23,3.78,3.34,3.32,3.78,
BOVAV147W2,2025-09-23,3.35,3.35,3.35,3.41,
BOVAV148W1,2025-09-23,5.5,4.35,4.34,5.5,
BOVAV148W2,2025-09-23,4.63,4.63,4.63,4.63,
BOVAV15,2025-09-23,0.02,0.02,0.02,0.02,
BOVAV150,2025-09-23,6.89,6.85,6.85,6.89,
BOVAV151,2025-09-23,6.98,6.26,6.2,6.98,
BOVAV152,2025-09-23,7.31,7.3,7.3,7.31,
BOVAV152W1,2025-09-23,9,7.6,7.6,9,
BOVAV153,2025-09-23,8.86,8.86,8.86,8.86,
BOVAV154,2025-09-23,9.81,9.81,9.81,9.81,
BOVAV154W1,2025-09-23,9.46,9.46,9.46,9.46,
BOVAV155,2025-09-23,11.32,10.02,10.02,11.32,
BOVAV156,2025-09-23,11.26,11.22,11.22,11.26,
BOVAV157,2025-09-23,12.66,12.25,12.25,12.66,
BOVAV159,2025-09-23,14.03,14.15,14.03,14.15,
BOVAV160,2025-09-23,15.6,14.75,14.75,15.6,
BOVAV164,2025-09-23,19.55,19.55,19.55,19.55,
BOVAV166,2025-09-23,20.81,20.81,20.81,20.81,
BOVAV17,2025-09-23,14.38,14.38,14.38,14.38,
BOVAV18,2025-09-23,0.02,0.02,0.02,0.03,
BOVAV180,2025-09-23,34.75,34.75,34.75,34.75,
BOVAV189,2025-09-23,43.66,43.34,43.32,43.8,
BOVAV19,2025-09-23,0.02,0.02,0.02,0.03,
BOVAV20,2025-09-23,0.04,0.03,0.03,0.04,
BOVAV21,2025-09-23,0.08,0.08,0.07,0.08,
BOVAV22,2025-09-23,0.05,0.04,0.04,0.05,
BOVAV23,2025-09-23,0.05,0.06,0.04,0.06,
BOVAV24,2025-09-23,0.06,0.06,0.06,0.07,
BOVAV25,2025-09-23,0.28,0.22,0.21,0.31,
BOVAV26,2025-09-23,1.58,1.08,1,1.58,
BOVAV27,2025-09-23,2.4,1.83,1.65,2.47,
BOVAV28,2025-09-23,3.47,2.69,2.57,3.49,
BOVAV29,2025-09-23,4.79,4.19,3.8,5.22,
BOVAV30,2025-09-23,6.64,6.01,5.35,6.67,
BOVAV31,2025-09-23,1.8,1.42,1.29,1.98,
BOVAV32,2025-09-23,4.16,3.45,3.15,4.4,
BOVAV33,2025-09-23,0.15,0.12,0.12,0.15,
BOVAV34,2025-09-23,5.51,4.72,4.57,5.51,
BOVAV340,2025-09-23,193.8,193.22,193.22,193.8,
BOVAV4,2025-09-23,0.01,0.01,0.01,0.01,
BOVAV41,2025-09-23,1.17,0.85,0.77,1.21,
BOVAV8,2025-09-23,0.05,0.05,0.05,0.07,
BOVAV9,2025-09-23,0.01,0.02,0.01,0.02,
BOVAV900,2025-09-23,0.01,0.01,0.01,0.01,
BOVAV960,2025-09-23,0.01,0.01,0.01,0.01,
BOVAV99,2025-09-23,0.01,0.01,0.01,0.01,
BOVAW10,2025-09-23,0.2,0.16,0.16,0.2,
BOVAW100,2025-09-23,0.5,0.52,0.5,0.52,
BOVAW103,2025-09-23,0.02,0.02,0.02,0.02,
BOVAW104,2025-09-23,0.02,0.02,0.02,0.02,
BOVAW105,2025-09-23,0.02,0.02,0.02,0.02,
BOVAW106,2025-09-23,0.03,0.02,0.02,0.03,
BOVAW108,2025-09-23,0.03,0.03,0.03,0.03,
BOVAW109,2025-09-23,0.04,0.04,0.03,0.04,
BOVAW11,2025-09-23,0.06,0.05,0.05,0.06,
BOVAW112,2025-09-23,0.05,0.05,0.05,0.05,
BOVAW114,2025-09-23,0.05,0.05,0.04,0.05,
BOVAW116,2025-09-23,0.06,0.06,0.06,0.06,
BOVAW117,2025-09-23,0.06,0.06,0.06,0.07,
BOVAW118,2025-09-23,0.07,0.07,0.07,0.07,
BOVAW119,2025-09-23,0.08,0.08,0.07,0.09,
BOVAW12,2025-09-23,0.09,0.09,0.08,0.1,
BOVAW123,2025-09-23,0.13,0.11,0.11,0.13,
BOVAW124,2025-09-23,0.14,0.13,0.12,0.14,
BOVAW13,2025-09-23,0.32,0.28,0.28,0.33,
BOVAW130W2,2025-09-23,0.42,0.15,0.15,0.42,
BOVAW132,2025-09-23,0.37,0.32,0.32,0.38,
BOVAW136,2025-09-23,0.74,0.6,0.58,0.76,
BOVAW137,2025-09-23,0.88,0.71,0.68,0.88,
BOVAW138,2025-09-23,1,0.83,0.8,1.05,
BOVAW138W2,2025-09-23,0.7,0.28,0.28,0.7,
BOVAW139,2025-09-23,1.5,1.15,1.12,1.52,
BOVAW14,2025-09-23,2.77,2.29,2.19,2.79,
BOVAW142W4,2025-09-23,1.65,1.9,1.65,1.9,
BOVAW15,2025-09-23,6.14,5.33,5.08,6.15,
BOVAW151,2025-09-23,7.03,5.97,5.74,7.03,
BOVAW152,2025-09-23,7.5,6.75,6.45,7.61,
BOVAW153,2025-09-23,7.42,7.53,7.42,7.56,
BOVAW154,2025-09-23,8.31,8.26,8.18,8.33,
BOVAW156,2025-09-23,10.39,9.82,9.82,10.39,
BOVAW165,2025-09-23,18.61,18.61,18.61,18.61,
BOVAW171,2025-09-23,25.18,25.18,25.18,25.18,
BOVAW172,2025-09-23,26.15,26.15,26.15,26.15,
BOVAW173,2025-09-23,27.12,27.12,27.12,27.12,
BOVAW18,2025-09-23,0.04,0.04,0.04,0.04,
BOVAW19,2025-09-23,0.1,0.11,0.1,0.11,
BOVAW20,2025-09-23,0.16,0.15,0.15,0.16,
BOVAW21,2025-09-23,0.53,0.44,0.43,0.53,
BOVAW22,2025-09-23,2.14,1.66,1.57,2.14,
BOVAW23,2025-09-23,4.4,3.14,3,4.4,
BOVAW24,2025-09-23,4.81,4.15,3.89,4.81,
BOVAW26,2025-09-23,0.08,0.1,0.08,0.1,
BOVAW27,2025-09-23,0.15,0.14,0.13,0.15,
BOVAW28,2025-09-23,0.43,0.37,0.36,0.43,
BOVAW29,2025-09-23,0.88,0.51,0.49,1.48,
BOVAW30,2025-09-23,1.3,0.97,0.94,1.3,
BOVAW31,2025-09-23,2.01,1.39,1.15,2.26,
BOVAW32,2025-09-23,2.35,2.04,1.75,2.35,
BOVAW33,2025-09-23,0.03,0.03,0.03,0.03,
BOVAW34,2025-09-23,3.06,2.7,2.56,3.09,
BOVAW35,2025-09-23,4.21,3.58,3.42,4.21,
BOVAW36,2025-09-23,5.46,4.73,4.48,5.46,
BOVAW7,2025-09-23,0.28,0.25,0.24,0.29,
BOVAW8,2025-09-23,0.25,0.22,0.21,0.25,
BOVAW870,2025-09-23,0.01,0.01,0.01,0.01,
BOVAW9,2025-09-23,0.23,0.19,0.19,0.23,
BOVAW960,2025-09-23,0.01,0.01,0.01,0.01,
BOVAW965,2025-09-23,0.01,0.01,0.01,0.01,
BOVAW970,2025-09-23,0.01,0.01,0.01,0.01,
BOVAW975,2025-09-23,0.01,0.01,0.01,0.01,
BOVAW980,2025-09-23,0.01,0.01,0.01,0.01,
BOVAW985,2025-09-23,0.01,0.01,0.01,0.01,
BOVAW990,2025-09-23,0.01,0.01,0.01,0.01,
BOVAX1,2025-09-23,4.05,4.05,4.05,4.05,
BOVAX10,2025-09-23,0.87,0.87,0.87,0.87,
BOVAX101,2025-09-23,0.04,0.04,0.04,0.04,
BOVAX102,2025-09-23,0.04,0.04,0.04,0.04,
BOVAX118,2025-09-23,0.19,0.12,0.12,0.19,
BOVAX119,2025-09-23,0.18,0.18,0.18,0.18,
BOVAX12,2025-09-23,0.3,0.25,0.25,0.3,
BOVAX120,2025-09-23,0.2,0.2,0.15,0.2,
BOVAX124,2025-09-23,0.3,0.24,0.24,0.3,
BOVAX126,2025-09-23,0.3,0.3,0.3,0.3,
BOVAX13,2025-09-23,2.5,2.5,2.5,2.5,
BOVAX130,2025-09-23,0.55,0.45,0.42,0.55,
BOVAX133,2025-09-23,0.64,0.62,0.62,0.64,
BOVAX134,2025-09-23,0.85,0.67,0.59,0.85,
BOVAX135,2025-09-23,0.83,0.85,0.75,0.95,
BOVAX138,2025-09-23,1.25,1.17,0.09,1.29,
BOVAX139,2025-09-23,4.4,4.11,4.11,4.4,
BOVAX14,2025-09-23,3.5,2.9,2.8,3.5,
BOVAX140,2025-09-23,1.79,1.49,1.48,1.79,
BOVAX141,2025-09-23,5.3,5.2,4,5.3,
BOVAX15,2025-09-23,7.14,7.14,6.3,7.93,
BOVAX150,2025-09-23,5.86,5.33,5,5.86,
BOVAX155,2025-09-23,8.47,8.47,8.47,8.47,
BOVAX159,2025-09-23,10.7,10.6,9.9,10.93,
BOVAX160,2025-09-23,13,13,13,13,
BOVAX169,2025-09-23,14.5,14.25,14.25,14.5,
BOVAX180,2025-09-23,31.05,31.05,31.05,31.05,
BOVAX2,2025-09-23,20.35,21.78,19.75,21.8,
BOVAX201,2025-09-23,0.03,0.03,0.03,0.04,
BOVAX22,2025-09-23,0.33,0.35,0.33,0.35,
BOVAX23,2025-09-23,0.4,0.45,0.4,0.45,
BOVAX24,2025-09-23,0.6,0.51,0.5,0.6,
BOVAX25,2025-09-23,0.6,0.56,0.56,0.6,
BOVAX28,2025-09-23,1.12,1,0.98,1.12,
BOVAX30,2025-09-23,2.39,1.96,1.81,2.39,
BOVAX34,2025-09-23,2.61,2.61,2.61,2.61,
BOVAX35,2025-09-23,3.3,3.3,3.3,3.3,
BOVAX37,2025-09-23,3.5,3.7,3.5,3.7,
BOVAX4,2025-09-23,4.93,4.22,4.22,4.93,
BOVAX41,2025-09-23,1.69,1.73,1.69,1.73,
BOVAX43,2025-09-23,2.22,2.25,2.22,2.25,
BOVAX5,2025-09-23,5.2,5.21,5.2,5.21,
BOVAX800,2025-09-23,0.01,0.01,0.01,0.01,
BOVAX820,2025-09-23,0.01,0.01,0.01,0.01,
BOVAX900,2025-09-23,0.02,0.02,0.02,0.02,
BOVAX930,2025-09-23,0.02,0.02,0.02,0.02,
BOVAX950,2025-09-23,0.02,0.02,0.02,0.02,
BOVAX960,2025-09-23,0.02,0.02,0.02,0.02,
BOVAX970,2025-09-23,0.02,0.02,0.02,0.02,
BOVAX990,2025-09-23,0.03,0.03,0.03,0.03,
BOVB11,2025-09-23,148.2,149.35,148.2,150.1,
BOVS11,2025-09-23,112.56,113.18,112.35,113.91,
BOVV11,2025-09-23,148.95,150.26,148.9,151.12,
BOVVV147,2025-09-23,0.34,0.34,0.34,0.34,
BOVX11,2025-09-23,14.86,14.93,14.84,15.05,
BRAX11,2025-09-23,121.68,122.93,121.68,124,
BRAZ11,2025-09-23,11.13,11.19,11.13,11.22,
BREW11,2025-09-23,133.97,133.45,133.45,133.97,
BRXC11,2025-09-23,124.98,124.98,124.98,124.98,
BXPO11,2025-09-23,135.27,133.68,133.68,135.54,
CAPE11,2025-09-23,127.36,127.36,127.36,127.36,
CASA11,2025-09-23,95.5,94.53,94,95.5,
CHIP11,2025-09-23,127.6,126,125.84,129.64,
CMDB11,2025-09-23,13.46,13.31,13.31,13.48,
COIN11,2025-09-23,85.49,83.72,83.25,85.7,
CORN11,2025-09-23,7.18,7.3,7.18,7.32,
CRPT11,2025-09-23,23.87,23.5,23.44,23.87,
DBOA11,2025-09-23,11.51,11.51,11.51,11.51,
DEFI11,2025-09-23,32.72,32.23,32.23,33.35,
DIVD11,2025-09-23,55.71,56.27,55.69,56.41,
DIVO11,2025-09-23,106.67,107.61,106.5,107.91,
DOLA11,2025-09-23,10.07,9.93,9.93,10.12,
DOLB11,2025-09-23,95.52,95.15,95.15,95.59,
DVER11,2025-09-23,12.06,11.98,11.98,12.06,
EBIT11,2025-09-23,100.2,98.7,98.7,100.2,
ECOO11,2025-09-23,131.61,131.92,131.61,131.92,
ECOR3,2025-09-23,8,7.94,7.83,8.07,
ECOR3F,2025-09-23,7.84,7.99,7.83,8.2,
ECORD500,2025-09-23,3.6,3.6,3.6,3.6,
ECORJ780,2025-09-23,0.61,0.6,0.6,0.61,
ECORJ80,2025-09-23,0.41,0.27,0.27,0.41,
ECORJ800,2025-09-23,0.5,0.46,0.46,0.5,
ECORJ820,2025-09-23,0.4,0.36,0.36,0.4,
ECORJ840,2025-09-23,0.1,0.14,0.1,0.14,
ECORJ860,2025-09-23,0.19,0.2,0.16,0.21,
ECORJ889,2025-09-23,0.06,0.05,0.05,0.06,
ECORK759,2025-09-23,0.82,0.76,0.76,0.82,
ECORK800,2025-09-23,0.69,0.69,0.69,0.69,
ECORK809,2025-09-23,0.48,0.48,0.48,0.48,
ECORK829,2025-09-23,0.4,0.41,0.4,0.41,
ECORK889,2025-09-23,0.2,0.2,0.2,0.2,
ECORL849,2025-09-23,0.4,0.4,0.4,0.4,
ECORV609,2025-09-23,0.01,0.01,0.01,0.01,
ECORV760,2025-09-23,0.09,0.09,0.09,0.09,
ECORV800,2025-09-23,0.14,0.16,0.14,0.2,
ECORV820,2025-09-23,0.31,0.26,0.26,0.31,
ECORV840,2025-09-23,0.55,0.61,0.55,0.61,
ECORW679,2025-09-23,0.12,0.12,0.12,0.12,
ECORW729,2025-09-23,0.16,0.16,0.16,0.16,
ECORW780,2025-09-23,0.27,0.27,0.27,0.27,
ECORW929,2025-09-23,1.34,1.34,1.34,1.34,
ECORX709,2025-09-23,0.17,0.17,0.17,0.17,
EETH11,2025-09-23,92.01,91.76,91.76,92.01,
ELAS11,2025-09-23,140.83,141.72,140.58,142.44,
EMBR3,2025-09-23,80.5,79.65,78.69,80.68,
EMBR3F,2025-09-23,80.41,79.84,78.7,80.65,
EMBRA734,2025-09-23,8.6,8.6,8.6,8.6,
EMBRI730W4,2025-09-23,7.4,7.4,7.4,7.4,
EMBRI750W4,2025-09-23,4.95,4.7,4.7,4.95,
EMBRI760W4,2025-09-23,4.36,4.36,4.36,4.36,
EMBRI770W4,2025-09-23,2.98,2.58,2.58,2.98,
EMBRI780W4,2025-09-23,2.5,1.85,1.85,2.5,
EMBRI790W4,2025-09-23,2.11,1.16,1.11,2.11,
EMBRI800W4,2025-09-23,1.7,1,0.78,1.7,
EMBRI810W4,2025-09-23,0.7,0.43,0.4,0.8,
EMBRI820W4,2025-09-23,0.6,0.25,0.23,0.6,
EMBRI830W4,2025-09-23,0.33,0.17,0.13,0.35,
EMBRI840W4,2025-09-23,0.2,0.08,0.08,0.2,
EMBRI850W4,2025-09-23,0.11,0.06,0.06,0.11,
EMBRI860W4,2025-09-23,0.04,0.04,0.04,0.04,
EMBRI880W4,2025-09-23,0.02,0.02,0.02,0.02,
EMBRJ100,2025-09-23,0.04,0.03,0.03,0.05,
EMBRJ107,2025-09-23,0.01,0.01,0.01,0.01,
EMBRJ120,2025-09-23,0.01,0.01,0.01,0.01,
EMBRJ271,2025-09-23,52.09,52.18,52.09,52.18,
EMBRJ610,2025-09-23,19.6,19.9,19.6,19.9,
EMBRJ690W1,2025-09-23,10.65,10.65,10.65,10.65,
EMBRJ690W2,2025-09-23,10.81,10.81,10.81,10.81,
EMBRJ714,2025-09-23,8.96,8.88,8.87,8.96,
EMBRJ729,2025-09-23,7.4,7.4,7.4,7.4,
EMBRJ734,2025-09-23,7.6,7.65,7.58,7.7,
EMBRJ744,2025-09-23,7.07,6,6,7.14,
EMBRJ749,2025-09-23,6.64,6,5.65,6.86,
EMBRJ759,2025-09-23,5.79,5.09,5.06,5.92,
EMBRJ760W1,2025-09-23,4.3,4.19,4.19,4.3,
EMBRJ760W2,2025-09-23,4.85,4.84,4.84,4.85,
EMBRJ764,2025-09-23,5.07,4.85,4.55,5.52,
EMBRJ769,2025-09-23,5,4.22,4.22,5.3,
EMBRJ770W1,2025-09-23,3.42,3.43,3.42,3.43,
EMBRJ770W2,2025-09-23,4.1,3.93,3.93,4.1,
EMBRJ774,2025-09-23,4.88,4.51,4.41,4.9,
EMBRJ779,2025-09-23,4.43,3.59,3.59,4.55,
EMBRJ780W1,2025-09-23,2.75,2.75,2.75,2.87,
EMBRJ784,2025-09-23,4.19,3.46,3.45,4.19,
EMBRJ789,2025-09-23,4,3.47,3,4,
EMBRJ790W1,2025-09-23,2.46,2.35,1.92,2.56,
EMBRJ799,2025-09-23,3.28,2.92,2.5,3.33,
EMBRJ800W1,2025-09-23,2.2,1.6,1.54,2.21,
EMBRJ800W2,2025-09-23,2.9,2.3,2.19,2.9,
EMBRJ809,2025-09-23,2.82,2.27,2.02,2.82,
EMBRJ810W1,2025-09-23,1.5,1.5,1.5,1.5,
EMBRJ810W2,2025-09-23,3.05,2.02,2.02,3.05,
EMBRJ819,2025-09-23,2.48,2,1.7,2.48,
EMBRJ820W1,2025-09-23,1.13,0.78,0.78,1.25,
EMBRJ824,2025-09-23,2,1.84,1.55,2.01,
EMBRJ829,2025-09-23,2,1.47,1.3,2,
EMBRJ830W1,2025-09-23,0.8,0.55,0.55,0.95,
EMBRJ839,2025-09-23,1.54,1.11,1.05,1.54,
EMBRJ840W1,2025-09-23,0.42,0.35,0.35,0.55,
EMBRJ840W2,2025-09-23,0.77,0.7,0.7,0.77,
EMBRJ849,2025-09-23,1.21,0.97,0.84,1.25,
EMBRJ850W1,2025-09-23,0.32,0.32,0.32,0.32,
EMBRJ850W2,2025-09-23,0.56,0.56,0.56,0.56,
EMBRJ859,2025-09-23,0.86,0.74,0.71,0.88,
EMBRJ860W2,2025-09-23,0.39,0.39,0.39,0.39,
EMBRJ869,2025-09-23,0.56,0.61,0.56,0.73,
EMBRJ870W1,2025-09-23,0.12,0.12,0.12,0.12,
EMBRJ879,2025-09-23,0.6,0.42,0.42,0.6,
EMBRJ889,2025-09-23,0.46,0.42,0.33,0.46,
EMBRJ899,2025-09-23,0.35,0.29,0.28,0.35,
EMBRJ904,2025-09-23,0.32,0.25,0.23,0.32,
EMBRJ909,2025-09-23,0.32,0.23,0.2,0.32,
EMBRJ914,2025-09-23,0.24,0.23,0.19,0.25,
EMBRJ919,2025-09-23,0.22,0.16,0.16,0.23,
EMBRJ924,2025-09-23,0.2,0.2,0.2,0.2,
EMBRJ934,2025-09-23,0.15,0.15,0.15,0.15,
EMBRJ944,2025-09-23,0.14,0.1,0.1,0.14,
EMBRJ959,2025-09-23,0.1,0.09,0.07,0.1,
EMBRK729,2025-09-23,9.57,9.57,9.57,9.57,
EMBRK739,2025-09-23,8.86,8.85,8.77,8.86,
EMBRK759,2025-09-23,7.6,7.75,7.58,7.75,
EMBRK769,2025-09-23,7.2,6.67,6.67,7.47,
EMBRK779,2025-09-23,6.97,6.15,6.05,6.97,
EMBRK784,2025-09-23,5.95,5.95,5.95,5.95,
EMBRK789,2025-09-23,6.23,5.66,5.51,6.23,
EMBRK799,2025-09-23,5.57,5,4.84,5.71,
EMBRK809,2025-09-23,5.13,4.57,4.51,5.2,
EMBRK819,2025-09-23,4.3,4.05,3.91,4.67,
EMBRK829,2025-09-23,3.92,3.64,3.64,4.21,
EMBRK839,2025-09-23,3.31,3.25,3.25,3.31,
EMBRK849,2025-09-23,2.95,2.89,2.76,3.33,
EMBRK859,2025-09-23,2.6,2.57,2.57,3,
EMBRK869,2025-09-23,2.56,2.27,2.14,2.59,
EMBRK879,2025-09-23,2.3,2,1.9,2.3,
EMBRK924,2025-09-23,1.3,1.07,1.06,1.3,
EMBRK964,2025-09-23,0.68,0.68,0.68,0.68,
EMBRK984,2025-09-23,0.5,0.53,0.5,0.55,
EMBRK999,2025-09-23,0.42,0.5,0.42,0.5,
EMBRL281,2025-09-23,51.76,51.76,51.76,51.76,
EMBRL859,2025-09-23,3.17,3.75,3.17,3.75,
EMBRM600,2025-09-23,2.26,2.41,2.26,2.41,
EMBRM630,2025-09-23,2.6,2.79,2.6,2.79,
EMBRM734,2025-09-23,2.5,2.3,2.3,2.5,
EMBRM759,2025-09-23,2.91,2.91,2.91,2.91,
EMBRN610,2025-09-23,0.78,0.78,0.78,0.78,
EMBRQ56,2025-09-23,0.88,0.96,0.88,0.96,
EMBRQ680,2025-09-23,2.65,2.7,2.65,2.7,
EMBRQ72,2025-09-23,3.27,3.27,3.27,3.27,
EMBRU700W4,2025-09-23,0.02,0.02,0.02,0.02,
EMBRU710W4,2025-09-23,0.03,0.03,0.03,0.03,
EMBRU720W4,2025-09-23,0.03,0.03,0.03,0.04,
EMBRU730W4,2025-09-23,0.04,0.06,0.04,0.06,
EMBRU740W4,2025-09-23,0.08,0.08,0.05,0.1,
EMBRU750W4,2025-09-23,0.11,0.12,0.07,0.12,
EMBRU760W4,2025-09-23,0.19,0.25,0.12,0.25,
EMBRU770W4,2025-09-23,0.21,0.34,0.21,0.4,
EMBRU780W4,2025-09-23,0.41,0.58,0.33,0.71,
EMBRU790W4,2025-09-23,0.64,0.77,0.51,1.04,
EMBRU800W4,2025-09-23,1,1.49,0.87,1.49,
EMBRU810W4,2025-09-23,1.53,1.81,1.28,2.38,
EMBRU820W4,2025-09-23,2.64,2.64,2.64,2.64,
EMBRU840W4,2025-09-23,4.03,4.03,4.03,4.03,
EMBRV629,2025-09-23,0.07,0.06,0.06,0.07,
EMBRV639,2025-09-23,0.07,0.07,0.07,0.07,
EMBRV649,2025-09-23,0.08,0.07,0.06,0.08,
EMBRV654,2025-09-23,0.09,0.09,0.09,0.09,
EMBRV669,2025-09-23,0.15,0.14,0.14,0.15,
EMBRV670W2,2025-09-23,0.08,0.08,0.08,0.08,
EMBRV674,2025-09-23,0.13,0.15,0.13,0.15,
EMBRV679,2025-09-23,0.15,0.15,0.15,0.15,
EMBRV684,2025-09-23,0.16,0.15,0.15,0.18,
EMBRV689,2025-09-23,0.21,0.17,0.16,0.21,
EMBRV690W1,2025-09-23,0.05,0.05,0.05,0.05,
EMBRV694,2025-09-23,0.2,0.24,0.19,0.24,
EMBRV699,2025-09-23,0.23,0.27,0.2,0.27,
EMBRV700W1,2025-09-23,0.05,0.08,0.05,0.08,
EMBRV704,2025-09-23,0.26,0.33,0.25,0.33,
EMBRV710W1,2025-09-23,0.09,0.11,0.09,0.11,
EMBRV710W2,2025-09-23,0.19,0.18,0.18,0.19,
EMBRV714,2025-09-23,0.35,0.39,0.32,0.41,
EMBRV720W1,2025-09-23,0.12,0.13,0.11,0.13,
EMBRV724,2025-09-23,0.44,0.51,0.44,0.57,
EMBRV729,2025-09-23,0.43,0.58,0.43,0.61,
EMBRV730W1,2025-09-23,0.2,0.16,0.15,0.2,
EMBRV730W4,2025-09-23,0.4,0.4,0.4,0.4,
EMBRV730W5,2025-09-23,0.7,0.7,0.7,0.7,
EMBRV734,2025-09-23,0.49,0.63,0.49,0.67,
EMBRV739,2025-09-23,0.6,0.8,0.55,0.8,
EMBRV740W1,2025-09-23,0.2,0.36,0.2,0.36,
EMBRV744,2025-09-23,0.78,0.75,0.75,0.78,
EMBRV749,2025-09-23,0.75,0.93,0.69,0.97,
EMBRV750W1,2025-09-23,0.46,0.4,0.4,0.48,
EMBRV750W2,2025-09-23,0.53,0.7,0.53,0.7,
EMBRV750W4,2025-09-23,1.15,1.09,1.09,1.15,
EMBRV759,2025-09-23,0.98,1.19,0.89,1.25,
EMBRV760W1,2025-09-23,0.45,0.6,0.42,0.62,
EMBRV760W2,2025-09-23,0.72,0.72,0.72,0.72,
EMBRV760W4,2025-09-23,1.38,1.35,1.35,1.38,
EMBRV764,2025-09-23,1.05,1.26,1.02,1.3,
EMBRV769,2025-09-23,1.01,1.44,1.01,1.48,
EMBRV770W1,2025-09-23,0.63,0.79,0.61,0.87,
EMBRV774,2025-09-23,1.42,1.62,1.24,1.62,
EMBRV779,2025-09-23,1.65,1.79,1.37,1.79,
EMBRV780W1,2025-09-23,0.9,1.08,0.86,1.27,
EMBRV784,2025-09-23,1.59,1.87,1.55,2.03,
EMBRV789,2025-09-23,1.73,2.16,1.71,2.33,
EMBRV790W1,2025-09-23,1.19,1.65,1.11,1.65,
EMBRV790W2,2025-09-23,1.85,1.84,1.84,1.85,
EMBRV799,2025-09-23,2.23,2.43,2.07,2.75,
EMBRV800W1,2025-09-23,2.12,2.08,2.08,2.12,
EMBRV800W2,2025-09-23,1.98,1.98,1.98,1.98,
EMBRV809,2025-09-23,2.58,2.93,2.55,3.26,
EMBRV810W1,2025-09-23,2.47,2.69,1.93,2.72,
EMBRV819,2025-09-23,3.05,3.7,3.02,3.7,
EMBRV824,2025-09-23,3.5,3.42,3.42,3.5,
EMBRV829,2025-09-23,4,4.48,4,4.48,
EMBRV839,2025-09-23,4.91,5.02,4.23,5.02,
EMBRV840W5,2025-09-23,5.5,5.5,5.5,5.5,
EMBRV849,2025-09-23,5.11,6.11,5.06,6.11,
EMBRV859,2025-09-23,6.01,6,5.99,6.01,
EMBRV860W2,2025-09-23,6.47,6.47,6.47,6.47,
EMBRV870W1,2025-09-23,7.37,7.42,7.37,7.42,
EMBRV880W1,2025-09-23,8.34,8.38,8.34,8.38,
EMBRV904,2025-09-23,10.27,10.27,10.27,10.27,
EMBRV914,2025-09-23,11.15,10.76,10.62,11.15,
EMBRV919,2025-09-23,11.28,10.85,10.85,11.36,
EMBRW610,2025-09-23,0.23,0.26,0.23,0.26,
EMBRW619,2025-09-23,0.29,0.26,0.26,0.29,
EMBRW629,2025-09-23,0.32,0.35,0.32,0.35,
EMBRW659,2025-09-23,0.57,0.56,0.56,0.57,
EMBRW669,2025-09-23,0.71,0.69,0.65,0.71,
EMBRW679,2025-09-23,0.72,0.79,0.67,0.79,
EMBRW689,2025-09-23,0.84,0.9,0.79,0.9,
EMBRW699,2025-09-23,0.98,1.09,0.91,1.09,
EMBRW709,2025-09-23,1.15,1.24,1.05,1.26,
EMBRW719,2025-09-23,1.31,1.37,1.24,1.46,
EMBRW729,2025-09-23,1.42,1.66,1.42,1.7,
EMBRW739,2025-09-23,1.69,1.91,1.61,1.91,
EMBRW749,2025-09-23,2.04,2.18,1.87,2.2,
EMBRW759,2025-09-23,2.21,2.4,2.15,2.43,
EMBRW769,2025-09-23,2.72,2.71,2.5,2.75,
EMBRW779,2025-09-23,2.79,3.11,2.79,3.35,
EMBRW789,2025-09-23,3.39,3.51,3.2,3.6,
EMBRW799,2025-09-23,3.66,3.99,3.66,4.04,
EMBRW809,2025-09-23,4.04,4.31,4.04,4.67,
EMBRW819,2025-09-23,4.5,4.5,4.5,4.5,
EMBRW829,2025-09-23,4.97,5.46,4.97,5.46,
EMBRW839,2025-09-23,6.02,6.08,5.97,6.35,
EMBRW849,2025-09-23,6.63,6.69,6.11,6.96,
EMBRW859,2025-09-23,7.04,7.4,7.04,7.42,
EMBRW914,2025-09-23,11.3,11,10.8,11.35,
EMBRW924,2025-09-23,11.75,11.75,11.75,11.75,
EMBRX610,2025-09-23,0.5,0.44,0.44,0.5,
EMBRX655,2025-09-23,0.9,0.79,0.79,0.9,
EMBRX739,2025-09-23,2.31,2.4,2.31,2.57,
EMBRX749,2025-09-23,2.71,2.61,2.6,2.71,
EMBRX769,2025-09-23,2,3.23,2,3.38,
EMBRX789,2025-09-23,3,3,3,3,
EMBRX900,2025-09-23,10.2,10,10,10.4,
ESGB11,2025-09-23,113.93,114.2,113.93,114.59,
ETHE11,2025-09-23,65.05,64.05,63.7,65.28,
EWBZ11,2025-09-23,125.7,125.93,125.7,126.05,
FIND11,2025-09-23,154.41,155.57,154.01,156.34,
FIXX11,2025-09-23,97.09,95.55,95.32,97.09,
FOMO11,2025-09-23,38.83,38.51,38.51,40.44,
GBTC11,2025-09-23,30.15,29.6,29.6,30.19,
GENB11,2025-09-23,19.98,19.45,19.45,20.07,
GLDX11,2025-09-23,94.14,93.41,93.04,95.2,
GOAT11,2025-09-23,52.13,52.08,51.98,52.28,
GOLD11,2025-09-23,21.06,20.75,20.72,21.14,
GOLL54,2025-09-23,5.9,5.92,5.85,6.06,
GOLL54F,2025-09-23,5.95,5.89,5.85,6.02,
GOVE11,2025-09-23,63.69,64.18,63.69,64.5,
GPUS11,2025-09-23,107.47,105.68,105.55,107.77,
HASH11,2025-09-23,86.33,84.93,84.67,86.6,
HERT11,2025-09-23,20.85,20.72,20.7,20.85,
HIGH11,2025-09-23,98.25,99.37,98.25,99.83,
HODL11,2025-09-23,101.8,99.43,99.43,103.42,
HTEK11,2025-09-23,50.75,49.51,49.51,50.75,
IBOB11,2025-09-23,120.62,120.54,120.39,121.38,
IBOVA15,2025-09-23,6085,6175,6085,6180,
IBOVA152,2025-09-23,4300,4300,4300,4300,
IBOVB150,2025-09-23,7920,7780,7780,7920,
IBOVD155,2025-09-23,7940,7810,7805,7945,
IBOVF162,2025-09-23,5700,7030,5700,7030,
IBOVI145W4,2025-09-23,1990,1900,1900,1990,
IBOVI146W4,2025-09-23,810,1130,810,1180,
IBOVI147W4,2025-09-23,515,425,425,625,
IBOVI148W4,2025-09-23,285,190,190,285,
IBOVJ132,2025-09-23,16000,16000,16000,16000,
IBOVJ136,2025-09-23,11800,11800,11800,11800,
IBOVJ138,2025-09-23,9800,9800,8900,9800,
IBOVJ143,2025-09-23,4355,5450,4355,5800,
IBOVJ144,2025-09-23,3645,4480,3610,4700,
IBOVJ145,2025-09-23,2985,3825,2985,4225,
IBOVJ145W1,2025-09-23,2285,2625,2285,2945,
IBOVJ146,2025-09-23,2410,3490,2410,3500,
IBOVJ146W1,2025-09-23,1220,1900,1205,1915,
IBOVJ147,2025-09-23,1885,2485,1870,2915,
IBOVJ148,2025-09-23,2215,1985,1985,2215,
IBOVJ148W2,2025-09-23,1465,1380,1380,1465,
IBOVJ149,2025-09-23,1610,1570,1570,1610,
IBOVJ149W1,2025-09-23,630,600,600,630,
IBOVJ150,2025-09-23,970,1175,970,1290,
IBOVJ151,2025-09-23,715,915,715,915,
IBOVJ151W1,2025-09-23,210,210,210,210,
IBOVJ152,2025-09-23,500,730,500,800,
IBOVJ153,2025-09-23,445,445,445,445,
IBOVJ154,2025-09-23,300,300,300,300,
IBOVJ155,2025-09-23,265,260,260,300,
IBOVJ156,2025-09-23,200,215,200,220,
IBOVJ160,2025-09-23,5,60,5,65,
IBOVJ165,2025-09-23,5,5,5,5,
IBOVK127,2025-09-23,22000,21480,21460,22000,
IBOVK143,2025-09-23,6425,6425,6425,6425,
IBOVK144,2025-09-23,6610,6545,6545,6920,
IBOVK145,2025-09-23,5455,5920,5455,5920,
IBOVK155,2025-09-23,1130,1135,1130,1135,
IBOVL144,2025-09-23,8295,8700,8295,8825,
IBOVL147,2025-09-23,6300,6300,6300,6300,
IBOVL151,2025-09-23,3865,3865,3865,3865,
IBOVL152,2025-09-23,3730,3840,3725,3840,
IBOVL153,2025-09-23,2995,3265,2990,3445,
IBOVL156,2025-09-23,1875,1875,1875,1875,
IBOVL158,2025-09-23,1750,1750,1750,1750,
IBOVL21,2025-09-23,1500,1500,1500,1500,
IBOVL50,2025-09-23,4200,4965,4200,4965,
IBOVM137,2025-09-23,940,940,940,940,
IBOVN135,2025-09-23,925,920,920,925,
IBOVN136,2025-09-23,975,975,975,975,
IBOVO135,2025-09-23,1120,1115,1115,1285,
IBOVO150,2025-09-23,4500,4410,4410,4500,
IBOVP150,2025-09-23,4700,4400,4400,4700,
IBOVR125,2025-09-23,1730,1730,1730,1730,
IBOVU141W4,2025-09-23,30,30,30,30,
IBOVU144W4,2025-09-23,90,80,80,90,
IBOVU145W4,2025-09-23,155,155,155,155,
IBOVV125,2025-09-23,65,60,60,65,
IBOVV130,2025-09-23,145,140,140,145,
IBOVV138,2025-09-23,170,175,170,210,
IBOVV139,2025-09-23,215,205,205,260,
IBOVV140,2025-09-23,305,280,270,305,
IBOVV141,2025-09-23,400,375,375,400,
IBOVV142,2025-09-23,540,460,425,540,
IBOVV143,2025-09-23,850,610,600,850,
IBOVV143W1,2025-09-23,255,255,255,255,
IBOVV144,2025-09-23,1105,840,800,1105,
IBOVV144W1,2025-09-23,585,585,585,585,
IBOVV145,2025-09-23,1310,1045,945,1310,
IBOVV145W1,2025-09-23,895,555,555,895,
IBOVV146,2025-09-23,1800,1225,1220,1835,
IBOVV146W1,2025-09-23,1350,870,680,1355,
IBOVV146W2,2025-09-23,940,940,940,940,
IBOVV147,2025-09-23,2290,1745,1590,2290,
IBOVV148,2025-09-23,2225,2260,2085,2260,
IBOVV150,2025-09-23,3865,3835,3835,3865,
IBOVV151,2025-09-23,4370,4130,3730,4425,
IBOVW124,2025-09-23,60,60,60,60,
IBOVW128,2025-09-23,100,100,100,100,
IBOVW135,2025-09-23,325,325,325,325,
IBOVW138,2025-09-23,540,455,455,540,
IBOVW140,2025-09-23,860,665,665,860,
IBOVW143,2025-09-23,1130,1130,1130,1130,
IBOVW145,2025-09-23,1590,1570,1570,1590,
IBOVW148,2025-09-23,3185,3045,3045,3185,
IBOVW154,2025-09-23,6705,6635,6555,6705,
IBOVX136,2025-09-23,720,690,690,720,
IBOVX137,2025-09-23,790,790,790,790,
IBOVX138,2025-09-23,830,830,830,830,
IBOVX145,2025-09-23,1990,1990,1990,1990,
IBOVX156,2025-09-23,7000,6750,6750,7000,
ISUS11,2025-09-23,39.88,40.14,39.88,40.64,
IVVB11,2025-09-23,401.37,394.91,394.39,401.37,
IVVBK433,2025-09-23,1.3,1.31,1.3,1.31,
IWMI11,2025-09-23,82,81.23,81.04,82.59,
JOGO11,2025-09-23,160.6,157.67,157.67,160.6,
JSLG3,2025-09-23,6.23,6.4,6.23,6.49,
JSLG3F,2025-09-23,6.22,6.44,6.22,6.51,
LOGN3,2025-09-23,26.24,27,26.11,27.49,
LOGN3F,2025-09-23,26.4,26.73,26.38,27.5,
LVOL11,2025-09-23,113.85,114.8,113.77,114.98,
MATB11,2025-09-23,52.12,52.12,52.12,52.68,
META11,2025-09-23,28.14,27,27,28.14,
MILL11,2025-09-23,83.2,81.12,81.04,83.2,
MRVE3,2025-09-23,7.8,7.85,7.76,7.9,
MRVE3F,2025-09-23,7.8,7.86,7.76,7.9,
MRVEB107,2025-09-23,0.19,0.2,0.19,0.2,
MRVEJ670,2025-09-23,1.28,1.28,1.28,1.28,
MRVEJ680,2025-09-23,1.15,1.15,1.15,1.15,
MRVEJ700,2025-09-23,1.01,1.01,1.01,1.01,
MRVEJ720,2025-09-23,0.8,0.81,0.8,0.81,
MRVEJ740,2025-09-23,0.66,0.65,0.6,0.66,
MRVEJ750,2025-09-23,0.59,0.59,0.59,0.59,
MRVEJ760,2025-09-23,0.52,0.52,0.52,0.52,
MRVEJ77,2025-09-23,0.44,0.48,0.44,0.48,
MRVEJ780,2025-09-23,0.39,0.45,0.39,0.45,
MRVEJ790,2025-09-23,0.35,0.32,0.32,0.41,
MRVEJ800,2025-09-23,0.3,0.28,0.28,0.34,
MRVEJ810,2025-09-23,0.25,0.28,0.25,0.28,
MRVEJ820,2025-09-23,0.22,0.23,0.22,0.25,
MRVEJ830,2025-09-23,0.18,0.21,0.18,0.21,
MRVEJ840,2025-09-23,0.17,0.15,0.15,0.17,
MRVEJ850,2025-09-23,0.14,0.15,0.14,0.15,
MRVEJ860,2025-09-23,0.12,0.11,0.11,0.12,
MRVEJ880,2025-09-23,0.08,0.09,0.08,0.09,
MRVEJ900,2025-09-23,0.06,0.06,0.06,0.06,
MRVEJ980,2025-09-23,0.01,0.02,0.01,0.02,
MRVEK710,2025-09-23,1.05,1.05,1.05,1.05,
MRVEK720,2025-09-23,1,1.05,1,1.05,
MRVEK740,2025-09-23,0.87,0.87,0.87,0.87,
MRVEK750,2025-09-23,0.8,0.78,0.78,0.8,
MRVEK760,2025-09-23,0.73,0.73,0.73,0.73,
MRVEK780,2025-09-23,0.65,0.6,0.6,0.65,
MRVEK800,2025-09-23,0.54,0.52,0.52,0.58,
MRVEK820,2025-09-23,0.44,0.46,0.44,0.47,
MRVEK840,2025-09-23,0.37,0.36,0.36,0.37,
MRVEK850,2025-09-23,0.34,0.34,0.34,0.34,
MRVEK860,2025-09-23,0.32,0.29,0.29,0.32,
MRVEK880,2025-09-23,0.25,0.23,0.22,0.25,
MRVEK900,2025-09-23,0.2,0.21,0.2,0.21,
MRVEK940,2025-09-23,0.13,0.12,0.12,0.13,
MRVEL10,2025-09-23,0.13,0.13,0.13,0.13,
MRVEL90,2025-09-23,0.4,0.31,0.31,0.4,
MRVEV540,2025-09-23,0.01,0.01,0.01,0.01,
MRVEV560,2025-09-23,0.01,0.01,0.01,0.01,
MRVEV610,2025-09-23,0.01,0.01,0.01,0.01,
MRVEV620,2025-09-23,0.02,0.02,0.02,0.02,
MRVEV640,2025-09-23,0.03,0.02,0.02,0.03,
MRVEV670,2025-09-23,0.04,0.04,0.04,0.04,
MRVEV680,2025-09-23,0.05,0.05,0.05,0.05,
MRVEV690,2025-09-23,0.05,0.06,0.05,0.06,
MRVEV700,2025-09-23,0.07,0.07,0.06,0.07,
MRVEV720,2025-09-23,0.11,0.11,0.09,0.11,
MRVEV730,2025-09-23,0.13,0.13,0.11,0.13,
MRVEV740,2025-09-23,0.16,0.14,0.14,0.16,
MRVEV750,2025-09-23,0.17,0.17,0.17,0.17,
MRVEV760,2025-09-23,0.23,0.2,0.2,0.23,
MRVEV77,2025-09-23,0.27,0.23,0.23,0.27,
MRVEV780,2025-09-23,0.3,0.31,0.27,0.31,
MRVEV790,2025-09-23,0.36,0.33,0.32,0.36,
MRVEV800,2025-09-23,0.41,0.41,0.41,0.41,
MRVEV820,2025-09-23,0.51,0.48,0.48,0.51,
MRVEV830,2025-09-23,0.58,0.58,0.58,0.6,
MRVEV840,2025-09-23,0.65,0.65,0.61,0.65,
MRVEV850,2025-09-23,0.72,0.71,0.68,0.72,
MRVEV860,2025-09-23,0.83,0.8,0.8,0.84,
MRVEV880,2025-09-23,0.93,0.94,0.92,0.96,
MRVEV900,2025-09-23,1.14,1.13,1.13,1.14,
MRVEW600,2025-09-23,0.04,0.04,0.04,0.04,
MRVEW640,2025-09-23,0.1,0.08,0.07,0.1,
MRVEW660,2025-09-23,0.11,0.11,0.11,0.11,
MRVEW680,2025-09-23,0.13,0.13,0.13,0.13,
MRVEW690,2025-09-23,0.15,0.16,0.15,0.16,
MRVEW700,2025-09-23,0.18,0.12,0.12,0.18,
MRVEW710,2025-09-23,0.21,0.2,0.2,0.21,
MRVEW720,2025-09-23,0.24,0.23,0.23,0.24,
MRVEW760,2025-09-23,0.36,0.36,0.36,0.36,
MRVEW780,2025-09-23,0.45,0.44,0.42,0.45,
MRVEW800,2025-09-23,0.55,0.54,0.54,0.55,
MRVEW820,2025-09-23,0.65,0.65,0.65,0.65,
MRVEW860,2025-09-23,0.86,0.86,0.85,0.87,
MRVEW880,2025-09-23,1,1.01,1,1.01,
MRVEW900,2025-09-23,1.17,1.18,1.17,1.18,
MRVEW920,2025-09-23,1.33,1.29,1.29,1.33,
MRVEX680,2025-09-23,0.19,0.19,0.19,0.19,
MRVEX700,2025-09-23,0.2,0.21,0.2,0.21,
MRVEX780,2025-09-23,0.51,0.48,0.48,0.51,
NASD11,2025-09-23,18.36,18.08,18.05,18.36,
NBIT11,2025-09-23,47.92,47.24,47.21,48.2,
NBOV11,2025-09-23,110.58,110.78,110.21,111.37,
NDIV11,2025-09-23,112.32,113.12,112.14,113.45,
NFTS11,2025-09-23,4.25,4.11,3.82,4.25,
NSDV11,2025-09-23,131.7,132.02,130.84,132.15,
NUCL11,2025-09-23,90.95,89.2,88.2,91.3,
PEVC11,2025-09-23,219.6,210.52,210.52,223.44,
PIBB11,2025-09-23,255,258.4,255,259.65,
PKIN11,2025-09-23,114.7,112.85,112.5,114.98,
POMO3,2025-09-23,8.07,8.08,7.97,8.19,
POMO3F,2025-09-23,8.03,8.16,7.98,8.18,
POMO4,2025-09-23,9.41,9.54,9.35,9.54,
POMO4F,2025-09-23,9.45,9.57,9.34,9.57,
POMOB80,2025-09-23,3.48,3.47,3.47,3.48,
POMOJ102,2025-09-23,0.1,0.09,0.09,0.11,
POMOJ103,2025-09-23,0.04,0.04,0.04,0.04,
POMOJ930,2025-09-23,0.52,0.52,0.52,0.52,
POMOJ950,2025-09-23,0.37,0.38,0.37,0.38,
POMOJ970,2025-09-23,0.25,0.3,0.25,0.3,
POMOJ990,2025-09-23,0.21,0.18,0.18,0.22,
POMOK112,2025-09-23,0.11,0.11,0.11,0.11,
POMOK920,2025-09-23,0.82,0.82,0.82,0.82,
POMOK950,2025-09-23,0.64,0.62,0.62,0.64,
POMOK970,2025-09-23,0.53,0.53,0.53,0.53,
POMOK990,2025-09-23,0.4,0.44,0.4,0.44,
POMOV102,2025-09-23,0.38,0.63,0.38,0.63,
POMOV750,2025-09-23,0.02,0.02,0.02,0.02,
POMOV850,2025-09-23,0.03,0.05,0.03,0.05,
POMOV870,2025-09-23,0.02,0.02,0.02,0.02,
POMOV890,2025-09-23,0.07,0.08,0.07,0.08,
POMOV925,2025-09-23,0.19,0.19,0.19,0.19,
POMOV930,2025-09-23,0.12,0.1,0.1,0.12,
POMOV950,2025-09-23,0.24,0.24,0.24,0.24,
POMOV970,2025-09-23,0.34,0.27,0.27,0.34,
POMOW870,2025-09-23,0.09,0.09,0.09,0.09,
POMOW880,2025-09-23,0.19,0.1,0.1,0.19,
POMOW920,2025-09-23,0.22,0.22,0.22,0.22,
POMOW970,2025-09-23,0.44,0.44,0.44,0.44,
POMOX800,2025-09-23,0.07,0.07,0.07,0.07,
QBTC11,2025-09-23,36.45,35.62,35.62,36.49,
QDFI11,2025-09-23,4.13,4.09,4.08,4.13,
QETH11,2025-09-23,15.94,15.76,15.52,15.94,
QQQI11,2025-09-23,101.5,99.65,99.58,101.5,
QQQQ11,2025-09-23,95.24,92.49,92.37,95.25,
QSOL11,2025-09-23,14.48,13.95,13.91,14.48,
RAIL3,2025-09-23,14.8,15.15,14.76,15.35,
RAIL3F,2025-09-23,14.7,15.22,14.7,15.34,
RAILA164,2025-09-23,0.4,0.4,0.4,0.4,
RAILJ136,2025-09-23,1.46,1.46,1.46,1.46,
RAILJ141,2025-09-23,1.05,1.05,1.05,1.05,
RAILJ144,2025-09-23,0.87,0.98,0.85,0.98,
RAILJ146,2025-09-23,0.75,0.86,0.75,0.96,
RAILJ149,2025-09-23,0.48,0.76,0.48,0.77,
RAILJ151,2025-09-23,0.4,0.53,0.4,0.62,
RAILJ154,2025-09-23,0.33,0.39,0.33,0.48,
RAILJ156,2025-09-23,0.25,0.32,0.23,0.35,
RAILJ164,2025-09-23,0.08,0.12,0.08,0.12,
RAILJ166,2025-09-23,0.06,0.09,0.06,0.09,
RAILJ170,2025-09-23,0.12,0.17,0.12,0.2,
RAILJ174,2025-09-23,0.03,0.04,0.03,0.04,
RAILK141,2025-09-23,1.6,1.6,1.6,1.6,
RAILK146,2025-09-23,1.07,1.23,1.07,1.33,
RAILK151,2025-09-23,0.73,0.92,0.73,1.03,
RAILK156,2025-09-23,0.57,0.62,0.57,0.64,
RAILK166,2025-09-23,0.38,0.34,0.34,0.38,
RAILK169,2025-09-23,0.28,0.28,0.28,0.28,
RAILK17,2025-09-23,2.55,2.55,2.55,2.55,
RAILK170,2025-09-23,0.45,0.46,0.45,0.49,
RAILK171,2025-09-23,0.2,0.24,0.2,0.24,
RAILK176,2025-09-23,0.14,0.15,0.14,0.15,
RAILK181,2025-09-23,0.11,0.11,0.11,0.11,
RAILL146,2025-09-23,1.79,1.79,1.79,1.79,
RAILL189,2025-09-23,0.1,0.1,0.1,0.1,
RAILL191,2025-09-23,0.09,0.09,0.09,0.09,
RAILM141,2025-09-23,0.31,0.31,0.31,0.31,
RAILM149,2025-09-23,0.71,0.71,0.71,0.71,
RAILM170,2025-09-23,1.21,1.21,1.21,1.21,
RAILV131,2025-09-23,0.04,0.04,0.04,0.04,
RAILV136,2025-09-23,0.09,0.08,0.07,0.1,
RAILV141,2025-09-23,0.19,0.12,0.11,0.19,
RAILV144,2025-09-23,0.25,0.17,0.16,0.25,
RAILV146,2025-09-23,0.27,0.26,0.21,0.27,
RAILV151,2025-09-23,0.55,0.45,0.4,0.55,
RAILV154,2025-09-23,0.6,0.57,0.48,0.65,
RAILV156,2025-09-23,0.84,0.71,0.63,0.84,
RAILV164,2025-09-23,1.44,1.44,1.44,1.44,
RAILV166,2025-09-23,1.5,1.5,1.5,1.5,
RAILV170,2025-09-23,1.24,1.04,0.94,1.24,
RAILV256,2025-09-23,10.32,10.32,10.32,10.32,
RAILW126,2025-09-23,0.08,0.1,0.08,0.1,
RAILW131,2025-09-23,0.16,0.14,0.13,0.16,
RAILW136,2025-09-23,0.22,0.21,0.21,0.22,
RAILW141,2025-09-23,0.38,0.31,0.29,0.38,
RAILW144,2025-09-23,0.38,0.38,0.38,0.38,
RAILW146,2025-09-23,0.51,0.46,0.42,0.51,
RAILW149,2025-09-23,0.5,0.52,0.49,0.52,
RAILW151,2025-09-23,0.7,0.68,0.68,0.7,
RAILW154,2025-09-23,0.77,0.77,0.77,0.77,
RAILX131,2025-09-23,0.17,0.17,0.17,0.17,
RAPT3,2025-09-23,6.4,6.27,6.25,6.42,
RAPT3F,2025-09-23,6.4,6.29,6.29,6.45,
RAPT4,2025-09-23,6.44,6.33,6.32,6.51,
RAPT4F,2025-09-23,6.45,6.38,6.33,6.54,
RAPTJ600,2025-09-23,0.48,0.48,0.48,0.48,
RAPTJ615,2025-09-23,0.46,0.48,0.41,0.48,
RAPTJ635,2025-09-23,0.33,0.26,0.26,0.33,
RAPTJ655,2025-09-23,0.17,0.16,0.16,0.17,
RAPTJ675,2025-09-23,0.11,0.1,0.1,0.11,
RAPTJ695,2025-09-23,0.07,0.07,0.07,0.07,
RAPTJ715,2025-09-23,0.02,0.02,0.02,0.02,
RAPTJ735,2025-09-23,0.02,0.02,0.02,0.02,
RAPTK635,2025-09-23,0.46,0.46,0.46,0.46,
RAPTK655,2025-09-23,0.33,0.33,0.33,0.33,
RAPTK695,2025-09-23,0.22,0.22,0.22,0.22,
RAPTV600,2025-09-23,0.07,0.08,0.07,0.08,
RAPTV615,2025-09-23,0.09,0.1,0.08,0.18,
RAPTV635,2025-09-23,0.18,0.19,0.18,0.2,
RAPTV655,2025-09-23,0.28,0.3,0.28,0.3,
RAPTV675,2025-09-23,0.37,0.37,0.37,0.37,
RAPTV695,2025-09-23,0.47,0.47,0.47,0.48,
RAPTW595,2025-09-23,0.11,0.11,0.11,0.11,
RAPTW655,2025-09-23,0.33,0.33,0.33,0.33,
RAPTW695,2025-09-23,0.53,0.53,0.53,0.53,
RCSL3,2025-09-23,1.78,1.74,1.73,1.78,
RCSL3F,2025-09-23,1.74,1.78,1.74,1.78,
RCSL4,2025-09-23,1.05,1.04,1.03,1.06,
RCSL4F,2025-09-23,1.05,1.03,1.03,1.06,
REVE11,2025-09-23,66.8,66.16,66.02,66.8,
RICO11,2025-09-23,33.44,32.65,32.65,33.45,
SCVB11,2025-09-23,94,92.15,92.14,94,
SILK11,2025-09-23,56.56,56.56,56.56,56.56,
SMAB11,2025-09-23,8.06,8.19,8.06,8.32,
SMAC11,2025-09-23,57.75,58,57.75,58.26,
SMAL11,2025-09-23,110.36,110.77,110.2,112.92,
SMALI107W4,2025-09-23,4.3,4.3,4.3,4.3,
SMALI109W4,2025-09-23,2.46,2.46,2.46,2.46,
SMALI110W4,2025-09-23,1.34,1.8,1.34,1.8,
SMALI111W4,2025-09-23,0.87,1.25,0.87,1.25,
SMALI112W4,2025-09-23,0.46,0.71,0.46,0.72,
SMALI114W4,2025-09-23,0.14,0.19,0.14,0.19,
SMALI115W4,2025-09-23,0.07,0.07,0.07,0.07,
SMALI116W4,2025-09-23,0.04,0.05,0.04,0.05,
SMALI120W4,2025-09-23,0.01,0.01,0.01,0.01,
SMALJ100,2025-09-23,12.3,12.1,12.1,12.3,
SMALJ101,2025-09-23,10.47,11.09,10.47,11.09,
SMALJ102,2025-09-23,10.24,10.2,10.2,10.24,
SMALJ103,2025-09-23,9.3,9.56,9.3,9.56,
SMALJ104,2025-09-23,7.71,8.45,7.71,8.45,
SMALJ105,2025-09-23,7.79,7.5,7.5,7.79,
SMALJ107,2025-09-23,5.48,5.76,5.27,5.76,
SMALJ108,2025-09-23,4.36,4.79,4.36,5.27,
SMALJ109,2025-09-23,3.88,4.1,3.87,4.5,
SMALJ109W1,2025-09-23,2.99,2.99,2.99,2.99,
SMALJ110,2025-09-23,3.15,3.38,3.01,3.8,
SMALJ110W1,2025-09-23,2.04,2.62,2.04,2.62,
SMALJ110W2,2025-09-23,2.76,2.78,2.76,2.78,
SMALJ111,2025-09-23,2.49,2.8,2.49,3.01,
SMALJ111W1,2025-09-23,1.9,2,1.9,2,
SMALJ112,2025-09-23,2.12,2.25,1.93,2.54,
SMALJ113,2025-09-23,1.49,1.78,1.49,2.02,
SMALJ113W1,2025-09-23,0.75,0.96,0.75,0.96,
SMALJ113W2,2025-09-23,1.44,1.44,1.44,1.44,
SMALJ114,2025-09-23,1.15,1.38,1.15,1.61,
SMALJ114W1,2025-09-23,0.49,0.62,0.49,0.62,
SMALJ115,2025-09-23,0.88,1.03,0.88,1.21,
SMALJ115W1,2025-09-23,0.32,0.43,0.32,0.43,
SMALJ116,2025-09-23,0.67,0.83,0.66,0.83,
SMALJ116W1,2025-09-23,0.24,0.24,0.24,0.24,
SMALJ117,2025-09-23,0.52,0.6,0.52,0.65,
SMALJ118,2025-09-23,0.41,0.45,0.41,0.45,
SMALJ119,2025-09-23,0.38,0.38,0.38,0.38,
SMALJ121,2025-09-23,0.18,0.18,0.18,0.18,
SMALJ122,2025-09-23,0.12,0.14,0.12,0.15,
SMALJ123,2025-09-23,0.13,0.13,0.13,0.13,
SMALJ125,2025-09-23,0.09,0.07,0.07,0.09,
SMALJ126,2025-09-23,0.07,0.07,0.07,0.07,
SMALK100,2025-09-23,13.6,13.6,13.6,13.6,
SMALK102,2025-09-23,11.06,11.75,11.06,11.9,
SMALK106,2025-09-23,7.81,8.47,7.81,8.58,
SMALK107,2025-09-23,7.76,7.63,7.63,7.8,
SMALK108,2025-09-23,6.98,6.98,6.98,6.98,
SMALK109,2025-09-23,5.9,6.17,5.9,6.17,
SMALK110,2025-09-23,5.11,5.43,4.98,5.86,
SMALK111,2025-09-23,4.65,5,4.65,5.25,
SMALK112,2025-09-23,4.03,4.23,3.91,4.6,
SMALK113,2025-09-23,3.49,3.61,3.49,3.61,
SMALK114,2025-09-23,3,3.25,2.95,3.41,
SMALK115,2025-09-23,2.63,2.78,2.62,2.82,
SMALK116,2025-09-23,2.16,2.37,2.14,2.5,
SMALK117,2025-09-23,2.03,2.02,2.02,2.03,
SMALK118,2025-09-23,1.57,1.8,1.57,1.8,
SMALK119,2025-09-23,1.44,1.44,1.44,1.44,
SMALK121,2025-09-23,1.04,1.01,1.01,1.04,
SMALK122,2025-09-23,0.95,0.95,0.95,0.95,
SMALK123,2025-09-23,0.77,0.67,0.67,0.77,
SMALK124,2025-09-23,0.54,0.58,0.54,0.58,
SMALK125,2025-09-23,0.53,0.52,0.51,0.53,
SMALK126,2025-09-23,0.42,0.42,0.42,0.42,
SMALK128,2025-09-23,0.32,0.31,0.31,0.32,
SMALK130,2025-09-23,0.2,0.23,0.2,0.23,
SMALL11,2025-09-23,18.89,21.33,18.88,21.33,
SMALM10,2025-09-23,1,1.1,1,1.1,
SMALT100,2025-09-23,2.53,2.53,2.53,2.53,
SMALU107W4,2025-09-23,0.15,0.12,0.12,0.15,
SMALU108W4,2025-09-23,0.17,0.17,0.17,0.17,
SMALU109W4,2025-09-23,0.45,0.45,0.45,0.45,
SMALU110W4,2025-09-23,0.87,0.6,0.6,0.87,
SMALU111W4,2025-09-23,1.25,1.25,1.25,1.25,
SMALU112W4,2025-09-23,1.96,1.1,1.1,1.96,
SMALU113W4,2025-09-23,1.9,1.9,1.9,1.9,
SMALU114W4,2025-09-23,3.55,3.55,3.55,3.55,
SMALU990W4,2025-09-23,0.02,0.02,0.02,0.02,
SMALV100,2025-09-23,0.2,0.2,0.2,0.2,
SMALV101,2025-09-23,0.22,0.23,0.22,0.23,
SMALV103,2025-09-23,0.33,0.32,0.32,0.33,
SMALV104,2025-09-23,0.41,0.37,0.33,0.41,
SMALV104W1,2025-09-23,0.2,0.2,0.2,0.2,
SMALV105,2025-09-23,0.55,0.47,0.45,0.55,
SMALV105W1,2025-09-23,0.25,0.25,0.25,0.25,
SMALV106,2025-09-23,0.7,0.59,0.56,0.7,
SMALV107,2025-09-23,0.83,0.73,0.69,0.83,
SMALV107W1,2025-09-23,0.34,0.34,0.34,0.34,
SMALV108,2025-09-23,1.06,0.92,0.85,1.08,
SMALV108W1,2025-09-23,0.48,0.48,0.48,0.48,
SMALV109,2025-09-23,1.32,1.22,1.18,1.36,
SMALV109W1,2025-09-23,0.61,0.61,0.61,0.61,
SMALV110,2025-09-23,1.56,1.55,1.38,1.69,
SMALV110W1,2025-09-23,1.08,0.83,0.83,1.08,
SMALV110W2,2025-09-23,1.18,1.18,1.18,1.18,
SMALV111,2025-09-23,1.96,1.88,1.73,1.96,
SMALV112,2025-09-23,2.65,2.26,2.09,2.65,
SMALV112W1,2025-09-23,2.27,1.8,1.8,2.27,
SMALV113,2025-09-23,3.18,3.18,3.18,3.18,
SMALV114,2025-09-23,3.83,3.42,3.1,3.83,
SMALV114W1,2025-09-23,3.68,2.7,2.7,3.68,
SMALV115,2025-09-23,4.45,4.45,4.45,4.45,
SMALV935,2025-09-23,0.08,0.08,0.08,0.08,
SMALV945,2025-09-23,0.1,0.1,0.1,0.1,
SMALV955,2025-09-23,0.11,0.1,0.1,0.11,
SMALV990,2025-09-23,0.17,0.17,0.17,0.17,
SMALW100,2025-09-23,0.52,0.56,0.52,0.56,
SMALW102,2025-09-23,0.82,0.66,0.66,0.82,
SMALW103,2025-09-23,0.72,0.86,0.72,0.87,
SMALW104,2025-09-23,0.95,1.02,0.92,1.02,
SMALW105,2025-09-23,1.15,1.17,1.15,1.17,
SMALW106,2025-09-23,1.52,1.38,1.24,1.52,
SMALW107,2025-09-23,1.57,1.57,1.57,1.57,
SMALW108,2025-09-23,1.93,1.78,1.75,1.93,
SMALW110,2025-09-23,2.45,2.37,2.25,2.59,
SMALW111,2025-09-23,2.72,2.76,2.72,2.76,
SMALW112,2025-09-23,3.35,3.09,3,3.35,
SMALW114,2025-09-23,4.46,4.04,3.89,4.46,
SMALW116,2025-09-23,5.01,5.01,5.01,5.01,
SMALW970,2025-09-23,0.38,0.4,0.38,0.4,
SMALW990,2025-09-23,0.48,0.49,0.48,0.49,
SMALX100,2025-09-23,0.75,0.88,0.75,0.88,
SMALX113,2025-09-23,3.67,3.67,3.67,3.67,
SOLH11,2025-09-23,32.64,31.7,31.7,32.78,
SPUB11,2025-09-23,52.38,53.16,52.31,53.23,
SPVT11,2025-09-23,57.01,57.34,56.89,57.43,
SPXB11,2025-09-23,15.64,15.39,15.35,15.72,
SPXI11,2025-09-23,390.25,384,383.51,391.2,
SPXR11,2025-09-23,60.48,60.01,59.83,60.48,
SPYI11,2025-09-23,112.01,110.55,110.54,112.48,
SUZB3,2025-09-23,50.56,50.13,50.13,51.07,
SUZB3F,2025-09-23,50.53,50.25,50.2,51.08,
SUZBB545,2025-09-23,1.4,1.4,1.4,1.4,
SUZBG300,2025-09-23,26.75,26.4,26.4,26.75,
SUZBI510W4,2025-09-23,0.33,0.17,0.17,0.4,
SUZBI520W4,2025-09-23,0.09,0.04,0.04,0.11,
SUZBJ472,2025-09-23,4.19,4.19,4.19,4.19,
SUZBJ475,2025-09-23,3.98,3.98,3.98,3.98,
SUZBJ475W2,2025-09-23,3.23,3.23,3.23,3.23,
SUZBJ480,2025-09-23,3.52,3.2,3.2,3.52,
SUZBJ485,2025-09-23,2.64,2.75,2.64,2.75,
SUZBJ490,2025-09-23,2.58,2.14,2.14,2.58,
SUZBJ495,2025-09-23,2.16,1.97,1.8,2.16,
SUZBJ500,2025-09-23,1.73,1.45,1.45,1.86,
SUZBJ505,2025-09-23,1.5,1.15,1.15,1.52,
SUZBJ510,2025-09-23,1.16,0.9,0.9,1.22,
SUZBJ510W1,2025-09-23,0.66,0.55,0.55,0.66,
SUZBJ515,2025-09-23,0.9,0.68,0.67,0.99,
SUZBJ520,2025-09-23,0.7,0.5,0.5,0.75,
SUZBJ520W1,2025-09-23,0.2,0.2,0.2,0.2,
SUZBJ525,2025-09-23,0.51,0.36,0.36,0.55,
SUZBJ525W5,2025-09-23,0.99,0.95,0.95,1,
SUZBJ530,2025-09-23,0.38,0.25,0.25,0.41,
SUZBJ530W2,2025-09-23,0.2,0.2,0.2,0.2,
SUZBJ535,2025-09-23,0.24,0.17,0.17,0.28,
SUZBJ540,2025-09-23,0.18,0.13,0.12,0.2,
SUZBJ540W1,2025-09-23,0.05,0.05,0.05,0.05,
SUZBJ540W2,2025-09-23,0.06,0.06,0.06,0.06,
SUZBJ545,2025-09-23,0.12,0.11,0.11,0.15,
SUZBJ545W5,2025-09-23,0.85,0.85,0.85,0.85,
SUZBJ550,2025-09-23,0.09,0.07,0.07,0.1,
SUZBJ555,2025-09-23,0.07,0.07,0.07,0.07,
SUZBJ560,2025-09-23,0.04,0.05,0.04,0.06,
SUZBJ570,2025-09-23,0.03,0.03,0.03,0.03,
SUZBJ575,2025-09-23,0.02,0.02,0.02,0.02,
SUZBJ600,2025-09-23,0.01,0.01,0.01,0.01,
SUZBK468,2025-09-23,5.44,5.25,5.25,5.44,
SUZBK493,2025-09-23,3.14,3.14,3.14,3.14,
SUZBK500,2025-09-23,2.76,2.81,2.76,2.89,
SUZBK505,2025-09-23,2.49,2.31,2.31,2.64,
SUZBK510,2025-09-23,2.15,2.09,2.09,2.26,
SUZBK515,2025-09-23,1.74,1.67,1.67,1.74,
SUZBK52,2025-09-23,2.8,2.86,2.8,2.86,
SUZBK520,2025-09-23,1.68,1.44,1.44,1.75,
SUZBK525,2025-09-23,1.44,1.25,1.24,1.51,
SUZBK530,2025-09-23,1.27,1.15,1.15,1.31,
SUZBK535,2025-09-23,1.05,0.95,0.95,1.05,
SUZBK540,2025-09-23,0.86,0.82,0.82,0.94,
SUZBK545,2025-09-23,0.74,0.61,0.61,0.74,
SUZBK550,2025-09-23,0.63,0.54,0.51,0.63,
SUZBK558,2025-09-23,0.41,0.41,0.41,0.41,
SUZBK563,2025-09-23,0.38,0.33,0.33,0.4,
SUZBK568,2025-09-23,0.31,0.31,0.31,0.31,
SUZBK573,2025-09-23,0.23,0.23,0.23,0.23,
SUZBK608,2025-09-23,0.07,0.07,0.07,0.07,
SUZBL460,2025-09-23,6.32,6.11,6.09,6.32,
SUZBL485,2025-09-23,4.65,4.66,4.62,4.66,
SUZBL502,2025-09-23,3,3,3,3,
SUZBL542,2025-09-23,1.1,1.1,1.1,1.1,
SUZBM487,2025-09-23,0.8,0.86,0.8,0.86,
SUZBM490,2025-09-23,1.02,1.04,1.02,1.04,
SUZBN505,2025-09-23,1.5,1.59,1.5,1.59,
SUZBR500,2025-09-23,1.24,1.24,1.24,1.24,
SUZBU490W4,2025-09-23,0.03,0.05,0.03,0.05,
SUZBU495W4,2025-09-23,0.12,0.11,0.11,0.13,
SUZBU500W4,2025-09-23,0.14,0.17,0.1,0.2,
SUZBU510W4,2025-09-23,0.53,0.75,0.4,0.75,
SUZBV427,2025-09-23,0.01,0.01,0.01,0.01,
SUZBV430,2025-09-23,0.01,0.01,0.01,0.01,
SUZBV432,2025-09-23,0.01,0.01,0.01,0.01,
SUZBV435,2025-09-23,0.01,0.01,0.01,0.01,
SUZBV437,2025-09-23,0.01,0.01,0.01,0.01,
SUZBV455,2025-09-23,0.03,0.03,0.03,0.03,
SUZBV467,2025-09-23,0.07,0.07,0.07,0.07,
SUZBV470,2025-09-23,0.08,0.08,0.08,0.08,
SUZBV470W2,2025-09-23,0.06,0.08,0.06,0.08,
SUZBV472,2025-09-23,0.08,0.08,0.08,0.08,
SUZBV475,2025-09-23,0.11,0.09,0.09,0.11,
SUZBV475W2,2025-09-23,0.1,0.1,0.1,0.1,
SUZBV480,2025-09-23,0.13,0.13,0.13,0.15,
SUZBV485,2025-09-23,0.2,0.23,0.17,0.23,
SUZBV485W1,2025-09-23,0.08,0.07,0.07,0.08,
SUZBV485W2,2025-09-23,0.2,0.2,0.2,0.2,
SUZBV487,2025-09-23,0.25,0.31,0.2,0.31,
SUZBV490,2025-09-23,0.27,0.29,0.27,0.29,
SUZBV490W2,2025-09-23,0.21,0.23,0.21,0.26,
SUZBV492,2025-09-23,0.29,0.38,0.29,0.38,
SUZBV495,2025-09-23,0.41,0.51,0.32,0.51,
SUZBV497,2025-09-23,0.43,0.57,0.39,0.58,
SUZBV500,2025-09-23,0.51,0.66,0.45,0.67,
SUZBV500W1,2025-09-23,0.3,0.39,0.27,0.44,
SUZBV500W2,2025-09-23,0.44,0.44,0.44,0.44,
SUZBV505,2025-09-23,0.66,0.85,0.54,0.88,
SUZBV510,2025-09-23,0.88,1.09,0.78,1.12,
SUZBV510W1,2025-09-23,0.62,0.62,0.62,0.62,
SUZBV510W2,2025-09-23,0.86,0.86,0.86,0.86,
SUZBV515,2025-09-23,1.01,1.37,0.95,1.4,
SUZBV515W5,2025-09-23,1.35,1.25,1.25,1.35,
SUZBV520,2025-09-23,1.36,1.65,1.21,1.65,
SUZBV525,2025-09-23,1.6,1.55,1.55,1.6,
SUZBV525W5,2025-09-23,2.01,2.01,2.01,2.01,
SUZBV530,2025-09-23,2.01,1.98,1.98,2.09,
SUZBV535,2025-09-23,2.4,2.3,2.3,2.4,
SUZBV540,2025-09-23,2.8,3.16,2.8,3.16,
SUZBV540W2,2025-09-23,3.38,3.38,3.38,3.38,
SUZBV545,2025-09-23,3.27,3.76,3.27,3.76,
SUZBV550,2025-09-23,3.61,4.19,3.6,4.19,
SUZBV585,2025-09-23,7.08,7.42,7.06,7.67,
SUZBV590,2025-09-23,7.61,7.61,7.61,7.61,
SUZBV630,2025-09-23,11.46,11.46,11.46,11.46,
SUZBW405,2025-09-23,0.03,0.03,0.03,0.03,
SUZBW440,2025-09-23,0.1,0.11,0.1,0.11,
SUZBW445,2025-09-23,0.1,0.1,0.1,0.1,
SUZBW450,2025-09-23,0.13,0.13,0.13,0.13,
SUZBW455,2025-09-23,0.19,0.19,0.19,0.19,
SUZBW465,2025-09-23,0.29,0.29,0.29,0.29,
SUZBW468,2025-09-23,0.32,0.31,0.31,0.32,
SUZBW470,2025-09-23,0.35,0.35,0.35,0.35,
SUZBW480,2025-09-23,0.49,0.49,0.49,0.49,
SUZBW483,2025-09-23,0.5,0.6,0.46,0.6,
SUZBW490,2025-09-23,0.63,0.6,0.6,0.63,
SUZBW493,2025-09-23,0.7,0.85,0.7,0.85,
SUZBW495,2025-09-23,0.76,0.77,0.75,0.77,
SUZBW500,2025-09-23,0.96,1.03,0.96,1.04,
SUZBW505,2025-09-23,1.23,1.29,1.23,1.31,
SUZBW510,2025-09-23,1.5,1.35,1.35,1.5,
SUZBW515,2025-09-23,1.49,1.74,1.4,1.74,
SUZBW52,2025-09-23,0.87,0.97,0.83,0.99,
SUZBW525,2025-09-23,1.94,2.29,1.94,2.29,
SUZBW530,2025-09-23,2.27,2.29,2.27,2.29,
SUZBW555,2025-09-23,4.1,4.1,4.1,4.1,
SUZBW588,2025-09-23,6.85,6.85,6.85,6.85,
SUZBX460,2025-09-23,0.41,0.43,0.41,0.43,
SUZBX485,2025-09-23,0.7,0.72,0.69,0.72,
SUZBX502,2025-09-23,1.39,1.39,1.39,1.39,
SUZBX542,2025-09-23,3.04,3.04,3.04,3.04,
SVAL11,2025-09-23,129.84,128.01,128.01,134,
TECK11,2025-09-23,114.3,111.56,111.22,114.55,
TECX11,2025-09-23,150.29,147.3,147.3,151,
TIRB11,2025-09-23,11.38,11.4,11.11,11.48,
TRIG11,2025-09-23,45.39,45.76,45.27,45.81,
UD:BOVABX950069,2025-09-23,91.97,91.97,91.97,91.97,
UD:BOVABX950070,2025-09-23,85.75,85.75,85.75,85.75,
USAL11,2025-09-23,15.35,15.14,15.13,15.35,
USDB11,2025-09-23,102.5,101.62,101.51,102.55,
USTK11,2025-09-23,18.2,17.72,17.61,18.2,
UTEC11,2025-09-23,23.8,23.33,23.31,24.03,
UTLL11,2025-09-23,100.6,102.1,100.6,102.21,
WEB311,2025-09-23,41.27,40.5,40.5,42,
WEGE3,2025-09-23,37.11,36.7,36.63,37.41,
WEGE3F,2025-09-23,37.17,36.8,36.63,37.4,
WEGEB375,2025-09-23,3.4,3.47,3.4,3.47,
WEGEF393,2025-09-23,4.08,3.98,3.98,4.08,
WEGEI360W4,2025-09-23,1.38,1.38,1.38,1.38,
WEGEI365W4,2025-09-23,0.96,0.57,0.57,0.97,
WEGEI370W4,2025-09-23,0.51,0.26,0.25,0.6,
WEGEI375W4,2025-09-23,0.2,0.13,0.13,0.33,
WEGEI380W4,2025-09-23,0.1,0.05,0.05,0.14,
WEGEI385W4,2025-09-23,0.06,0.02,0.02,0.06,
WEGEI395W4,2025-09-23,0.01,0.01,0.01,0.01,
WEGEJ349,2025-09-23,2.43,2.43,2.43,2.43,
WEGEJ357,2025-09-23,2.2,2.2,2.2,2.2,
WEGEJ359,2025-09-23,1.88,1.75,1.75,2.08,
WEGEJ360W1,2025-09-23,1.63,1.11,1.1,1.63,
WEGEJ362,2025-09-23,1.75,1.53,1.48,2,
WEGEJ365,2025-09-23,1.55,1.39,1.33,1.77,
WEGEJ365W1,2025-09-23,1.07,1.25,1.07,1.25,
WEGEJ365W5,2025-09-23,1.99,1.99,1.99,1.99,
WEGEJ367,2025-09-23,1.38,1.24,1.17,1.63,
WEGEJ369,2025-09-23,1.22,1.06,1.02,1.44,
WEGEJ370W1,2025-09-23,0.81,0.53,0.53,0.88,
WEGEJ372,2025-09-23,1.1,0.95,0.9,1.32,
WEGEJ374,2025-09-23,0.97,0.84,0.8,1.12,
WEGEJ375W1,2025-09-23,0.52,0.36,0.33,0.62,
WEGEJ375W2,2025-09-23,0.55,0.55,0.55,0.55,
WEGEJ377,2025-09-23,0.9,0.68,0.67,1.01,
WEGEJ379,2025-09-23,0.82,0.62,0.59,0.88,
WEGEJ380W1,2025-09-23,0.31,0.21,0.2,0.32,
WEGEJ382,2025-09-23,0.67,0.51,0.49,0.77,
WEGEJ384,2025-09-23,0.52,0.42,0.41,0.66,
WEGEJ385W1,2025-09-23,0.16,0.12,0.12,0.22,
WEGEJ385W2,2025-09-23,0.25,0.25,0.25,0.25,
WEGEJ387,2025-09-23,0.45,0.35,0.35,0.56,
WEGEJ389,2025-09-23,0.41,0.38,0.29,0.48,
WEGEJ390W1,2025-09-23,0.13,0.1,0.1,0.13,
WEGEJ390W2,2025-09-23,0.22,0.22,0.22,0.22,
WEGEJ392,2025-09-23,0.34,0.25,0.25,0.4,
WEGEJ394,2025-09-23,0.24,0.3,0.21,0.34,
WEGEJ395W1,2025-09-23,0.08,0.05,0.05,0.08,
WEGEJ397,2025-09-23,0.24,0.18,0.17,0.29,
WEGEJ399,2025-09-23,0.17,0.14,0.14,0.23,
WEGEJ402,2025-09-23,0.15,0.12,0.12,0.2,
WEGEJ404,2025-09-23,0.14,0.11,0.11,0.16,
WEGEJ405W4,2025-09-23,0.43,0.43,0.43,0.43,
WEGEJ407,2025-09-23,0.1,0.1,0.09,0.1,
WEGEJ409,2025-09-23,0.12,0.08,0.08,0.12,
WEGEJ412,2025-09-23,0.1,0.09,0.07,0.1,
WEGEJ415,2025-09-23,0.06,0.08,0.06,0.08,
WEGEJ417,2025-09-23,0.06,0.05,0.05,0.07,
WEGEJ419,2025-09-23,0.04,0.04,0.04,0.04,
WEGEJ420W2,2025-09-23,0.03,0.03,0.03,0.03,
WEGEJ422,2025-09-23,0.03,0.03,0.03,0.03,
WEGEJ427,2025-09-23,0.04,0.02,0.02,0.04,
WEGEJ429,2025-09-23,0.08,0.03,0.03,0.08,
WEGEJ437,2025-09-23,0.01,0.01,0.01,0.01,
WEGEK345,2025-09-23,3.88,3.88,3.88,3.88,
WEGEK348,2025-09-23,3.85,3.85,3.85,3.85,
WEGEK350,2025-09-23,3.64,3.13,3.13,3.64,
WEGEK353,2025-09-23,3.4,3.44,3.4,3.44,
WEGEK355,2025-09-23,2.79,2.8,2.79,2.8,
WEGEK360,2025-09-23,2.81,2.92,2.81,2.92,
WEGEK365,2025-09-23,2.59,2.16,2.14,2.59,
WEGEK368,2025-09-23,2.22,2.01,2.01,2.22,
WEGEK370,2025-09-23,2.09,1.86,1.86,2.25,
WEGEK373,2025-09-23,1.96,1.75,1.75,2.09,
WEGEK375,2025-09-23,1.8,1.63,1.6,1.88,
WEGEK380,2025-09-23,1.52,1.38,1.38,1.69,
WEGEK384,2025-09-23,1.49,1.49,1.49,1.49,
WEGEK385,2025-09-23,1.47,1.2,1.2,1.47,
WEGEK388,2025-09-23,1.25,1.13,1.13,1.25,
WEGEK390,2025-09-23,1.22,1.01,0.99,1.25,
WEGEK393,2025-09-23,1.12,0.91,0.91,1.14,
WEGEK395,2025-09-23,1.04,1.03,1.03,1.04,
WEGEK400,2025-09-23,1,0.77,0.75,1,
WEGEK408,2025-09-23,0.58,0.54,0.54,0.69,
WEGEK41,2025-09-23,0.5,0.4,0.4,0.5,
WEGEK410,2025-09-23,0.53,0.58,0.53,0.61,
WEGEK415,2025-09-23,0.46,0.46,0.46,0.46,
WEGEK419,2025-09-23,0.45,0.39,0.39,0.45,
WEGEK420,2025-09-23,0.37,0.37,0.37,0.37,
WEGEK423,2025-09-23,0.33,0.39,0.33,0.39,
WEGEK430,2025-09-23,0.28,0.27,0.27,0.28,
WEGEK439,2025-09-23,0.21,0.2,0.2,0.22,
WEGEK440,2025-09-23,0.2,0.2,0.2,0.2,
WEGEK443,2025-09-23,0.2,0.2,0.2,0.2,
WEGEK450,2025-09-23,0.15,0.16,0.15,0.16,
WEGEK455,2025-09-23,0.13,0.12,0.12,0.13,
WEGEK458,2025-09-23,0.11,0.12,0.11,0.12,
WEGEK480,2025-09-23,0.06,0.07,0.06,0.07,
WEGEK485,2025-09-23,0.06,0.06,0.06,0.06,
WEGEL350,2025-09-23,3.68,3.67,3.67,3.68,
WEGEL355,2025-09-23,3.63,3.3,3.3,3.63,
WEGEL368,2025-09-23,2.6,2.55,2.55,2.6,
WEGEL370,2025-09-23,2.7,2.8,2.7,2.8,
WEGEL380,2025-09-23,2.35,2.55,2.35,2.6,
WEGEL383,2025-09-23,1.8,1.87,1.61,1.87,
WEGEL410,2025-09-23,0.9,0.9,0.9,0.9,
WEGEL415,2025-09-23,0.74,0.69,0.69,1.15,
WEGEL457,2025-09-23,0.28,0.23,0.23,0.31,
WEGEL503,2025-09-23,0.08,0.08,0.08,0.08,
WEGEM545,2025-09-23,14.5,14.5,14.5,14.5,
WEGEN375,2025-09-23,1.5,1.5,1.5,1.5,
WEGEN401,2025-09-23,2.7,2.7,2.7,2.7,
WEGEO301,2025-09-23,0.24,0.24,0.24,0.24,
WEGEO311,2025-09-23,0.1,0.24,0.1,0.24,
WEGES38,2025-09-23,0.6,2.1,0.6,2.1,
WEGES399,2025-09-23,2.5,2.6,2.5,2.6,
WEGEU340W4,2025-09-23,0.01,0.01,0.01,0.01,
WEGEU345W4,2025-09-23,0.01,0.01,0.01,0.01,
WEGEU350W4,2025-09-23,0.01,0.01,0.01,0.01,
WEGEU355W4,2025-09-23,0.04,0.06,0.02,0.06,
WEGEU360W4,2025-09-23,0.08,0.11,0.04,0.14,
WEGEU365W4,2025-09-23,0.16,0.23,0.09,0.26,
WEGEU370W4,2025-09-23,0.37,0.46,0.2,0.46,
WEGEU375W4,2025-09-23,0.64,0.44,0.43,0.64,
WEGEU385W4,2025-09-23,1.36,1.55,1.36,1.56,
WEGEU390W4,2025-09-23,1.61,1.61,1.61,1.61,
WEGEV320W1,2025-09-23,0.01,0.01,0.01,0.01,
WEGEV325W5,2025-09-23,0.02,0.15,0.02,0.15,
WEGEV332,2025-09-23,0.06,0.06,0.04,0.06,
WEGEV334,2025-09-23,0.05,0.07,0.05,0.07,
WEGEV335W1,2025-09-23,0.02,0.02,0.02,0.02,
WEGEV335W2,2025-09-23,0.06,0.05,0.05,0.06,
WEGEV339,2025-09-23,0.09,0.11,0.07,0.11,
WEGEV340W1,2025-09-23,0.02,0.02,0.02,0.02,
WEGEV342,2025-09-23,0.12,0.13,0.11,0.13,
WEGEV344,2025-09-23,0.13,0.11,0.11,0.13,
WEGEV347,2025-09-23,0.13,0.2,0.13,0.2,
WEGEV349,2025-09-23,0.2,0.23,0.15,0.23,
WEGEV350W1,2025-09-23,0.06,0.1,0.06,0.1,
WEGEV350W2,2025-09-23,0.1,0.1,0.1,0.1,
WEGEV352,2025-09-23,0.19,0.25,0.17,0.28,
WEGEV354,2025-09-23,0.25,0.3,0.21,0.31,
WEGEV355W1,2025-09-23,0.14,0.09,0.08,0.14,
WEGEV355W2,2025-09-23,0.22,0.25,0.22,0.26,
WEGEV357,2025-09-23,0.29,0.35,0.25,0.38,
WEGEV359,2025-09-23,0.31,0.4,0.29,0.44,
WEGEV360W1,2025-09-23,0.15,0.29,0.15,0.29,
WEGEV360W2,2025-09-23,0.33,0.27,0.27,0.33,
WEGEV362,2025-09-23,0.39,0.49,0.34,0.53,
WEGEV365,2025-09-23,0.45,0.57,0.39,0.6,
WEGEV365W1,2025-09-23,0.36,0.25,0.25,0.37,
WEGEV367,2025-09-23,0.51,0.66,0.46,0.7,
WEGEV369,2025-09-23,0.6,0.77,0.54,0.8,
WEGEV370W1,2025-09-23,0.54,0.63,0.4,0.66,
WEGEV370W2,2025-09-23,0.71,0.71,0.71,0.71,
WEGEV372,2025-09-23,0.7,0.88,0.63,0.91,
WEGEV374,2025-09-23,0.9,0.99,0.73,1.04,
WEGEV375W1,2025-09-23,0.61,0.88,0.6,0.88,
WEGEV377,2025-09-23,1.08,1.12,0.84,1.12,
WEGEV379,2025-09-23,1.07,1.28,0.96,1.28,
WEGEV380W1,2025-09-23,0.97,0.97,0.97,0.97,
WEGEV382,2025-09-23,1.19,1.42,1.08,1.46,
WEGEV387,2025-09-23,1.37,1.44,1.37,1.44,
WEGEV389,2025-09-23,1.61,1.61,1.61,1.61,
WEGEV392,2025-09-23,1.82,1.75,1.75,1.9,
WEGEV394,2025-09-23,2.11,2.4,1.92,2.4,
WEGEV397,2025-09-23,2.11,2.11,2.11,2.11,
WEGEV399,2025-09-23,2.35,2.33,2.33,2.35,
WEGEV402,2025-09-23,2.65,2.54,2.5,2.68,
WEGEV404,2025-09-23,2.77,3.24,2.77,3.24,
WEGEV409,2025-09-23,3.47,3.17,3.16,3.47,
WEGEV412,2025-09-23,3.58,3.92,3.4,3.92,
WEGEV464,2025-09-23,9.11,9.11,9.11,9.11,
WEGEW250,2025-09-23,0.02,0.02,0.02,0.02,
WEGEW313,2025-09-23,0.12,0.14,0.12,0.14,
WEGEW315,2025-09-23,0.14,0.15,0.14,0.15,
WEGEW318,2025-09-23,0.17,0.18,0.13,0.18,
WEGEW320,2025-09-23,0.19,0.2,0.19,0.2,
WEGEW328,2025-09-23,0.26,0.26,0.26,0.26,
WEGEW330,2025-09-23,0.32,0.3,0.3,0.32,
WEGEW335,2025-09-23,0.36,0.36,0.36,0.36,
WEGEW338,2025-09-23,0.36,0.4,0.35,0.41,
WEGEW340,2025-09-23,0.38,0.38,0.38,0.38,
WEGEW345,2025-09-23,0.53,0.54,0.53,0.56,
WEGEW348,2025-09-23,0.49,0.6,0.47,0.61,
WEGEW350,2025-09-23,0.6,0.65,0.53,0.68,
WEGEW353,2025-09-23,0.63,0.74,0.6,0.74,
WEGEW355,2025-09-23,0.73,0.8,0.65,0.8,
WEGEW358,2025-09-23,0.83,0.87,0.77,0.87,
WEGEW360,2025-09-23,0.84,0.94,0.78,0.94,
WEGEW365,2025-09-23,1,1.13,0.99,1.13,
WEGEW366,2025-09-23,0.94,1.07,0.89,1.07,
WEGEW368,2025-09-23,1.18,1.22,1.03,1.25,
WEGEW370,2025-09-23,1.15,1.3,1.11,1.32,
WEGEW373,2025-09-23,1.38,1.22,1.2,1.38,
WEGEW375,2025-09-23,1.4,1.34,1.34,1.4,
WEGEW378,2025-09-23,1.55,1.44,1.44,1.55,
WEGEW384,2025-09-23,1.95,1.95,1.95,1.95,
WEGEW385,2025-09-23,1.82,1.82,1.82,1.82,
WEGEW390,2025-09-23,2.16,2.16,2.16,2.16,
WEGEW393,2025-09-23,2.32,2.31,2.31,2.32,
WEGEW395,2025-09-23,2.34,2.67,2.34,2.67,
WEGEW404,2025-09-23,2.87,3.25,2.87,3.27,
WEGEW405,2025-09-23,3.4,3.43,3.4,3.5,
WEGEW408,2025-09-23,3.48,3.33,3.26,3.48,
WEGEW410,2025-09-23,3.4,3.4,3.4,3.4,
WEGEW420,2025-09-23,4.3,4.3,4.3,4.3,
WEGEW439,2025-09-23,5.87,5.87,5.87,5.87,
WEGEW440,2025-09-23,6.43,6.43,6.43,6.43,
WEGEX324,2025-09-23,0.09,0.23,0.09,0.29,
WEGEX335,2025-09-23,0.25,0.46,0.25,0.46,
WEGEX365,2025-09-23,1.01,1.45,1,1.45,
WEGEX368,2025-09-23,1.2,1.15,1.15,1.5,
WEGEX370,2025-09-23,1.4,1.4,1.4,1.4,
WEGEX375,2025-09-23,1.35,1.6,1.35,1.6,
WEGEX415,2025-09-23,4,4,4,4,
WRLD11,2025-09-23,132.6,130.57,130.25,132.6,
XBOV11,2025-09-23,143.35,143.35,143.35,143.35,
XFIX11,2025-09-23,12.63,12.64,12.61,12.68,
XINA11,2025-09-23,8.8,8.64,8.64,8.83,
XRPH11,2025-09-23,24.15,23.55,23.55,24.15,
YDRO11,2025-09-23,47.42,45.85,45.85,48.38,
COIN11T,2025-09-23,85.71,85.71,85.71,85.71,
SPXR11T,2025-09-23,62.08,62.09,62.08,62.09,
SPXR11T,2025-09-23,69.53,69.17,69.13,69.54,
SPXR11T,2025-09-23,62.65,62.66,62.65,62.66,
HASH11T,2025-09-23,85.51,85.52,85.51,85.52,
HASH11T,2025-09-23,87.5,87.51,87.5,87.51,
ETHE11T,2025-09-23,65.99,66,65.99,66,
SPXR11T,2025-09-23,64.98,64.99,64.98,64.99,
AZUL4T,2025-09-23,1.29,1.3,1.29,1.3,
MRVE3T,2025-09-23,8.04,8.05,8.04,8.05,
MRVE3T,2025-09-23,7.9,7.91,7.9,7.91,
AZUL4T,2025-09-23,1.31,1.32,1.31,1.32,
WEGE3T,2025-09-23,38.86,38.87,38.86,38.87,
AZUL4T,2025-09-23,1.29,1.3,1.29,1.3,
RAPT4T,2025-09-23,7.39,7.4,7.39,7.4,
SPYI11T,2025-09-23,112.72,112.72,112.72,112.72,
IWMI11T,2025-09-23,82.96,82.96,82.96,82.96,
CASA11T,2025-09-23,95.56,95.56,95.56,95.56,
ABCB4,2025-09-23,22.95,23.12,22.92,23.34,
ABCB4F,2025-09-23,22.95,23.3,22.91,23.31,
ABCBJ221,2025-09-23,1.43,1.43,1.43,1.43,
ABCBJ226,2025-09-23,0.95,0.95,0.95,0.95,
ABCBJ231,2025-09-23,0.53,0.67,0.53,0.67,
ABCBJ236,2025-09-23,0.35,0.37,0.35,0.37,
ABCBJ238,2025-09-23,0.16,0.28,0.16,0.32,
ABCBJ251,2025-09-23,0.03,0.03,0.03,0.03,
ABCBK220,2025-09-23,1.76,1.73,1.73,1.76,
ABCBK230,2025-09-23,1.05,1.06,1.05,1.06,
ABCBK235,2025-09-23,0.76,0.81,0.76,0.81,
ABCBK240,2025-09-23,0.55,0.54,0.54,0.55,
ABCBK250,2025-09-23,0.26,0.23,0.23,0.26,
ABCBV226,2025-09-23,0.16,0.16,0.16,0.16,
ABCBV231,2025-09-23,0.35,0.35,0.35,0.35,
ABCBV251,2025-09-23,1.7,1.7,1.7,1.7,
ABCBW220,2025-09-23,0.22,0.22,0.22,0.22,
BAZA3,2025-09-23,78.02,77.49,77.37,78.57,
BAZA3F,2025-09-23,78.4,77.68,77.3,78.78,
BBDC3,2025-09-23,15.17,15.3,15.14,15.47,
BBDC3F,2025-09-23,15.17,15.37,15.14,15.47,
BBDC4,2025-09-23,17.78,17.85,17.66,18.05,
BBDC4F,2025-09-23,17.74,17.8,17.67,18.05,
BBDCA120,2025-09-23,8,7.83,7.78,8,
BBDCA131,2025-09-23,5.34,5.34,5.34,5.34,
BBDCA171,2025-09-23,1.8,2,1.8,2,
BBDCA179,2025-09-23,1.43,1.43,1.43,1.43,
BBDCA180,2025-09-23,2.42,2.42,2.42,2.42,
BBDCA200,2025-09-23,1.08,1.15,1.08,1.2,
BBDCA220,2025-09-23,0.35,0.3,0.3,0.35,
BBDCA723,2025-09-23,12.4,12.47,12.36,12.47,
BBDCB109,2025-09-23,9.1,9.1,9.1,9.1,
BBDCB11,2025-09-23,9.16,9.08,9.06,9.16,
BBDCB167,2025-09-23,3.37,3.37,3.37,3.37,
BBDCB177,2025-09-23,1.95,2.05,1.95,2.05,
BBDCB178,2025-09-23,3.5,3.5,3.5,3.5,
BBDCB197,2025-09-23,0.5,0.5,0.5,0.5,
BBDCB249,2025-09-23,0.95,0.95,0.95,0.95,
BBDCC165,2025-09-23,3,3,3,3,
BBDCC19,2025-09-23,2.25,2.25,2.25,2.25,
BBDCC22,2025-09-23,0.7,0.71,0.7,0.71,
BBDCD130,2025-09-23,7.31,7.37,7.31,7.37,
BBDCD140,2025-09-23,6.6,6.6,6.6,6.6,
BBDCD3,2025-09-23,3.02,3.02,3.02,3.02,
BBDCD342,2025-09-23,0.03,0.05,0.03,0.05,
BBDCE900,2025-09-23,11,11.06,11,11.06,
BBDCF11,2025-09-23,2.75,2.75,2.75,2.75,
BBDCF167,2025-09-23,4.1,4.1,4.1,4.1,
BBDCF180,2025-09-23,3.3,3.3,3.3,3.3,
BBDCF670,2025-09-23,12.4,12.52,12.34,12.6,
BBDCH103,2025-09-23,9.41,9.56,9.41,9.56,
BBDCH11,2025-09-23,8.64,8.69,8.64,8.69,
BBDCH159,2025-09-23,5.6,5.66,5.6,5.66,
BBDCI137W4,2025-09-23,4.17,4.17,4.17,4.17,
BBDCI160W4,2025-09-23,2,2.08,2,2.09,
BBDCI165W4,2025-09-23,1.35,1.49,1.35,1.56,
BBDCI167W4,2025-09-23,1.1,1.22,1.04,1.3,
BBDCI172W4,2025-09-23,0.65,0.78,0.6,0.86,
BBDCI177W4,2025-09-23,0.27,0.34,0.19,0.4,
BBDCI182W4,2025-09-23,0.05,0.1,0.03,0.1,
BBDCI187W4,2025-09-23,0.02,0.02,0.02,0.02,
BBDCI350,2025-09-23,0.08,0.08,0.08,0.08,
BBDCJ1,2025-09-23,0.05,0.05,0.04,0.06,
BBDCJ106,2025-09-23,7.24,7.19,7.19,7.24,
BBDCJ11,2025-09-23,6.69,6.69,6.69,6.69,
BBDCJ110,2025-09-23,6.99,6.94,6.94,6.99,
BBDCJ116,2025-09-23,6.25,6.25,6.25,6.25,
BBDCJ118,2025-09-23,6.63,6.56,6.55,6.63,
BBDCJ12,2025-09-23,5.32,5.35,5.32,5.37,
BBDCJ120,2025-09-23,7.49,7.49,7.49,7.49,
BBDCJ129W1,2025-09-23,4.98,4.98,4.98,4.98,
BBDCJ13,2025-09-23,4.38,4.26,4.26,4.39,
BBDCJ130,2025-09-23,5,5.09,5,5.1,
BBDCJ131,2025-09-23,2.26,2.26,2.26,2.26,
BBDCJ133,2025-09-23,4.71,4.71,4.71,4.71,
BBDCJ136,2025-09-23,1.88,1.85,1.84,1.88,
BBDCJ138,2025-09-23,4.65,4.65,4.65,4.65,
BBDCJ14,2025-09-23,1.52,1.52,1.52,1.52,
BBDCJ141,2025-09-23,3.63,3.63,3.63,3.63,
BBDCJ145,2025-09-23,1.35,1.28,1.28,1.35,
BBDCJ146,2025-09-23,0.69,0.84,0.69,0.9,
BBDCJ147,2025-09-23,0.96,1.11,0.96,1.11,
BBDCJ149,2025-09-23,3.56,3.55,3.55,3.6,
BBDCJ15,2025-09-23,0.25,0.34,0.25,0.39,
BBDCJ150,2025-09-23,3.06,3.12,3.03,3.17,
BBDCJ152,2025-09-23,0.54,0.65,0.52,0.69,
BBDCJ154W1,2025-09-23,2.62,2.62,2.62,2.62,
BBDCJ157,2025-09-23,2.7,2.84,2.7,2.93,
BBDCJ159,2025-09-23,0.16,0.23,0.16,0.28,
BBDCJ16,2025-09-23,0.1,0.13,0.1,0.19,
BBDCJ160,2025-09-23,5.1,5.15,5.1,5.15,
BBDCJ161,2025-09-23,1.68,1.82,1.65,1.97,
BBDCJ162,2025-09-23,2.22,2.32,2.18,2.44,
BBDCJ162W1,2025-09-23,1.87,1.83,1.73,1.89,
BBDCJ164W1,2025-09-23,1.39,1.6,1.39,1.6,
BBDCJ166,2025-09-23,0.05,0.06,0.05,0.06,
BBDCJ167,2025-09-23,1.53,1.65,1.53,1.75,
BBDCJ167W2,2025-09-23,1.43,1.4,1.4,1.43,
BBDCJ169W1,2025-09-23,1.03,1.15,1.03,1.17,
BBDCJ17,2025-09-23,2.68,2.54,2.54,2.68,
BBDCJ170,2025-09-23,3.35,3.29,3.24,3.35,
BBDCJ171,2025-09-23,0.9,1.01,0.81,1.09,
BBDCJ172,2025-09-23,0.02,0.02,0.02,0.02,
BBDCJ172W2,2025-09-23,1.01,1.01,1.01,1.01,
BBDCJ174,2025-09-23,0.72,0.8,0.63,0.89,
BBDCJ174W1,2025-09-23,0.61,0.66,0.58,0.74,
BBDCJ175,2025-09-23,2,2.14,2,2.22,
BBDCJ177,2025-09-23,0.01,0.01,0.01,0.01,
BBDCJ177W2,2025-09-23,0.47,0.58,0.47,0.58,
BBDCJ177W4,2025-09-23,0.6,0.73,0.6,0.73,
BBDCJ179W1,2025-09-23,0.26,0.31,0.22,0.37,
BBDCJ179W2,2025-09-23,0.31,0.38,0.31,0.41,
BBDCJ180,2025-09-23,3.6,3.6,3.6,3.6,
BBDCJ182,2025-09-23,0.42,0.51,0.36,0.55,
BBDCJ182W2,2025-09-23,0.27,0.26,0.24,0.3,
BBDCJ184W1,2025-09-23,0.08,0.11,0.08,0.13,
BBDCJ184W2,2025-09-23,0.19,0.19,0.19,0.19,
BBDCJ185,2025-09-23,0.22,0.26,0.18,0.31,
BBDCJ186,2025-09-23,0.52,0.64,0.48,0.71,
BBDCJ187W2,2025-09-23,0.11,0.14,0.11,0.14,
BBDCJ189,2025-09-23,1.2,1.41,1.2,1.5,
BBDCJ189W1,2025-09-23,0.03,0.03,0.03,0.06,
BBDCJ190,2025-09-23,0.11,0.13,0.09,0.15,
BBDCJ192,2025-09-23,0.01,0.01,0.01,0.01,
BBDCJ192W2,2025-09-23,0.05,0.06,0.05,0.06,
BBDCJ194,2025-09-23,0.07,0.09,0.07,0.11,
BBDCJ194W1,2025-09-23,0.01,0.01,0.01,0.01,
BBDCJ198,2025-09-23,0.05,0.07,0.05,0.08,
BBDCJ2,2025-09-23,0.32,0.37,0.28,0.42,
BBDCJ200,2025-09-23,2.28,2.28,2.28,2.28,
BBDCJ201,2025-09-23,0.02,0.03,0.02,0.03,
BBDCJ208,2025-09-23,0.02,0.02,0.02,0.02,
BBDCJ209,2025-09-23,0.14,0.18,0.13,0.22,
BBDCJ21,2025-09-23,0.01,0.01,0.01,0.01,
BBDCJ210,2025-09-23,0.01,0.01,0.01,0.01,
BBDCJ250,2025-09-23,0.01,0.01,0.01,0.01,
BBDCJ3,2025-09-23,1.11,1.2,0.99,1.3,
BBDCJ4,2025-09-23,0.03,0.03,0.03,0.04,
BBDCK131,2025-09-23,5.37,5.35,5.35,5.37,
BBDCK134,2025-09-23,5.05,5.16,5.05,5.16,
BBDCK139,2025-09-23,4.46,4.34,4.32,4.46,
BBDCK14,2025-09-23,3.45,3.41,3.36,3.45,
BBDCK140,2025-09-23,1.69,1.82,1.63,1.82,
BBDCK141,2025-09-23,4.22,4.22,4.22,4.22,
BBDCK145,2025-09-23,1.28,1.38,1.28,1.44,
BBDCK145W1,2025-09-23,3.69,3.69,3.69,3.69,
BBDCK149,2025-09-23,3.59,3.7,3.59,3.77,
BBDCK15,2025-09-23,0.95,1.08,0.95,1.08,
BBDCK151,2025-09-23,3.03,3.23,3.03,3.3,
BBDCK152,2025-09-23,3.95,3.95,3.95,3.95,
BBDCK155,2025-09-23,0.62,0.71,0.62,0.78,
BBDCK156,2025-09-23,2.75,2.75,2.69,2.84,
BBDCK157,2025-09-23,2.89,3,2.89,3.09,
BBDCK159,2025-09-23,2.53,2.48,2.48,2.62,
BBDCK160,2025-09-23,0.5,0.47,0.45,0.52,
BBDCK161,2025-09-23,2.15,2.25,2.15,2.38,
BBDCK164,2025-09-23,2.11,2.06,2.06,2.16,
BBDCK165,2025-09-23,0.25,0.29,0.25,0.32,
BBDCK166,2025-09-23,1.81,1.92,1.81,1.98,
BBDCK17,2025-09-23,1.45,1.53,1.45,1.61,
BBDCK170,2025-09-23,0.18,0.19,0.18,0.21,
BBDCK171,2025-09-23,1.67,1.71,1.65,1.75,
BBDCK174,2025-09-23,1.24,1.34,1.24,1.43,
BBDCK176,2025-09-23,1.05,1.18,1.04,1.26,
BBDCK179,2025-09-23,0.94,1.05,0.89,1.09,
BBDCK18,2025-09-23,0.58,0.63,0.55,0.69,
BBDCK181,2025-09-23,0.74,0.89,0.74,0.95,
BBDCK186,2025-09-23,0.72,0.77,0.65,0.81,
BBDCK19,2025-09-23,0.38,0.43,0.38,0.48,
BBDCK191,2025-09-23,0.51,0.58,0.44,0.58,
BBDCK194,2025-09-23,0.33,0.38,0.32,0.41,
BBDCK196,2025-09-23,0.3,0.29,0.28,0.33,
BBDCK20,2025-09-23,0.2,0.2,0.19,0.23,
BBDCK201,2025-09-23,0.22,0.24,0.2,0.26,
BBDCK204,2025-09-23,0.16,0.17,0.16,0.18,
BBDCK209,2025-09-23,0.1,0.11,0.1,0.12,
BBDCK21,2025-09-23,0.09,0.09,0.09,0.1,
BBDCK211,2025-09-23,0.15,0.14,0.13,0.15,
BBDCK213,2025-09-23,1.53,1.53,1.53,1.53,
BBDCK216,2025-09-23,0.05,0.05,0.05,0.05,
BBDCK221,2025-09-23,0.05,0.05,0.05,0.05,
BBDCK228,2025-09-23,0.03,0.03,0.03,0.03,
BBDCK236,2025-09-23,0.02,0.02,0.02,0.02,
BBDCK238,2025-09-23,0.02,0.02,0.02,0.02,
BBDCK241,2025-09-23,0.03,0.03,0.03,0.03,
BBDCK243,2025-09-23,0.01,0.01,0.01,0.01,
BBDCK248,2025-09-23,0.01,0.01,0.01,0.01,
BBDCK251,2025-09-23,0.01,0.01,0.01,0.01,
BBDCL147,2025-09-23,1.27,1.27,1.27,1.27,
BBDCL149,2025-09-23,4.2,4.2,4.2,4.2,
BBDCL155,2025-09-23,0.9,0.9,0.9,0.9,
BBDCL159,2025-09-23,2.84,2.84,2.84,2.84,
BBDCL160,2025-09-23,5,5,5,5,
BBDCL163,2025-09-23,2.3,2.34,2.3,2.34,
BBDCL166,2025-09-23,2.09,2.09,2.09,2.09,
BBDCL17,2025-09-23,1.3,1.3,1.3,1.3,
BBDCL170,2025-09-23,4.63,4.63,4.63,4.63,
BBDCL173,2025-09-23,1.8,1.77,1.77,1.82,
BBDCL175,2025-09-23,0.25,0.25,0.25,0.25,
BBDCL180,2025-09-23,1.52,1.43,1.3,1.55,
BBDCL183,2025-09-23,1.11,1.18,1.11,1.18,
BBDCL186,2025-09-23,0.82,0.81,0.81,0.82,
BBDCL188,2025-09-23,0.8,0.87,0.78,0.87,
BBDCL190,2025-09-23,3.21,3.41,2.78,3.41,
BBDCL193,2025-09-23,0.52,0.6,0.52,0.6,
BBDCL194,2025-09-23,0.43,0.52,0.43,0.52,
BBDCL20,2025-09-23,0.3,0.32,0.3,0.32,
BBDCL204,2025-09-23,0.15,0.15,0.15,0.15,
BBDCL219,2025-09-23,0.1,0.1,0.1,0.1,
BBDCL3,2025-09-23,1.83,1.93,1.83,1.93,
BBDCM180,2025-09-23,0.3,0.29,0.25,0.31,
BBDCM181,2025-09-23,0.8,0.8,0.8,0.8,
BBDCN13,2025-09-23,0.2,0.2,0.2,0.2,
BBDCN154,2025-09-23,0.06,0.18,0.06,0.18,
BBDCN164,2025-09-23,0.35,0.35,0.35,0.35,
BBDCN188,2025-09-23,1.1,1.1,1.1,1.1,
BBDCN3,2025-09-23,1.4,1.4,1.4,1.4,
BBDCO144,2025-09-23,0.29,0.25,0.25,0.29,
BBDCQ185,2025-09-23,0.91,0.91,0.91,0.91,
BBDCR11,2025-09-23,0.85,0.78,0.78,0.85,
BBDCR164,2025-09-23,0.23,0.23,0.19,0.23,
BBDCR200,2025-09-23,1.09,1.09,1.09,1.09,
BBDCU165W4,2025-09-23,0.01,0.01,0.01,0.01,
BBDCU167W4,2025-09-23,0.01,0.01,0.01,0.02,
BBDCU172W4,2025-09-23,0.05,0.03,0.02,0.05,
BBDCU177W4,2025-09-23,0.15,0.07,0.07,0.18,
BBDCU182W4,2025-09-23,0.46,0.33,0.26,0.48,
BBDCV120,2025-09-23,0.01,0.01,0.01,0.01,
BBDCV13,2025-09-23,0.01,0.01,0.01,0.01,
BBDCV131,2025-09-23,0.02,0.02,0.02,0.02,
BBDCV136,2025-09-23,0.03,0.03,0.03,0.04,
BBDCV137,2025-09-23,0.02,0.02,0.02,0.02,
BBDCV14,2025-09-23,0.05,0.05,0.05,0.05,
BBDCV141,2025-09-23,0.01,0.01,0.01,0.01,
BBDCV142,2025-09-23,0.01,0.01,0.01,0.01,
BBDCV145,2025-09-23,0.07,0.05,0.05,0.07,
BBDCV146,2025-09-23,0.15,0.1,0.09,0.15,
BBDCV149,2025-09-23,0.01,0.01,0.01,0.01,
BBDCV15,2025-09-23,0.45,0.35,0.34,0.46,
BBDCV150,2025-09-23,0.02,0.02,0.01,0.02,
BBDCV152,2025-09-23,0.22,0.17,0.16,0.22,
BBDCV157,2025-09-23,0.02,0.01,0.01,0.03,
BBDCV159,2025-09-23,0.61,0.5,0.44,0.62,
BBDCV159W1,2025-09-23,0.02,0.02,0.02,0.02,
BBDCV16,2025-09-23,0.82,0.65,0.6,0.82,
BBDCV161,2025-09-23,0.06,0.05,0.04,0.06,
BBDCV162,2025-09-23,0.03,0.04,0.03,0.04,
BBDCV162W1,2025-09-23,0.02,0.02,0.02,0.03,
BBDCV166,2025-09-23,1.05,1.05,1.05,1.05,
BBDCV167,2025-09-23,0.09,0.06,0.06,0.09,
BBDCV167W2,2025-09-23,0.06,0.06,0.06,0.06,
BBDCV169W1,2025-09-23,0.08,0.08,0.08,0.08,
BBDCV169W2,2025-09-23,0.11,0.11,0.11,0.11,
BBDCV17,2025-09-23,0.03,0.03,0.02,0.03,
BBDCV170,2025-09-23,0.01,0.02,0.01,0.02,
BBDCV171,2025-09-23,0.19,0.18,0.14,0.22,
BBDCV174,2025-09-23,0.26,0.21,0.19,0.3,
BBDCV174W1,2025-09-23,0.18,0.12,0.09,0.18,
BBDCV174W2,2025-09-23,0.17,0.17,0.17,0.17,
BBDCV175,2025-09-23,0.05,0.03,0.03,0.05,
BBDCV177W2,2025-09-23,0.24,0.23,0.22,0.24,
BBDCV179W1,2025-09-23,0.4,0.27,0.23,0.4,
BBDCV179W2,2025-09-23,0.28,0.32,0.28,0.32,
BBDCV182,2025-09-23,0.45,0.39,0.34,0.52,
BBDCV182W2,2025-09-23,0.49,0.5,0.49,0.5,
BBDCV184W1,2025-09-23,0.73,0.73,0.73,0.73,
BBDCV184W2,2025-09-23,0.6,0.6,0.6,0.6,
BBDCV185,2025-09-23,0.74,0.65,0.6,0.84,
BBDCV186,2025-09-23,0.34,0.33,0.26,0.4,
BBDCV189,2025-09-23,0.1,0.08,0.07,0.1,
BBDCV189W1,2025-09-23,0.91,0.99,0.91,1.05,
BBDCV190,2025-09-23,1.12,1.08,0.95,1.12,
BBDCV194,2025-09-23,1.27,1.19,1.19,1.27,
BBDCV194W1,2025-09-23,1.46,1.46,1.46,1.46,
BBDCV198,2025-09-23,1.5,1.37,1.37,1.5,
BBDCV199W1,2025-09-23,1.97,1.97,1.97,1.97,
BBDCV2,2025-09-23,0.59,0.5,0.46,0.64,
BBDCV204W1,2025-09-23,2.51,2.51,2.51,2.51,
BBDCV209,2025-09-23,0.97,0.82,0.76,0.97,
BBDCV272,2025-09-23,9.24,9.24,9.24,9.24,
BBDCV3,2025-09-23,0.14,0.12,0.1,0.17,
BBDCW126,2025-09-23,0.02,0.02,0.02,0.02,
BBDCW13,2025-09-23,0.03,0.03,0.03,0.03,
BBDCW131,2025-09-23,0.02,0.02,0.02,0.02,
BBDCW132,2025-09-23,0.08,0.08,0.08,0.08,
BBDCW135,2025-09-23,0.08,0.08,0.08,0.08,
BBDCW136,2025-09-23,0.03,0.03,0.03,0.03,
BBDCW137,2025-09-23,0.1,0.09,0.09,0.11,
BBDCW14,2025-09-23,0.06,0.06,0.06,0.06,
BBDCW140,2025-09-23,0.14,0.14,0.14,0.14,
BBDCW141,2025-09-23,0.03,0.04,0.03,0.04,
BBDCW142,2025-09-23,0.17,0.17,0.17,0.17,
BBDCW145,2025-09-23,0.26,0.2,0.2,0.26,
BBDCW149,2025-09-23,0.05,0.05,0.05,0.06,
BBDCW15,2025-09-23,0.42,0.42,0.42,0.42,
BBDCW151,2025-09-23,0.08,0.07,0.07,0.08,
BBDCW152,2025-09-23,0.05,0.05,0.05,0.05,
BBDCW156,2025-09-23,0.11,0.12,0.1,0.12,
BBDCW157,2025-09-23,0.09,0.08,0.08,0.1,
BBDCW159,2025-09-23,0.13,0.13,0.12,0.13,
BBDCW161,2025-09-23,0.18,0.16,0.15,0.18,
BBDCW164,2025-09-23,0.19,0.19,0.18,0.2,
BBDCW165,2025-09-23,1.19,1.09,1.07,1.19,
BBDCW166,2025-09-23,0.27,0.22,0.21,0.27,
BBDCW17,2025-09-23,0.36,0.33,0.31,0.36,
BBDCW171,2025-09-23,0.33,0.27,0.26,0.33,
BBDCW174,2025-09-23,0.43,0.41,0.38,0.45,
BBDCW176,2025-09-23,0.55,0.47,0.45,0.55,
BBDCW179,2025-09-23,0.63,0.57,0.53,0.66,
BBDCW18,2025-09-23,0.98,0.94,0.87,1.04,
BBDCW181,2025-09-23,0.67,0.71,0.65,0.71,
BBDCW186,2025-09-23,0.88,0.78,0.76,0.88,
BBDCW19,2025-09-23,1.21,1.26,1.16,1.26,
BBDCW191,2025-09-23,1.06,1.05,1.01,1.09,
BBDCW194,2025-09-23,1.37,1.36,1.33,1.37,
BBDCX141,2025-09-23,0.2,0.04,0.04,0.2,
BBDCX150,2025-09-23,0.41,0.41,0.41,0.41,
BBDCX151,2025-09-23,0.11,0.11,0.11,0.11,
BBDCX160,2025-09-23,0.4,0.4,0.4,0.4,
BBDCX173,2025-09-23,0.36,0.36,0.36,0.36,
BBDCX180,2025-09-23,0.52,0.54,0.48,0.54,
BBDCX185,2025-09-23,2.4,2.35,2.35,2.4,
BBDCX282,2025-09-23,9.5,9.5,9.5,9.5,
BBDCX3,2025-09-23,0.32,0.34,0.32,0.34,
BEES3,2025-09-23,8.28,8.18,8.17,8.3,
BEES3F,2025-09-23,8.16,8.19,8.16,8.26,
BEES4,2025-09-23,8.25,8.25,8.24,8.25,
BEES4F,2025-09-23,8.22,8.24,8.22,8.29,
BGIP3,2025-09-23,31.71,32.49,31.71,32.51,
BGIP3F,2025-09-23,33.99,33,33,34.98,
BGIP4,2025-09-23,28.2,28.4,27.93,28.49,
BGIP4F,2025-09-23,27.85,27.92,27.85,28.93,
BMEB3,2025-09-23,43,44,43,44,
BMEB3F,2025-09-23,41.5,43.99,41.5,44.07,
BMEB4,2025-09-23,50.24,50.86,50.24,51.49,
BMEB4F,2025-09-23,50.8,50.4,50.07,51.45,
BMIN3F,2025-09-23,21.45,21,20.06,21.45,
BMIN4,2025-09-23,16.9,16.9,16.9,16.9,
BMIN4F,2025-09-23,17.09,17.18,17.09,17.18,
BNBR3F,2025-09-23,98,99.53,98,99.53,
BPAN4,2025-09-23,8.04,8.14,7.99,8.19,
BPAN4F,2025-09-23,7.97,8.15,7.92,8.18,
BPANJ699,2025-09-23,1.21,1.21,1.21,1.21,
BPANJ799,2025-09-23,0.41,0.41,0.39,0.41,
BPANJ819,2025-09-23,0.28,0.29,0.28,0.29,
BPANJ839,2025-09-23,0.16,0.17,0.16,0.2,
BPANJ859,2025-09-23,0.1,0.13,0.1,0.13,
BPANJ879,2025-09-23,0.06,0.06,0.06,0.06,
BPANJ899,2025-09-23,0.05,0.05,0.05,0.05,
BPANJ919,2025-09-23,0.04,0.04,0.04,0.04,
BPANK660,2025-09-23,1.7,1.74,1.7,1.78,
BPANK880,2025-09-23,0.25,0.24,0.24,0.25,
BPANK900,2025-09-23,0.17,0.19,0.17,0.19,
BPANK940,2025-09-23,0.11,0.11,0.11,0.11,
BPANL600,2025-09-23,2.37,2.44,2.37,2.55,
BPANL690,2025-09-23,1.62,1.6,1.6,1.62,
BPANV100,2025-09-23,1.54,1.54,1.54,1.54,
BPANV719,2025-09-23,0.03,0.03,0.03,0.03,
BPANV739,2025-09-23,0.03,0.03,0.03,0.03,
BPANV769,2025-09-23,0.08,0.08,0.08,0.08,
BPANV799,2025-09-23,0.17,0.15,0.15,0.17,
BPANV800,2025-09-23,0.1,0.09,0.09,0.1,
BPANV819,2025-09-23,0.28,0.23,0.23,0.28,
BPANV839,2025-09-23,0.33,0.33,0.33,0.33,
BPANV859,2025-09-23,0.47,0.47,0.47,0.47,
BPANV879,2025-09-23,0.62,0.64,0.62,0.64,
BPANW760,2025-09-23,0.15,0.15,0.15,0.15,
BRAP3,2025-09-23,15.55,15.55,15.53,15.71,
BRAP3F,2025-09-23,15.66,15.55,15.52,15.74,
BRAP4,2025-09-23,17.17,17.15,17,17.2,
BRAP4F,2025-09-23,17.09,17.16,17.01,17.2,
BRAPJ159,2025-09-23,1.29,1.3,1.29,1.3,
BRAPJ163,2025-09-23,1.1,1.07,1.07,1.12,
BRAPJ165,2025-09-23,0.87,0.93,0.87,0.93,
BRAPJ170,2025-09-23,0.54,0.53,0.52,0.57,
BRAPJ175,2025-09-23,0.28,0.28,0.27,0.31,
BRAPJ180,2025-09-23,0.14,0.14,0.13,0.16,
BRAPJ185,2025-09-23,0.07,0.07,0.07,0.07,
BRAPJ190,2025-09-23,0.03,0.03,0.03,0.03,
BRAPJ195,2025-09-23,0.02,0.03,0.02,0.03,
BRAPJ225,2025-09-23,0.01,0.01,0.01,0.01,
BRAPK159,2025-09-23,1.55,1.55,1.55,1.55,
BRAPK160,2025-09-23,2.43,2.43,2.43,2.43,
BRAPK165,2025-09-23,1.23,1.23,1.23,1.23,
BRAPK168,2025-09-23,1.07,1.01,1.01,1.07,
BRAPK170,2025-09-23,0.87,0.87,0.87,0.87,
BRAPK173,2025-09-23,0.75,0.73,0.71,0.75,
BRAPK175,2025-09-23,0.62,0.61,0.61,0.63,
BRAPK180,2025-09-23,0.38,0.39,0.38,0.41,
BRAPK185,2025-09-23,0.25,0.26,0.25,0.26,
BRAPK190,2025-09-23,0.16,0.15,0.15,0.16,
BRAPK215,2025-09-23,0.02,0.02,0.02,0.02,
BRAPL182,2025-09-23,0.52,0.52,0.52,0.52,
BRAPL189,2025-09-23,0.27,0.27,0.27,0.27,
BRAPL250,2025-09-23,0.05,0.06,0.03,0.06,
BRAPM170,2025-09-23,0.56,0.56,0.56,0.56,
BRAPN160,2025-09-23,0.22,0.22,0.22,0.22,
BRAPS185,2025-09-23,1.35,1.35,1.35,1.35,
BRAPV135,2025-09-23,0.04,0.04,0.04,0.04,
BRAPV145,2025-09-23,0.02,0.02,0.02,0.03,
BRAPV155,2025-09-23,0.05,0.05,0.05,0.06,
BRAPV159,2025-09-23,0.11,0.09,0.09,0.11,
BRAPV160,2025-09-23,0.04,0.04,0.04,0.04,
BRAPV163,2025-09-23,0.13,0.12,0.11,0.13,
BRAPV165,2025-09-23,0.17,0.16,0.16,0.19,
BRAPV170,2025-09-23,0.29,0.32,0.29,0.35,
BRAPV175,2025-09-23,0.6,0.56,0.55,0.6,
BRAPV180,2025-09-23,0.9,0.9,0.9,0.9,
BRAPV185,2025-09-23,1.33,1.33,1.33,1.33,
BRAPW153,2025-09-23,0.1,0.1,0.1,0.1,
BRAPW155,2025-09-23,0.13,0.14,0.13,0.14,
BRAPW158,2025-09-23,0.16,0.16,0.16,0.16,
BRAPW159,2025-09-23,0.22,0.2,0.2,0.22,
BRAPW160,2025-09-23,0.09,0.09,0.09,0.1,
BRAPW163,2025-09-23,0.26,0.24,0.24,0.26,
BRAPW165,2025-09-23,0.3,0.31,0.3,0.31,
BRAPW168,2025-09-23,0.39,0.37,0.37,0.39,
BRAPW170,2025-09-23,0.47,0.47,0.46,0.47,
BRAPX18,2025-09-23,0.3,0.31,0.3,0.31,
BRSR3,2025-09-23,13.14,13,12.93,13.14,
BRSR3F,2025-09-23,13.15,13.01,12.96,13.15,
BRSR5F,2025-09-23,15.27,15.27,15.26,15.27,
BRSR6,2025-09-23,11.74,11.74,11.66,11.86,
BRSR6F,2025-09-23,11.81,11.85,11.67,11.87,
BRSRJ117,2025-09-23,0.45,0.49,0.45,0.49,
BRSRJ118,2025-09-23,0.32,0.32,0.32,0.32,
BRSRJ122,2025-09-23,0.18,0.19,0.17,0.19,
BRSRJ125,2025-09-23,0.08,0.09,0.08,0.1,
BRSRJ127,2025-09-23,0.04,0.04,0.04,0.04,
BRSRJ132,2025-09-23,0.01,0.01,0.01,0.01,
BRSRK117,2025-09-23,0.77,0.77,0.77,0.77,
BRSRK120,2025-09-23,0.57,0.6,0.57,0.65,
BRSRK123,2025-09-23,0.33,0.33,0.33,0.33,
BRSRK128,2025-09-23,0.2,0.2,0.2,0.2,
BRSRK132,2025-09-23,0.14,0.14,0.14,0.14,
BRSRL146,2025-09-23,0.25,0.23,0.23,0.25,
BRSRV102,2025-09-23,0.02,0.02,0.02,0.02,
BRSRV112,2025-09-23,0.03,0.03,0.03,0.03,
BRSRV115,2025-09-23,0.06,0.06,0.06,0.06,
BRSRV117,2025-09-23,0.13,0.1,0.1,0.13,
BRSRV118,2025-09-23,0.22,0.19,0.19,0.22,
BRSRV125,2025-09-23,0.51,0.45,0.45,0.51,
BRSRV137,2025-09-23,1.68,1.64,1.64,1.68,
BRSRW115,2025-09-23,0.16,0.16,0.16,0.16,
BRSRW120,2025-09-23,0.31,0.31,0.31,0.31,
BSLI3,2025-09-23,9.23,9.21,9.2,9.25,
BSLI3F,2025-09-23,9.01,9.22,9.01,9.23,
BSLI4,2025-09-23,9.49,9.93,9.3,10.18,
BSLI4F,2025-09-23,9.35,9.63,9.3,10.08,
ITSA3,2025-09-23,11.33,11.5,11.28,11.53,
ITSA3F,2025-09-23,11.32,11.5,11.28,11.53,
ITSA4,2025-09-23,11.31,11.45,11.27,11.53,
ITSA4F,2025-09-23,11.3,11.48,11.27,11.53,
ITSAA113,2025-09-23,0.89,0.89,0.89,0.89,
ITSAA119,2025-09-23,0.47,0.47,0.47,0.47,
ITSAB122,2025-09-23,0.27,0.27,0.27,0.27,
ITSAE820,2025-09-23,4.9,4.9,4.9,4.9,
ITSAG150,2025-09-23,0.59,0.65,0.59,0.65,
ITSAI105W4,2025-09-23,1.16,1.16,1.16,1.16,
ITSAI110W4,2025-09-23,0.68,0.69,0.68,0.69,
ITSAI115W4,2025-09-23,0.11,0.23,0.11,0.25,
ITSAI135W4,2025-09-23,0.02,0.02,0.02,0.02,
ITSAI192,2025-09-23,0.06,0.06,0.06,0.06,
ITSAJ100,2025-09-23,1.8,1.81,1.79,1.81,
ITSAJ105,2025-09-23,1.32,1.3,1.3,1.33,
ITSAJ105W2,2025-09-23,1.06,1.05,1.04,1.06,
ITSAJ107,2025-09-23,0.93,1.09,0.93,1.09,
ITSAJ109,2025-09-23,0.67,0.85,0.67,0.87,
ITSAJ110,2025-09-23,3.29,3.29,3.28,3.29,
ITSAJ110W1,2025-09-23,0.51,0.55,0.51,0.6,
ITSAJ110W2,2025-09-23,0.47,0.61,0.46,0.61,
ITSAJ110W4,2025-09-23,0.6,0.69,0.6,0.7,
ITSAJ112,2025-09-23,0.53,0.62,0.53,0.65,
ITSAJ114,2025-09-23,0.31,0.42,0.31,0.45,
ITSAJ115W1,2025-09-23,0.13,0.18,0.13,0.2,
ITSAJ115W2,2025-09-23,0.23,0.24,0.23,0.24,
ITSAJ115W4,2025-09-23,0.26,0.34,0.25,0.35,
ITSAJ115W5,2025-09-23,0.32,0.36,0.3,0.38,
ITSAJ117,2025-09-23,0.2,0.26,0.18,0.29,
ITSAJ120,2025-09-23,0.07,0.14,0.07,0.17,
ITSAJ120W1,2025-09-23,0.03,0.02,0.02,0.03,
ITSAJ120W2,2025-09-23,0.04,0.06,0.04,0.06,
ITSAJ120W4,2025-09-23,0.09,0.12,0.08,0.14,
ITSAJ120W5,2025-09-23,0.12,0.15,0.11,0.17,
ITSAJ122,2025-09-23,0.05,0.08,0.05,0.09,
ITSAJ124,2025-09-23,0.03,0.04,0.02,0.04,
ITSAJ125W4,2025-09-23,0.05,0.03,0.03,0.05,
ITSAJ127,2025-09-23,0.02,0.01,0.01,0.02,
ITSAJ129,2025-09-23,0.01,0.01,0.01,0.01,
ITSAJ865,2025-09-23,3.08,3.08,3.08,3.08,
ITSAJ877,2025-09-23,2.67,2.67,2.67,2.67,
ITSAJ925,2025-09-23,2.48,2.48,2.48,2.48,
ITSAJ935,2025-09-23,2.38,2.42,2.38,2.42,
ITSAJ945,2025-09-23,2.28,2.28,2.28,2.28,
ITSAJ955,2025-09-23,2.19,2.19,2.19,2.19,
ITSAJ975,2025-09-23,1.99,1.99,1.99,1.99,
ITSAJ989,2025-09-23,1.69,1.69,1.69,1.69,
ITSAK107,2025-09-23,1.22,1.24,1.22,1.24,
ITSAK110,2025-09-23,0.88,1.01,0.88,1.02,
ITSAK112,2025-09-23,0.78,0.81,0.78,0.83,
ITSAK115,2025-09-23,0.55,0.63,0.55,0.65,
ITSAK117,2025-09-23,0.45,0.48,0.45,0.5,
ITSAK119,2025-09-23,0.29,0.35,0.29,0.36,
ITSAK122,2025-09-23,0.21,0.24,0.21,0.26,
ITSAK124,2025-09-23,0.13,0.16,0.13,0.18,
ITSAK127,2025-09-23,0.1,0.11,0.1,0.11,
ITSAK129,2025-09-23,0.07,0.07,0.07,0.07,
ITSAK133,2025-09-23,0.03,0.03,0.03,0.03,
ITSAK137,2025-09-23,0.02,0.02,0.02,0.02,
ITSAK138,2025-09-23,0.01,0.01,0.01,0.01,
ITSAK847,2025-09-23,3.36,3.36,3.36,3.36,
ITSAK967,2025-09-23,2.2,2.2,2.2,2.2,
ITSAL102,2025-09-23,1.8,1.81,1.8,1.81,
ITSAL112,2025-09-23,0.88,0.94,0.88,0.96,
ITSAL113,2025-09-23,1.18,1.18,1.18,1.18,
ITSAL117,2025-09-23,0.56,0.63,0.56,0.63,
ITSAL120,2025-09-23,0.35,0.36,0.35,0.36,
ITSAL122,2025-09-23,0.28,0.28,0.28,0.28,
ITSAL129,2025-09-23,0.8,0.8,0.8,0.8,
ITSAL140,2025-09-23,0.43,0.48,0.43,0.51,
ITSAL908,2025-09-23,4.2,4.2,4.2,4.2,
ITSAM11,2025-09-23,0.14,0.14,0.14,0.14,
ITSAM110,2025-09-23,0.18,0.11,0.11,0.18,
ITSAM113,2025-09-23,0.31,0.31,0.31,0.31,
ITSAM150,2025-09-23,1.78,1.78,1.78,1.78,
ITSAM905,2025-09-23,0.01,0.01,0.01,0.01,
ITSAN106,2025-09-23,0.04,0.04,0.04,0.04,
ITSAN108,2025-09-23,0.2,0.2,0.2,0.2,
ITSAN120,2025-09-23,0.49,0.49,0.49,0.49,
ITSAP119,2025-09-23,0.55,0.55,0.55,0.55,
ITSAU110W4,2025-09-23,0.01,0.01,0.01,0.01,
ITSAU115W4,2025-09-23,0.1,0.04,0.03,0.1,
ITSAU120W4,2025-09-23,0.38,0.35,0.35,0.38,
ITSAV100,2025-09-23,0.01,0.01,0.01,0.01,
ITSAV102,2025-09-23,0.02,0.01,0.01,0.02,
ITSAV105,2025-09-23,0.01,0.02,0.01,0.02,
ITSAV105W5,2025-09-23,0.04,0.04,0.04,0.05,
ITSAV107,2025-09-23,0.03,0.03,0.02,0.03,
ITSAV107W4,2025-09-23,0.04,0.05,0.04,0.05,
ITSAV109,2025-09-23,0.05,0.04,0.03,0.05,
ITSAV110W1,2025-09-23,0.04,0.03,0.02,0.04,
ITSAV110W2,2025-09-23,0.06,0.04,0.04,0.06,
ITSAV110W4,2025-09-23,0.09,0.1,0.09,0.1,
ITSAV110W5,2025-09-23,0.13,0.1,0.08,0.13,
ITSAV112,2025-09-23,0.08,0.06,0.06,0.09,
ITSAV114,2025-09-23,0.17,0.12,0.11,0.17,
ITSAV115W1,2025-09-23,0.19,0.13,0.12,0.19,
ITSAV115W4,2025-09-23,0.33,0.21,0.21,0.33,
ITSAV115W5,2025-09-23,0.3,0.25,0.25,0.3,
ITSAV117,2025-09-23,0.27,0.21,0.2,0.27,
ITSAV120,2025-09-23,0.37,0.34,0.33,0.37,
ITSAV120W1,2025-09-23,0.45,0.47,0.45,0.47,
ITSAV120W5,2025-09-23,0.61,0.51,0.51,0.61,
ITSAV122,2025-09-23,0.51,0.51,0.5,0.52,
ITSAV124,2025-09-23,0.71,0.73,0.71,0.73,
ITSAV127,2025-09-23,0.95,0.96,0.95,0.96,
ITSAV129,2025-09-23,1.2,1.2,1.2,1.2,
ITSAV132,2025-09-23,1.5,1.5,1.5,1.5,
ITSAV172,2025-09-23,5.38,5.38,5.38,5.38,
ITSAV955,2025-09-23,0.01,0.01,0.01,0.01,
ITSAW102,2025-09-23,0.04,0.04,0.04,0.04,
ITSAW104,2025-09-23,0.05,0.04,0.04,0.05,
ITSAW107,2025-09-23,0.06,0.06,0.06,0.06,
ITSAW110,2025-09-23,0.1,0.1,0.09,0.1,
ITSAW112,2025-09-23,0.15,0.14,0.13,0.15,
ITSAW115,2025-09-23,0.25,0.21,0.2,0.25,
ITSAW117,2025-09-23,0.37,0.29,0.29,0.37,
ITSAW119,2025-09-23,0.41,0.41,0.4,0.42,
ITSAW122,2025-09-23,0.57,0.55,0.54,0.57,
ITSAW124,2025-09-23,0.7,0.71,0.7,0.71,
ITSAW127,2025-09-23,0.89,0.87,0.87,0.89,
ITSAW129,2025-09-23,1.09,1.12,1.09,1.12,
ITSAW152,2025-09-23,3.24,3.23,3.22,3.24,
ITSAX105,2025-09-23,0.07,0.06,0.05,0.07,
ITSAX107,2025-09-23,0.08,0.08,0.08,0.08,
ITSAX112,2025-09-23,0.15,0.15,0.15,0.15,
ITSAX113,2025-09-23,0.13,0.11,0.1,0.13,
ITSAX117,2025-09-23,0.31,0.31,0.31,0.31,
ITSAX129,2025-09-23,0.27,0.22,0.22,0.27,
ITSAX140,2025-09-23,0.45,0.42,0.42,0.45,
ITSAX157,2025-09-23,3.75,3.75,3.74,3.75,
ITSAX89,2025-09-23,0.02,0.02,0.02,0.02,
ITSAX954,2025-09-23,0.07,0.07,0.07,0.07,
ITSAX99,2025-09-23,0.02,0.02,0.02,0.02,
ITUB3,2025-09-23,34.14,34.54,34.14,34.79,
ITUB3F,2025-09-23,34.11,34.64,34.11,34.78,
ITUB4,2025-09-23,38.47,39.05,38.47,39.24,
ITUB4F,2025-09-23,38.46,38.98,38.45,39.24,
ITUBA32,2025-09-23,16.5,16.5,16.5,16.5,
ITUBA427,2025-09-23,0.9,1,0.9,1,
ITUBB320,2025-09-23,16.3,16.3,16.3,16.3,
ITUBC404,2025-09-23,2.9,2.9,2.9,2.9,
ITUBF367,2025-09-23,6.8,6.82,6.8,6.82,
ITUBG355,2025-09-23,12.26,12.26,12.26,12.26,
ITUBG362,2025-09-23,6.72,6.72,6.72,6.72,
ITUBI365W4,2025-09-23,3.01,3.01,3.01,3.01,
ITUBI370W4,2025-09-23,2.51,2.51,2.51,2.51,
ITUBI380W4,2025-09-23,1.5,1.56,1.5,1.56,
ITUBI384W4,2025-09-23,0.54,0.92,0.54,0.93,
ITUBI385W4,2025-09-23,0.8,1.12,0.8,1.12,
ITUBI389W4,2025-09-23,0.32,0.52,0.32,0.55,
ITUBI390W4,2025-09-23,0.37,0.71,0.37,0.71,
ITUBI394W4,2025-09-23,0.16,0.26,0.16,0.26,
ITUBI395W4,2025-09-23,0.23,0.36,0.23,0.4,
ITUBI399W4,2025-09-23,0.09,0.1,0.08,0.12,
ITUBI400W4,2025-09-23,0.09,0.15,0.09,0.15,
ITUBI405W4,2025-09-23,0.06,0.08,0.06,0.08,
ITUBI410W4,2025-09-23,0.02,0.04,0.02,0.04,
ITUBI415W4,2025-09-23,0.01,0.01,0.01,0.01,
ITUBJ313,2025-09-23,8.39,8.45,8.39,8.45,
ITUBJ314,2025-09-23,7.93,7.92,7.92,7.93,
ITUBJ315,2025-09-23,8.1,8.1,8.1,8.1,
ITUBJ32,2025-09-23,7.5,7.5,7.5,7.5,
ITUBJ326,2025-09-23,6.91,6.91,6.91,6.91,
ITUBJ329,2025-09-23,6.66,6.66,6.66,6.66,
ITUBJ332,2025-09-23,5.94,5.94,5.94,5.94,
ITUBJ333,2025-09-23,6.48,6.67,6.43,6.68,
ITUBJ342,2025-09-23,5.82,5.93,5.75,5.93,
ITUBJ345W1,2025-09-23,4.81,4.81,4.81,4.81,
ITUBJ346,2025-09-23,5.45,5.45,5.45,5.45,
ITUBJ349,2025-09-23,5.02,5.04,5.02,5.04,
ITUBJ350,2025-09-23,4.47,4.75,4.47,4.75,
ITUBJ350W2,2025-09-23,4.35,4.35,4.35,4.35,
ITUBJ353,2025-09-23,4.41,4.5,4.29,4.5,
ITUBJ358,2025-09-23,3.87,4.11,3.87,4.11,
ITUBJ363,2025-09-23,3.39,3.53,3.39,3.53,
ITUBJ365W2,2025-09-23,2.94,2.94,2.94,2.94,
ITUBJ366,2025-09-23,3.11,3.35,3.11,3.35,
ITUBJ368,2025-09-23,3.11,3.08,3.08,3.11,
ITUBJ370W1,2025-09-23,2.28,2.28,2.28,2.28,
ITUBJ370W2,2025-09-23,2.47,2.47,2.47,2.47,
ITUBJ371,2025-09-23,2.65,2.87,2.65,2.93,
ITUBJ373,2025-09-23,2.32,2.69,2.32,2.69,
ITUBJ375W2,2025-09-23,2.1,2.1,2.1,2.1,
ITUBJ375W4,2025-09-23,2.19,2.44,2.15,2.44,
ITUBJ376,2025-09-23,2.01,2.43,2,2.5,
ITUBJ380W1,2025-09-23,1.34,1.53,1.34,1.53,
ITUBJ380W4,2025-09-23,1.76,2,1.75,2.01,
ITUBJ380W5,2025-09-23,1.97,1.95,1.95,1.97,
ITUBJ381,2025-09-23,1.88,2.22,1.88,2.28,
ITUBJ383,2025-09-23,1.43,1.85,1.42,1.86,
ITUBJ384,2025-09-23,1.7,2.01,1.7,2.08,
ITUBJ385W1,2025-09-23,0.75,1.12,0.75,1.12,
ITUBJ385W2,2025-09-23,1.26,1.26,1.26,1.26,
ITUBJ385W4,2025-09-23,0.9,1.68,0.9,1.68,
ITUBJ386,2025-09-23,1.3,1.62,1.3,1.68,
ITUBJ388,2025-09-23,1.12,1.45,1.09,1.5,
ITUBJ390W1,2025-09-23,0.49,0.74,0.49,0.76,
ITUBJ390W2,2025-09-23,0.95,0.97,0.95,0.98,
ITUBJ390W4,2025-09-23,1.13,1.15,1.13,1.15,
ITUBJ391,2025-09-23,0.99,1.28,0.99,1.32,
ITUBJ393,2025-09-23,0.82,1.11,0.82,1.17,
ITUBJ395W1,2025-09-23,0.35,0.49,0.35,0.5,
ITUBJ395W4,2025-09-23,0.93,0.91,0.91,0.93,
ITUBJ396,2025-09-23,0.73,0.97,0.7,1.02,
ITUBJ398,2025-09-23,0.62,0.84,0.59,0.89,
ITUBJ400,2025-09-23,3.5,3.85,3.5,3.85,
ITUBJ400W1,2025-09-23,0.22,0.29,0.22,0.3,
ITUBJ400W2,2025-09-23,0.43,0.43,0.43,0.43,
ITUBJ401,2025-09-23,0.5,0.74,0.5,0.75,
ITUBJ403,2025-09-23,0.45,0.61,0.45,0.63,
ITUBJ405W1,2025-09-23,0.14,0.17,0.14,0.17,
ITUBJ405W2,2025-09-23,0.3,0.3,0.3,0.3,
ITUBJ405W5,2025-09-23,0.52,0.72,0.52,0.72,
ITUBJ408,2025-09-23,0.32,0.42,0.32,0.45,
ITUBJ409,2025-09-23,0.34,0.5,0.34,0.54,
ITUBJ410W1,2025-09-23,0.08,0.09,0.08,0.09,
ITUBJ410W2,2025-09-23,0.18,0.18,0.18,0.18,
ITUBJ410W4,2025-09-23,0.38,0.36,0.33,0.38,
ITUBJ410W5,2025-09-23,0.47,0.49,0.47,0.49,
ITUBJ411,2025-09-23,0.26,0.34,0.26,0.37,
ITUBJ413,2025-09-23,0.23,0.3,0.23,0.3,
ITUBJ415W4,2025-09-23,0.21,0.28,0.21,0.28,
ITUBJ415W5,2025-09-23,0.31,0.38,0.31,0.41,
ITUBJ416,2025-09-23,0.17,0.23,0.17,0.26,
ITUBJ418,2025-09-23,0.17,0.19,0.16,0.2,
ITUBJ420W1,2025-09-23,0.02,0.02,0.02,0.02,
ITUBJ420W5,2025-09-23,0.22,0.28,0.22,0.32,
ITUBJ421,2025-09-23,0.11,0.15,0.11,0.17,
ITUBJ423,2025-09-23,0.1,0.12,0.1,0.15,
ITUBJ425W1,2025-09-23,0.02,0.02,0.02,0.02,
ITUBJ425W4,2025-09-23,0.09,0.13,0.09,0.13,
ITUBJ425W5,2025-09-23,0.17,0.23,0.16,0.23,
ITUBJ426,2025-09-23,0.09,0.1,0.09,0.12,
ITUBJ428,2025-09-23,0.07,0.09,0.07,0.1,
ITUBJ430W4,2025-09-23,0.11,0.1,0.09,0.11,
ITUBJ430W5,2025-09-23,0.13,0.18,0.12,0.18,
ITUBJ431,2025-09-23,0.08,0.08,0.08,0.08,
ITUBJ433,2025-09-23,0.07,0.06,0.06,0.07,
ITUBJ435W4,2025-09-23,0.07,0.08,0.07,0.08,
ITUBJ435W5,2025-09-23,0.1,0.12,0.09,0.13,
ITUBJ436,2025-09-23,0.06,0.05,0.05,0.06,
ITUBJ438,2025-09-23,0.04,0.04,0.04,0.05,
ITUBJ440W5,2025-09-23,0.09,0.08,0.07,0.1,
ITUBJ441,2025-09-23,0.04,0.04,0.04,0.05,
ITUBJ443,2025-09-23,0.02,0.02,0.02,0.02,
ITUBJ445W5,2025-09-23,0.06,0.07,0.06,0.07,
ITUBJ446,2025-09-23,0.02,0.02,0.02,0.02,
ITUBJ451,2025-09-23,0.01,0.02,0.01,0.02,
ITUBK30,2025-09-23,5.9,5.92,5.9,5.92,
ITUBK314,2025-09-23,8.25,8.26,8.25,8.26,
ITUBK326,2025-09-23,7.5,7.5,7.5,7.5,
ITUBK354,2025-09-23,4.74,4.74,4.74,4.74,
ITUBK356,2025-09-23,4.56,4.56,4.54,4.56,
ITUBK359,2025-09-23,4.35,4.51,4.31,4.51,
ITUBK361,2025-09-23,4.15,4.25,4.15,4.25,
ITUBK364,2025-09-23,4.03,4.03,4.03,4.03,
ITUBK366,2025-09-23,3.73,3.73,3.73,3.73,
ITUBK369,2025-09-23,3.64,3.64,3.64,3.64,
ITUBK374,2025-09-23,3.17,3.25,3.16,3.29,
ITUBK377,2025-09-23,2.92,3.11,2.92,3.11,
ITUBK379,2025-09-23,2.69,2.85,2.69,2.89,
ITUBK381,2025-09-23,2.32,2.7,2.32,2.7,
ITUBK384,2025-09-23,2.18,2.51,2.18,2.53,
ITUBK386,2025-09-23,2.12,2.34,2.12,2.36,
ITUBK389,2025-09-23,1.9,2.2,1.9,2.2,
ITUBK392,2025-09-23,1.8,2.04,1.8,2.04,
ITUBK394,2025-09-23,1.58,1.86,1.58,1.91,
ITUBK396,2025-09-23,1.42,1.75,1.42,1.75,
ITUBK399,2025-09-23,1.41,1.56,1.41,1.61,
ITUBK401,2025-09-23,1.27,1.42,1.27,1.47,
ITUBK404,2025-09-23,1.11,1.33,1.11,1.36,
ITUBK407,2025-09-23,1.01,1.18,1.01,1.21,
ITUBK409,2025-09-23,1.02,1.06,1.01,1.09,
ITUBK412,2025-09-23,0.8,0.97,0.8,0.97,
ITUBK414,2025-09-23,0.85,0.87,0.85,0.89,
ITUBK417,2025-09-23,0.79,0.81,0.79,0.81,
ITUBK418,2025-09-23,0.64,0.63,0.63,0.65,
ITUBK42,2025-09-23,0.4,0.4,0.4,0.4,
ITUBK422,2025-09-23,0.71,0.71,0.7,0.73,
ITUBK423,2025-09-23,0.43,0.53,0.43,0.53,
ITUBK424,2025-09-23,0.57,0.56,0.56,0.58,
ITUBK429,2025-09-23,0.35,0.43,0.35,0.46,
ITUBK433,2025-09-23,0.33,0.32,0.32,0.33,
ITUBK434,2025-09-23,0.3,0.36,0.3,0.36,
ITUBK438,2025-09-23,0.26,0.26,0.26,0.26,
ITUBK439,2025-09-23,0.29,0.29,0.29,0.29,
ITUBK443,2025-09-23,0.21,0.21,0.21,0.21,
ITUBK444,2025-09-23,0.21,0.2,0.2,0.21,
ITUBK448,2025-09-23,0.17,0.17,0.16,0.17,
ITUBK449,2025-09-23,0.19,0.19,0.19,0.19,
ITUBK459,2025-09-23,0.12,0.12,0.12,0.12,
ITUBK463,2025-09-23,0.09,0.09,0.09,0.09,
ITUBL338,2025-09-23,6.95,6.92,6.92,6.95,
ITUBL382,2025-09-23,3,3,3,3,
ITUBL383,2025-09-23,7.55,8,7.55,8,
ITUBL385,2025-09-23,3.2,3.23,3.2,3.23,
ITUBL401,2025-09-23,8.19,8.19,8.19,8.19,
ITUBL405,2025-09-23,1.9,1.9,1.9,1.9,
ITUBL408,2025-09-23,1.45,1.45,1.45,1.45,
ITUBL419,2025-09-23,1,1.02,1,1.02,
ITUBL421,2025-09-23,0.95,0.89,0.89,0.95,
ITUBL423,2025-09-23,4.4,4.4,4.4,4.4,
ITUBM328,2025-09-23,0.18,0.18,0.18,0.18,
ITUBM372,2025-09-23,0.7,0.6,0.6,0.7,
ITUBM377,2025-09-23,0.82,0.75,0.75,0.82,
ITUBN350,2025-09-23,0.43,0.43,0.43,0.43,
ITUBO375,2025-09-23,0.15,0.15,0.15,0.15,
ITUBP34,2025-09-23,0.2,0.2,0.2,0.2,
ITUBP350,2025-09-23,0.18,0.18,0.18,0.18,
ITUBS42,2025-09-23,0.65,0.65,0.65,0.65,
ITUBU359W4,2025-09-23,0.02,0.02,0.02,0.02,
ITUBU360W4,2025-09-23,0.01,0.01,0.01,0.01,
ITUBU364W4,2025-09-23,0.02,0.02,0.02,0.02,
ITUBU365W4,2025-09-23,0.02,0.01,0.01,0.02,
ITUBU369W4,2025-09-23,0.02,0.02,0.02,0.02,
ITUBU370W4,2025-09-23,0.02,0.01,0.01,0.02,
ITUBU374W4,2025-09-23,0.04,0.04,0.04,0.04,
ITUBU375W4,2025-09-23,0.05,0.03,0.03,0.05,
ITUBU379W4,2025-09-23,0.1,0.05,0.05,0.1,
ITUBU380W4,2025-09-23,0.08,0.04,0.04,0.08,
ITUBU384W4,2025-09-23,0.27,0.1,0.1,0.27,
ITUBU385W4,2025-09-23,0.17,0.06,0.06,0.17,
ITUBU389W4,2025-09-23,0.37,0.22,0.21,0.37,
ITUBU390W4,2025-09-23,0.31,0.18,0.15,0.31,
ITUBU395W4,2025-09-23,0.36,0.31,0.31,0.37,
ITUBU405W4,2025-09-23,1.05,1.05,1.05,1.05,
ITUBV301,2025-09-23,0.01,0.01,0.01,0.01,
ITUBV304,2025-09-23,0.01,0.01,0.01,0.01,
ITUBV32,2025-09-23,0.02,0.02,0.02,0.02,
ITUBV324,2025-09-23,0.02,0.02,0.02,0.02,
ITUBV326,2025-09-23,0.03,0.03,0.03,0.03,
ITUBV33,2025-09-23,0.03,0.03,0.03,0.03,
ITUBV332,2025-09-23,0.04,0.03,0.03,0.04,
ITUBV333,2025-09-23,0.03,0.03,0.02,0.03,
ITUBV334W5,2025-09-23,0.06,0.06,0.05,0.06,
ITUBV335W1,2025-09-23,0.02,0.02,0.02,0.02,
ITUBV339W4,2025-09-23,0.06,0.06,0.05,0.07,
ITUBV339W5,2025-09-23,0.07,0.08,0.07,0.08,
ITUBV34,2025-09-23,0.05,0.04,0.04,0.05,
ITUBV342,2025-09-23,0.04,0.04,0.03,0.04,
ITUBV344,2025-09-23,0.03,0.03,0.03,0.03,
ITUBV344W5,2025-09-23,0.09,0.08,0.08,0.1,
ITUBV346,2025-09-23,0.04,0.04,0.03,0.05,
ITUBV349,2025-09-23,0.05,0.04,0.04,0.05,
ITUBV350,2025-09-23,0.06,0.06,0.05,0.06,
ITUBV350W1,2025-09-23,0.02,0.02,0.02,0.02,
ITUBV350W4,2025-09-23,0.09,0.08,0.08,0.09,
ITUBV350W5,2025-09-23,0.12,0.11,0.11,0.12,
ITUBV353,2025-09-23,0.07,0.05,0.05,0.07,
ITUBV355W1,2025-09-23,0.03,0.03,0.03,0.03,
ITUBV355W4,2025-09-23,0.12,0.1,0.1,0.12,
ITUBV355W5,2025-09-23,0.15,0.12,0.12,0.15,
ITUBV356,2025-09-23,0.07,0.1,0.06,0.1,
ITUBV358,2025-09-23,0.08,0.07,0.07,0.08,
ITUBV360W1,2025-09-23,0.03,0.03,0.03,0.03,
ITUBV360W4,2025-09-23,0.15,0.13,0.13,0.15,
ITUBV360W5,2025-09-23,0.18,0.16,0.15,0.2,
ITUBV363,2025-09-23,0.12,0.1,0.1,0.12,
ITUBV365W4,2025-09-23,0.18,0.16,0.16,0.19,
ITUBV365W5,2025-09-23,0.23,0.26,0.23,0.26,
ITUBV366,2025-09-23,0.13,0.11,0.11,0.13,
ITUBV368,2025-09-23,0.16,0.13,0.12,0.16,
ITUBV370W1,2025-09-23,0.07,0.07,0.07,0.07,
ITUBV370W2,2025-09-23,0.13,0.13,0.13,0.13,
ITUBV370W4,2025-09-23,0.24,0.21,0.21,0.25,
ITUBV371,2025-09-23,0.21,0.13,0.13,0.21,
ITUBV373,2025-09-23,0.23,0.16,0.16,0.23,
ITUBV375W1,2025-09-23,0.12,0.11,0.11,0.13,
ITUBV375W2,2025-09-23,0.2,0.2,0.2,0.2,
ITUBV375W4,2025-09-23,0.31,0.28,0.28,0.32,
ITUBV376,2025-09-23,0.27,0.18,0.18,0.29,
ITUBV380W1,2025-09-23,0.19,0.16,0.15,0.19,
ITUBV380W2,2025-09-23,0.25,0.25,0.25,0.25,
ITUBV381,2025-09-23,0.31,0.23,0.22,0.34,
ITUBV383,2025-09-23,0.41,0.32,0.31,0.41,
ITUBV384,2025-09-23,0.51,0.28,0.27,0.51,
ITUBV385W1,2025-09-23,0.34,0.24,0.24,0.34,
ITUBV385W2,2025-09-23,0.36,0.35,0.34,0.36,
ITUBV386,2025-09-23,0.58,0.37,0.36,0.58,
ITUBV388,2025-09-23,0.63,0.44,0.43,0.63,
ITUBV390W1,2025-09-23,0.54,0.4,0.4,0.54,
ITUBV391,2025-09-23,0.7,0.58,0.51,0.74,
ITUBV393,2025-09-23,0.86,0.62,0.59,0.86,
ITUBV395W1,2025-09-23,0.81,0.64,0.6,0.81,
ITUBV396,2025-09-23,0.98,0.71,0.69,0.98,
ITUBV398,2025-09-23,1.13,0.8,0.8,1.13,
ITUBV399,2025-09-23,0.03,0.04,0.03,0.04,
ITUBV400,2025-09-23,0.09,0.08,0.08,0.1,
ITUBV401,2025-09-23,1.25,0.93,0.92,1.25,
ITUBV403,2025-09-23,1.21,1.11,1.1,1.23,
ITUBV408,2025-09-23,1.78,1.41,1.41,1.78,
ITUBV409,2025-09-23,1.57,1.26,1.23,1.58,
ITUBV411,2025-09-23,1.96,1.59,1.59,1.96,
ITUBV413,2025-09-23,1.78,1.78,1.78,1.78,
ITUBV416,2025-09-23,2.1,1.95,1.95,2.1,
ITUBV418,2025-09-23,2.17,2.17,2.17,2.17,
ITUBV421,2025-09-23,2.4,2.4,2.4,2.4,
ITUBV423,2025-09-23,2.63,2.53,2.53,2.63,
ITUBV426,2025-09-23,2.83,2.87,2.83,2.89,
ITUBW30,2025-09-23,0.12,0.13,0.12,0.13,
ITUBW331,2025-09-23,0.08,0.08,0.08,0.09,
ITUBW334,2025-09-23,0.11,0.09,0.09,0.11,
ITUBW339,2025-09-23,0.12,0.11,0.11,0.12,
ITUBW344,2025-09-23,0.14,0.14,0.13,0.14,
ITUBW347,2025-09-23,0.17,0.14,0.14,0.17,
ITUBW352,2025-09-23,0.19,0.16,0.15,0.19,
ITUBW354,2025-09-23,0.2,0.19,0.19,0.2,
ITUBW355,2025-09-23,0.18,0.18,0.18,0.18,
ITUBW356,2025-09-23,0.23,0.21,0.21,0.23,
ITUBW359,2025-09-23,0.25,0.23,0.23,0.25,
ITUBW361,2025-09-23,0.3,0.26,0.25,0.3,
ITUBW364,2025-09-23,0.31,0.28,0.28,0.31,
ITUBW366,2025-09-23,0.39,0.32,0.31,0.39,
ITUBW369,2025-09-23,0.42,0.37,0.34,0.42,
ITUBW371,2025-09-23,1.23,1.23,1.23,1.23,
ITUBW372,2025-09-23,0.44,0.39,0.39,0.44,
ITUBW374,2025-09-23,0.51,0.43,0.43,0.51,
ITUBW377,2025-09-23,0.53,0.48,0.47,0.53,
ITUBW379,2025-09-23,0.64,0.55,0.54,0.64,
ITUBW381,2025-09-23,0.68,0.6,0.59,0.68,
ITUBW384,2025-09-23,0.82,0.65,0.64,0.82,
ITUBW386,2025-09-23,0.92,0.72,0.72,0.92,
ITUBW389,2025-09-23,0.87,0.8,0.8,0.87,
ITUBW392,2025-09-23,1.08,0.89,0.89,1.08,
ITUBW394,2025-09-23,1.07,0.96,0.96,1.07,
ITUBW396,2025-09-23,1.29,1.09,1.07,1.29,
ITUBW399,2025-09-23,1.4,1.17,1.17,1.4,
ITUBW401,2025-09-23,1.53,1.3,1.3,1.53,
ITUBW404,2025-09-23,1.43,1.4,1.4,1.43,
ITUBW407,2025-09-23,1.56,1.54,1.54,1.58,
ITUBW412,2025-09-23,1.91,1.88,1.87,1.95,
ITUBW414,2025-09-23,2.03,1.99,1.99,2.03,
ITUBW417,2025-09-23,2.23,2.19,2.16,2.23,
ITUBW418,2025-09-23,2.69,2.52,2.52,2.69,
ITUBW422,2025-09-23,2.39,2.3,2.3,2.39,
ITUBW423,2025-09-23,2.88,2.88,2.88,2.88,
ITUBX29,2025-09-23,0.02,0.02,0.02,0.02,
ITUBX363,2025-09-23,0.45,0.36,0.33,0.45,
ITUBX364,2025-09-23,0.08,0.08,0.08,0.08,
ITUBX368,2025-09-23,0.4,0.4,0.4,0.4,
ITUBX369,2025-09-23,0.1,0.1,0.09,0.1,
ITUBX380,2025-09-23,0.64,0.63,0.62,0.64,
ITUBX382,2025-09-23,1.15,0.8,0.8,1.28,
ITUBX393,2025-09-23,1.02,1.02,1.02,1.02,
ITUBX423,2025-09-23,0.41,0.41,0.41,0.41,
PINE11F,2025-09-23,17.34,17.34,17.34,17.34,
PINE13,2025-09-23,6.7,6.9,6.7,6.9,
PINE13F,2025-09-23,6.56,6.65,6.5,6.65,
PINE3,2025-09-23,8.5,8.45,7.93,8.59,
PINE3F,2025-09-23,8.36,8.22,7.96,9.01,
PINE4,2025-09-23,8.91,8.39,8.24,8.92,
PINE4F,2025-09-23,8.91,8.38,8.25,8.92,
RPAD5,2025-09-23,8,8,8,8,
RPAD5F,2025-09-23,7.6,8.39,7.6,8.39,
SANB11,2025-09-23,28.86,29.21,28.79,29.35,
SANB11F,2025-09-23,28.76,29.06,28.76,29.34,
SANB3,2025-09-23,13.75,13.87,13.74,14.02,
SANB3F,2025-09-23,13.77,13.86,13.74,14.01,
SANB4,2025-09-23,14.99,15.25,14.97,15.28,
SANB4F,2025-09-23,15,15.2,14.95,15.27,
SANBB249,2025-09-23,8.7,8.88,8.7,8.95,
SANBJ276,2025-09-23,2.27,2.27,2.27,2.27,
SANBJ281,2025-09-23,1.89,1.91,1.89,1.94,
SANBJ286,2025-09-23,1.43,1.5,1.43,1.5,
SANBJ291,2025-09-23,0.88,1.13,0.88,1.21,
SANBJ296,2025-09-23,0.67,0.83,0.63,0.88,
SANBJ301,2025-09-23,0.45,0.57,0.45,0.62,
SANBJ306,2025-09-23,0.28,0.36,0.28,0.41,
SANBJ311,2025-09-23,0.21,0.22,0.21,0.26,
SANBJ316,2025-09-23,0.1,0.14,0.1,0.15,
SANBJ321,2025-09-23,0.07,0.08,0.07,0.09,
SANBJ326,2025-09-23,0.04,0.05,0.04,0.05,
SANBJ351,2025-09-23,0.01,0.01,0.01,0.01,
SANBK272,2025-09-23,2.78,2.78,2.78,2.78,
SANBK281,2025-09-23,2.44,2.44,2.44,2.44,
SANBK282,2025-09-23,2.08,2.12,2.08,2.12,
SANBK287,2025-09-23,1.71,1.74,1.71,1.74,
SANBK292,2025-09-23,1.26,1.44,1.26,1.47,
SANBK302,2025-09-23,0.78,0.92,0.78,0.92,
SANBK307,2025-09-23,0.68,0.71,0.68,0.76,
SANBK317,2025-09-23,0.4,0.4,0.4,0.45,
SANBK322,2025-09-23,0.27,0.28,0.27,0.28,
SANBK327,2025-09-23,0.25,0.25,0.25,0.25,
SANBL290,2025-09-23,1.95,1.94,1.94,1.95,
SANBL293,2025-09-23,2.84,2.8,2.8,2.84,
SANBL313,2025-09-23,0.85,0.85,0.85,0.85,
SANBL318,2025-09-23,0.65,0.65,0.65,0.65,
SANBV266,2025-09-23,0.05,0.04,0.04,0.05,
SANBV271,2025-09-23,0.09,0.08,0.07,0.09,
SANBV274,2025-09-23,0.19,0.18,0.18,0.19,
SANBV276,2025-09-23,0.1,0.11,0.1,0.11,
SANBV281,2025-09-23,0.2,0.14,0.14,0.2,
SANBV286,2025-09-23,0.26,0.28,0.26,0.28,
SANBV291,2025-09-23,0.42,0.4,0.35,0.42,
SANBV296,2025-09-23,0.61,0.52,0.52,0.61,
SANBV301,2025-09-23,0.96,0.75,0.74,0.96,
SANBV306,2025-09-23,1.13,1.14,1.13,1.14,
SANBV311,2025-09-23,1.42,1.41,1.41,1.42,
SANBW262,2025-09-23,0.2,0.16,0.16,0.2,
SANBW272,2025-09-23,0.34,0.34,0.34,0.34,
SANBW274,2025-09-23,0.34,0.34,0.33,0.34,
SANBW282,2025-09-23,0.52,0.52,0.52,0.52,
SANBW287,2025-09-23,0.77,0.66,0.64,0.77,
SANBW297,2025-09-23,1.04,1.04,1.04,1.04,
SANBW302,2025-09-23,1.37,1.25,1.24,1.37,
SANBW307,2025-09-23,1.59,1.5,1.5,1.59,
SANBW312,2025-09-23,1.85,1.85,1.85,1.85,
UGPA3,2025-09-23,20.92,21.35,20.81,21.63,
UGPA3F,2025-09-23,20.91,21.27,20.88,21.62,
UGPAJ165,2025-09-23,5.4,5.4,5.4,5.4,
UGPAJ168,2025-09-23,5.05,5.05,5.05,5.05,
UGPAJ195,2025-09-23,2.5,2.43,2.43,2.5,
UGPAJ200,2025-09-23,1.75,2.15,1.75,2.15,
UGPAJ210,2025-09-23,0.97,1.15,0.97,1.31,
UGPAJ215,2025-09-23,0.4,0.87,0.4,0.99,
UGPAJ220,2025-09-23,0.51,0.58,0.51,0.72,
UGPAJ225,2025-09-23,0.26,0.37,0.26,0.44,
UGPAJ230,2025-09-23,0.16,0.23,0.16,0.27,
UGPAJ235,2025-09-23,0.09,0.15,0.09,0.16,
UGPAJ240,2025-09-23,0.05,0.1,0.05,0.1,
UGPAK170,2025-09-23,5,5,5,5,
UGPAK174,2025-09-23,4.46,4.45,4.45,4.46,
UGPAK195,2025-09-23,2.89,2.89,2.89,2.89,
UGPAK205,2025-09-23,2.22,2.06,2.06,2.26,
UGPAK210,2025-09-23,1.8,1.73,1.73,1.87,
UGPAK215,2025-09-23,1.56,1.42,1.42,1.57,
UGPAK220,2025-09-23,1,1.25,1,1.25,
UGPAK230,2025-09-23,0.79,0.8,0.78,0.8,
UGPAK240,2025-09-23,0.45,0.4,0.39,0.47,
UGPAV174,2025-09-23,0.01,0.01,0.01,0.01,
UGPAV185,2025-09-23,0.03,0.02,0.02,0.03,
UGPAV190,2025-09-23,0.05,0.04,0.04,0.05,
UGPAV195,2025-09-23,0.07,0.08,0.07,0.08,
UGPAV200,2025-09-23,0.16,0.14,0.14,0.16,
UGPAV205,2025-09-23,0.35,0.24,0.19,0.35,
UGPAV210,2025-09-23,0.38,0.29,0.26,0.38,
UGPAV215,2025-09-23,0.61,0.54,0.43,0.61,
UGPAV220,2025-09-23,0.62,0.74,0.62,0.74,
UGPAV225,2025-09-23,1.14,0.95,0.95,1.14,
UGPAW175,2025-09-23,0.05,0.05,0.05,0.05,
UGPAW18,2025-09-23,0.21,0.16,0.16,0.21,
UGPAW185,2025-09-23,0.14,0.14,0.14,0.14,
UGPAW195,2025-09-23,0.24,0.25,0.24,0.25,
UGPAW200,2025-09-23,0.35,0.35,0.35,0.35,
UGPAW205,2025-09-23,0.56,0.44,0.44,0.56,
UGPAW215,2025-09-23,0.78,0.82,0.74,0.82,
UGPAW220,2025-09-23,0.96,0.96,0.96,0.96,
UGPAW225,2025-09-23,1.22,1.25,1.18,1.25,
UGPAX201,2025-09-23,0.6,0.6,0.6,0.6,
ITUB4T,2025-09-23,42.05,42.06,42.05,42.06,
BBDC4T,2025-09-23,18.46,18.47,18.46,18.47,
BRAP3T,2025-09-23,15.99,16,15.99,16,
BBDC4T,2025-09-23,18.12,17.98,17.97,18.17,
ITUB4T,2025-09-23,40.18,40.19,40.18,40.19,
ITSA4T,2025-09-23,11.96,11.97,11.96,11.97,
BBASJ241,2025-09-23,0.13,0.18,0.11,0.2,
BBASJ245W5,2025-09-23,0.13,0.19,0.13,0.21,
BBASU215W4,2025-09-23,0.28,0.1,0.1,0.3,
CVCB3,2025-09-23,2.03,2.07,2.03,2.1,
BBASJ226,2025-09-23,0.48,0.64,0.47,0.73,
BBASJ236,2025-09-23,0.2,0.3,0.19,0.32,
BBASJ230W1,2025-09-23,0.13,0.2,0.1,0.21,
BBASJ230W5,2025-09-23,0.42,0.58,0.42,0.61,
BBASV200W1,2025-09-23,0.15,0.09,0.07,0.15,
BBASL223,2025-09-23,2.19,1.86,1.57,2.19,
BBASK234,2025-09-23,0.67,0.87,0.67,0.88,
BBASK257,2025-09-23,0.24,0.31,0.24,0.32,
BBASI230W4,2025-09-23,0.02,0.05,0.02,0.05,
BBASV239,2025-09-23,1.85,1.47,1.47,1.85,
BBASI205W4,2025-09-23,1.2,1.63,1.19,1.65,
BBASV249,2025-09-23,2.85,2.35,2.34,2.85,
BBASV178,2025-09-23,0.05,0.04,0.04,0.06,
B3SAK152,2025-09-23,0.17,0.19,0.17,0.22,
BBASV256,2025-09-23,3.56,3.07,3.05,3.56,
CVCBV199,2025-09-23,0.06,0.05,0.05,0.06,
BBASJ225W2,2025-09-23,0.31,0.43,0.3,0.52,
B3SAV124,2025-09-23,0.13,0.14,0.08,0.14,
BBASV195W5,2025-09-23,0.24,0.18,0.17,0.24,
BBASL24,2025-09-23,0.7,0.92,0.7,0.92,
BBASV201,2025-09-23,0.19,0.13,0.13,0.21,
BBASJ235W5,2025-09-23,0.33,0.44,0.3,0.45,
B3SAK142,2025-09-23,0.38,0.5,0.38,0.5,
HAPVW295,2025-09-23,0.43,0.39,0.39,0.46,
B3SAJ124,2025-09-23,1.18,1.16,1.16,1.25,
BBASK262,2025-09-23,0.19,0.24,0.18,0.25,
CVCBV185,2025-09-23,0.01,0.01,0.01,0.01,
BBASU225W4,2025-09-23,0.91,0.46,0.46,0.97,
CVCBJ19,2025-09-23,0.05,0.07,0.05,0.07,
BBASV210,2025-09-23,0.8,0.87,0.8,0.87,
BBASJ230W2,2025-09-23,0.19,0.31,0.19,0.32,
BBASW211,2025-09-23,0.85,0.7,0.7,0.85,
USIMJ462,2025-09-23,0.12,0.11,0.11,0.13,
BBASJ210W1,2025-09-23,0.95,1.29,0.94,1.35,
B3SAV125W1,2025-09-23,0.05,0.05,0.05,0.06,
CVCBK195,2025-09-23,0.21,0.24,0.21,0.24,
BBASA261,2025-09-23,0.51,0.46,0.46,0.54,
BBASA268,2025-09-23,0.7,0.69,0.69,0.7,
HAPVW320,2025-09-23,0.78,0.73,0.72,0.83,
BBASV220W5,2025-09-23,0.94,0.74,0.72,0.94,
B3SAW117,2025-09-23,0.1,0.12,0.1,0.12,
B3SAL141,2025-09-23,0.78,0.75,0.75,0.78,
HAPVV377,2025-09-23,1.53,1.32,1.32,1.55,
BBASW280,2025-09-23,5.13,5.13,5.13,5.13,
BBASL248,2025-09-23,0.73,0.72,0.7,0.75,
BBASL228,2025-09-23,1.35,1.55,1.33,1.55,
HAPVW387,2025-09-23,2.88,2.88,2.88,2.88,
USIMJ562,2025-09-23,0.01,0.01,0.01,0.01,
BBASV175W1,2025-09-23,0.03,0.02,0.02,0.03,
BBASL280,2025-09-23,2.5,2.5,2.5,2.5,
BBASV190W5,2025-09-23,0.17,0.12,0.12,0.19,
BBASC720,2025-09-23,0.12,0.1,0.1,0.12,
B3SAJ122,2025-09-23,1.57,1.55,1.55,1.57,
USIMK425,2025-09-23,0.47,0.47,0.47,0.47,
USIMV362,2025-09-23,0.01,0.01,0.01,0.01,
HAPVJ417,2025-09-23,0.37,0.37,0.37,0.37,
BBASK230W1,2025-09-23,0.58,0.55,0.51,0.59,
B3SAV119,2025-09-23,0.06,0.07,0.06,0.07,
BBASL240,2025-09-23,0.85,0.85,0.85,0.85,
HAPVK497,2025-09-23,0.3,0.31,0.3,0.32,
BBASK250W1,2025-09-23,0.14,0.2,0.13,0.2,
B3SAJ135W1,2025-09-23,0.29,0.24,0.24,0.33,
BBASL225,2025-09-23,1.5,1.65,1.5,1.65,
USIMU440W4,2025-09-23,0.06,0.04,0.04,0.07,
USIMV450W1,2025-09-23,0.14,0.13,0.13,0.14,
HAPVJ397,2025-09-23,0.79,0.92,0.79,0.92,
B3SAU125W4,2025-09-23,0.02,0.01,0.01,0.02,
USIMV397,2025-09-23,0.03,0.03,0.03,0.04,
CVCBK215,2025-09-23,0.11,0.13,0.11,0.13,
BBASJ269,2025-09-23,0.02,0.02,0.01,0.02,
B3SAA156,2025-09-23,0.35,0.36,0.3,0.36,
BBASM200,2025-09-23,0.49,0.62,0.49,0.62,
BBASK176,2025-09-23,4.52,4.53,4.52,4.53,
BBASJ215W2,2025-09-23,0.75,1.03,0.75,1.04,
USIMK495,2025-09-23,0.15,0.15,0.15,0.15,
BBASK200,2025-09-23,6.33,6.33,6.33,6.33,
USIME109,2025-09-23,0.01,0.01,0.01,0.01,
BBASX161,2025-09-23,0.13,0.13,0.13,0.13,
B3SAA12,2025-09-23,2,2,2,2,
CVCBK270,2025-09-23,0.03,0.03,0.03,0.03,
CVCBV50,2025-09-23,2.9,2.9,2.9,2.9,
HAPVJ380,2025-09-23,1.46,1.79,1.46,1.79,
HAPVV355,2025-09-23,0.5,0.5,0.5,0.5,
B3SAJ129,2025-09-23,0.82,0.78,0.74,0.82,
BBASA242,2025-09-23,3.73,3.78,3.73,3.78,
BBASJ260W5,2025-09-23,0.05,0.05,0.05,0.06,
BBASJ358,2025-09-23,0.93,0.93,0.93,0.93,
CVCBW210,2025-09-23,0.14,0.14,0.14,0.14,
BBASV289,2025-09-23,6.4,6.4,6.4,6.4,
B3SAJ125W1,2025-09-23,1.02,1.02,1.02,1.02,
BBASX251,2025-09-23,2.17,2.17,2.17,2.17,
BBASK194,2025-09-23,3.36,3.36,3.36,3.36,
HAPVJ380W1,2025-09-23,1.15,1.19,1.14,1.19,
USIMW500,2025-09-23,0.58,0.58,0.58,0.58,
HAPVK425,2025-09-23,1.5,1.5,1.5,1.5,
USIMV432,2025-09-23,0.1,0.1,0.1,0.1,
BBASL207,2025-09-23,5.6,5.6,5.6,5.6,
HAPVV345,2025-09-23,0.34,0.34,0.34,0.34,
USIMV800,2025-09-23,3.2,3.19,3.19,3.2,
B3SAV149,2025-09-23,1.4,1.45,1.4,1.45,
CVCBB50,2025-09-23,0.15,0.15,0.15,0.15,
B3SAJ158,2025-09-23,0.03,0.03,0.03,0.03,
B3SAK160,2025-09-23,0.11,0.11,0.11,0.11,
B3SAW114,2025-09-23,0.09,0.09,0.09,0.09,
BBASJ180W2,2025-09-23,4.13,4.13,4.13,4.13,
BBASK185W1,2025-09-23,3.66,3.66,3.66,3.66,
USIMV387,2025-09-23,0.02,0.02,0.02,0.02,
B3SAK164,2025-09-23,0.08,0.08,0.08,0.08,
BBASJ274,2025-09-23,0.01,0.01,0.01,0.01,
CVCBK330,2025-09-23,0.02,0.02,0.02,0.02,
HAPVJ390W1,2025-09-23,0.59,0.59,0.59,0.59,
HAPVV367,2025-09-23,0.85,0.85,0.85,0.85,
BBAS3,2025-09-23,21.64,22.13,21.52,22.15,
B3SA3F,2025-09-23,13.55,13.36,13.31,13.62,
BBASW219,2025-09-23,1.13,0.93,0.93,1.17,
USIM5F,2025-09-23,4.4,4.45,4.4,4.49,
BBASJ244,2025-09-23,0.08,0.14,0.08,0.15,
BBASK219,2025-09-23,1.32,1.6,1.29,1.64,
BBASW204,2025-09-23,0.55,0.5,0.49,0.64,
BBASV205W1,2025-09-23,0.18,0.11,0.11,0.19,
BBASJ220W4,2025-09-23,0.76,0.96,0.76,1.02,
BBASB563,2025-09-23,1.12,1.01,1.01,1.12,
BBASV221,2025-09-23,0.73,0.51,0.51,0.76,
HAPVK499,2025-09-23,0.27,0.29,0.22,0.3,
B3SAV129,2025-09-23,0.18,0.25,0.18,0.26,
BBASJ225W1,2025-09-23,0.21,0.38,0.2,0.38,
B3SAJ159,2025-09-23,0.03,0.03,0.03,0.03,
BBASV148,2025-09-23,0.01,0.01,0.01,0.01,
CVCBK205,2025-09-23,0.15,0.18,0.15,0.18,
BBASU200W4,2025-09-23,0.05,0.01,0.01,0.05,
B3SAX134,2025-09-23,0.56,0.56,0.56,0.56,
BBASV500,2025-09-23,0.54,0.37,0.35,0.56,
BBASV200W5,2025-09-23,0.3,0.22,0.22,0.32,
BBASV183,2025-09-23,0.07,0.05,0.05,0.07,
BBASJ200,2025-09-23,1.93,2.39,1.91,2.39,
CVCBK220,2025-09-23,0.11,0.12,0.11,0.12,
BBASV180W5,2025-09-23,0.09,0.07,0.07,0.1,
CVCBJ240,2025-09-23,0.03,0.02,0.02,0.03,
B3SAJ140W1,2025-09-23,0.15,0.12,0.12,0.18,
CVCBJ195,2025-09-23,0.15,0.19,0.15,0.19,
B3SAI140W4,2025-09-23,0.04,0.02,0.02,0.07,
USIMJ427,2025-09-23,0.32,0.29,0.29,0.33,
BBASW245,2025-09-23,2.25,2.18,2.16,2.25,
BBASW196,2025-09-23,0.45,0.36,0.36,0.45,
BBASU190W4,2025-09-23,0.01,0.01,0.01,0.01,
HAPVW370,2025-09-23,2.21,1.99,1.99,2.21,
BBASJ259,2025-09-23,0.03,0.03,0.02,0.04,
BBASV173,2025-09-23,0.05,0.03,0.03,0.05,
BBASV229,2025-09-23,1.19,0.87,0.87,1.19,
B3SAV128,2025-09-23,0.13,0.2,0.12,0.2,
BBASJ240W2,2025-09-23,0.05,0.09,0.05,0.09,
BBASJ240W1,2025-09-23,0.03,0.05,0.03,0.06,
BBASK191,2025-09-23,3.23,3.62,3.23,3.63,
HAPVK330,2025-09-23,6,6,6,6,
BBASQ274,2025-09-23,3.2,3.2,3.2,3.2,
BBASJ195W1,2025-09-23,2.55,2.67,2.55,2.67,
BBASK244,2025-09-23,0.42,0.53,0.41,0.53,
BBASJ256,2025-09-23,0.04,0.04,0.03,0.05,
USIMK430,2025-09-23,0.43,0.41,0.41,0.46,
HAPVV370,2025-09-23,1.15,0.88,0.88,1.15,
B3SAJ117,2025-09-23,1.97,1.97,1.97,2.09,
HAPVJ377,2025-09-23,1.53,1.94,1.49,1.94,
B3SAW138,2025-09-23,0.63,0.66,0.6,0.67,
USIMV402,2025-09-23,0.04,0.04,0.04,0.04,
BBASK204,2025-09-23,2.29,2.61,2.26,2.63,
BBASU205W4,2025-09-23,0.06,0.04,0.03,0.07,
BBASW252,2025-09-23,2.75,2.68,2.68,2.75,
BBASK164,2025-09-23,5.93,6.08,5.93,6.08,
BBASW116,2025-09-23,0.01,0.01,0.01,0.01,
BBASX196,2025-09-23,0.54,0.52,0.51,0.54,
HAPVW200,2025-09-23,0.51,0.46,0.46,0.51,
BBASI195W4,2025-09-23,2.47,2.47,2.47,2.47,
BBASL250,2025-09-23,0.62,0.61,0.61,0.67,
BBASL214,2025-09-23,2.15,2.15,2.15,2.15,
HAPVV337,2025-09-23,0.28,0.3,0.28,0.31,
BBASW109,2025-09-23,0.02,0.01,0.01,0.02,
BBASM198,2025-09-23,0.7,0.7,0.7,0.7,
B3SAX125,2025-09-23,0.3,0.33,0.3,0.33,
B3SAW112,2025-09-23,0.06,0.06,0.06,0.06,
HAPVK485,2025-09-23,0.4,0.4,0.4,0.4,
BBASP213,2025-09-23,1.13,1.13,1.13,1.13,
USIMJ497,2025-09-23,0.05,0.04,0.04,0.05,
CVCBK210,2025-09-23,0.12,0.18,0.12,0.18,
BBASJ24,2025-09-23,2.46,2.99,2.46,3.23,
BBASV205W2,2025-09-23,0.25,0.16,0.16,0.25,
USIMV472,2025-09-23,0.3,0.34,0.3,0.34,
USIMV452,2025-09-23,0.18,0.22,0.18,0.22,
B3SAV147,2025-09-23,1.26,1.3,1.25,1.3,
HAPVW330,2025-09-23,1.04,1.02,1.02,1.04,
B3SAJ992,2025-09-23,3.6,3.6,3.6,3.6,
BBASL217,2025-09-23,4.64,4.64,4.64,4.64,
USIMW430,2025-09-23,0.19,0.19,0.19,0.19,
HAPVV315,2025-09-23,0.13,0.13,0.13,0.13,
USIMI430W4,2025-09-23,0.18,0.2,0.18,0.2,
BBASJ210W5,2025-09-23,1.48,1.45,1.45,1.48,
BBASW174,2025-09-23,0.18,0.18,0.18,0.18,
HAPVW340,2025-09-23,1.21,1.2,1.2,1.21,
BBASV175W5,2025-09-23,0.09,0.06,0.06,0.09,
BBASL243,2025-09-23,0.9,1.1,0.9,1.1,
USIMV407,2025-09-23,0.05,0.05,0.04,0.05,
BBASX176,2025-09-23,0.2,0.2,0.2,0.2,
HAPVU370W4,2025-09-23,0.4,0.44,0.4,0.44,
HAPVK510,2025-09-23,0.23,0.23,0.23,0.23,
HAPVI355W4,2025-09-23,2.31,2.31,2.31,2.31,
B3SAV104,2025-09-23,0.01,0.01,0.01,0.01,
BBASN563,2025-09-23,2.63,3.25,2.63,3.25,
BBASW169,2025-09-23,0.11,0.11,0.11,0.11,
BBASW156,2025-09-23,0.18,0.07,0.07,0.18,
HAPVV385,2025-09-23,1.49,1.53,1.49,1.53,
BBASJ250W5,2025-09-23,0.13,0.13,0.13,0.13,
HAPVJ435,2025-09-23,0.16,0.16,0.16,0.16,
BBASV205W4,2025-09-23,0.28,0.27,0.27,0.28,
BBASW272,2025-09-23,4.4,4.4,4.4,4.4,
BBASW114,2025-09-23,0.01,0.01,0.01,0.01,
BBASV274,2025-09-23,4.76,4.76,4.76,4.76,
B3SAA145,2025-09-23,0.57,0.57,0.57,0.57,
USIMX619,2025-09-23,1.6,1.62,1.6,1.62,
CVCBV430,2025-09-23,2.19,2.19,2.19,2.19,
USIMW435,2025-09-23,0.19,0.21,0.19,0.21,
HAPVJ415,2025-09-23,0.45,0.45,0.45,0.45,
B3SAC138,2025-09-23,1.31,1.31,1.31,1.31,
B3SAK129,2025-09-23,1.13,1.08,1.08,1.13,
BBASM55,2025-09-23,2.47,2.47,2.47,2.47,
BBASB225,2025-09-23,1.86,1.86,1.86,1.86,
HAPVV347,2025-09-23,0.37,0.37,0.37,0.37,
B3SAM128,2025-09-23,0.38,0.38,0.38,0.38,
BBASX18,2025-09-23,0.25,0.2,0.2,0.25,
BBASA238,2025-09-23,1.16,1.16,1.16,1.17,
BBASA218,2025-09-23,2.22,2.18,2.17,2.23,
BBASJ185,2025-09-23,3.73,3.73,3.73,3.73,
BBASK181,2025-09-23,4.4,4.4,4.4,4.4,
BBASX250,2025-09-23,2.5,2.5,2.5,2.5,
BBASJ205W2,2025-09-23,1.9,1.9,1.9,1.9,
B3SAW956,2025-09-23,0.02,0.02,0.02,0.02,
HAPVV397,2025-09-23,2.18,2.18,2.18,2.18,
BBASV175W2,2025-09-23,0.02,0.02,0.02,0.02,
USIM5,2025-09-23,4.42,4.44,4.41,4.49,
BBASJ239,2025-09-23,0.16,0.25,0.14,0.25,
BBASJ240W5,2025-09-23,0.22,0.29,0.19,0.31,
HAPVJ390,2025-09-23,1.16,1.2,1.16,1.24,
BBASJ234,2025-09-23,0.27,0.39,0.24,0.4,
BBASV225W1,2025-09-23,1.02,0.7,0.69,1.02,
B3SAK147,2025-09-23,0.29,0.28,0.28,0.34,
BBASV208,2025-09-23,0.38,0.28,0.26,0.39,
BBASM181,2025-09-23,0.7,0.46,0.45,0.7,
BBASU210W4,2025-09-23,0.13,0.05,0.05,0.14,
B3SAK154,2025-09-23,0.17,0.17,0.17,0.17,
BBASV231,2025-09-23,1.31,0.95,0.95,1.33,
BBASK242,2025-09-23,0.54,0.69,0.52,0.69,
CVCBL200,2025-09-23,0.01,0.01,0.01,0.01,
BBASW231,2025-09-23,1.8,1.55,1.54,1.8,
CVCBJ225,2025-09-23,0.04,0.04,0.04,0.04,
HAPVK495,2025-09-23,0.32,0.35,0.31,0.35,
BBASV220W1,2025-09-23,0.53,0.42,0.42,0.71,
BBASV236,2025-09-23,1.71,1.3,1.3,1.72,
BBASV203,2025-09-23,0.25,0.19,0.19,0.29,
B3SAU135W4,2025-09-23,0.18,0.25,0.14,0.27,
BBASJ246,2025-09-23,0.07,0.11,0.07,0.12,
BBASW277,2025-09-23,4.95,4.82,4.82,4.95,
BBASX191,2025-09-23,0.44,0.36,0.36,0.44,
BBASJ254,2025-09-23,0.05,0.05,0.04,0.06,
BBASM45,2025-09-23,0.47,0.42,0.41,0.47,
BBASL300,2025-09-23,0.14,0.14,0.11,0.24,
USIMV427,2025-09-23,0.1,0.11,0.09,0.11,
BBASJ220W2,2025-09-23,0.54,0.73,0.54,0.74,
BBASJ220W5,2025-09-23,0.88,1.09,0.85,1.11,
BBASK209,2025-09-23,1.95,2.29,1.92,2.29,
BBASK260,2025-09-23,3.45,3.61,3.45,3.61,
USIMI460W4,2025-09-23,0.03,0.02,0.02,0.03,
CVCBX210,2025-09-23,0.15,0.16,0.15,0.16,
BBASW119,2025-09-23,0.01,0.01,0.01,0.01,
BBASV200W2,2025-09-23,0.16,0.11,0.1,0.17,
BBASP5,2025-09-23,2,2.01,2,2.01,
USIMJ447,2025-09-23,0.18,0.17,0.17,0.21,
HAPVW310,2025-09-23,0.62,0.56,0.56,0.65,
B3SAV130W1,2025-09-23,0.1,0.13,0.1,0.13,
BBASW189,2025-09-23,0.29,0.27,0.26,0.29,
BBASW540,2025-09-23,1.87,1.87,1.82,1.9,
B3SAK144,2025-09-23,0.34,0.35,0.34,0.43,
USIMX424,2025-09-23,0.19,0.19,0.19,0.19,
HAPVJ375,2025-09-23,1.62,2.09,1.62,2.09,
BBASV200W4,2025-09-23,0.27,0.2,0.2,0.27,
USIMJ467,2025-09-23,0.11,0.1,0.09,0.11,
HAPVV380,2025-09-23,1.34,1.25,1.25,1.43,
HAPVV382,2025-09-23,1.64,1.36,1.36,1.81,
B3SAJ972,2025-09-23,3.87,3.92,3.87,3.92,
BBASX230,2025-09-23,1.56,1.5,1.5,1.56,
USIMK600,2025-09-23,0.03,0.03,0.03,0.03,
B3SAV117,2025-09-23,0.04,0.05,0.04,0.05,
B3SAJ17,2025-09-23,0.01,0.01,0.01,0.01,
BBASL255,2025-09-23,0.44,0.51,0.44,0.52,
BBASW171,2025-09-23,0.15,0.12,0.12,0.15,
BBASL270,2025-09-23,0.22,0.27,0.22,0.27,
BBASU195W4,2025-09-23,0.03,0.01,0.01,0.03,
B3SAV115W1,2025-09-23,0.01,0.01,0.01,0.01,
HAPVK45,2025-09-23,0.83,0.81,0.81,0.83,
BBASK245W1,2025-09-23,0.2,0.19,0.19,0.22,
BBASX136,2025-09-23,0.06,0.03,0.03,0.06,
USIMJ412,2025-09-23,0.43,0.43,0.43,0.43,
B3SAJ153,2025-09-23,1.34,1.34,1.34,1.34,
BBASX225,2025-09-23,1.3,1.1,1.1,1.3,
HAPVW312,2025-09-23,0.69,0.67,0.67,0.69,
B3SAL130,2025-09-23,1.5,1.5,1.5,1.5,
HAPVJ367,2025-09-23,2.29,2.29,2.29,2.29,
BBASV251,2025-09-23,2.95,2.55,2.55,2.95,
HAPVK472,2025-09-23,0.53,0.53,0.53,0.53,
B3SAL134,2025-09-23,1.45,1.45,1.45,1.45,
BBASW190W1,2025-09-23,0.22,0.21,0.21,0.23,
HAPVK407,2025-09-23,1.97,1.97,1.97,1.97,
HAPVK447,2025-09-23,0.87,0.86,0.86,0.87,
HAPVW335,2025-09-23,1.15,1.14,1.14,1.15,
BBASX209,2025-09-23,0.83,0.83,0.83,0.83,
HAPVJ395,2025-09-23,0.81,1,0.81,1.03,
BBASN248,2025-09-23,2.5,2.5,2.5,2.5,
HAPVK487,2025-09-23,0.38,0.38,0.38,0.38,
BBASV230W1,2025-09-23,1.36,1.01,1.01,1.36,
BBASV220W4,2025-09-23,0.96,0.87,0.87,0.96,
B3SAV152,2025-09-23,1.71,1.71,1.71,1.71,
BBASJ170,2025-09-23,4.7,4.68,4.68,4.7,
BBASV269,2025-09-23,4.78,4.78,4.78,4.78,
BBASO197,2025-09-23,0.69,0.68,0.68,0.69,
BBASX194,2025-09-23,0.55,0.55,0.55,0.55,
USIMK580,2025-09-23,0.04,0.04,0.04,0.04,
USIMK480,2025-09-23,0.2,0.2,0.2,0.2,
BBASW972,2025-09-23,0.01,0.01,0.01,0.01,
BBASJ250W4,2025-09-23,0.07,0.07,0.07,0.07,
B3SAX132,2025-09-23,0.5,0.5,0.45,0.5,
BBASL230,2025-09-23,1.3,1.43,1.3,1.43,
B3SAF129,2025-09-23,2.27,2.27,2.27,2.27,
HAPVW407,2025-09-23,3.9,3.9,3.9,3.9,
BBASK329,2025-09-23,0.01,0.01,0.01,0.01,
BBASK220W1,2025-09-23,1.22,1.22,1.22,1.22,
HAPVI400W4,2025-09-23,0.07,0.07,0.07,0.07,
BBASK272,2025-09-23,0.14,0.14,0.14,0.14,
USIMK540,2025-09-23,0.06,0.06,0.06,0.06,
USIMS674,2025-09-23,1.79,1.79,1.79,1.79,
BBASV240W1,2025-09-23,1.95,1.92,1.92,1.95,
BBASX356,2025-09-23,8.85,8.85,8.85,8.85,
HAPVV380W1,2025-09-23,0.89,0.88,0.88,0.89,
BBASX268,2025-09-23,3.9,3.9,3.9,3.9,
B3SAK112,2025-09-23,2.58,2.58,2.58,2.58,
BBASM218,2025-09-23,1.1,1.08,1.08,1.1,
BBASJ660,2025-09-23,0.01,0.01,0.01,0.01,
B3SAR129,2025-09-23,0.63,0.63,0.63,0.63,
USIMI480W4,2025-09-23,0.01,0.01,0.01,0.01,
B3SA3,2025-09-23,13.54,13.34,13.31,13.62,
BBASV215W5,2025-09-23,0.75,0.55,0.19,0.75,
BBASJ229,2025-09-23,0.39,0.6,0.37,0.61,
BBASJ224,2025-09-23,0.63,0.86,0.59,0.87,
BBASU220W4,2025-09-23,0.49,0.24,0.24,0.56,
CVCB3F,2025-09-23,2.01,2.09,2.01,2.09,
BBASJ201,2025-09-23,2.14,2.53,2.12,2.6,
BBASJ221,2025-09-23,0.74,1.01,0.69,1.02,
BBASI215W4,2025-09-23,0.43,0.76,0.38,0.76,
BBASK221,2025-09-23,1.21,1.46,1.19,1.48,
B3SAV137,2025-09-23,0.45,0.58,0.45,0.58,
B3SAW134,2025-09-23,0.51,0.59,0.49,0.59,
BBASK211,2025-09-23,1.73,2.12,1.73,2.12,
B3SAM100,2025-09-23,0.19,0.22,0.19,0.22,
BBASV188,2025-09-23,0.1,0.08,0.07,0.11,
BBASW246,2025-09-23,2.86,2.46,2.46,2.86,
BBASJ266,2025-09-23,0.02,0.02,0.02,0.03,
BBASX180,2025-09-23,0.7,0.7,0.7,0.7,
BBASJ208,2025-09-23,1.34,1.77,1.34,1.77,
BBASL258,2025-09-23,0.45,0.46,0.45,0.46,
USIMJ442,2025-09-23,0.21,0.2,0.19,0.24,
BBASI235W4,2025-09-23,0.01,0.02,0.01,0.02,
USIMV412,2025-09-23,0.06,0.06,0.05,0.06,
USIMV437,2025-09-23,0.14,0.14,0.11,0.14,
BBASW242,2025-09-23,2.07,1.98,1.97,2.07,
BBASW235,2025-09-23,1.5,1.28,1.28,1.5,
BBASK206,2025-09-23,2.13,2.42,2.07,2.43,
B3SAJ150,2025-09-23,0.14,0.12,0.12,0.17,
BBASD335,2025-09-23,1.07,1.44,1.07,1.45,
BBASJ205W1,2025-09-23,1.32,1.75,1.32,1.75,
BBASV215W1,2025-09-23,0.44,0.24,0.24,0.47,
B3SAJ132,2025-09-23,0.65,0.59,0.59,0.75,
USIMK500,2025-09-23,0.14,0.13,0.12,0.14,
BBASV241,2025-09-23,1.82,1.78,1.7,1.82,
BBASV234,2025-09-23,1.5,1.12,1.11,1.52,
BBASX223,2025-09-23,1,1.06,1,1.06,
B3SAJ167,2025-09-23,0.01,0.01,0.01,0.01,
BBASX204,2025-09-23,0.65,0.6,0.4,0.65,
BBASL290,2025-09-23,0.11,0.11,0.11,0.11,
B3SAV140W1,2025-09-23,0.62,0.62,0.62,0.62,
HAPVJ322,2025-09-23,6.15,6.15,6.15,6.15,
BBASW234,2025-09-23,1.95,1.69,1.69,1.95,
USIMK405,2025-09-23,0.62,0.62,0.62,0.62,
USIMW420,2025-09-23,0.15,0.15,0.14,0.15,
BBASW210W1,2025-09-23,0.6,0.49,0.29,0.64,
BBASW206,2025-09-23,0.6,0.56,0.55,0.71,
BBASV175,2025-09-23,0.04,0.03,0.03,0.05,
BBASV210W5,2025-09-23,0.54,0.41,0.41,0.57,
B3SAV122,2025-09-23,0.07,0.1,0.07,0.1,
BBASX21,2025-09-23,0.96,0.84,0.83,0.96,
B3SAW120,2025-09-23,0.12,0.15,0.12,0.15,
CVCBW180,2025-09-23,0.03,0.03,0.03,0.03,
USIMK450,2025-09-23,0.32,0.33,0.32,0.34,
USIMV462,2025-09-23,0.25,0.28,0.25,0.28,
BBASV180W4,2025-09-23,0.08,0.05,0.04,0.08,
BBASJ255W5,2025-09-23,0.06,0.08,0.05,0.09,
BBASJ245W1,2025-09-23,0.02,0.02,0.02,0.02,
BBASV254,2025-09-23,3.28,2.78,2.78,3.28,
BBASW164,2025-09-23,0.11,0.1,0.1,0.11,
BBASA233,2025-09-23,1,1.27,0.8,1.27,
BBASV190W4,2025-09-23,0.15,0.09,0.09,0.15,
BBASV190W1,2025-09-23,0.05,0.04,0.04,0.05,
HAPVK435,2025-09-23,1.24,1.22,1.22,1.24,
HAPVK520,2025-09-23,0.2,0.21,0.18,0.22,
B3SAK157,2025-09-23,0.11,0.12,0.11,0.14,
B3SAW122,2025-09-23,0.17,0.2,0.16,0.2,
BBASV281,2025-09-23,5.59,5.59,5.54,5.59,
HAPVW372,2025-09-23,2.2,2.2,2.2,2.2,
BBASW186,2025-09-23,0.29,0.24,0.24,0.29,
BBASV225W5,2025-09-23,1.15,1.17,1.12,1.17,
BBASV170W4,2025-09-23,0.04,0.05,0.04,0.06,
BBASV271,2025-09-23,4.93,4.55,4.53,4.93,
BBASM25,2025-09-23,0.02,0.02,0.02,0.02,
HAPVW385,2025-09-23,2.98,2.73,2.7,2.99,
BBASW275,2025-09-23,5.06,4.59,4.59,5.06,
USIMJ470W2,2025-09-23,0.07,0.07,0.07,0.07,
USIMJ487,2025-09-23,0.06,0.06,0.06,0.06,
CVCBV190,2025-09-23,0.03,0.03,0.03,0.03,
BBASL233,2025-09-23,1.08,1.29,1.08,1.3,
BBASB203,2025-09-23,3.15,3.15,3.15,3.15,
HAPVJ317,2025-09-23,6.01,6.01,6.01,6.01,
HAPVW380,2025-09-23,2.82,2.82,2.82,2.82,
USIMV382,2025-09-23,0.02,0.02,0.02,0.02,
B3SAM130,2025-09-23,0.4,0.53,0.4,0.53,
BBASJ205W4,2025-09-23,1.62,1.62,1.62,1.62,
HAPVK395,2025-09-23,2.35,2.35,2.35,2.35,
CVCBX195,2025-09-23,0.1,0.1,0.1,0.1,
BBASV168,2025-09-23,0.04,0.04,0.04,0.04,
B3SAV130W5,2025-09-23,0.25,0.31,0.25,0.31,
USIMB500,2025-09-23,0.89,0.89,0.89,0.89,
B3SAL150,2025-09-23,2.15,2.15,2.15,2.15,
BBASJ173,2025-09-23,4.43,4.44,4.43,4.44,
B3SAV109,2025-09-23,0.02,0.02,0.02,0.02,
HAPVK387,2025-09-23,2.72,2.7,2.7,2.72,
HAPVK465,2025-09-23,0.59,0.59,0.59,0.59,
BBASX243,2025-09-23,2,2,2,2,
BBASJ175,2025-09-23,4.19,4.19,4.19,4.19,
BBASJ183,2025-09-23,3.48,3.48,3.48,3.48,
USIMJ457,2025-09-23,0.16,0.13,0.13,0.16,
BBASJ700,2025-09-23,21.95,21.97,21.95,21.97,
BBASW267,2025-09-23,3.95,3.95,3.95,3.95,
USIMK465,2025-09-23,0.24,0.24,0.24,0.24,
BBASS22,2025-09-23,1.26,1.26,1.26,1.26,
USIMX444,2025-09-23,0.28,0.28,0.28,0.28,
BBASX320,2025-09-23,8.64,8.63,8.63,8.64,
CVCBW415,2025-09-23,1.98,1.98,1.98,1.98,
BBASX228,2025-09-23,1.2,1.2,1.2,1.2,
B3SAK187,2025-09-23,0.02,0.02,0.02,0.02,
BBASU252W4,2025-09-23,3.2,3.2,3.2,3.2,
USIMX399,2025-09-23,0.14,0.14,0.13,0.14,
USIMK455,2025-09-23,0.3,0.27,0.27,0.3,
USIMW490,2025-09-23,0.51,0.51,0.51,0.51,
USIMI440W4,2025-09-23,0.11,0.09,0.09,0.11,
BBASK267,2025-09-23,0.17,0.17,0.17,0.17,
HAPVJ450,2025-09-23,0.1,0.1,0.1,0.1,
B3SAA143,2025-09-23,0.7,0.7,0.7,0.7,
USIMK560,2025-09-23,0.05,0.05,0.05,0.05,
B3SAE149,2025-09-23,1.15,1.15,1.15,1.15,
BBASM211,2025-09-23,1.08,1.08,1.08,1.08,
HAPVK410,2025-09-23,2,1.96,1.96,2,
BBASS198,2025-09-23,0.63,0.63,0.63,0.63,
B3SAK124,2025-09-23,1.5,1.5,1.5,1.5,
BBASS188,2025-09-23,0.51,0.51,0.51,0.51,
BBASP186,2025-09-23,0.4,0.4,0.4,0.4,
BBASD269,2025-09-23,0.9,0.9,0.9,0.9,
HAPVV365W2,2025-09-23,0.6,0.6,0.6,0.6,
USIMK510,2025-09-23,0.12,0.12,0.11,0.12,
BBASL273,2025-09-23,0.21,0.24,0.21,0.24,
USIMV532,2025-09-23,0.81,0.81,0.81,0.81,
B3SAK117,2025-09-23,2.15,2.15,2.15,2.15,
HAPVV365W1,2025-09-23,0.41,0.41,0.41,0.41,
BBASK184,2025-09-23,4.2,4.2,4.2,4.2,
USIMI470W4,2025-09-23,0.01,0.01,0.01,0.01,
B3SAV132,2025-09-23,0.32,0.37,0.16,0.37,
B3SAW127,2025-09-23,0.28,0.3,0.25,0.3,
B3SAJ142,2025-09-23,0.2,0.17,0.17,0.26,
HAPV3F,2025-09-23,37.46,37.81,37.35,38.26,
USIM3,2025-09-23,4.49,4.46,4.42,4.53,
BBASV21,2025-09-23,0.49,0.31,0.3,0.49,
BBASV200,2025-09-23,0.23,0.17,0.16,0.25,
BBASV190,2025-09-23,0.14,0.07,0.07,0.19,
BBASV226,2025-09-23,0.98,0.7,0.7,1.05,
USIM3F,2025-09-23,4.45,4.51,4.43,4.53,
BBASJ500,2025-09-23,1,1.35,1,1.38,
USIMJ460W1,2025-09-23,0.07,0.06,0.06,0.08,
BBASJ245W2,2025-09-23,0.05,0.05,0.05,0.05,
B3SAW129,2025-09-23,0.32,0.38,0.32,0.39,
CVCBJ205,2025-09-23,0.08,0.1,0.08,0.13,
B3SAJ137,2025-09-23,0.41,0.33,0.33,0.45,
BBASX210,2025-09-23,1.2,1.2,1.2,1.23,
BBASA55,2025-09-23,0.9,1.18,0.9,1.19,
B3SAV139,2025-09-23,0.68,0.74,0.61,0.74,
BBASV195W4,2025-09-23,0.2,0.14,0.14,0.21,
BBASK216,2025-09-23,1.41,1.77,1.41,1.77,
BBASV210W2,2025-09-23,0.32,0.24,0.24,0.32,
HAPVK50,2025-09-23,0.29,0.33,0.25,0.33,
BBASI200W4,2025-09-23,1.7,2.07,1.63,2.15,
BBASW199,2025-09-23,0.48,0.39,0.39,0.51,
BBASV185W5,2025-09-23,0.13,0.11,0.1,0.13,
BBASW175W1,2025-09-23,0.09,0.09,0.08,0.1,
B3SAJ140W2,2025-09-23,0.22,0.18,0.18,0.22,
BBASV205W5,2025-09-23,0.4,0.31,0.31,0.42,
BBASV259,2025-09-23,3.8,3.38,3.29,3.8,
CVCBK249,2025-09-23,0.05,0.05,0.05,0.05,
BBASU230W4,2025-09-23,1.34,0.97,0.95,1.34,
CVCBJ210,2025-09-23,0.06,0.08,0.06,0.1,
BBASW224,2025-09-23,1.35,1.15,1.15,1.42,
BBASW216,2025-09-23,1.01,0.83,0.83,1.05,
BBASJ193,2025-09-23,2.56,3.1,2.56,3.1,
BBASI210W4,2025-09-23,0.72,1.16,0.72,1.16,
HAPVV372,2025-09-23,1.16,1,1,1.16,
B3SAV167,2025-09-23,3.05,3.05,3.05,3.05,
CVCBW200,2025-09-23,0.09,0.09,0.09,0.09,
BBASJ245W4,2025-09-23,0.09,0.13,0.09,0.14,
BBASL204,2025-09-23,2.5,2.83,2.5,2.83,
BBASE13,2025-09-23,11.8,11.99,11.8,11.99,
BBASK280,2025-09-23,0.08,0.1,0.08,0.1,
BBASK290,2025-09-23,0.08,0.07,0.07,0.08,
USIMJ417,2025-09-23,0.39,0.4,0.39,0.4,
USIMJ460W5,2025-09-23,0.2,0.2,0.2,0.2,
USIMJ432,2025-09-23,0.28,0.26,0.26,0.31,
HAPVV335,2025-09-23,0.25,0.25,0.25,0.25,
HAPVI390W4,2025-09-23,0.18,0.32,0.18,0.32,
HAPVK475,2025-09-23,0.5,0.5,0.5,0.5,
BBASI175W4,2025-09-23,4.09,4.09,4.09,4.09,
BBASV160,2025-09-23,0.02,0.02,0.02,0.02,
HAPVK455,2025-09-23,0.76,0.86,0.71,0.87,
HAPVV375,2025-09-23,1.35,1.09,1.09,1.35,
USIMJ502,2025-09-23,0.04,0.03,0.03,0.04,
USIMJ450W4,2025-09-23,0.21,0.21,0.21,0.21,
BBASW205W1,2025-09-23,0.48,0.39,0.37,0.49,
USIMJ477,2025-09-23,0.08,0.08,0.08,0.09,
USIMP110,2025-09-23,5.45,5.49,5.45,5.5,
HAPVK40,2025-09-23,2.13,2.17,2.13,2.17,
BBASB223,2025-09-23,1.95,1.95,1.95,1.95,
HAPVV330,2025-09-23,0.2,0.2,0.2,0.2,
HAPVJ385,2025-09-23,1.18,1.52,1.17,1.52,
BBASX301,2025-09-23,4.91,4.91,4.91,4.91,
BBASW126,2025-09-23,0.02,0.02,0.02,0.02,
HAPVV365,2025-09-23,0.96,0.76,0.76,0.96,
HAPVK490,2025-09-23,0.35,0.35,0.35,0.35,
CVCBV205,2025-09-23,0.08,0.07,0.07,0.08,
USIMJ472,2025-09-23,0.11,0.08,0.07,0.11,
B3SAO10,2025-09-23,0.07,0.07,0.07,0.07,
B3SAK162,2025-09-23,0.08,0.08,0.08,0.08,
B3SAK127,2025-09-23,1.36,1.32,1.31,1.36,
CVCBV210,2025-09-23,0.1,0.09,0.09,0.1,
B3SAJ150W1,2025-09-23,0.02,0.02,0.02,0.02,
B3SAK120,2025-09-23,1.94,1.94,1.94,1.94,
BBASJ178,2025-09-23,3.95,3.95,3.95,3.95,
B3SAK138,2025-09-23,0.68,0.64,0.64,0.74,
BBASI240,2025-09-23,3,3,3,3,
BBASI272,2025-09-23,1.5,1.5,1.5,1.5,
CVCBK260,2025-09-23,0.03,0.03,0.03,0.03,
BBASW141,2025-09-23,0.04,0.04,0.04,0.04,
B3SAX140,2025-09-23,0.88,0.88,0.88,0.88,
B3SAX124,2025-09-23,0.25,0.27,0.25,0.27,
BBASD5,2025-09-23,1.59,1.84,1.59,1.84,
USIMX579,2025-09-23,1.22,1.22,1.22,1.22,
HAPVJ392,2025-09-23,1.13,1.12,1.12,1.13,
B3SAV102,2025-09-23,0.01,0.01,0.01,0.01,
BBASU235W4,2025-09-23,1.42,1.4,1.4,1.47,
USIMJ37,2025-09-23,0.03,0.02,0.02,0.03,
BBASK196,2025-09-23,3.23,3.23,3.23,3.23,
USIMW440,2025-09-23,0.23,0.23,0.23,0.23,
BBASJ276,2025-09-23,0.01,0.01,0.01,0.01,
B3SAV112,2025-09-23,0.03,0.03,0.03,0.03,
BBASV230W2,2025-09-23,1.07,1.07,1.07,1.07,
USIMW520,2025-09-23,0.7,0.75,0.7,0.75,
BBASM238,2025-09-23,1.97,1.97,1.97,1.98,
USIMX599,2025-09-23,1.45,1.45,1.45,1.45,
USIMW445,2025-09-23,0.25,0.25,0.25,0.25,
USIML539,2025-09-23,0.12,0.11,0.11,0.12,
USIMX559,2025-09-23,1.08,1.08,1.08,1.08,
BBASK277,2025-09-23,0.1,0.1,0.1,0.1,
B3SAG12,2025-09-23,2.85,2.85,2.85,2.85,
BBASK282,2025-09-23,0.08,0.08,0.08,0.08,
B3SAM118,2025-09-23,0.04,0.2,0.04,0.2,
HAPVV405,2025-09-23,2.74,2.74,2.74,2.74,
B3SAJ130W2,2025-09-23,0.72,0.72,0.72,0.72,
USIMX989,2025-09-23,5,5.08,5,5.08,
HAPVV300,2025-09-23,0.06,0.06,0.06,0.06,
BBASV291,2025-09-23,6.57,6.57,6.57,6.57,
BBASN310,2025-09-23,0.05,0.05,0.05,0.05,
USIMV460W1,2025-09-23,0.18,0.18,0.18,0.18,
BBAS3F,2025-09-23,21.73,22.15,21.53,22.15,
HAPV3,2025-09-23,37.42,38.05,37.22,38.28,
BBASJ249,2025-09-23,0.06,0.09,0.05,0.1,
B3SAJ134,2025-09-23,0.54,0.45,0.44,0.6,
BBASV205,2025-09-23,0.34,0.26,0.22,0.34,
BBASX201,2025-09-23,0.59,0.5,0.4,0.67,
BBASK231,2025-09-23,0.76,0.97,0.76,0.97,
BBASK252,2025-09-23,0.33,0.41,0.32,0.42,
BBASK540,2025-09-23,0.6,0.74,0.6,0.78,
BBASV244,2025-09-23,2.38,1.87,1.86,2.38,
B3SAV134,2025-09-23,0.25,0.46,0.25,0.47,
BBASK235,2025-09-23,1.37,1.21,0.96,1.37,
BBASV150,2025-09-23,0.01,0.01,0.01,0.01,
BBASV165W4,2025-09-23,0.04,0.03,0.03,0.04,
BBASW221,2025-09-23,1.25,1.03,1.03,1.29,
BBASW111,2025-09-23,0.01,0.01,0.01,0.01,
BBASJ261,2025-09-23,0.03,0.02,0.02,0.04,
HAPVW305,2025-09-23,0.56,0.5,0.5,0.59,
BBASV185W4,2025-09-23,0.1,0.08,0.08,0.12,
HAPVV340,2025-09-23,0.33,0.31,0.31,0.33,
USIMK445,2025-09-23,0.35,0.33,0.33,0.35,
HAPVJ370,2025-09-23,2.07,2.41,1.9,2.41,
BBASW201,2025-09-23,0.54,0.45,0.45,0.55,
B3SAJ160,2025-09-23,0.03,0.04,0.03,0.05,
B3SAJ139,2025-09-23,0.3,0.33,0.24,0.35,
CVCBJ230,2025-09-23,0.03,0.04,0.02,0.04,
BBASV170,2025-09-23,0.03,0.03,0.02,0.04,
BBASK26,2025-09-23,0.22,0.27,0.21,0.29,
BBASV170W5,2025-09-23,0.05,0.04,0.04,0.07,
BBASX186,2025-09-23,0.32,0.31,0.3,0.32,
CVCBL265,2025-09-23,0.06,0.06,0.06,0.06,
B3SAV135W1,2025-09-23,0.32,0.34,0.24,0.34,
B3SAJ128,2025-09-23,1.08,0.98,0.98,1.08,
CVCBL235,2025-09-23,0.13,0.11,0.11,0.13,
B3SAL155,2025-09-23,0.27,0.27,0.22,0.27,
BBASK225W1,2025-09-23,0.75,0.95,0.75,0.95,
BBASF60,2025-09-23,0.02,0.01,0.01,0.02,
BBASV261,2025-09-23,3.67,3.58,3.58,3.67,
BBASJ235W2,2025-09-23,0.11,0.16,0.11,0.16,
B3SAJ152,2025-09-23,0.06,0.05,0.05,0.06,
B3SAK122,2025-09-23,1.8,1.59,1.59,1.8,
HAPVJ420,2025-09-23,0.3,0.34,0.27,0.34,
HAPVX249,2025-09-23,2.33,2.63,2.33,2.63,
USIMJ482,2025-09-23,0.07,0.07,0.07,0.08,
BBASV195W2,2025-09-23,0.13,0.09,0.09,0.13,
HAPVK417,2025-09-23,1.65,1.75,1.65,1.75,
USIMG60,2025-09-23,0.74,0.74,0.74,0.74,
HAPVJ387,2025-09-23,1.33,1.36,1.22,1.4,
HAPVJ382,2025-09-23,1.29,1.6,1.29,1.66,
BBASV215W4,2025-09-23,0.64,0.45,0.4,0.66,
B3SAJ868,2025-09-23,5.1,5,5,5.1,
BBASW244,2025-09-23,2.65,2.28,2.28,2.65,
BBASV165,2025-09-23,0.03,0.02,0.02,0.03,
BBASM188,2025-09-23,0.45,0.33,0.26,0.45,
USIMV502,2025-09-23,0.56,0.56,0.54,0.56,
CVCBJ220,2025-09-23,0.05,0.05,0.05,0.05,
BBASX214,2025-09-23,0.91,0.85,0.85,0.91,
BBASK275,2025-09-23,0.12,0.12,0.12,0.13,
BBASV172,2025-09-23,0.02,0.02,0.02,0.02,
USIMW415,2025-09-23,0.14,0.14,0.13,0.14,
BBASK29,2025-09-23,0.05,0.05,0.04,0.05,
USIMK470,2025-09-23,0.24,0.25,0.24,0.25,
BBASV195W1,2025-09-23,0.07,0.05,0.05,0.07,
BBASJ271,2025-09-23,0.01,0.01,0.01,0.01,
USIMW510,2025-09-23,0.65,0.67,0.64,0.67,
BBASV215W2,2025-09-23,0.5,0.38,0.37,0.53,
BBASJ215W5,2025-09-23,1.19,1.15,1.15,1.19,
B3SAW124,2025-09-23,0.21,0.25,0.21,0.25,
USIMW460,2025-09-23,0.32,0.32,0.32,0.32,
BBASJ190,2025-09-23,2.83,3.2,2.83,3.2,
BBASC205,2025-09-23,3.15,3.15,3.15,3.15,
BBASW179,2025-09-23,0.2,0.17,0.17,0.2,
USIMJ422,2025-09-23,0.36,0.33,0.33,0.37,
USIMV357,2025-09-23,0.01,0.01,0.01,0.01,
USIMJ470W1,2025-09-23,0.05,0.05,0.05,0.05,
HAPVV390,2025-09-23,1.97,1.97,1.97,1.97,
HAPVK390,2025-09-23,2.52,2.52,2.52,2.52,
B3SAB160,2025-09-23,1.95,1.96,1.95,1.96,
HAPVJ340,2025-09-23,4.03,4.03,4.03,4.03,
BBASX193,2025-09-23,0.4,0.35,0.35,0.54,
HAPVJ410,2025-09-23,0.4,0.58,0.4,0.58,
USIMU430W4,2025-09-23,0.04,0.03,0.02,0.04,
HAPVW317,2025-09-23,0.78,0.76,0.76,0.78,
B3SAJ169,2025-09-23,0.01,0.01,0.01,0.01,
BBASJ240W4,2025-09-23,0.16,0.23,0.14,0.23,
CVCBK200,2025-09-23,0.19,0.19,0.19,0.19,
B3SAJ130W1,2025-09-23,0.62,0.66,0.62,0.66,
B3SAU140W4,2025-09-23,0.52,0.54,0.52,0.55,
USIMW450,2025-09-23,0.29,0.28,0.28,0.29,
CVCBJ249,2025-09-23,0.01,0.01,0.01,0.01,
BBASV220W2,2025-09-23,0.73,0.54,0.53,0.73,
USIMU410W4,2025-09-23,0.01,0.01,0.01,0.01,
BBASW26,2025-09-23,3.63,3.33,3.33,3.63,
HAPVI370W4,2025-09-23,1.2,1.2,1.2,1.2,
BBASV160W4,2025-09-23,0.02,0.03,0.02,0.03,
USIMV422,2025-09-23,0.08,0.07,0.07,0.08,
HAPVJ405W2,2025-09-23,0.42,0.42,0.42,0.42,
BBASM261,2025-09-23,3.25,3.22,3.22,3.25,
BBASW255,2025-09-23,2.87,2.88,2.87,2.95,
B3SAL114,2025-09-23,2.5,2.5,2.5,2.5,
BBASN198,2025-09-23,0.55,0.55,0.55,0.55,
USIMK440,2025-09-23,0.35,0.35,0.35,0.35,
B3SAV135W2,2025-09-23,0.38,0.38,0.38,0.38,
USIMJ440W4,2025-09-23,0.23,0.23,0.23,0.23,
BBASW176,2025-09-23,0.15,0.15,0.15,0.15,
BBASA205,2025-09-23,3,3,3,3,
USIMM70,2025-09-23,2.05,2.08,2.04,2.08,
B3SAJ722,2025-09-23,6.2,6.2,6.2,6.2,
BBASL318,2025-09-23,0.01,0.01,0.01,0.01,
USIMX349,2025-09-23,0.04,0.04,0.04,0.04,
BBASA220,2025-09-23,1.85,2.15,1.85,2.15,
CVCBJ255,2025-09-23,0.01,0.01,0.01,0.01,
CVCBL499,2025-09-23,0.18,0.18,0.18,0.18,
B3SAI145W4,2025-09-23,0.01,0.01,0.01,0.01,
HAPVJ405W1,2025-09-23,0.23,0.26,0.23,0.26,
CVCBL210,2025-09-23,0.15,0.15,0.15,0.15,
USIMV392,2025-09-23,0.03,0.03,0.03,0.03,
BBASM225,2025-09-23,1.3,1.3,1.3,1.3,
BBASX24,2025-09-23,2,2,2,2.01,
B3SAI125W4,2025-09-23,1,1,1,1,
BBASL151,2025-09-23,10.14,10.14,10.14,10.14,
B3SAW102,2025-09-23,0.03,0.03,0.03,0.03,
B3SAP959,2025-09-23,0.02,0.02,0.02,0.02,
B3SAV160,2025-09-23,1.92,1.92,1.92,1.92,
BBASF270,2025-09-23,1.25,1.25,1.25,1.25,
HAPVJ405,2025-09-23,0.68,0.7,0.68,0.7,
B3SAV125W4,2025-09-23,0.15,0.15,0.15,0.15,
CVCBA500,2025-09-23,0.02,0.02,0.02,0.02,
USIMW370,2025-09-23,0.05,0.05,0.05,0.05,
BBASB238,2025-09-23,1.66,1.66,1.66,1.66,
BBASJ265W5,2025-09-23,0.04,0.04,0.04,0.04,
BBASJ205,2025-09-23,1.56,1.91,1.56,1.96,
BBASV185,2025-09-23,0.08,0.06,0.06,0.09,
BBASV215,2025-09-23,0.62,0.48,0.43,0.65,
BBASJ215,2025-09-23,0.98,1.18,0.82,1.18,
BBASW180W1,2025-09-23,0.13,0.11,0.1,0.13,
BBASK310,2025-09-23,0.03,0.03,0.03,0.03,
BBASK246,2025-09-23,0.38,0.46,0.36,0.48,
B3SAJ147,2025-09-23,0.08,0.08,0.08,0.13,
BBASW200W1,2025-09-23,0.38,0.29,0.29,0.38,
USIMJ452,2025-09-23,0.16,0.14,0.14,0.18,
BBASV224,2025-09-23,0.87,0.6,0.59,0.9,
BBASM349,2025-09-23,0.09,0.05,0.05,0.09,
B3SAK134,2025-09-23,0.78,0.78,0.77,0.86,
USIMV522,2025-09-23,0.71,0.71,0.71,0.71,
BBASW181,2025-09-23,0.23,0.18,0.18,0.23,
BBASJ251,2025-09-23,0.05,0.07,0.04,0.08,
BBASW185W1,2025-09-23,0.17,0.14,0.14,0.18,
B3SAI135W4,2025-09-23,0.25,0.12,0.12,0.27,
BBASK245,2025-09-23,0.47,0.6,0.45,0.61,
CVCBJ260,2025-09-23,0.01,0.01,0.01,0.01,
BBASJ215W1,2025-09-23,0.63,0.92,0.63,0.98,
BBASV210W1,2025-09-23,0.28,0.17,0.17,0.31,
BBASL245,2025-09-23,0.7,0.7,0.7,0.7,
BBASX141,2025-09-23,0.07,0.03,0.03,0.07,
BBASJ264,2025-09-23,0.02,0.02,0.02,0.02,
BBASW170W1,2025-09-23,0.07,0.07,0.06,0.08,
CVCBV195,2025-09-23,0.04,0.02,0.02,0.04,
BBASK255,2025-09-23,0.28,0.36,0.27,0.37,
BBASA215,2025-09-23,1.88,2.42,1.88,2.46,
BBASX206,2025-09-23,0.61,0.65,0.52,0.76,
BBASM235,2025-09-23,1.83,1.78,1.78,1.83,
BBASK214,2025-09-23,1.62,1.91,1.6,1.92,
USIMD600,2025-09-23,0.68,0.68,0.68,0.68,
HAPVK525,2025-09-23,0.17,0.2,0.16,0.2,
HAPVW325,2025-09-23,0.92,0.84,0.83,0.93,
BBASO228,2025-09-23,1.5,1.5,1.5,1.5,
BBASL253,2025-09-23,0.6,0.6,0.6,0.6,
BBASL235,2025-09-23,0.95,1.23,0.95,1.23,
USIMJ492,2025-09-23,0.05,0.04,0.04,0.05,
BBASJ200W1,2025-09-23,1.76,2.16,1.76,2.22,
CVCBK230,2025-09-23,0.08,0.08,0.08,0.09,
BBASV185W2,2025-09-23,0.05,0.04,0.04,0.05,
BBASN937,2025-09-23,66.5,66.41,66.41,66.5,
HAPVW315,2025-09-23,0.73,0.65,0.63,0.74,
BBASJ225W4,2025-09-23,0.54,0.8,0.52,0.81,
B3SAJ842,2025-09-23,5.2,5.2,5.2,5.2,
B3SAK114,2025-09-23,2.36,2.37,2.36,2.37,
BBASK235W1,2025-09-23,0.43,0.54,0.38,0.55,
HAPVW392,2025-09-23,3.22,3.09,3.07,3.22,
USIMV417,2025-09-23,0.07,0.07,0.06,0.07,
BBASM215,2025-09-23,0.76,0.94,0.76,1.14,
B3SAW996,2025-09-23,0.03,0.03,0.03,0.03,
BBASI252W4,2025-09-23,0.01,0.01,0.01,0.01,
BBASV246,2025-09-23,2.61,2.15,2.15,2.61,
BBASJ188,2025-09-23,3.4,3.45,3.4,3.45,
CVCBJ199,2025-09-23,0.12,0.14,0.12,0.14,
BBASX199,2025-09-23,0.5,0.49,0.49,0.56,
BBASV284,2025-09-23,6.16,6.16,6.16,6.16,
BBASK710,2025-09-23,0.01,0.01,0.01,0.01,
B3SAL145,2025-09-23,0.53,0.56,0.53,0.56,
BBASW124,2025-09-23,0.02,0.02,0.02,0.02,
USIMJ440W1,2025-09-23,0.15,0.15,0.15,0.15,
B3SAJ982,2025-09-23,3.76,3.76,3.76,3.76,
HAPVW375,2025-09-23,2.44,2.44,2.44,2.44,
USIMW425,2025-09-23,0.17,0.17,0.17,0.17,
BBASV180W1,2025-09-23,0.03,0.03,0.03,0.03,
B3SAV130W2,2025-09-23,0.17,0.2,0.17,0.2,
BBASJ235W4,2025-09-23,0.26,0.25,0.22,0.26,
BBASJ160,2025-09-23,5.69,5.69,5.69,5.69,
BBASW129,2025-09-23,0.02,0.02,0.02,0.02,
HAPVJ330,2025-09-23,4.88,4.88,4.88,4.88,
USIMV10,2025-09-23,5.22,5.19,5.19,5.22,
B3SAJ135W2,2025-09-23,0.42,0.45,0.42,0.45,
HAPVI385W4,2025-09-23,0.3,0.3,0.3,0.3,
BBASM180,2025-09-23,0.26,0.27,0.26,0.27,
BBASV185W1,2025-09-23,0.04,0.03,0.03,0.04,
USIMW410,2025-09-23,0.13,0.13,0.13,0.13,
HAPVI320W4,2025-09-23,5.55,5.55,5.55,5.55,
HAPVJ362,2025-09-23,2.37,2.94,2.37,2.94,
BBASV135,2025-09-23,0.01,0.01,0.01,0.01,
B3SAV163,2025-09-23,2.6,2.6,2.6,2.6,
BBASV153,2025-09-23,0.02,0.01,0.01,0.02,
BBASW161,2025-09-23,0.09,0.09,0.09,0.09,
BBASW265,2025-09-23,4.08,4.08,4.08,4.08,
BBASJ180,2025-09-23,3.74,4.2,3.72,4.2,
B3SAV130W4,2025-09-23,0.25,0.25,0.25,0.25,
USIMW580,2025-09-23,1.28,1.28,1.28,1.28,
USIMK460,2025-09-23,0.29,0.27,0.27,0.3,
B3SAC136,2025-09-23,1.44,1.44,1.44,1.44,
BBASV158,2025-09-23,0.02,0.02,0.02,0.02,
HAPVJ412,2025-09-23,0.5,0.5,0.5,0.5,
USIMV377,2025-09-23,0.02,0.02,0.02,0.02,
B3SAK139,2025-09-23,0.6,0.54,0.54,0.6,
HAPVK280,2025-09-23,1.65,1.7,1.65,1.7,
BBASC250,2025-09-23,1.16,1.17,1.16,1.17,
BBASI180W4,2025-09-23,4.12,4.1,4.1,4.12,
USIMG674,2025-09-23,0.18,0.18,0.18,0.18,
BBASJ23,2025-09-23,2.68,3.22,2.68,3.22,
HAPVV392,2025-09-23,1.88,1.88,1.88,1.88,
USIMK700,2025-09-23,0.01,0.01,0.01,0.01,
USIMV367,2025-09-23,0.01,0.02,0.01,0.02,
USIMV430W1,2025-09-23,0.05,0.05,0.05,0.05,
USIMU470W4,2025-09-23,0.23,0.23,0.23,0.23,
USIMX409,2025-09-23,0.16,0.16,0.16,0.16,
BBASK224,2025-09-23,1.08,1.34,1.06,1.36,
USIMW400,2025-09-23,0.09,0.09,0.09,0.09,
B3SAI130W4,2025-09-23,0.53,0.46,0.46,0.6,
BBASK232,2025-09-23,0.96,1.05,0.66,1.08,
BBASX235,2025-09-23,1.6,1.58,1.58,1.6,
BBASX240,2025-09-23,1.98,1.83,1.83,1.98,
BBASL21,2025-09-23,2.37,2.38,2.37,2.38,
BBASJ231,2025-09-23,0.29,0.49,0.21,0.49,
BBASI225W4,2025-09-23,0.06,0.16,0.05,0.16,
B3SAV120W1,2025-09-23,0.02,0.02,0.02,0.02,
BBASI220W4,2025-09-23,0.17,0.39,0.15,0.39,
BBASK240W1,2025-09-23,0.29,0.36,0.27,0.42,
B3SAJ149,2025-09-23,0.07,0.07,0.07,0.09,
BBASX248,2025-09-23,2.3,1.95,1.8,2.3,
B3SAW142,2025-09-23,0.95,0.99,0.91,0.99,
BBASK365,2025-09-23,0.25,0.65,0.25,0.65,
BBASV193,2025-09-23,0.14,0.08,0.08,0.15,
BBASX260,2025-09-23,3.39,3.2,3.2,3.39,
BBASJ220W1,2025-09-23,0.37,0.63,0.35,0.64,
B3SAK149,2025-09-23,0.23,0.27,0.23,0.27,
BBASJ235W1,2025-09-23,0.06,0.1,0.05,0.11,
BBASK265,2025-09-23,0.17,0.2,0.16,0.22,
BBASJ203,2025-09-23,1.73,2.18,1.71,2.18,
BBASW191,2025-09-23,0.35,0.29,0.29,0.35,
BBASK270,2025-09-23,0.13,0.16,0.13,0.16,
HAPVW307,2025-09-23,0.55,0.53,0.52,0.62,
B3SAW132,2025-09-23,0.42,0.47,0.41,0.47,
BBASV180,2025-09-23,0.06,0.04,0.04,0.07,
BBASV195,2025-09-23,0.15,0.12,0.11,0.17,
BBASV245W1,2025-09-23,2.8,2.35,2.35,2.8,
USIMN701,2025-09-23,1.95,1.93,1.93,1.96,
BBASJ21,2025-09-23,1.27,1.55,1.15,1.55,
BBASV279,2025-09-23,5.37,5.21,5.21,5.37,
USIMV447,2025-09-23,0.18,0.18,0.15,0.19,
BBASW209,2025-09-23,0.65,0.62,0.62,0.77,
B3SAU130W4,2025-09-23,0.05,0.07,0.04,0.07,
BBASJ195,2025-09-23,2.36,2.79,2.33,2.81,
BBASK201,2025-09-23,2.47,2.8,2.41,2.82,
BBASM233,2025-09-23,1.69,1.69,1.69,1.69,
BBASJ225W5,2025-09-23,0.64,0.71,0.62,0.83,
BBASJ250W2,2025-09-23,0.03,0.03,0.03,0.03,
BBASK189,2025-09-23,3.69,3.79,3.69,3.83,
BBASW214,2025-09-23,0.98,0.75,0.75,1.01,
B3SAX119,2025-09-23,0.16,0.18,0.16,0.18,
B3SAA160,2025-09-23,0.24,0.26,0.24,0.26,
BBASK312,2025-09-23,0.03,0.03,0.03,0.03,
BBASM935,2025-09-23,67.5,67.41,67.41,67.5,
BBASX156,2025-09-23,0.12,0.11,0.11,0.12,
BBASW194,2025-09-23,0.4,0.32,0.32,0.41,
BBASW232,2025-09-23,1.48,1.43,1.4,1.48,
BBASW184,2025-09-23,0.24,0.2,0.2,0.24,
B3SAJ862,2025-09-23,5,5,5,5,
BBASN200,2025-09-23,0.62,0.62,0.62,0.62,
HAPVJ365,2025-09-23,2.31,2.76,2.31,2.76,
B3SAA580,2025-09-23,7.88,7.99,7.77,7.99,
BBASJ230W4,2025-09-23,0.35,0.33,0.33,0.51,
BBASV264,2025-09-23,4.29,3.77,3.77,4.29,
BBASL268,2025-09-23,0.21,0.29,0.21,0.3,
BBASW195W1,2025-09-23,0.29,0.22,0.22,0.3,
BBASL216,2025-09-23,1.99,1.99,1.98,2.03,
BBASB26,2025-09-23,1.4,0.87,0.86,1.4,
HAPVV332,2025-09-23,0.23,0.23,0.23,0.23,
HAPVJ400,2025-09-23,0.65,0.8,0.65,0.8,
HAPVK480,2025-09-23,0.41,0.45,0.41,0.45,
HAPVK437,2025-09-23,1.08,1.06,1.06,1.08,
USIMI450W4,2025-09-23,0.06,0.04,0.04,0.07,
B3SAV114,2025-09-23,0.03,0.04,0.03,0.04,
HAPVV412,2025-09-23,3.54,3.54,3.54,3.54,
B3SAV142,2025-09-23,0.64,0.92,0.64,0.92,
BBASV210W4,2025-09-23,0.52,0.37,0.36,0.52,
USIML519,2025-09-23,0.16,0.16,0.15,0.16,
BBASM183,2025-09-23,0.18,0.31,0.18,0.31,
BBASL293,2025-09-23,0.12,0.11,0.11,0.12,
USIMV442,2025-09-23,0.15,0.16,0.13,0.16,
B3SAJ119,2025-09-23,1.7,1.57,1.57,1.7,
BBASW365,2025-09-23,9.1,9.1,9.1,9.1,
USIMW385,2025-09-23,0.08,0.07,0.07,0.08,
HAPVV387,2025-09-23,2.1,2.1,2.1,2.1,
BBASV145,2025-09-23,0.01,0.01,0.01,0.01,
HAPVK470,2025-09-23,0.54,0.53,0.53,0.54,
HAPVW395,2025-09-23,3.6,3.6,3.6,3.6,
HAPVJ342,2025-09-23,3.83,3.83,3.83,3.83,
B3SAW966,2025-09-23,0.02,0.02,0.02,0.02,
HAPVJ372,2025-09-23,1.75,2.25,1.75,2.25,
USIMJ500W1,2025-09-23,0.01,0.01,0.01,0.01,
USIMJ552,2025-09-23,0.01,0.01,0.01,0.01,
HAPVJ327,2025-09-23,5.29,5.75,5.29,5.75,
BBASV140,2025-09-23,0.01,0.01,0.01,0.01,
BBASK199,2025-09-23,2.65,2.62,2.62,2.65,
HAPVK385,2025-09-23,2.72,3.1,2.72,3.1,
BBASW134,2025-09-23,0.03,0.03,0.03,0.03,
B3SAV150,2025-09-23,0.93,1.07,0.93,1.07,
B3SAK16,2025-09-23,13.33,13.33,13.33,13.33,
BBASW151,2025-09-23,0.06,0.04,0.04,0.06,
BBASD226,2025-09-23,2.26,2.62,2.26,2.62,
HAPVK515,2025-09-23,0.21,0.24,0.21,0.25,
USIMX404,2025-09-23,0.15,0.16,0.13,0.16,
USIMJ480W2,2025-09-23,0.06,0.06,0.06,0.06,
HAPVK477,2025-09-23,0.47,0.46,0.46,0.47,
BBASX216,2025-09-23,1.1,1.1,1.1,1.1,
USIMJ437,2025-09-23,0.26,0.21,0.21,0.28,
BBASV235W1,2025-09-23,1.47,1.42,1.42,1.47,
BBASK319,2025-09-23,0.01,0.01,0.01,0.01,
HAPVJ432,2025-09-23,0.22,0.2,0.2,0.22,
BBAST256,2025-09-23,1.92,1.85,1.85,1.92,
B3SAK132,2025-09-23,0.98,0.95,0.95,0.98,
B3SAJ127W2,2025-09-23,0.97,0.91,0.91,0.97,
BBASQ273,2025-09-23,3.3,3.3,3.3,3.3,
USIMJ522,2025-09-23,0.02,0.02,0.02,0.02,
USIMV440W2,2025-09-23,0.11,0.11,0.11,0.11,
BBASN213,2025-09-23,0.9,0.9,0.9,0.9,
HAPVJ410W2,2025-09-23,0.34,0.34,0.34,0.34,
USIMV457,2025-09-23,0.22,0.22,0.22,0.22,
HAPVV322,2025-09-23,0.14,0.14,0.14,0.14,
HAPVV355W1,2025-09-23,0.23,0.23,0.23,0.23,
BBASE266,2025-09-23,3.5,3.5,3.5,3.5,
BBASA223,2025-09-23,1.8,1.8,1.8,1.8,
B3SAX110,2025-09-23,0.08,0.08,0.07,0.08,
USIMK435,2025-09-23,0.42,0.42,0.42,0.42,
USIMJ532,2025-09-23,0.02,0.02,0.02,0.02,
BBASV225W2,2025-09-23,0.75,0.75,0.75,0.75,
BBAS3T,2025-09-23,22.2,22.21,22.2,22.21,
BBAS3T,2025-09-23,22.34,22.4,22.34,22.4,
BBAS3T,2025-09-23,22.44,22.89,22.39,22.89,
B3SA3T,2025-09-23,13.46,13.47,13.46,13.47,
B3SA3T,2025-09-23,13.99,14,13.99,14,
A1AP34,2025-09-23,20.32,19.71,19.5,20.32,
A1CR34,2025-09-23,43.8,42.8,42.8,43.8,
A1DI34,2025-09-23,668.58,668.58,668.58,668.58,
A1DM34,2025-09-23,321.6,320,320,321.6,
A1EG34,2025-09-23,42.5,42.56,42.5,43.26,
A1EN34,2025-09-23,345.78,345.78,345.78,345.78,
A1ES34,2025-09-23,70.96,70.07,70.07,71.26,
A1IV34,2025-09-23,41.88,43,40.8,43,
A1KA34,2025-09-23,33.24,33.24,33.24,33.24,
A1LB34,2025-09-23,18,17.62,17.62,18.24,
A1LL34,2025-09-23,84.7,84.7,84.7,84.7,
A1LN34,2025-09-23,119.52,119.52,119.52,119.52,
A1MD34,2025-09-23,109,105.5,105.26,109,
A1MT34,2025-09-23,107.38,106.92,106.01,108.64,
A1NE34,2025-09-23,192.24,189.42,189.24,192.24,
A1PA34,2025-09-23,132,126,126,132,
A1PD34,2025-09-23,380.62,380.62,380.62,380.62,
A1PH34,2025-09-23,329.67,330.65,329.67,330.65,
A1PL34,2025-09-23,136.76,129,129,136.76,
A1PO34,2025-09-23,51.82,51.35,51,52.25,
A1PP34,2025-09-23,106.4,108.78,106.4,110.55,
A1RE34,2025-09-23,115.68,115.06,114.4,116.92,
A1RG34,2025-09-23,156.16,156.16,156.16,156.16,
A1TH34,2025-09-23,15.58,15.28,15.28,15.58,
A1TT34,2025-09-23,45.95,45.77,45.77,45.95,
A1UT34,2025-09-23,427.85,427.85,427.85,427.85,
A1VB34,2025-09-23,256.62,256.62,256.62,256.62,
A1WK34,2025-09-23,178.03,178.03,178.03,178.03,
A1ZN34,2025-09-23,67.48,67.11,67,67.48,
A2MB34,2025-09-23,19,18.26,18.26,19,
A2RR34,2025-09-23,21.64,21.64,21.64,21.64,
A2XO34,2025-09-23,227.59,229.2,227.59,232.23,
AALL34,2025-09-23,65.72,64.54,64.54,65.87,
AAPL34,2025-09-23,68,67,66.96,68.5,
ABBV34,2025-09-23,74.93,73.57,73.43,74.93,
ABGD39,2025-09-23,95.3,95.3,95.3,95.3,
ABTT34,2025-09-23,61.82,59.88,59.64,61.82,
ABUD34,2025-09-23,53.43,52.3,52.3,53.43,
ACNB34,2025-09-23,1268,1237.99,1236.31,1268,
ACWX39,2025-09-23,58.7,58.67,58.67,58.7,
ADBE34,2025-09-23,38.8,38.43,38.2,39.25,
ADPR34,2025-09-23,63.45,63.4,63.4,63.45,
AIRB34,2025-09-23,33.54,32.59,32.53,33.67,
AMGN34,2025-09-23,54,54,54,54,
AMZO34,2025-09-23,60.91,58.3,58.18,61.08,
ARGT39,2025-09-23,39.61,39.65,39.5,40.49,
ARMT34,2025-09-23,95.3,95.14,94.5,95.9,
ARNC34,2025-09-23,1030,1014,1014,1030,
ASML34,2025-09-23,93.77,92.54,91.96,94.66,
ATTB34,2025-09-23,51.63,50.54,50.35,51.63,
AVGO34,2025-09-23,26.13,26.02,25.46,26.13,
AXPB34,2025-09-23,181.99,179.85,179.85,184.14,
AZOI34,2025-09-23,97.8,97.8,97.8,97.8,
B1AM34,2025-09-23,97.72,94.99,94.99,98.5,
B1AX34,2025-09-23,61.61,61.03,60.8,61.61,
B1IL34,2025-09-23,27.84,27.24,27.24,27.84,
B1MR34,2025-09-23,140,140,140,140,
B1NT34,2025-09-23,32.28,33.19,32.28,33.19,
B1PP34,2025-09-23,46.4,46.05,46,46.55,
B1SA34,2025-09-23,70.07,70.28,70.07,70.28,
B1SX34,2025-09-23,516.8,513.65,512.96,517.44,
B1TI34,2025-09-23,57.27,55.96,55.7,57.27,
B2HI34,2025-09-23,1.6,1.57,1.57,1.6,
B2YN34,2025-09-23,0.75,0.76,0.73,0.8,
BAAX39,2025-09-23,48.71,48.3,48.29,48.76,
BABA34,2025-09-23,31.5,30.83,30.7,31.84,
BACW39,2025-09-23,73.44,72.74,72.74,73.7,
BAER39,2025-09-23,54.89,54.44,54.29,54.89,
BAGG39,2025-09-23,53.34,53.1,53,53.35,
BAIQ39,2025-09-23,92.84,86.67,86.57,92.84,
BAOK39,2025-09-23,53.1,53.1,53.1,53.1,
BAOR39,2025-09-23,68.32,68.32,68.32,68.32,
BBER39,2025-09-23,78.47,77.63,72.74,78.47,
BBUG39,2025-09-23,63.15,62.2,62.11,63.15,
BBYY34,2025-09-23,392.99,395,392.99,395,
BCAT39,2025-09-23,85.98,85.98,85.98,85.98,
BCHI39,2025-09-23,42.57,43.34,42.08,43.34,
BCIR39,2025-09-23,81.29,80.9,80.9,81.29,
BCLO39,2025-09-23,42.84,42.08,42.08,42.84,
BCNY39,2025-09-23,59.04,59.04,59.04,59.04,
BCOM39,2025-09-23,47.35,47.35,47.35,47.35,
BCPX39,2025-09-23,58.12,57.02,57.02,58.12,
BCSA34,2025-09-23,54.25,53.9,53.9,54.7,
BDRI39,2025-09-23,49.12,49.12,49.12,49.12,
BDVD39,2025-09-23,46.45,46.7,46.45,47.15,
BDVY39,2025-09-23,74.9,74.48,74.48,74.9,
BEEM39,2025-09-23,47.41,46.99,46.93,47.45,
BEFA39,2025-09-23,62.46,61.62,61.62,62.46,
BEFV39,2025-09-23,60.67,60.67,60.67,60.67,
BERK34,2025-09-23,132.5,130.31,130.31,132.8,
BEWA39,2025-09-23,48.05,47.85,47.85,48.05,
BEWC39,2025-09-23,67.01,67.01,67.01,67.01,
BEWG39,2025-09-23,73.36,72.73,72.73,73.36,
BEWH39,2025-09-23,37.32,37.32,37.32,37.32,
BEWJ39,2025-09-23,53.95,53.65,53.65,53.95,
BEWL39,2025-09-23,58.98,58.86,58.86,59.22,
BEWT39,2025-09-23,57.5,56.9,56.9,57.5,
BEWU39,2025-09-23,74.13,73.57,73.57,74.13,
BEWW39,2025-09-23,89.25,89.19,89.19,89.3,
BEWY39,2025-09-23,54.88,53.9,53.85,54.88,
BEWZ39,2025-09-23,55.2,55.2,55.2,55.2,
BEZU39,2025-09-23,81.54,81.6,81.54,81.6,
BFXI39,2025-09-23,42.95,42.44,42.44,43.04,
BGNO39,2025-09-23,101.2,101.2,101.2,101.2,
BGOV39,2025-09-23,41.08,40.8,40.65,41.08,
BGRT39,2025-09-23,45.1,44.9,44.9,45.1,
BGWH39,2025-09-23,72.16,72.16,72.16,72.16,
BHEF39,2025-09-23,52.68,52.68,52.68,52.68,
BHER39,2025-09-23,44.5,44.5,44.5,44.5,
BHYG39,2025-09-23,54.15,53.68,53.68,54.15,
BIAU39,2025-09-23,94.65,93.74,93.58,95.2,
BIBB39,2025-09-23,50.45,50.45,50.45,50.45,
BIDU34,2025-09-23,51.7,47.25,47.15,51.7,
BIEF39,2025-09-23,58.19,57.78,57.78,58.31,
BIEI39,2025-09-23,53.25,52.85,52.7,53.25,
BIEM39,2025-09-23,59.39,58.2,58.2,59.39,
BIEU39,2025-09-23,60.05,59.59,59.59,60.05,
BIEV39,2025-09-23,68.95,68.95,68.95,68.95,
BIGS39,2025-09-23,56.64,56.64,56.64,56.64,
BIJR39,2025-09-23,80.14,78.88,78.88,80.14,
BILB34,2025-09-23,100.6,100.5,100.5,100.6,
BILF39,2025-09-23,51.12,51.05,50.9,51.35,
BITO39,2025-09-23,76.77,76.77,76.77,76.77,
BIUS39,2025-09-23,49.7,49.7,49.7,49.7,
BIVB39,2025-09-23,89.2,88.02,87.94,89.4,
BIVE39,2025-09-23,72.88,72.24,72.24,73.2,
BIWF39,2025-09-23,100.09,100.09,100.09,100.09,
BIWM39,2025-09-23,65.18,64.51,64.51,65.56,
BIXC39,2025-09-23,55.56,55.56,55.56,55.56,
BIXG39,2025-09-23,76.88,76.88,76.88,76.88,
BIXJ39,2025-09-23,59.33,59.33,59.33,59.33,
BIXN39,2025-09-23,18.34,18.34,18.34,18.34,
BIYE39,2025-09-23,84.54,83.66,83.66,84.54,
BIYF39,2025-09-23,45.2,44.4,44.4,45.2,
BIYT39,2025-09-23,51.55,51.1,51.1,51.55,
BIYW39,2025-09-23,29.45,29.45,29.45,29.45,
BKNG34,2025-09-23,165.35,166,164.75,166.25,
BKWB39,2025-09-23,217.32,216.2,214.92,217.32,
BLAK34,2025-09-23,90.01,90.8,90.01,92.37,
BLPA39,2025-09-23,63.82,63.91,63.82,63.91,
BLPX39,2025-09-23,81.74,81.89,81.73,82.24,
BLQD39,2025-09-23,59.34,59.1,58.86,59.4,
BMIL39,2025-09-23,66.64,66.64,66.64,66.64,
BMOM39,2025-09-23,90.35,90.18,90.18,90.35,
BMTU39,2025-09-23,68.4,68.4,68.4,68.4,
BNDA39,2025-09-23,71.12,69.98,69.98,71.12,
BOAC34,2025-09-23,69.05,67.96,67.96,70.46,
BOEF39,2025-09-23,88.84,88.84,88.84,88.84,
BOEI34,2025-09-23,1162.77,1143.89,1143.89,1162.77,
BONY34,2025-09-23,575,582.12,575,588.12,
BOTZ39,2025-09-23,48.24,47.03,47.03,48.24,
BPEM39,2025-09-23,63.09,62.24,62.24,63.09,
BPFR39,2025-09-23,52.68,52.28,52.28,52.68,
BPVE39,2025-09-23,83.39,83.04,83.04,83.41,
BQQW39,2025-09-23,74.58,74.58,74.58,74.58,
BQUA39,2025-09-23,68.28,68.28,68.28,68.28,
BQYL39,2025-09-23,29.89,29.82,29.75,30.15,
BSDV39,2025-09-23,64.02,63.5,63.5,64.02,
BSHV39,2025-09-23,58.85,58.38,58.34,58.92,
BSHY39,2025-09-23,54.9,54.78,54.78,54.92,
BSIL39,2025-09-23,74.74,72.59,72.27,74.74,
BSLV39,2025-09-23,71.33,70,70,71.7,
BSOX39,2025-09-23,36.24,35.96,35.56,36.24,
BSRE39,2025-09-23,114.95,113.97,113.85,114.95,
BTFL39,2025-09-23,53.8,53.48,53.48,53.8,
BTIP39,2025-09-23,59.22,58.91,58.91,59.27,
BTLT39,2025-09-23,31.5,31.46,31.29,31.5,
BURA39,2025-09-23,90.65,89.11,87.57,90.65,
BURT39,2025-09-23,64.61,64.61,64.61,64.61,
BUSR39,2025-09-23,51.4,51.5,51.4,51.5,
BUTL39,2025-09-23,72.5,72.5,72.5,72.5,
C1BL34,2025-09-23,363.6,363.6,363.6,363.6,
C1BR34,2025-09-23,860.63,860.63,860.63,860.63,
C1CJ34,2025-09-23,92.35,91.75,91.75,92.35,
C1CL34,2025-09-23,166.72,161.44,161.44,166.72,
C1DN34,2025-09-23,971,960,960,971,
C1GP34,2025-09-23,4.49,4.47,4.34,4.54,
C1MG34,2025-09-23,10.71,10.44,10.44,10.71,
C1NS34,2025-09-23,117.96,112.92,112.92,117.96,
C1PB34,2025-09-23,178.56,178.56,178.56,178.56,
C1PR34,2025-09-23,121.32,120,120,121.32,
C1RH34,2025-09-23,101,100,100,101,
C1RR34,2025-09-23,80.4,80.4,80.4,80.4,
C1TV34,2025-09-23,93.1,92.7,92.7,93.1,
C2AC34,2025-09-23,3.44,3.45,3.44,3.45,
C2GN34,2025-09-23,31.59,31.59,31.59,31.59,
C2HP34,2025-09-23,19.74,19.24,19.24,20.01,
C2OI34,2025-09-23,70.31,67.6,67.08,71.27,
C2OL34,2025-09-23,69.86,69.68,69.68,70.56,
C2RS34,2025-09-23,40.32,39.99,39.99,40.32,
C2RW34,2025-09-23,119.62,119,115.42,119.62,
C2ZR34,2025-09-23,13.72,13.72,13.72,13.72,
CAPH34,2025-09-23,108,108,108,108,
CATP34,2025-09-23,156.67,155.9,155.1,160.48,
CHCM34,2025-09-23,23.89,24.3,23.89,24.3,
CHME34,2025-09-23,345.1,345.1,345.1,345.1,
CHVX34,2025-09-23,83.48,83.05,83.05,84.95,
CLOV34,2025-09-23,17.29,17,16.95,17.52,
CMCS34,2025-09-23,33.84,33.3,33.3,34.11,
CNIC34,2025-09-23,20.36,20.36,20.36,20.36,
COCA34,2025-09-23,59,58.97,58.12,59.01,
COLD34,2025-09-23,23.55,23.55,23.55,23.55,
COLG34,2025-09-23,60.24,60.63,60,60.63,
COPH34,2025-09-23,41.12,41.32,41.12,42.09,
COTY34,2025-09-23,11.08,10.7,10.7,11.08,
COWC34,2025-09-23,125.58,125.83,123.51,125.83,
CSCO34,2025-09-23,72.17,71.4,70.98,72.8,
CTGP34,2025-09-23,91.88,90.3,90.3,93.51,
CVSH34,2025-09-23,40.25,40.3,40.25,40.52,
D1DG34,2025-09-23,73.68,72.51,72.51,73.68,
D1EL34,2025-09-23,726,708.47,708.47,726,
D1EX34,2025-09-23,7.31,7.29,7.29,7.31,
D1OC34,2025-09-23,22.98,22.54,22.44,23,
D1OW34,2025-09-23,30.75,30.36,30.36,30.75,
D1VN34,2025-09-23,183.42,183.42,183.42,183.42,
D2AS34,2025-09-23,94.32,93.87,93.87,94.32,
D2KN34,2025-09-23,39.05,37.92,37.92,39.05,
D2NL34,2025-09-23,14,14,14,14,
D2PZ34,2025-09-23,44.75,44.75,44.75,44.75,
D2TC34,2025-09-23,31.64,31.64,31.64,31.64,
DBAG34,2025-09-23,195.94,192.2,192.2,195.94,
DEEC34,2025-09-23,83.5,83.31,82.8,83.52,
DEOP34,2025-09-23,28.8,28.2,28.18,28.8,
DGCO34,2025-09-23,22.74,22.74,22.74,22.74,
DHER34,2025-09-23,35.94,35.59,35.58,35.94,
DISB34,2025-09-23,40,39.49,39.3,40.3,
DLTR34,2025-09-23,250.03,250.03,250.03,250.03,
DOLL39,2025-09-23,53.58,53.25,53.25,53.58,
DTCR39,2025-09-23,55.13,54.3,54.23,55.13,
DUOL34,2025-09-23,51.1,49.5,49.5,51.1,
E1CO34,2025-09-23,24.5,24.78,23.6,24.85,
E1DU34,2025-09-23,18.18,18.15,18.15,18.18,
E1QN34,2025-09-23,66,66.22,65.94,66.96,
E1RI34,2025-09-23,22,22.17,22,22.17,
E1SS34,2025-09-23,141.82,141.54,141.54,141.82,
E1TN34,2025-09-23,139.2,138.88,138.52,140,
E1VR34,2025-09-23,194.18,194.18,194.18,194.18,
E1WL34,2025-09-23,98.9,98.9,98.9,98.9,
E2AG34,2025-09-23,77.77,77.77,77.77,77.77,
E2EF34,2025-09-23,3.16,3.09,3.09,3.16,
E2NP34,2025-09-23,8.72,7.9,7.9,8.72,
E2PA34,2025-09-23,14.05,14.05,14.05,14.05,
EBAY34,2025-09-23,241.42,239.76,239.76,241.42,
EDEN39,2025-09-23,43.25,43.25,43.25,43.25,
ELCI34,2025-09-23,19.7,19.7,19.7,19.7,
EQIX34,2025-09-23,53.47,53.12,52.89,53.47,
ETHA39,2025-09-23,55.82,55.25,55.22,56.58,
EXXO34,2025-09-23,75.22,75.16,74.76,76.14,
F1IS34,2025-09-23,346.15,341.6,341.6,346.15,
F1MC34,2025-09-23,95.22,92,92,95.22,
F1NI34,2025-09-23,21.52,20.94,20.94,21.54,
F1RA34,2025-09-23,133.12,133.12,133.12,133.12,
F1SL34,2025-09-23,4.59,4.62,4.59,4.62,
F1TN34,2025-09-23,229.07,226.09,224.48,229.07,
F2IC34,2025-09-23,180,180,180,180,
F2IV34,2025-09-23,9.42,9.42,9.42,9.42,
F2NV34,2025-09-23,6.4,6.27,6.27,6.4,
F2VR34,2025-09-23,6.79,6.79,6.79,6.79,
FCXO34,2025-09-23,80.13,79.53,79.53,80.13,
FDMO34,2025-09-23,62.8,62.16,62.16,63.09,
FDXB34,2025-09-23,1245.99,1237.38,1237.38,1245.99,
FSLR34,2025-09-23,580.02,587,580.02,587,
G1DS34,2025-09-23,20.6,19.86,19.86,20.6,
G1FI34,2025-09-23,112.49,111.1,111.1,112.86,
G1LO34,2025-09-23,15.75,14.96,14.88,15.75,
G1LP34,2025-09-23,8.99,8.99,8.99,8.99,
G1MI34,2025-09-23,267.3,267.3,267.3,267.3,
G1WW34,2025-09-23,128.19,128.19,128.19,128.19,
G2EV34,2025-09-23,170.34,166.6,165.11,170.68,
G2NT34,2025-09-23,37.44,37.44,37.44,37.44,
GDXB39,2025-09-23,132.21,130.65,130.65,132.34,
GEOO34,2025-09-23,1621.27,1601.73,1601.73,1621.27,
GMCO34,2025-09-23,79.39,77.37,77.3,79.68,
GOGL34,2025-09-23,112.19,110.4,110.28,112.75,
GOGL35,2025-09-23,112.62,110.69,110.64,112.83,
GPRK34,2025-09-23,33.09,32.73,32.7,33.09,
GPRO34,2025-09-23,15.64,13.5,13.5,16.2,
GSGI34,2025-09-23,143,142.5,141.5,146.3,
H1DB34,2025-09-23,37.1,37.1,37.1,37.1,
H1EI34,2025-09-23,168.12,168.12,168.12,168.12,
H1II34,2025-09-23,19.16,19.16,19.16,19.16,
H1SB34,2025-09-23,93.96,92.78,92.78,94.32,
H1UM34,2025-09-23,30.48,30.75,30.48,30.79,
H2UB34,2025-09-23,55.02,55.02,55.02,55.02,
HALI34,2025-09-23,128.64,128.64,128.64,128.64,
HOME34,2025-09-23,77.38,77.46,77.24,78.09,
HOND34,2025-09-23,181,181,179.33,181,
HPQB34,2025-09-23,150.9,150.6,150.6,152.55,
HSHY34,2025-09-23,202,202,202,202,
I1AC34,2025-09-23,9.19,9.19,9.19,9.19,
I1BN34,2025-09-23,167.96,165.41,165.41,167.96,
I1CE34,2025-09-23,445.5,445.5,445.5,445.5,
I1EX34,2025-09-23,42.16,42.16,42.16,42.16,
I1FO34,2025-09-23,45.55,45.55,45.55,45.55,
I1LM34,2025-09-23,108.36,108.36,108.36,108.36,
I1QY34,2025-09-23,6.84,7.03,6.84,7.13,
I1RM34,2025-09-23,548.78,548.78,548.78,548.78,
I1SR34,2025-09-23,118.92,118.32,118.32,119.4,
I1XC34,2025-09-23,17.8,17.84,17.8,17.84,
IBIT39,2025-09-23,113.99,111.68,111.64,114.28,
IBMB34,2025-09-23,1452.88,1438.4,1427.22,1452.88,
INGG34,2025-09-23,137.34,136.5,136.5,137.34,
INTU34,2025-09-23,84.5,83.86,83.43,84.5,
IRBR3,2025-09-23,47.57,47.37,47.27,48.25,
IRBR3F,2025-09-23,47.46,47.45,47.14,48.18,
IRBRI450W4,2025-09-23,3.26,3.26,3.26,3.26,
IRBRI460W4,2025-09-23,1.72,1.72,1.72,1.72,
IRBRI475W4,2025-09-23,0.6,0.58,0.58,0.6,
IRBRI480W4,2025-09-23,0.55,0.55,0.55,0.55,
IRBRI485W4,2025-09-23,0.3,0.34,0.3,0.34,
IRBRI490W4,2025-09-23,0.14,0.1,0.1,0.14,
IRBRI495W4,2025-09-23,0.18,0.04,0.04,0.18,
IRBRJ440,2025-09-23,4.36,4.36,4.36,4.36,
IRBRJ450,2025-09-23,3.51,3.31,3.31,3.51,
IRBRJ460W2,2025-09-23,2.31,2.31,2.31,2.31,
IRBRJ465,2025-09-23,2.42,2.38,2.38,2.65,
IRBRJ470,2025-09-23,1.99,1.96,1.93,2.36,
IRBRJ472,2025-09-23,2,1.83,1.83,2,
IRBRJ475,2025-09-23,1.59,1.56,1.56,2.05,
IRBRJ477,2025-09-23,1.82,1.82,1.82,1.82,
IRBRJ480,2025-09-23,1.39,1.31,1.31,1.6,
IRBRJ480W1,2025-09-23,0.75,0.75,0.75,0.75,
IRBRJ485,2025-09-23,1.14,1.27,1.14,1.44,
IRBRJ490,2025-09-23,0.9,0.88,0.88,1.08,
IRBRJ495,2025-09-23,0.85,0.71,0.71,0.9,
IRBRJ495W1,2025-09-23,0.32,0.35,0.32,0.38,
IRBRJ497,2025-09-23,0.73,0.79,0.73,0.79,
IRBRJ500,2025-09-23,0.61,0.7,0.52,0.75,
IRBRJ505,2025-09-23,0.47,0.55,0.47,0.67,
IRBRJ510,2025-09-23,0.42,0.42,0.42,0.42,
IRBRJ515,2025-09-23,0.34,0.36,0.34,0.36,
IRBRJ520,2025-09-23,0.25,0.22,0.2,0.29,
IRBRJ525,2025-09-23,0.22,0.21,0.21,0.23,
IRBRJ530,2025-09-23,0.19,0.13,0.13,0.19,
IRBRJ535,2025-09-23,0.1,0.1,0.1,0.1,
IRBRJ550,2025-09-23,0.07,0.07,0.07,0.07,
IRBRK440,2025-09-23,5.65,5.65,5.65,5.65,
IRBRK470,2025-09-23,3.63,3.54,3.48,3.63,
IRBRK472,2025-09-23,3.53,3.57,3.53,3.57,
IRBRK475,2025-09-23,3.45,3.2,3.2,3.45,
IRBRK480,2025-09-23,3.18,2.96,2.93,3.18,
IRBRK485,2025-09-23,2.7,2.71,2.67,2.92,
IRBRK490,2025-09-23,2.6,2.47,2.45,2.65,
IRBRK495,2025-09-23,2.26,2.22,2.22,2.54,
IRBRK500,2025-09-23,2.22,2.21,2.12,2.22,
IRBRK510,2025-09-23,1.82,1.74,1.61,1.85,
IRBRK520,2025-09-23,1.49,1.35,1.35,1.49,
IRBRK530,2025-09-23,1.15,1.19,1.15,1.33,
IRBRK540,2025-09-23,1.01,0.83,0.83,1.01,
IRBRK550,2025-09-23,0.8,0.79,0.79,0.8,
IRBRK560,2025-09-23,0.65,0.59,0.59,0.66,
IRBRK570,2025-09-23,0.55,0.49,0.48,0.55,
IRBRK580,2025-09-23,0.51,0.38,0.37,0.51,
IRBRK590,2025-09-23,0.31,0.32,0.05,0.34,
IRBRL499,2025-09-23,2.2,2.2,2.2,2.2,
IRBRL700,2025-09-23,0.14,0.14,0.14,0.14,
IRBRN40,2025-09-23,0.51,0.51,0.51,0.51,
IRBRR350,2025-09-23,0.75,0.65,0.65,0.75,
IRBRR400,2025-09-23,1.3,1.42,1.3,1.42,
IRBRU455W4,2025-09-23,0.06,0.06,0.06,0.06,
IRBRU460W4,2025-09-23,0.11,0.11,0.11,0.11,
IRBRU480W4,2025-09-23,0.84,0.85,0.6,0.85,
IRBRU490W4,2025-09-23,1.65,1.65,1.65,1.65,
IRBRU495W4,2025-09-23,1.38,1.38,1.38,1.38,
IRBRV410,2025-09-23,0.11,0.11,0.11,0.11,
IRBRV412,2025-09-23,0.09,0.09,0.09,0.09,
IRBRV422,2025-09-23,0.12,0.13,0.12,0.13,
IRBRV425,2025-09-23,0.15,0.15,0.15,0.15,
IRBRV430,2025-09-23,0.19,0.19,0.19,0.19,
IRBRV435,2025-09-23,0.25,0.22,0.2,0.25,
IRBRV437,2025-09-23,0.27,0.22,0.2,0.27,
IRBRV440,2025-09-23,0.3,0.23,0.23,0.3,
IRBRV442,2025-09-23,0.4,0.4,0.4,0.4,
IRBRV445,2025-09-23,0.32,0.28,0.28,0.41,
IRBRV445W1,2025-09-23,0.13,0.13,0.13,0.13,
IRBRV450,2025-09-23,0.36,0.39,0.32,0.39,
IRBRV452,2025-09-23,0.35,0.35,0.35,0.35,
IRBRV455,2025-09-23,0.45,0.55,0.45,0.55,
IRBRV455W2,2025-09-23,0.31,0.31,0.31,0.31,
IRBRV457,2025-09-23,0.44,0.44,0.44,0.44,
IRBRV460,2025-09-23,0.51,0.62,0.51,0.62,
IRBRV462,2025-09-23,0.66,0.66,0.66,0.66,
IRBRV465,2025-09-23,0.83,0.77,0.67,0.83,
IRBRV467,2025-09-23,0.75,0.87,0.75,0.87,
IRBRV470,2025-09-23,0.98,1,0.8,1.02,
IRBRV475,2025-09-23,1.05,1.04,1.04,1.05,
IRBRV475W1,2025-09-23,0.79,0.79,0.79,0.79,
IRBRV477,2025-09-23,1.21,1.18,1.16,1.21,
IRBRV480,2025-09-23,1.27,1.44,1.19,1.44,
IRBRV482,2025-09-23,1.28,1.38,1.28,1.38,
IRBRV485,2025-09-23,1.61,1.71,1.42,1.71,
IRBRV487,2025-09-23,1.42,1.71,1.42,1.71,
IRBRV490,2025-09-23,1.75,1.77,1.64,1.78,
IRBRV490W2,2025-09-23,1.4,1.4,1.4,1.4,
IRBRV495,2025-09-23,1.99,2.29,1.99,2.29,
IRBRV497,2025-09-23,2.26,2.46,2.26,2.46,
IRBRV500,2025-09-23,2.4,2.5,2.4,2.5,
IRBRV505,2025-09-23,2.74,2.87,2.74,2.87,
IRBRV520,2025-09-23,4.21,4.21,4.21,4.21,
IRBRV525,2025-09-23,4.5,4.5,4.5,4.5,
IRBRV570,2025-09-23,8.73,8.73,8.73,8.73,
IRBRW350,2025-09-23,0.1,0.1,0.1,0.1,
IRBRW405,2025-09-23,0.43,0.43,0.41,0.43,
IRBRW410,2025-09-23,0.49,0.47,0.47,0.49,
IRBRW415,2025-09-23,0.55,0.55,0.52,0.57,
IRBRW420,2025-09-23,0.62,0.61,0.5,0.63,
IRBRW425,2025-09-23,0.69,0.7,0.61,0.71,
IRBRW430,2025-09-23,0.79,0.8,0.7,0.81,
IRBRW432,2025-09-23,0.85,0.83,0.76,0.85,
IRBRW435,2025-09-23,0.9,0.9,0.9,0.9,
IRBRW440,2025-09-23,0.88,1,0.88,1,
IRBRW445,2025-09-23,1.02,1.02,1.02,1.02,
IRBRW447,2025-09-23,1.14,1.14,1.14,1.14,
IRBRW452,2025-09-23,1.02,1.02,1.02,1.02,
IRBRW455,2025-09-23,1.46,1.29,1.29,1.46,
IRBRW460,2025-09-23,1.52,1.52,1.52,1.52,
IRBRW465,2025-09-23,1.77,1.77,1.77,1.77,
IRBRW470,2025-09-23,1.99,1.9,1.9,1.99,
IRBRW475,2025-09-23,2.05,2.03,2.03,2.05,
IRBRW480,2025-09-23,2.4,2.33,2.14,2.41,
IRBRW485,2025-09-23,2.43,2.63,2.43,2.63,
IRBRW500,2025-09-23,3.25,3.35,3.25,3.35,
IRBRW510,2025-09-23,3.96,3.96,3.96,3.96,
IRBRW520,2025-09-23,4.59,4.59,4.59,4.59,
IRBRW570,2025-09-23,8.46,8.46,8.46,8.46,
IRBRX40,2025-09-23,0.47,0.47,0.46,0.48,
IRBRX415,2025-09-23,0.52,0.66,0.52,0.71,
IRBRX452,2025-09-23,1.56,1.52,1.52,1.56,
IRBRX455,2025-09-23,1,1.62,1,1.64,
ITLC34,2025-09-23,25.51,25.67,25.51,26.69,
LREN3,2025-09-23,16.28,15.92,15.83,16.48,
LREN3F,2025-09-23,16.22,16.14,15.83,16.48,
LRENA153,2025-09-23,2.15,2.01,2.01,2.15,
LRENA155,2025-09-23,2.28,2.28,2.28,2.28,
LRENA158,2025-09-23,2.09,1.75,1.69,2.1,
LRENA160,2025-09-23,1.66,1.66,1.66,1.66,
LRENA163,2025-09-23,1.55,1.55,1.55,1.55,
LRENA170,2025-09-23,3.63,3.62,3.62,3.63,
LRENA171,2025-09-23,1.55,1.26,1.23,1.55,
LRENA178,2025-09-23,1,0.85,0.85,1.08,
LRENA220,2025-09-23,0.52,0.5,0.5,0.52,
LRENB180,2025-09-23,3.54,3.54,3.54,3.54,
LRENC191,2025-09-23,1,1,1,1,
LRENE220,2025-09-23,1.3,1.3,1.3,1.3,
LRENF190,2025-09-23,3.65,3.55,3.55,3.65,
LRENG20,2025-09-23,3.29,3.29,3.29,3.29,
LRENH200,2025-09-23,2.5,2.5,2.5,2.5,
LRENI155W4,2025-09-23,0.66,0.53,0.53,0.67,
LRENI160W4,2025-09-23,0.37,0.21,0.21,0.41,
LRENI165W4,2025-09-23,0.17,0.09,0.08,0.17,
LRENI170W4,2025-09-23,0.05,0.03,0.03,0.06,
LRENI175W4,2025-09-23,0.01,0.01,0.01,0.01,
LRENJ137,2025-09-23,2.33,2.33,2.33,2.33,
LRENJ142,2025-09-23,1.92,1.88,1.88,1.95,
LRENJ145,2025-09-23,1.76,1.76,1.76,1.76,
LRENJ147,2025-09-23,1.63,1.6,1.38,1.64,
LRENJ151,2025-09-23,1.72,1.21,1.21,1.73,
LRENJ152,2025-09-23,1.32,1.03,1.02,1.32,
LRENJ155,2025-09-23,1.07,0.9,0.9,1.07,
LRENJ155W1,2025-09-23,0.78,0.78,0.78,0.78,
LRENJ155W2,2025-09-23,0.88,0.88,0.88,0.88,
LRENJ157,2025-09-23,0.91,0.75,0.75,0.94,
LRENJ160W1,2025-09-23,0.46,0.38,0.38,0.5,
LRENJ160W2,2025-09-23,0.57,0.55,0.55,0.57,
LRENJ161,2025-09-23,0.88,0.61,0.6,0.95,
LRENJ162,2025-09-23,0.62,0.49,0.49,0.66,
LRENJ165,2025-09-23,0.64,0.39,0.39,0.65,
LRENJ165W1,2025-09-23,0.24,0.22,0.22,0.33,
LRENJ165W2,2025-09-23,0.33,0.31,0.31,0.33,
LRENJ165W5,2025-09-23,0.65,0.65,0.65,0.65,
LRENJ167,2025-09-23,0.54,0.31,0.31,0.54,
LRENJ170W1,2025-09-23,0.11,0.11,0.11,0.14,
LRENJ170W2,2025-09-23,0.18,0.17,0.17,0.19,
LRENJ170W4,2025-09-23,0.38,0.38,0.38,0.38,
LRENJ171,2025-09-23,0.41,0.25,0.25,0.45,
LRENJ172,2025-09-23,0.25,0.2,0.19,0.25,
LRENJ175,2025-09-23,0.27,0.15,0.15,0.27,
LRENJ175W2,2025-09-23,0.12,0.1,0.1,0.12,
LRENJ177,2025-09-23,0.21,0.13,0.12,0.21,
LRENJ180W1,2025-09-23,0.03,0.03,0.03,0.03,
LRENJ181,2025-09-23,0.17,0.09,0.09,0.17,
LRENJ182,2025-09-23,0.08,0.07,0.06,0.11,
LRENJ185,2025-09-23,0.06,0.06,0.05,0.08,
LRENJ187,2025-09-23,0.06,0.04,0.04,0.06,
LRENJ190W4,2025-09-23,0.05,0.05,0.05,0.07,
LRENJ194,2025-09-23,0.03,0.03,0.03,0.03,
LRENJ195W4,2025-09-23,0.03,0.05,0.03,0.05,
LRENJ200W4,2025-09-23,0.03,0.03,0.02,0.03,
LRENJ204,2025-09-23,0.02,0.01,0.01,0.02,
LRENJ205W4,2025-09-23,0.02,0.03,0.02,0.03,
LRENJ210W5,2025-09-23,0.02,0.03,0.02,0.03,
LRENJ22,2025-09-23,0.06,0.04,0.03,0.06,
LRENJ230,2025-09-23,0.01,0.01,0.01,0.01,
LRENK140,2025-09-23,2.54,2.54,2.54,2.54,
LRENK148,2025-09-23,2.02,1.89,1.89,2.02,
LRENK150,2025-09-23,1.88,1.68,1.68,1.88,
LRENK153,2025-09-23,1.75,1.59,1.59,1.75,
LRENK158,2025-09-23,1.52,1.25,1.25,1.52,
LRENK160,2025-09-23,1.12,1.16,1.12,1.33,
LRENK163,2025-09-23,1.21,1.05,1.05,1.21,
LRENK165,2025-09-23,0.94,0.94,0.94,0.94,
LRENK168,2025-09-23,0.96,0.76,0.76,0.96,
LRENK170,2025-09-23,0.73,0.74,0.73,0.74,
LRENK173,2025-09-23,0.84,0.6,0.6,0.84,
LRENK175,2025-09-23,0.68,0.5,0.5,0.68,
LRENK178,2025-09-23,0.45,0.43,0.43,0.45,
LRENK180,2025-09-23,0.39,0.37,0.36,0.39,
LRENK185,2025-09-23,0.27,0.29,0.27,0.29,
LRENK188,2025-09-23,0.26,0.24,0.24,0.27,
LRENK191,2025-09-23,0.19,0.18,0.18,0.19,
LRENK198,2025-09-23,0.13,0.14,0.13,0.14,
LRENK203,2025-09-23,0.1,0.1,0.1,0.1,
LRENK205,2025-09-23,0.11,0.08,0.08,0.11,
LRENK210,2025-09-23,0.07,0.07,0.07,0.07,
LRENK250,2025-09-23,0.02,0.02,0.02,0.02,
LRENL146,2025-09-23,2.5,2.1,2.1,2.5,
LRENL159,2025-09-23,1.52,1.52,1.52,1.52,
LRENL161,2025-09-23,1.4,1.4,1.4,1.4,
LRENL184,2025-09-23,0.53,0.53,0.53,0.53,
LRENL190,2025-09-23,0.4,0.4,0.4,0.4,
LRENL204,2025-09-23,0.2,0.18,0.18,0.2,
LRENM148,2025-09-23,0.58,0.6,0.58,0.6,
LRENM158,2025-09-23,0.71,0.9,0.71,0.9,
LRENM163,2025-09-23,1.21,1.12,1.11,1.21,
LRENM17,2025-09-23,1.45,1.45,1.45,1.45,
LRENM170,2025-09-23,1.7,1.7,1.7,1.7,
LRENO155,2025-09-23,0.4,0.41,0.4,0.41,
LRENS170,2025-09-23,1.5,1.6,1.5,1.6,
LRENS240,2025-09-23,5.04,5.04,5.04,5.04,
LRENT16,2025-09-23,1.57,1.59,1.54,1.59,
LRENU150W4,2025-09-23,0.02,0.02,0.02,0.02,
LRENU155W4,2025-09-23,0.05,0.13,0.05,0.13,
LRENU160W4,2025-09-23,0.16,0.34,0.16,0.34,
LRENU165W4,2025-09-23,0.63,0.61,0.58,0.63,
LRENU170W4,2025-09-23,0.98,1.11,0.98,1.11,
LRENV125,2025-09-23,0.02,0.02,0.02,0.02,
LRENV130,2025-09-23,0.52,0.53,0.52,0.58,
LRENV131,2025-09-23,0.03,0.03,0.03,0.03,
LRENV135,2025-09-23,0.05,0.05,0.05,0.05,
LRENV137,2025-09-23,0.05,0.06,0.05,0.07,
LRENV141,2025-09-23,0.08,0.08,0.07,0.09,
LRENV142,2025-09-23,0.11,0.11,0.1,0.12,
LRENV145,2025-09-23,0.13,0.15,0.11,0.15,
LRENV145W1,2025-09-23,0.06,0.05,0.05,0.06,
LRENV145W2,2025-09-23,0.08,0.1,0.08,0.1,
LRENV145W4,2025-09-23,0.15,0.15,0.14,0.17,
LRENV145W5,2025-09-23,0.19,0.17,0.17,0.19,
LRENV147,2025-09-23,0.14,0.19,0.14,0.2,
LRENV150W1,2025-09-23,0.11,0.1,0.1,0.11,
LRENV151,2025-09-23,0.21,0.25,0.2,0.26,
LRENV152,2025-09-23,0.26,0.33,0.26,0.33,
LRENV155,2025-09-23,0.34,0.41,0.34,0.43,
LRENV155W1,2025-09-23,0.18,0.23,0.18,0.23,
LRENV157,2025-09-23,0.39,0.5,0.38,0.51,
LRENV160W1,2025-09-23,0.45,0.47,0.38,0.47,
LRENV160W2,2025-09-23,0.45,0.48,0.45,0.48,
LRENV161,2025-09-23,0.48,0.63,0.48,0.63,
LRENV162,2025-09-23,0.49,0.77,0.49,0.77,
LRENV165,2025-09-23,0.71,0.92,0.71,0.92,
LRENV165W1,2025-09-23,0.65,0.65,0.65,0.65,
LRENV165W2,2025-09-23,0.74,0.74,0.74,0.74,
LRENV167,2025-09-23,0.83,1.1,0.81,1.1,
LRENV170W1,2025-09-23,1.05,1.05,1.05,1.05,
LRENV171,2025-09-23,0.86,1.26,0.86,1.27,
LRENV172,2025-09-23,1.02,1.45,1.02,1.45,
LRENV175,2025-09-23,1.44,1.6,1.36,1.6,
LRENV177,2025-09-23,1.65,1.77,1.64,1.91,
LRENV181,2025-09-23,1.52,2.1,1.52,2.1,
LRENV182,2025-09-23,1.81,2.31,1.78,2.31,
LRENV185,2025-09-23,2.3,2.39,2.3,2.5,
LRENV187,2025-09-23,2.4,2.61,2.34,2.81,
LRENV194,2025-09-23,3.01,3.1,3.01,3.18,
LRENV22,2025-09-23,2.77,2.85,2.76,2.93,
LRENV230,2025-09-23,3.56,3.72,3.56,3.81,
LRENW130,2025-09-23,0.07,0.09,0.07,0.09,
LRENW131,2025-09-23,0.11,0.12,0.11,0.12,
LRENW134,2025-09-23,0.14,0.14,0.14,0.14,
LRENW140,2025-09-23,0.22,0.22,0.2,0.23,
LRENW143,2025-09-23,0.25,0.27,0.25,0.27,
LRENW145,2025-09-23,0.29,0.32,0.28,0.33,
LRENW148,2025-09-23,0.32,0.38,0.32,0.38,
LRENW150,2025-09-23,0.39,0.46,0.37,0.46,
LRENW153,2025-09-23,0.45,0.53,0.45,0.53,
LRENW155,2025-09-23,0.58,0.58,0.55,0.58,
LRENW158,2025-09-23,0.61,0.71,0.61,0.71,
LRENW160,2025-09-23,0.73,0.82,0.73,0.83,
LRENW163,2025-09-23,0.73,0.94,0.73,0.96,
LRENW165,2025-09-23,0.8,1.07,0.8,1.07,
LRENW168,2025-09-23,0.94,1.11,0.94,1.11,
LRENW170,2025-09-23,1.23,1.24,1.23,1.32,
LRENW173,2025-09-23,1.16,1.16,1.16,1.16,
LRENW175,2025-09-23,1.61,1.67,1.61,1.68,
LRENW185,2025-09-23,2.02,2.34,2.02,2.38,
LRENW191,2025-09-23,2.77,2.77,2.77,2.77,
LRENX130,2025-09-23,0.13,0.13,0.13,0.13,
LRENX139,2025-09-23,0.3,0.33,0.3,0.33,
LRENX146,2025-09-23,0.4,0.48,0.4,0.5,
LRENX152,2025-09-23,0.5,0.55,0.5,0.55,
LRENX159,2025-09-23,0.92,0.92,0.92,0.92,
LRENX165,2025-09-23,1,1.13,1,1.13,
LRENX171,2025-09-23,1.43,1.45,1.43,1.45,
MGLU3,2025-09-23,11.01,11,10.75,11.41,
MGLU3F,2025-09-23,10.77,11.06,10.77,11.41,
MGLUA110,2025-09-23,1.43,1.43,1.43,1.43,
MGLUA80,2025-09-23,4.83,4.98,4.83,4.98,
MGLUB100,2025-09-23,2.85,2.85,2.85,2.85,
MGLUC100,2025-09-23,3.99,3.09,2.9,3.99,
MGLUD12,2025-09-23,2.09,2.09,2.09,2.09,
MGLUI100W4,2025-09-23,0.99,0.99,0.99,0.99,
MGLUI105W4,2025-09-23,0.65,0.65,0.47,0.86,
MGLUI110W4,2025-09-23,0.3,0.29,0.2,0.51,
MGLUI115W4,2025-09-23,0.25,0.15,0.08,0.25,
MGLUI120W4,2025-09-23,0.07,0.04,0.03,0.1,
MGLUI125W4,2025-09-23,0.04,0.01,0.01,0.04,
MGLUI920W4,2025-09-23,2.01,2.01,2.01,2.01,
MGLUI960W4,2025-09-23,1.38,1.38,1.38,1.38,
MGLUI980W4,2025-09-23,1.17,1.21,1.17,1.3,
MGLUJ101,2025-09-23,1.45,1.29,1.14,1.45,
MGLUJ104,2025-09-23,1.06,1.1,0.96,1.14,
MGLUJ105W1,2025-09-23,0.74,0.76,0.74,0.76,
MGLUJ106,2025-09-23,1,0.94,0.89,1,
MGLUJ109,2025-09-23,0.78,0.8,0.69,0.97,
MGLUJ110W1,2025-09-23,0.55,0.54,0.5,0.55,
MGLUJ110W4,2025-09-23,0.85,0.85,0.85,0.85,
MGLUJ111,2025-09-23,0.78,0.71,0.58,0.95,
MGLUJ114,2025-09-23,0.58,0.6,0.5,0.75,
MGLUJ115W4,2025-09-23,0.65,0.66,0.65,0.68,
MGLUJ116,2025-09-23,0.42,0.49,0.42,0.68,
MGLUJ119,2025-09-23,0.5,0.41,0.36,0.5,
MGLUJ120W1,2025-09-23,0.17,0.18,0.15,0.21,
MGLUJ120W5,2025-09-23,0.55,0.55,0.55,0.55,
MGLUJ121,2025-09-23,0.51,0.35,0.3,0.51,
MGLUJ124,2025-09-23,0.4,0.29,0.25,0.56,
MGLUJ125W1,2025-09-23,0.13,0.09,0.08,0.16,
MGLUJ126,2025-09-23,0.32,0.25,0.2,0.34,
MGLUJ129,2025-09-23,0.31,0.2,0.18,0.31,
MGLUJ131,2025-09-23,0.22,0.17,0.15,0.22,
MGLUJ134,2025-09-23,0.13,0.14,0.12,0.16,
MGLUJ136,2025-09-23,0.13,0.12,0.1,0.13,
MGLUJ139,2025-09-23,0.14,0.1,0.1,0.14,
MGLUJ141,2025-09-23,0.11,0.09,0.09,0.12,
MGLUJ146,2025-09-23,0.06,0.06,0.06,0.06,
MGLUJ151,2025-09-23,0.05,0.05,0.05,0.05,
MGLUJ153,2025-09-23,0.04,0.04,0.04,0.04,
MGLUJ16,2025-09-23,0.03,0.03,0.03,0.03,
MGLUJ161,2025-09-23,0.03,0.03,0.03,0.03,
MGLUJ171,2025-09-23,0.03,0.03,0.03,0.03,
MGLUJ489,2025-09-23,6.15,6.13,6.13,6.15,
MGLUJ699,2025-09-23,3.98,3.93,3.93,3.98,
MGLUJ719,2025-09-23,3.8,3.8,3.8,3.8,
MGLUJ739,2025-09-23,3.58,3.62,3.49,3.67,
MGLUJ749,2025-09-23,3.37,3.58,3.37,3.58,
MGLUJ759,2025-09-23,3.43,3.44,3.43,3.44,
MGLUJ779,2025-09-23,3.33,3.25,3.17,3.33,
MGLUJ789,2025-09-23,2.99,3.21,2.99,3.3,
MGLUJ799,2025-09-23,3.01,3.1,3.01,3.19,
MGLUJ809,2025-09-23,2.8,3,2.8,3.06,
MGLUJ819,2025-09-23,3,2.88,2.7,3,
MGLUJ829,2025-09-23,2.62,2.75,2.62,2.81,
MGLUJ839,2025-09-23,2.98,2.69,2.52,3.02,
MGLUJ849,2025-09-23,2.85,2.66,2.42,2.85,
MGLUJ859,2025-09-23,2.58,2.54,2.34,2.58,
MGLUJ869,2025-09-23,2.62,2.45,2.21,2.62,
MGLUJ879,2025-09-23,2.4,2.34,2.15,2.4,
MGLUJ889,2025-09-23,2.48,2.26,2.07,2.48,
MGLUJ899,2025-09-23,2.37,2.22,1.95,2.37,
MGLUJ909,2025-09-23,2.27,2.09,1.9,2.27,
MGLUJ919,2025-09-23,2.06,2.02,1.86,2.08,
MGLUJ929,2025-09-23,2.03,1.89,1.86,2.03,
MGLUJ939,2025-09-23,1.9,1.88,1.76,1.9,
MGLUJ949,2025-09-23,1.85,1.78,1.63,1.85,
MGLUJ959,2025-09-23,1.74,1.68,1.67,1.75,
MGLUJ969,2025-09-23,1.71,1.64,1.55,1.71,
MGLUJ979,2025-09-23,1.59,1.59,1.59,1.59,
MGLUJ989,2025-09-23,1.75,1.42,1.4,1.75,
MGLUJ999,2025-09-23,1.44,1.42,1.32,1.44,
MGLUK103,2025-09-23,1.45,1.49,1.45,1.49,
MGLUK105,2025-09-23,1.31,1.39,1.31,1.39,
MGLUK108,2025-09-23,1.2,1.22,1.15,1.22,
MGLUK110,2025-09-23,1.25,1.15,1.05,1.25,
MGLUK113,2025-09-23,1.09,1.07,1.01,1.09,
MGLUK115,2025-09-23,0.86,0.92,0.85,0.97,
MGLUK118,2025-09-23,0.8,0.85,0.78,0.85,
MGLUK120,2025-09-23,0.76,0.75,0.67,0.9,
MGLUK123,2025-09-23,0.67,0.67,0.64,0.7,
MGLUK125,2025-09-23,0.57,0.6,0.57,0.65,
MGLUK128,2025-09-23,0.52,0.54,0.52,0.58,
MGLUK130,2025-09-23,0.49,0.49,0.49,0.49,
MGLUK133,2025-09-23,0.41,0.45,0.41,0.46,
MGLUK135,2025-09-23,0.4,0.39,0.39,0.42,
MGLUK138,2025-09-23,0.32,0.34,0.32,0.34,
MGLUK140,2025-09-23,0.29,0.32,0.29,0.32,
MGLUK143,2025-09-23,0.27,0.27,0.27,0.27,
MGLUK145,2025-09-23,0.24,0.24,0.24,0.24,
MGLUK148,2025-09-23,0.22,0.24,0.22,0.24,
MGLUK150,2025-09-23,0.2,0.2,0.2,0.22,
MGLUK158,2025-09-23,0.15,0.15,0.15,0.15,
MGLUK163,2025-09-23,0.12,0.12,0.12,0.12,
MGLUK165,2025-09-23,0.11,0.12,0.11,0.12,
MGLUK170,2025-09-23,0.1,0.09,0.09,0.1,
MGLUK26,2025-09-23,0.02,0.02,0.02,0.02,
MGLUK594,2025-09-23,5.38,5.07,5.07,5.38,
MGLUK694,2025-09-23,4.1,4.1,4.1,4.1,
MGLUK704,2025-09-23,4.05,4.05,4.05,4.05,
MGLUK734,2025-09-23,3.68,3.73,3.68,3.73,
MGLUK804,2025-09-23,2.96,3.23,2.96,3.23,
MGLUK814,2025-09-23,3.06,3.06,3.06,3.06,
MGLUK834,2025-09-23,2.82,2.82,2.82,2.82,
MGLUK844,2025-09-23,2.9,2.9,2.9,2.9,
MGLUK854,2025-09-23,2.73,2.73,2.73,2.73,
MGLUK864,2025-09-23,2.69,2.69,2.69,2.69,
MGLUK874,2025-09-23,2.58,2.58,2.58,2.58,
MGLUK884,2025-09-23,2.56,2.56,2.56,2.56,
MGLUK894,2025-09-23,2.42,2.42,2.42,2.42,
MGLUK904,2025-09-23,2.2,2.2,2.2,2.2,
MGLUK914,2025-09-23,2.2,2.3,2.2,2.3,
MGLUK924,2025-09-23,2.1,2.1,2.1,2.1,
MGLUK954,2025-09-23,1.95,1.95,1.95,1.95,
MGLUK974,2025-09-23,1.82,1.88,1.82,1.88,
MGLUK984,2025-09-23,1.79,1.79,1.79,1.79,
MGLUK994,2025-09-23,1.75,1.75,1.75,1.75,
MGLUL113,2025-09-23,1.22,1.22,1.22,1.22,
MGLUL12,2025-09-23,0.85,1.01,0.8,1.01,
MGLUL125,2025-09-23,0.77,0.77,0.77,0.77,
MGLUL13,2025-09-23,0.7,0.75,0.7,0.75,
MGLUL133,2025-09-23,0.65,0.65,0.65,0.65,
MGLUL135,2025-09-23,0.66,0.7,0.66,0.7,
MGLUL14,2025-09-23,0.47,0.5,0.47,0.5,
MGLUL15,2025-09-23,0.39,0.39,0.39,0.39,
MGLUL200,2025-09-23,0.1,0.09,0.09,0.1,
MGLUN1,2025-09-23,0.48,0.48,0.48,0.48,
MGLUN100,2025-09-23,0.95,1.02,0.95,1.06,
MGLUO10,2025-09-23,1.83,1.8,1.8,1.83,
MGLUO100,2025-09-23,1.05,1.06,1.05,1.06,
MGLUO105,2025-09-23,1.38,1.36,1.36,1.38,
MGLUP10,2025-09-23,1.7,1.5,1.5,1.7,
MGLUQ104,2025-09-23,1.4,1.4,1.4,1.4,
MGLUU100W4,2025-09-23,0.07,0.04,0.03,0.07,
MGLUU105W4,2025-09-23,0.12,0.1,0.1,0.18,
MGLUU110W4,2025-09-23,0.33,0.32,0.25,0.4,
MGLUU115W4,2025-09-23,0.5,0.6,0.5,0.7,
MGLUU120W4,2025-09-23,1.21,1.21,1.21,1.21,
MGLUU800W4,2025-09-23,0.01,0.01,0.01,0.01,
MGLUU840W4,2025-09-23,0.01,0.01,0.01,0.01,
MGLUU880W4,2025-09-23,0.01,0.01,0.01,0.01,
MGLUU940W4,2025-09-23,0.02,0.02,0.02,0.02,
MGLUU960W4,2025-09-23,0.03,0.03,0.03,0.03,
MGLUU980W4,2025-09-23,0.04,0.03,0.03,0.04,
MGLUV100W1,2025-09-23,0.2,0.15,0.15,0.2,
MGLUV101,2025-09-23,0.45,0.44,0.36,0.53,
MGLUV104,2025-09-23,0.55,0.53,0.41,0.62,
MGLUV105W1,2025-09-23,0.37,0.28,0.28,0.37,
MGLUV106,2025-09-23,0.8,0.62,0.56,0.8,
MGLUV109,2025-09-23,0.85,0.74,0.63,0.88,
MGLUV110W1,2025-09-23,0.45,0.48,0.45,0.55,
MGLUV111,2025-09-23,1.07,0.88,0.68,1.07,
MGLUV114,2025-09-23,0.97,0.99,0.88,1.13,
MGLUV116,2025-09-23,1.12,1.12,1.12,1.25,
MGLUV119,2025-09-23,1.3,1.28,1.28,1.42,
MGLUV121,2025-09-23,1.39,1.47,1.3,1.6,
MGLUV124,2025-09-23,1.87,1.71,1.65,1.87,
MGLUV125W1,2025-09-23,1.57,1.55,1.53,1.57,
MGLUV126,2025-09-23,1.98,1.84,1.83,2.05,
MGLUV129,2025-09-23,1.96,2.15,1.93,2.15,
MGLUV131,2025-09-23,2.16,2.27,2.16,2.53,
MGLUV134,2025-09-23,2.55,2.51,2.44,2.76,
MGLUV136,2025-09-23,2.72,2.68,2.68,3.01,
MGLUV139,2025-09-23,2.93,3.01,2.93,3.01,
MGLUV141,2025-09-23,3.15,3.2,3.15,3.2,
MGLUV144,2025-09-23,3.63,3.46,3.46,3.63,
MGLUV146,2025-09-23,3.9,3.74,3.74,3.9,
MGLUV149,2025-09-23,4.14,3.98,3.96,4.14,
MGLUV151,2025-09-23,4.39,4.2,4.2,4.39,
MGLUV156,2025-09-23,4.88,4.66,4.66,4.88,
MGLUV158,2025-09-23,5.13,4.89,4.89,5.13,
MGLUV16,2025-09-23,6.11,6.09,6.09,6.11,
MGLUV161,2025-09-23,5.36,5.16,5.14,5.36,
MGLUV163,2025-09-23,5.61,5.59,5.59,5.61,
MGLUV166,2025-09-23,5.86,5.84,5.84,5.86,
MGLUV171,2025-09-23,6.35,6.33,6.33,6.35,
MGLUV173,2025-09-23,6.6,6.58,6.58,6.6,
MGLUV176,2025-09-23,6.89,6.85,6.85,6.89,
MGLUV178,2025-09-23,6.8,6.8,6.8,6.8,
MGLUV181,2025-09-23,7.32,7.29,7.29,7.32,
MGLUV186,2025-09-23,7.63,7.63,7.63,7.63,
MGLUV196,2025-09-23,8.61,8.61,8.61,8.61,
MGLUV201,2025-09-23,9.05,9.05,9.05,9.05,
MGLUV206,2025-09-23,9.62,9.62,9.62,9.62,
MGLUV382,2025-09-23,26.66,26.66,26.66,26.66,
MGLUV499,2025-09-23,0.01,0.01,0.01,0.01,
MGLUV509,2025-09-23,0.01,0.01,0.01,0.01,
MGLUV519,2025-09-23,0.01,0.01,0.01,0.01,
MGLUV579,2025-09-23,0.01,0.01,0.01,0.01,
MGLUV600,2025-09-23,0.02,0.02,0.02,0.02,
MGLUV609,2025-09-23,0.03,0.03,0.03,0.03,
MGLUV659,2025-09-23,0.04,0.04,0.04,0.04,
MGLUV669,2025-09-23,0.03,0.03,0.03,0.03,
MGLUV689,2025-09-23,0.05,0.04,0.04,0.14,
MGLUV699,2025-09-23,0.04,0.04,0.04,0.04,
MGLUV719,2025-09-23,0.04,0.04,0.04,0.04,
MGLUV729,2025-09-23,0.05,0.05,0.05,0.05,
MGLUV739,2025-09-23,0.05,0.06,0.05,0.06,
MGLUV759,2025-09-23,0.06,0.06,0.06,0.06,
MGLUV779,2025-09-23,0.07,0.07,0.07,0.07,
MGLUV780W1,2025-09-23,0.02,0.02,0.02,0.02,
MGLUV789,2025-09-23,0.07,0.07,0.07,0.08,
MGLUV799,2025-09-23,0.08,0.08,0.08,0.08,
MGLUV809,2025-09-23,0.08,0.08,0.07,0.09,
MGLUV819,2025-09-23,0.11,0.09,0.09,0.11,
MGLUV820W1,2025-09-23,0.02,0.02,0.02,0.02,
MGLUV829,2025-09-23,0.1,0.09,0.09,0.1,
MGLUV839,2025-09-23,0.09,0.1,0.09,0.12,
MGLUV849,2025-09-23,0.14,0.13,0.1,0.14,
MGLUV859,2025-09-23,0.12,0.13,0.12,0.14,
MGLUV869,2025-09-23,0.13,0.12,0.12,0.17,
MGLUV879,2025-09-23,0.14,0.14,0.13,0.17,
MGLUV889,2025-09-23,0.16,0.15,0.15,0.19,
MGLUV899,2025-09-23,0.18,0.17,0.16,0.2,
MGLUV909,2025-09-23,0.3,0.18,0.15,0.3,
MGLUV919,2025-09-23,0.17,0.21,0.17,0.23,
MGLUV929,2025-09-23,0.2,0.23,0.19,0.24,
MGLUV939,2025-09-23,0.23,0.23,0.22,0.26,
MGLUV949,2025-09-23,0.22,0.24,0.22,0.3,
MGLUV959,2025-09-23,0.27,0.27,0.2,0.32,
MGLUV960W1,2025-09-23,0.08,0.08,0.08,0.08,
MGLUV960W2,2025-09-23,0.22,0.22,0.22,0.22,
MGLUV969,2025-09-23,0.29,0.28,0.28,0.33,
MGLUV979,2025-09-23,0.31,0.32,0.31,0.38,
MGLUV980W1,2025-09-23,0.15,0.12,0.12,0.15,
MGLUV989,2025-09-23,0.3,0.36,0.28,0.4,
MGLUV999,2025-09-23,0.36,0.36,0.31,0.45,
MGLUW103,2025-09-23,0.87,0.83,0.83,0.87,
MGLUW105,2025-09-23,0.95,0.95,0.95,0.95,
MGLUW108,2025-09-23,1.05,1.09,1.05,1.09,
MGLUW110,2025-09-23,1.24,1.17,1.17,1.24,
MGLUW113,2025-09-23,1.4,1.4,1.4,1.4,
MGLUW120,2025-09-23,1.73,1.8,1.73,1.8,
MGLUW203,2025-09-23,9.1,9.1,9.1,9.1,
MGLUW544,2025-09-23,0.04,0.04,0.04,0.04,
MGLUW704,2025-09-23,0.11,0.11,0.11,0.11,
MGLUW764,2025-09-23,0.17,0.17,0.17,0.17,
MGLUW784,2025-09-23,0.2,0.2,0.2,0.2,
MGLUW794,2025-09-23,0.22,0.21,0.21,0.23,
MGLUW804,2025-09-23,0.22,0.23,0.22,0.24,
MGLUW814,2025-09-23,0.23,0.23,0.23,0.23,
MGLUW824,2025-09-23,0.25,0.25,0.25,0.25,
MGLUW844,2025-09-23,0.29,0.29,0.29,0.29,
MGLUW864,2025-09-23,0.33,0.34,0.33,0.34,
MGLUW874,2025-09-23,0.39,0.35,0.35,0.39,
MGLUW884,2025-09-23,0.37,0.38,0.37,0.38,
MGLUW894,2025-09-23,0.41,0.39,0.39,0.41,
MGLUW904,2025-09-23,0.42,0.41,0.41,0.43,
MGLUW924,2025-09-23,0.45,0.46,0.45,0.46,
MGLUW934,2025-09-23,0.48,0.49,0.48,0.5,
MGLUW944,2025-09-23,0.51,0.52,0.5,0.52,
MGLUW954,2025-09-23,0.55,0.55,0.55,0.55,
MGLUW964,2025-09-23,0.62,0.59,0.59,0.62,
MGLUW974,2025-09-23,0.6,0.61,0.6,0.61,
MGLUW984,2025-09-23,0.63,0.64,0.63,0.69,
MGLUW994,2025-09-23,0.73,0.69,0.69,0.74,
MGLUX105,2025-09-23,1.08,1.12,1.08,1.12,
MGLUX115,2025-09-23,1.6,1.6,1.6,1.6,
MGLUX200,2025-09-23,8.2,8.2,8,8.2,
MGLUX35,2025-09-23,22.27,22.27,22.27,22.27,
MGLUX824,2025-09-23,0.35,0.35,0.35,0.35,
MGLUX844,2025-09-23,0.37,0.41,0.37,0.41,
MGLUX884,2025-09-23,0.3,0.47,0.3,0.52,
MGLUX894,2025-09-23,0.35,0.52,0.35,0.52,
MGLUX924,2025-09-23,0.57,0.57,0.57,0.57,
MGLUX954,2025-09-23,0.68,0.68,0.68,0.68,
MGLUX984,2025-09-23,0.8,0.84,0.78,0.84,
LREN3T,2025-09-23,16.23,16.24,16.23,16.24,
LREN3T,2025-09-23,16.06,16.07,16.06,16.07,
LREN3T,2025-09-23,16.06,16.07,16.06,16.07,
LREN3T,2025-09-23,16.45,16.46,16.45,16.46,
FNAM11,2025-09-23,0.41,0.39,0.39,0.42,
FNOR11,2025-09-23,0.73,0.71,0.71,0.74,
PETRJ34,2025-09-23,,,,,
BOVAJ11,2025-09-23,,,,,
BOVAJ180,2025-09-23,,,,,
BOVAJ170,2025-09-23,,,,,
BBASJ320,2025-09-23,,,,,
BHIAJ100,2025-09-23,,,,,
BHIAJ16,2025-09-23,,,,,
USIMJ800,2025-09-23,,,,,
USIMJ10,2025-09-23,,,,,
CSNAJ15,2025-09-23,,,,,
CSNAJ17,2025-09-23,,,,,
LRENJ24,2025-09-23,,,,,
CVCBJ50,2025-09-23,,,,,
BBASV320,2025-09-23,,,,,
BHIAV100,2025-09-23,,,,,
BHIAV16,2025-09-23,,,,,
USIMV900,2025-09-23,,,,,
CSNAV16,2025-09-23,,,,,
BBDCV250,2025-09-23,,,,,
CSANJ162,2025-09-23,,,,,
ELETJ392,2025-09-23,,,,,
ABCBV250,2025-09-23,,,,,
SUZBW770,2025-09-23,,,,,
B3SAW979,2025-09-23,,,,,
CSNAK91,2025-09-23,,,,,
B3SAK979,2025-09-23,,,,,
RDORK381,2025-09-23,,,,,
PETRK30,2025-09-23,,,,,
RDORW381,2025-09-23,,,,,
BOVAL118,2025-09-23,,,,,
BOVAL126,2025-09-23,,,,,
BOVAL134,2025-09-23,,,,,
RAIZJ500,2025-09-23,,,,,
ENEVL192,2025-09-23,,,,,
VBBRL326,2025-09-23,,,,,
INBRK158,2025-09-23,,,,,
CPLEX932,2025-09-23,,,,,
VBBRX326,2025-09-23,,,,,
UGPAX305,2025-09-23,,,,,
ITUBX331,2025-09-23,,,,,
GFSAX100,2025-09-23,,,,,
PETZX600,2025-09-23,,,,,
BHIAX13,2025-09-23,,,,,
VALEX220,2025-09-23,,,,,
PETZX800,2025-09-23,,,,,
MGLUX45,2025-09-23,,,,,
UGPAL395,2025-09-23,,,,,
ITUBL331,2025-09-23,,,,,
MGLUL500,2025-09-23,,,,,
BHIAL13,2025-09-23,,,,,
GGBRL270,2025-09-23,,,,,
MGLUL25,2025-09-23,,,,,
PETZL700,2025-09-23,,,,,
BHIAL108,2025-09-23,,,,,
IRBRL40,2025-09-23,,,,,
MGLUL35,2025-09-23,,,,,
GFSAL800,2025-09-23,,,,,
PCARL60,2025-09-23,,,,,
IRBRL600,2025-09-23,,,,,
MGLUL40,2025-09-23,,,,,
RANIL11,2025-09-23,,,,,
VIVTJ527,2025-09-23,,,,,
GFSAX800,2025-09-23,,,,,
BHIAX108,2025-09-23,,,,,
GGBRX270,2025-09-23,,,,,
PRIOL55,2025-09-23,,,,,
PRIOX590,2025-09-23,,,,,
ABEVX16,2025-09-23,,,,,
ABEVX190,2025-09-23,,,,,
ABEVX200,2025-09-23,,,,,
BRSRL191,2025-09-23,,,,,
AUREL173,2025-09-23,,,,,
RECVL250,2025-09-23,,,,,
AUREL283,2025-09-23,,,,,
GRNDL107,2025-09-23,,,,,
GRNDL880,2025-09-23,,,,,
RECVX250,2025-09-23,,,,,
BRSRX191,2025-09-23,,,,,
GRNDX880,2025-09-23,,,,,
GRNDX107,2025-09-23,,,,,
BOVAL160,2025-09-23,,,,,
PETRX300,2025-09-23,,,,,
PETRL300,2025-09-23,,,,,
SUZBX400,2025-09-23,,,,,
BOVAX165,2025-09-23,,,,,
BHIAA150,2025-09-23,,,,,
BHIAA25,2025-09-23,,,,,
LRENA1,2025-09-23,,,,,
BHIAA22,2025-09-23,,,,,
CVCBA600,2025-09-23,,,,,
BHIAA18,2025-09-23,,,,,
LRENA240,2025-09-23,,,,,
CBAVA800,2025-09-23,,,,,
MRVEA14,2025-09-23,,,,,
BBASA349,2025-09-23,,,,,
BBASA45,2025-09-23,,,,,
BBASA25,2025-09-23,,,,,
MRVEL130,2025-09-23,,,,,
USIMA70,2025-09-23,,,,,
MRVEL110,2025-09-23,,,,,
CVCBM500,2025-09-23,,,,,
CVCBM70,2025-09-23,,,,,
LRENM240,2025-09-23,,,,,
PETZM600,2025-09-23,,,,,
LRENM220,2025-09-23,,,,,
LJQQM900,2025-09-23,,,,,
CBAVX700,2025-09-23,,,,,
MRVEX130,2025-09-23,,,,,
MRVEM14,2025-09-23,,,,,
BBDCM120,2025-09-23,,,,,
IBOVL170,2025-09-23,,,,,
BOVAM163,2025-09-23,,,,,
BBSEM830,2025-09-23,,,,,
GGBRM213,2025-09-23,,,,,
PETRA364,2025-09-23,,,,,
BOVAA163,2025-09-23,,,,,
GGBRA213,2025-09-23,,,,,
BBASB683,2025-09-23,,,,,
COGNB30,2025-09-23,,,,,
B3SAB150,2025-09-23,,,,,
PCARB800,2025-09-23,,,,,
IRBRB700,2025-09-23,,,,,
AMARB400,2025-09-23,,,,,
BHIAB179,2025-09-23,,,,,
B3SAB170,2025-09-23,,,,,
COGNB1,2025-09-23,,,,,
B3SAB130,2025-09-23,,,,,
BHIAB16,2025-09-23,,,,,
IRBRB600,2025-09-23,,,,,
GGBRB240,2025-09-23,,,,,
GGBRB280,2025-09-23,,,,,
AMARB500,2025-09-23,,,,,
BHIAN119,2025-09-23,,,,,
B3SAN150,2025-09-23,,,,,
PETZN700,2025-09-23,,,,,
B3SAN130,2025-09-23,,,,,
GGBRN260,2025-09-23,,,,,
IRBRN700,2025-09-23,,,,,
B3SAN170,2025-09-23,,,,,
IRBRN600,2025-09-23,,,,,
PCARN50,2025-09-23,,,,,
COGNN40,2025-09-23,,,,,
CSNAB927,2025-09-23,,,,,
HAPVA400,2025-09-23,,,,,
PETRA407,2025-09-23,,,,,
HAPVN40,2025-09-23,,,,,
PETRM507,2025-09-23,,,,,
BBDCN119,2025-09-23,,,,,
BBASB310,2025-09-23,,,,,
BBASC591,2025-09-23,,,,,
QUALA100,2025-09-23,,,,,
PETRB480,2025-09-23,,,,,
PETRB500,2025-09-23,,,,,
BOVAB125,2025-09-23,,,,,
BOVAB163,2025-09-23,,,,,
BBASO591,2025-09-23,,,,,
QUALM700,2025-09-23,,,,,
BOVAN125,2025-09-23,,,,,
PETRN500,2025-09-23,,,,,
GGPSN175,2025-09-23,,,,,
SBSPC935,2025-09-23,,,,,
GOAUX160,2025-09-23,,,,,
RAIZJ389,2025-09-23,,,,,
BBASC700,2025-09-23,,,,,
BBASC630,2025-09-23,,,,,
CSNAO220,2025-09-23,,,,,
BOVAO141,2025-09-23,,,,,
CSNAO18,2025-09-23,,,,,
CSNAO20,2025-09-23,,,,,
COGNO25,2025-09-23,,,,,
PETRO480,2025-09-23,,,,,
CSNAO160,2025-09-23,,,,,
BOVAC16,2025-09-23,,,,,
MGLUC300,2025-09-23,,,,,
BBDCC21,2025-09-23,,,,,
CSNAC220,2025-09-23,,,,,
IBOVC180,2025-09-23,,,,,
IBOVO170,2025-09-23,,,,,
VALEM620,2025-09-23,,,,,
VALEM680,2025-09-23,,,,,
VALEM780,2025-09-23,,,,,
VALEM710,2025-09-23,,,,,
GGBRC175,2025-09-23,,,,,
VALEA580,2025-09-23,,,,,
VALEA650,2025-09-23,,,,,
VALEA780,2025-09-23,,,,,
VALEA680,2025-09-23,,,,,
PETRX310,2025-09-23,,,,,
SAPRX303,2025-09-23,,,,,
SAPRL303,2025-09-23,,,,,
VALEO400,2025-09-23,,,,,
VALEC450,2025-09-23,,,,,
VALEC400,2025-09-23,,,,,
PETRB360,2025-09-23,,,,,
TASAX170,2025-09-23,,,,,
IRBRP600,2025-09-23,,,,,
PCARP700,2025-09-23,,,,,
IRBRP50,2025-09-23,,,,,
IRBRP399,2025-09-23,,,,,
MGLUP250,2025-09-23,,,,,
B3SAD959,2025-09-23,,,,,
IRBRD600,2025-09-23,,,,,
IRBRD50,2025-09-23,,,,,
MRVED11,2025-09-23,,,,,
PCARD700,2025-09-23,,,,,
IRBRD399,2025-09-23,,,,,
PCARD60,2025-09-23,,,,,
BBDCP3,2025-09-23,,,,,
BBDCD20,2025-09-23,,,,,
CXSED210,2025-09-23,,,,,
PETRD50,2025-09-23,,,,,
CXSEP210,2025-09-23,,,,,
USIMP100,2025-09-23,,,,,
ITSAQ900,2025-09-23,,,,,
USIMD100,2025-09-23,,,,,
USIMD110,2025-09-23,,,,,
BBDCD145,2025-09-23,,,,,
BBDCD155,2025-09-23,,,,,
BBDCP155,2025-09-23,,,,,
BBDCP150,2025-09-23,,,,,
BBDCP130,2025-09-23,,,,,
BBDCP145,2025-09-23,,,,,
MRVEE77,2025-09-23,,,,,
CVCBE600,2025-09-23,,,,,
LRENQ270,2025-09-23,,,,,
PETZQ80,2025-09-23,,,,,
MGLUE150,2025-09-23,,,,,
LRENE240,2025-09-23,,,,,
CVCBE500,2025-09-23,,,,,
CVCBE400,2025-09-23,,,,,
MGLUE200,2025-09-23,,,,,
USIME99,2025-09-23,,,,,
USIME90,2025-09-23,,,,,
PETZE80,2025-09-23,,,,,
MGLUE250,2025-09-23,,,,,
LRENE270,2025-09-23,,,,,
PETZE500,2025-09-23,,,,,
B3SAE15,2025-09-23,,,,,
LRENQ220,2025-09-23,,,,,
MGLUQ30,2025-09-23,,,,,
LRENQ240,2025-09-23,,,,,
USIMQ99,2025-09-23,,,,,
B3SAQ140,2025-09-23,,,,,
BOVVX138,2025-09-23,,,,,
PETRX435,2025-09-23,,,,,
PETRX405,2025-09-23,,,,,
PETRX455,2025-09-23,,,,,
PETRX44,2025-09-23,,,,,
PETRL44,2025-09-23,,,,,
PETRL475,2025-09-23,,,,,
PETRL445,2025-09-23,,,,,
PETRL465,2025-09-23,,,,,
FLRYE335,2025-09-23,,,,,
B3SAD185,2025-09-23,,,,,
EGIED470,2025-09-23,,,,,
EGIEL440,2025-09-23,,,,,
MOVIA400,2025-09-23,,,,,
ITSAQ190,2025-09-23,,,,,
WIZCP200,2025-09-23,,,,,
SAPRP340,2025-09-23,,,,,
ODPVP190,2025-09-23,,,,,
MOVIL100,2025-09-23,,,,,
MOVIL900,2025-09-23,,,,,
EGIED500,2025-09-23,,,,,
EGIEL480,2025-09-23,,,,,
EGIED380,2025-09-23,,,,,
EGIEL380,2025-09-23,,,,,
GGBRL18,2025-09-23,,,,,
GGBRL225,2025-09-23,,,,,
GGBRL231,2025-09-23,,,,,
GGBRL187,2025-09-23,,,,,
GGBRL172,2025-09-23,,,,,
GGBRL206,2025-09-23,,,,,
GGBRL185,2025-09-23,,,,,
GGBRL175,2025-09-23,,,,,
GGBRL21,2025-09-23,,,,,
GGBRL247,2025-09-23,,,,,
GGBRL23,2025-09-23,,,,,
GGBRL197,2025-09-23,,,,,
GGBRL227,2025-09-23,,,,,
GGBRL22,2025-09-23,,,,,
GGBRL182,2025-09-23,,,,,
EGIEP440,2025-09-23,,,,,
MOVIX400,2025-09-23,,,,,
MOVIP800,2025-09-23,,,,,
EGIEP500,2025-09-23,,,,,
EGIEP470,2025-09-23,,,,,
MOVIP400,2025-09-23,,,,,
GGBRX167,2025-09-23,,,,,
GGBRX22,2025-09-23,,,,,
GGBRX172,2025-09-23,,,,,
GGBRX191,2025-09-23,,,,,
GGBRX187,2025-09-23,,,,,
GGBRX247,2025-09-23,,,,,
GGBRX156,2025-09-23,,,,,
GGBRX162,2025-09-23,,,,,
GGBRX206,2025-09-23,,,,,
GGBRX20,2025-09-23,,,,,
ITSAL898,2025-09-23,,,,,
MRVEE520,2025-09-23,,,,,
VIVTL720,2025-09-23,,,,,
PETZE110,2025-09-23,,,,,
QUALD125,2025-09-23,,,,,
MRVEQ540,2025-09-23,,,,,
ITSAX898,2025-09-23,,,,,
QUALP125,2025-09-23,,,,,
PETZW110,2025-09-23,,,,,
PETZW120,2025-09-23,,,,,
PETZQ120,2025-09-23,,,,,
PETZQ110,2025-09-23,,,,,
YDUQR860,2025-09-23,,,,,
BBDCE220,2025-09-23,,,,,
HAPVJ550,2025-09-23,,,,,
HAPVF62,2025-09-23,,,,,
PRIOR54,2025-09-23,,,,,
PRIOR487,2025-09-23,,,,,
HAPVV570,2025-09-23,,,,,
HAPVV550,2025-09-23,,,,,
HAPVR62,2025-09-23,,,,,
MRVER100,2025-09-23,,,,,
GGBRR230,2025-09-23,,,,,
MRVER120,2025-09-23,,,,,
COGNR20,2025-09-23,,,,,
B3SAR160,2025-09-23,,,,,
B3SAR14,2025-09-23,,,,,
GGBRR200,2025-09-23,,,,,
CSNAR18,2025-09-23,,,,,
SUZBR580,2025-09-23,,,,,
BBDCQ222,2025-09-23,,,,,
GGBRF22,2025-09-23,,,,,
IRBRF350,2025-09-23,,,,,
CSNAF18,2025-09-23,,,,,
IRBRF500,2025-09-23,,,,,
SUZBF540,2025-09-23,,,,,
SUZBF520,2025-09-23,,,,,
GGBRF230,2025-09-23,,,,,
B3SAF160,2025-09-23,,,,,
GGBRF200,2025-09-23,,,,,
AMARF250,2025-09-23,,,,,
BBDCF164,2025-09-23,,,,,
IRBRF600,2025-09-23,,,,,
CPLEF767,2025-09-23,,,,,
ECORL100,2025-09-23,,,,,
ECORL80,2025-09-23,,,,,
ECORX700,2025-09-23,,,,,
BRSRR1,2025-09-23,,,,,
INBRX450,2025-09-23,,,,,
CSMGX197,2025-09-23,,,,,
INBRL300,2025-09-23,,,,,
INBRL400,2025-09-23,,,,,
INBRL450,2025-09-23,,,,,
TUPYL240,2025-09-23,,,,,
BBASR60,2025-09-23,,,,,
PETRR840,2025-09-23,,,,,
MRVER150,2025-09-23,,,,,
VALER143,2025-09-23,,,,,
MRVEF150,2025-09-23,,,,,
RAPTX100,2025-09-23,,,,,
INBRX437,2025-09-23,,,,,
INBRL437,2025-09-23,,,,,
LAVVL890,2025-09-23,,,,,
MDIAR230,2025-09-23,,,,,
ITUBL350,2025-09-23,,,,,
HYPEA264,2025-09-23,,,,,
SBSPL410,2025-09-23,,,,,
MDIAF230,2025-09-23,,,,,
BMGBF24,2025-09-23,,,,,
BMGBF17,2025-09-23,,,,,
PCARG40,2025-09-23,,,,,
GFSAL35,2025-09-23,,,,,
GFSAL30,2025-09-23,,,,,
BBASG144,2025-09-23,,,,,
PCARG600,2025-09-23,,,,,
GFSAD45,2025-09-23,,,,,
COGNG300,2025-09-23,,,,,
GFSAD30,2025-09-23,,,,,
MRVEG120,2025-09-23,,,,,
TAEEX382,2025-09-23,,,,,
MGLUS200,2025-09-23,,,,,
COGNS200,2025-09-23,,,,,
COGNS350,2025-09-23,,,,,
COGNS250,2025-09-23,,,,,
GFSAP30,2025-09-23,,,,,
COGNS300,2025-09-23,,,,,
LRENO150,2025-09-23,,,,,
BPACF340,2025-09-23,,,,,
IGTIC190,2025-09-23,,,,,
LRENC150,2025-09-23,,,,,
LRENC155,2025-09-23,,,,,
SAPRP268,2025-09-23,,,,,
IBOVX105,2025-09-23,,,,,
BBASM268,2025-09-23,,,,,
PETRS440,2025-09-23,,,,,
PETRR440,2025-09-23,,,,,
BBSER440,2025-09-23,,,,,
ITUBS825,2025-09-23,,,,,
PETRN20,2025-09-23,,,,,
ODPVC700,2025-09-23,,,,,
IBOVT120,2025-09-23,,,,,
IBOVT35,2025-09-23,,,,,
IBOVT25,2025-09-23,,,,,
WEGEW542,2025-09-23,,,,,
AZZAV635,2025-09-23,,,,,
WEGEL600,2025-09-23,,,,,
WEGEK562,2025-09-23,,,,,
CVCBH350,2025-09-23,,,,,
BBDCT11,2025-09-23,,,,,
IRBRT500,2025-09-23,,,,,
USIMT800,2025-09-23,,,,,
USIMT900,2025-09-23,,,,,
LRENT200,2025-09-23,,,,,
LRENT260,2025-09-23,,,,,
IRBRT600,2025-09-23,,,,,
USIMT10,2025-09-23,,,,,
BHIAT100,2025-09-23,,,,,
BOVAS150,2025-09-23,,,,,
SANBX293,2025-09-23,,,,,
SANBX312,2025-09-23,,,,,
USIMH900,2025-09-23,,,,,
BBASH256,2025-09-23,,,,,
BHIAH80,2025-09-23,,,,,
BHIAH900,2025-09-23,,,,,
CVCBH30,2025-09-23,,,,,
IRBRH500,2025-09-23,,,,,
VIVAD245,2025-09-23,,,,,
VIVAD255,2025-09-23,,,,,
HAPVD45,2025-09-23,,,,,
HAPVD444,2025-09-23,,,,,
HAPVD46,2025-09-23,,,,,
KEPLH120,2025-09-23,,,,,
VIVAP255,2025-09-23,,,,,
VIVAP235,2025-09-23,,,,,
VIVAP23,2025-09-23,,,,,
HAPVD47,2025-09-23,,,,,
SAPRH375,2025-09-23,,,,,
NEOEH250,2025-09-23,,,,,
BOVAH5,2025-09-23,,,,,
BOVAH14,2025-09-23,,,,,
SANBC230,2025-09-23,,,,,
ITSAG600,2025-09-23,,,,,
ITUBG190,2025-09-23,,,,,
SANBT365,2025-09-23,,,,,
BHIAT60,2025-09-23,,,,,
SAPRT375,2025-09-23,,,,,
BHIAT700,2025-09-23,,,,,
BOVAS125,2025-09-23,,,,,
BOVAH8,2025-09-23,,,,,
BPACE170,2025-09-23,,,,,
AZZAK490,2025-09-23,,,,,
RANIH750,2025-09-23,,,,,
RENTG420,2025-09-23,,,,,
AZZAK425,2025-09-23,,,,,
QUALH15,2025-09-23,,,,,
QUALH13,2025-09-23,,,,,
TOTSD230,2025-09-23,,,,,
BOVAT8,2025-09-23,,,,,
BRSRT78,2025-09-23,,,,,
RENTS420,2025-09-23,,,,,
QUALT13,2025-09-23,,,,,
PETZT38,2025-09-23,,,,,
RANIX773,2025-09-23,,,,,
AZZAW425,2025-09-23,,,,,
VLIDS192,2025-09-23,,,,,
BBDCN167,2025-09-23,,,,,
BBASX300,2025-09-23,,,,,
PETRA305,2025-09-23,,,,,
VLIDG252,2025-09-23,,,,,
VLIDS200,2025-09-23,,,,,
IBOVX140,2025-09-23,,,,,
IBOVL140,2025-09-23,,,,,
IVVBS330,2025-09-23,,,,,
GUARQ85,2025-09-23,,,,,
IRBRS120,2025-09-23,,,,,
EMBRV510,2025-09-23,,,,,
IBOVL30,2025-09-23,,,,,
IVVBG330,2025-09-23,,,,,
RDORL450,2025-09-23,,,,,
GUARE85,2025-09-23,,,,,
ITUBH360,2025-09-23,,,,,
EMBRJ510,2025-09-23,,,,,
IRBRG120,2025-09-23,,,,,
EMBRJ540,2025-09-23,,,,,
VBBRL220,2025-09-23,,,,,
MGLUH110,2025-09-23,,,,,
AZZAH610,2025-09-23,,,,,
QUALH320,2025-09-23,,,,,
ABEVH120,2025-09-23,,,,,
AZZAH110,2025-09-23,,,,,
ITSAL89,2025-09-23,,,,,
VALEF697,2025-09-23,,,,,
ITUBH362,2025-09-23,,,,,
VALEF497,2025-09-23,,,,,
VLIDS215,2025-09-23,,,,,
VBBRX220,2025-09-23,,,,,
JHSFS310,2025-09-23,,,,,
AZZAT650,2025-09-23,,,,,
QUALT320,2025-09-23,,,,,
ABEVT120,2025-09-23,,,,,
QUALT295,2025-09-23,,,,,
COGNT400,2025-09-23,,,,,
ITSAS900,2025-09-23,,,,,
ITSAS150,2025-09-23,,,,,
ITSAS110,2025-09-23,,,,,
VALER697,2025-09-23,,,,,
AMBPS110,2025-09-23,,,,,
IBOVX1,2025-09-23,,,,,
ITSAG900,2025-09-23,,,,,
VALEF110,2025-09-23,,,,,
ITUBH365,2025-09-23,,,,,
VALER897,2025-09-23,,,,,
BBAST260,2025-09-23,,,,,
IBOVX150,2025-09-23,,,,,
GUARL100,2025-09-23,,,,,
ALPAX880,2025-09-23,,,,,
VALET760,2025-09-23,,,,,
VALEF752,2025-09-23,,,,,
CPFED330,2025-09-23,,,,,
MGLUU1,2025-09-23,,,,,
ITUBU37,2025-09-23,,,,,
AZULG600,2025-09-23,,,,,
AZULG100,2025-09-23,,,,,
EMBRV330,2025-09-23,,,,,
BRAVM500,2025-09-23,,,,,
BRAVP336,2025-09-23,,,,,
FLRYC190,2025-09-23,,,,,
BRAVD45,2025-09-23,,,,,
BRAVD286,2025-09-23,,,,,
BBASH287,2025-09-23,,,,,
BBASH285,2025-09-23,,,,,
YDUQL114,2025-09-23,,,,,
YDUQL10,2025-09-23,,,,,
CSNAI105,2025-09-23,,,,,
BBASH290,2025-09-23,,,,,
BRAVP316,2025-09-23,,,,,
YDUQX114,2025-09-23,,,,,
YDUQX11,2025-09-23,,,,,
BBAST290,2025-09-23,,,,,
BBAST287,2025-09-23,,,,,
CSNAU102,2025-09-23,,,,,
BBAST285,2025-09-23,,,,,
BRAVA400,2025-09-23,,,,,
NVDCA155,2025-09-23,,,,,
DIRRU365,2025-09-23,,,,,
SBSPP980,2025-09-23,,,,,
SBSPN110,2025-09-23,,,,,
CYREP24,2025-09-23,,,,,
SBSPP120,2025-09-23,,,,,
BMGBI250,2025-09-23,,,,,
DIRRI405,2025-09-23,,,,,
BMGBI270,2025-09-23,,,,,
CYRED270,2025-09-23,,,,,
IBOVL3,2025-09-23,,,,,
IBOVX2,2025-09-23,,,,,
SBSPN980,2025-09-23,,,,,
BRAVX300,2025-09-23,,,,,
BRAVX290,2025-09-23,,,,,
BRAVX270,2025-09-23,,,,,
BRAVX250,2025-09-23,,,,,
CYREB300,2025-09-23,,,,,
BOVVL145,2025-09-23,,,,,
BOVVL151,2025-09-23,,,,,
BOVVL15,2025-09-23,,,,,
AZULL220,2025-09-23,,,,,
BRAVL28,2025-09-23,,,,,
BRAVL310,2025-09-23,,,,,
BRAVL270,2025-09-23,,,,,
VALEF602,2025-09-23,,,,,
RENTB43,2025-09-23,,,,,
RENTN43,2025-09-23,,,,,
BBASJ300,2025-09-23,,,,,
BBASJ260,2025-09-23,,,,,
BBASJ270,2025-09-23,,,,,
BBASJ280,2025-09-23,,,,,
ALOSJ218,2025-09-23,,,,,
BBASV300,2025-09-23,,,,,
BBASV290,2025-09-23,,,,,
ALOSV218,2025-09-23,,,,,
CPLEJ997,2025-09-23,,,,,
CPLEV997,2025-09-23,,,,,
B3SAV945,2025-09-23,,,,,
POSIL70,2025-09-23,,,,,
TTENJ13,2025-09-23,,,,,
B3SAV158,2025-09-23,,,,,
GGBRV20,2025-09-23,,,,,
B3SAV14,2025-09-23,,,,,
GGBRV22,2025-09-23,,,,,
PETZV1,2025-09-23,,,,,
PETZV70,2025-09-23,,,,,
MGLUV460,2025-09-23,,,,,
SLCEV168,2025-09-23,,,,,
B3SAJ16,2025-09-23,,,,,
GFSAJ500,2025-09-23,,,,,
PCARJ499,2025-09-23,,,,,
B3SAJ14,2025-09-23,,,,,
PCARJ40,2025-09-23,,,,,
PETZJ1,2025-09-23,,,,,
MGLUJ2,2025-09-23,,,,,
GGBRJ239,2025-09-23,,,,,
USIMI710,2025-09-23,,,,,
PRIOL453,2025-09-23,,,,,
PRIOL448,2025-09-23,,,,,
PRIOL43,2025-09-23,,,,,
PRIOL458,2025-09-23,,,,,
BBDCV200,2025-09-23,,,,,
BBDCV160,2025-09-23,,,,,
PRIOX443,2025-09-23,,,,,
PRIOX44,2025-09-23,,,,,
PRIOX455,2025-09-23,,,,,
PRIOX458,2025-09-23,,,,,
SAPRD201,2025-09-23,,,,,
PETZL660,2025-09-23,,,,,
B3SAL110,2025-09-23,,,,,
BHIAJ1,2025-09-23,,,,,
IRBRJ120,2025-09-23,,,,,
PETZL500,2025-09-23,,,,,
MGLUJ14,2025-09-23,,,,,
BOVAJ17,2025-09-23,,,,,
ELETX400,2025-09-23,,,,,
IRBRV120,2025-09-23,,,,,
PRIOX649,2025-09-23,,,,,
PETZX650,2025-09-23,,,,,
PRIOX619,2025-09-23,,,,,
CSNAW132,2025-09-23,,,,,
SAPRI280,2025-09-23,,,,,
SLCEJ16,2025-09-23,,,,,
ABEVJ238,2025-09-23,,,,,
CSNAJ159,2025-09-23,,,,,
WEGEV630,2025-09-23,,,,,
ABEVU238,2025-09-23,,,,,
PETZU640,2025-09-23,,,,,
RENTU53,2025-09-23,,,,,
CSNAV159,2025-09-23,,,,,
ITUBV325,2025-09-23,,,,,
PETRV271,2025-09-23,,,,,
PCARV298,2025-09-23,,,,,
BBASJ388,2025-09-23,,,,,
BBDCA278,2025-09-23,,,,,
BRAVD301,2025-09-23,,,,,
NVDCL170,2025-09-23,,,,,
B3SAA220,2025-09-23,,,,,
PETRJ367,2025-09-23,,,,,
B3SAM215,2025-09-23,,,,,
VALEJ812,2025-09-23,,,,,
VALEJ807,2025-09-23,,,,,
BRAVE220,2025-09-23,,,,,
MOVIJ580,2025-09-23,,,,,
BRAVJ21,2025-09-23,,,,,
MOVIF620,2025-09-23,,,,,
MOVIE580,2025-09-23,,,,,
SIMHF520,2025-09-23,,,,,
BRAVG190,2025-09-23,,,,,
MOVIE620,2025-09-23,,,,,
SIMHF530,2025-09-23,,,,,
BRAVE210,2025-09-23,,,,,
SIMHJ52,2025-09-23,,,,,
SIMHG540,2025-09-23,,,,,
BRAVH170,2025-09-23,,,,,
SIMHQ55,2025-09-23,,,,,
BRAVQ200,2025-09-23,,,,,
BRAVR180,2025-09-23,,,,,
BRAVV22,2025-09-23,,,,,
BRAVT220,2025-09-23,,,,,
BRAVR220,2025-09-23,,,,,
SIMHQ530,2025-09-23,,,,,
BRAVR170,2025-09-23,,,,,
BRAVQ230,2025-09-23,,,,,
BRAVQ180,2025-09-23,,,,,
MOVIV600,2025-09-23,,,,,
BRAVJ18,2025-09-23,,,,,
BRAVJ17,2025-09-23,,,,,
SIMHG510,2025-09-23,,,,,
SIMHE540,2025-09-23,,,,,
SIMHJ510,2025-09-23,,,,,
SIMHE520,2025-09-23,,,,,
SIMHJ550,2025-09-23,,,,,
PETRJ362,2025-09-23,,,,,
BBASK375,2025-09-23,,,,,
BBASI275,2025-09-23,,,,,
SIMHT550,2025-09-23,,,,,
BRAVS170,2025-09-23,,,,,
BRAVV19,2025-09-23,,,,,
BRAVQ170,2025-09-23,,,,,
BRAVS180,2025-09-23,,,,,
BRAVS200,2025-09-23,,,,,
BRAVS210,2025-09-23,,,,,
BRAVS220,2025-09-23,,,,,
BRAVS230,2025-09-23,,,,,
BRAVQ220,2025-09-23,,,,,
PETRV362,2025-09-23,,,,,
BBASW375,2025-09-23,,,,,
VALET800,2025-09-23,,,,,
WEGEV610,2025-09-23,,,,,
BOVVX133,2025-09-23,,,,,
WEGEV580,2025-09-23,,,,,
WEGEE580,2025-09-23,,,,,
BOVVL133,2025-09-23,,,,,
WEGEE610,2025-09-23,,,,,
BBASL30,2025-09-23,,,,,
IBOVL55,2025-09-23,,,,,
BBASI260,2025-09-23,,,,,
BBASI360,2025-09-23,,,,,
PETRL155,2025-09-23,,,,,
BBASJ210,2025-09-23,,,,,
BOVAV100,2025-09-23,,,,,
ITUBD350,2025-09-23,,,,,
ITUBD340,2025-09-23,,,,,
ITUBV359,2025-09-23,,,,,
VALEX275,2025-09-23,,,,,
BEEFW744,2025-09-23,,,,,
VALEL199,2025-09-23,,,,,
VALEL275,2025-09-23,,,,,
ITUBJ399,2025-09-23,,,,,
BEEFK744,2025-09-23,,,,,
ITUBG349,2025-09-23,,,,,
COGNW4,2025-09-23,,,,,
CSNAW858,2025-09-23,,,,,
USIMW899,2025-09-23,,,,,
MRVEW120,2025-09-23,,,,,
MGLUW13,2025-09-23,,,,,
GGBRW172,2025-09-23,,,,,
CSNAK858,2025-09-23,,,,,
COGNK300,2025-09-23,,,,,
GGBRK172,2025-09-23,,,,,
COGNK4,2025-09-23,,,,,
COGNK35,2025-09-23,,,,,
MRVEK899,2025-09-23,,,,,
MGLUK1,2025-09-23,,,,,
CVCBK349,2025-09-23,,,,,
MRVEK120,2025-09-23,,,,,
USIMK1,2025-09-23,,,,,
MGLUK13,2025-09-23,,,,,
AUREL955,2025-09-23,,,,,
AUREX955,2025-09-23,,,,,
GFSAK600,2025-09-23,,,,,
CSANK13,2025-09-23,,,,,
CURYF320,2025-09-23,,,,,
TOTSF430,2025-09-23,,,,,
CURYE320,2025-09-23,,,,,
TOTSE430,2025-09-23,,,,,
TOTSE440,2025-09-23,,,,,
SBSPE125,2025-09-23,,,,,
CSANW13,2025-09-23,,,,,
PETRV352,2025-09-23,,,,,
CURYR320,2025-09-23,,,,,
TOTSR440,2025-09-23,,,,,
TOTSQ430,2025-09-23,,,,,
BOVAX11,2025-09-23,,,,,
SBSPQ130,2025-09-23,,,,,
COGNK5,2025-09-23,,,,,
QUALK4,2025-09-23,,,,,
BOVAL110,2025-09-23,,,,,
PCARK15,2025-09-23,,,,,
SBSPR135,2025-09-23,,,,,
BOVAX105,2025-09-23,,,,,
BOVAJ500,2025-09-23,,,,,
TOTSF300,2025-09-23,,,,,
BOVAK55,2025-09-23,,,,,
BOVAJ50,2025-09-23,,,,,
BOVAJ600,2025-09-23,,,,,
BOVAK50,2025-09-23,,,,,
VALEX69,2025-09-23,,,,,
SMALT110,2025-09-23,,,,,
EZTCX205,2025-09-23,,,,,
EZTCX225,2025-09-23,,,,,
SMALH110,2025-09-23,,,,,
VALEL689,2025-09-23,,,,,
ALPAL159,2025-09-23,,,,,
ITUBF375,2025-09-23,,,,,
EZTCL205,2025-09-23,,,,,
BBSEK260,2025-09-23,,,,,
BBASJ273,2025-09-23,,,,,
EZTCV205,2025-09-23,,,,,
BBSEW260,2025-09-23,,,,,
BBDCL2,2025-09-23,,,,,
BBSEM34,2025-09-23,,,,,
BBSEA33,2025-09-23,,,,,
PETRM450,2025-09-23,,,,,
BBSEM342,2025-09-23,,,,,
PETRM46,2025-09-23,,,,,
PETRM47,2025-09-23,,,,,
BBSEM345,2025-09-23,,,,,
PETRA47,2025-09-23,,,,,
PETRA3,2025-09-23,,,,,
BBSEA337,2025-09-23,,,,,
PETRJ201,2025-09-23,,,,,
BOVAW70,2025-09-23,,,,,
BOVAW170,2025-09-23,,,,,
ISAEO190,2025-09-23,,,,,
ISAEN295,2025-09-23,,,,,
VALEX1,2025-09-23,,,,,
ISAEB400,2025-09-23,,,,,
ISAEB295,2025-09-23,,,,,
ITUBD37,2025-09-23,,,,,
VALEL74,2025-09-23,,,,,
VALEL76,2025-09-23,,,,,
VALEL78,2025-09-23,,,,,
ITUBP37,2025-09-23,,,,,
WEGEV670,2025-09-23,,,,,
ITUBX400,2025-09-23,,,,,
VALEL73,2025-09-23,,,,,
VALEL800,2025-09-23,,,,,
PETRK450,2025-09-23,,,,,
ITUBL400,2025-09-23,,,,,
BBSEM370,2025-09-23,,,,,
ITUBN375,2025-09-23,,,,,
KEPLL140,2025-09-23,,,,,
BBSEA370,2025-09-23,,,,,
FLRYL19,2025-09-23,,,,,
ECORL650,2025-09-23,,,,,
BBDCX149,2025-09-23,,,,,
MYPKX21,2025-09-23,,,,,
PETZX50,2025-09-23,,,,,
CVCBX499,2025-09-23,,,,,
PETZX80,2025-09-23,,,,,
USIMX10,2025-09-23,,,,,
POSIX599,2025-09-23,,,,,
PETZX70,2025-09-23,,,,,
CSNAL160,2025-09-23,,,,,
USIML90,2025-09-23,,,,,
LRENL260,2025-09-23,,,,,
POSIL80,2025-09-23,,,,,
MRVEL77,2025-09-23,,,,,
USIML800,2025-09-23,,,,,
CSNAL180,2025-09-23,,,,,
MGLUL130,2025-09-23,,,,,
USIML10,2025-09-23,,,,,
AZULL80,2025-09-23,,,,,
LRENL240,2025-09-23,,,,,
CSNAL1,2025-09-23,,,,,
AZULL10,2025-09-23,,,,,
MGLUL160,2025-09-23,,,,,
PETZL513,2025-09-23,,,,,
PETZX513,2025-09-23,,,,,
PCARL400,2025-09-23,,,,,
ITUBJ316,2025-09-23,,,,,
ITUBK324,2025-09-23,,,,,
IBOVM15,2025-09-23,,,,,
B3SAL140,2025-09-23,,,,,
BHIAL1,2025-09-23,,,,,
BHIAL399,2025-09-23,,,,,
B3SAX13,2025-09-23,,,,,
B3SAX150,2025-09-23,,,,,
BOVAX9,2025-09-23,,,,,
RENTG439,2025-09-23,,,,,
BBASH276,2025-09-23,,,,,
PETRG425,2025-09-23,,,,,
COGNJ125,2025-09-23,,,,,
COGNJ120,2025-09-23,,,,,
BBDCL200,2025-09-23,,,,,
BBDCX18,2025-09-23,,,,,
BBDCX200,2025-09-23,,,,,
COGNV130,2025-09-23,,,,,
PETRM20,2025-09-23,,,,,
KLBNX220,2025-09-23,,,,,
SUZBX68,2025-09-23,,,,,
BBASX315,2025-09-23,,,,,
ELETX1,2025-09-23,,,,,
BBASL315,2025-09-23,,,,,
PETRL211,2025-09-23,,,,,
SMALA10,2025-09-23,,,,,
ELETL390,2025-09-23,,,,,
ELETX380,2025-09-23,,,,,
ELETX370,2025-09-23,,,,,
BOVAJ125,2025-09-23,,,,,
ITUBK261,2025-09-23,,,,,
BOVAV125,2025-09-23,,,,,
B3SAM12,2025-09-23,,,,,
PRIOX49,2025-09-23,,,,,
PRIOX465,2025-09-23,,,,,
BPANJ11,2025-09-23,,,,,
PRIOL48,2025-09-23,,,,,
BPANJ800,2025-09-23,,,,,
PRIOX47,2025-09-23,,,,,
BPANV950,2025-09-23,,,,,
BPANV110,2025-09-23,,,,,
BPANH800,2025-09-23,,,,,
MOVIL70,2025-09-23,,,,,
BOVAX70,2025-09-23,,,,,
IRBRX399,2025-09-23,,,,,
RECVR140,2025-09-23,,,,,
BRAVQ270,2025-09-23,,,,,
BOVAL70,2025-09-23,,,,,
BRAVE29,2025-09-23,,,,,
BRAVE320,2025-09-23,,,,,
RECVF140,2025-09-23,,,,,
ABEVL195,2025-09-23,,,,,
BRAVQ28,2025-09-23,,,,,
PETRX28,2025-09-23,,,,,
IRBRX50,2025-09-23,,,,,
IBOVL8,2025-09-23,,,,,
TAEEL350,2025-09-23,,,,,
ABEVL181,2025-09-23,,,,,
BOVAL169,2025-09-23,,,,,
TAEEX350,2025-09-23,,,,,
PETRX56,2025-09-23,,,,,
PETRV437,2025-09-23,,,,,
PETRX55,2025-09-23,,,,,
BBASE274,2025-09-23,,,,,
PETRL56,2025-09-23,,,,,
PETRL271,2025-09-23,,,,,
TSLAL60,2025-09-23,,,,,
PETRL275,2025-09-23,,,,,
GOLDX171,2025-09-23,,,,,
VAMOJ4,2025-09-23,,,,,
VAMOE8,2025-09-23,,,,,
VAMOK1,2025-09-23,,,,,
VAMOA19,2025-09-23,,,,,
VAMOH1,2025-09-23,,,,,
BOVAL19,2025-09-23,,,,,
BOVAL20,2025-09-23,,,,,
BOVAL21,2025-09-23,,,,,
BOVAX27,2025-09-23,,,,,
VALEM602,2025-09-23,,,,,
VALEM647,2025-09-23,,,,,
BOVAL31,2025-09-23,,,,,
PETRL57,2025-09-23,,,,,
VALEA617,2025-09-23,,,,,
VALEA602,2025-09-23,,,,,
MOVIJ400,2025-09-23,,,,,
VALEA632,2025-09-23,,,,,
VALEA647,2025-09-23,,,,,
VALEM642,2025-09-23,,,,,
MOVIV300,2025-09-23,,,,,
VALEM572,2025-09-23,,,,,
VALEM607,2025-09-23,,,,,
VALEA637,2025-09-23,,,,,
CSMGL220,2025-09-23,,,,,
SUZBL682,2025-09-23,,,,,
VALEL859,2025-09-23,,,,,
IBOVX19,2025-09-23,,,,,
BBSEX200,2025-09-23,,,,,
BBASL251,2025-09-23,,,,,
MGLUL110,2025-09-23,,,,,
IBOVK120,2025-09-23,,,,,
IBOVK142,2025-09-23,,,,,
IBOVW120,2025-09-23,,,,,
IBOVW142,2025-09-23,,,,,
MGLUX10,2025-09-23,,,,,
ITUBW300,2025-09-23,,,,,
PRIOX500,2025-09-23,,,,,
MRVEL70,2025-09-23,,,,,
PRIOL450,2025-09-23,,,,,
AZZAL500,2025-09-23,,,,,
ECORL699,2025-09-23,,,,,
MGLUL120,2025-09-23,,,,,
ITUBK300,2025-09-23,,,,,
AZZAL35,2025-09-23,,,,,
ECORL90,2025-09-23,,,,,
MRVEL80,2025-09-23,,,,,
ECORL799,2025-09-23,,,,,
SIMHL50,2025-09-23,,,,,
SIMHX31,2025-09-23,,,,,
SIMHX65,2025-09-23,,,,,
BEEFX680,2025-09-23,,,,,
BEEFX670,2025-09-23,,,,,
BEEFL650,2025-09-23,,,,,
BEEFL670,2025-09-23,,,,,
BOVAT146,2025-09-23,,,,,
BOVAR155,2025-09-23,,,,,
BOVAS148,2025-09-23,,,,,
BOVAS151,2025-09-23,,,,,
BOVAG146,2025-09-23,,,,,
BOVAH153,2025-09-23,,,,,
BOVAF146,2025-09-23,,,,,
BOVAH152,2025-09-23,,,,,
BOVAG142,2025-09-23,,,,,
BOVAT147,2025-09-23,,,,,
IRBRL160,2025-09-23,,,,,
HYPEA260,2025-09-23,,,,,
ABEVX131,2025-09-23,,,,,
AZULM499,2025-09-23,,,,,
ABEVL131,2025-09-23,,,,,
HYPEM240,2025-09-23,,,,,
GGBRA200,2025-09-23,,,,,
GFSAA200,2025-09-23,,,,,
SBFGF187,2025-09-23,,,,,
PRIOL406,2025-09-23,,,,,
BOVAM200,2025-09-23,,,,,
PRIOX431,2025-09-23,,,,,
RAILQ16,2025-09-23,,,,,
RAILQ15,2025-09-23,,,,,
PRIOX421,2025-09-23,,,,,
PRIOX406,2025-09-23,,,,,
RAILE16,2025-09-23,,,,,
PRIOL426,2025-09-23,,,,,
PRIOL421,2025-09-23,,,,,
VALEL540,2025-09-23,,,,,
ITUBL359,2025-09-23,,,,,
ITUBX319,2025-09-23,,,,,
ITUBX359,2025-09-23,,,,,
PSSAB40,2025-09-23,,,,,
ITUBL319,2025-09-23,,,,,
PSSAB450,2025-09-23,,,,,
VALEL520,2025-09-23,,,,,
ALPAL105,2025-09-23,,,,,
ITUBL369,2025-09-23,,,,,
CSNAM13,2025-09-23,,,,,
PSSAQ450,2025-09-23,,,,,
PSSAQ400,2025-09-23,,,,,
VALEJ750,2025-09-23,,,,,
VALEJ495,2025-09-23,,,,,
VALEJ450,2025-09-23,,,,,
PETRJ391,2025-09-23,,,,,
IVVBJ450,2025-09-23,,,,,
EMBRV550,2025-09-23,,,,,
PETRV441,2025-09-23,,,,,
VALEV750,2025-09-23,,,,,
EMBRV570,2025-09-23,,,,,
VALEV500,2025-09-23,,,,,
PETRV406,2025-09-23,,,,,
VALEJ500,2025-09-23,,,,,
PETRJ426,2025-09-23,,,,,
EMBRJ560,2025-09-23,,,,,
VALEJ470,2025-09-23,,,,,
VALEJ770,2025-09-23,,,,,
PETRV436,2025-09-23,,,,,
PETRV426,2025-09-23,,,,,
VALEV420,2025-09-23,,,,,
VALEV430,2025-09-23,,,,,
VALEV760,2025-09-23,,,,,
PETRJ431,2025-09-23,,,,,
PETRJ266,2025-09-23,,,,,
EMBRJ590,2025-09-23,,,,,
LWSAA335,2025-09-23,,,,,
EMBRV600,2025-09-23,,,,,
LWSAM375,2025-09-23,,,,,
BBDCX135,2025-09-23,,,,,
VALEL760,2025-09-23,,,,,
BRAPF195,2025-09-23,,,,,
VALER647,2025-09-23,,,,,
B3SAX114,2025-09-23,,,,,
B3SAX112,2025-09-23,,,,,
B3SAL112,2025-09-23,,,,,
USIMF819,2025-09-23,,,,,
USIML819,2025-09-23,,,,,
USIML830,2025-09-23,,,,,
B3SAF115,2025-09-23,,,,,
PRIOM335,2025-09-23,,,,,
PETRK196,2025-09-23,,,,,
PRIOM325,2025-09-23,,,,,
PRIOM294,2025-09-23,,,,,
USIMN478,2025-09-23,,,,,
USIMB478,2025-09-23,,,,,
PRIOM29,2025-09-23,,,,,
PRIOM320,2025-09-23,,,,,
PRIOM304,2025-09-23,,,,,
CSNAW179,2025-09-23,,,,,
PRIOA29,2025-09-23,,,,,
ELETJ390,2025-09-23,,,,,
EMBRI550,2025-09-23,,,,,
B3SAF110,2025-09-23,,,,,
EMBRU550,2025-09-23,,,,,
B3SAR110,2025-09-23,,,,,
BBASK320,2025-09-23,,,,,
ITSAA905,2025-09-23,,,,,
ITSAA11,2025-09-23,,,,,
BBASW290,2025-09-23,,,,,
BPACX387,2025-09-23,,,,,
EGIEK390,2025-09-23,,,,,
BRAVA200,2025-09-23,,,,,
BRAVA120,2025-09-23,,,,,
BRAVM210,2025-09-23,,,,,
BRAVM180,2025-09-23,,,,,
BRAVM120,2025-09-23,,,,,
BRAVM130,2025-09-23,,,,,
IRBRL170,2025-09-23,,,,,
VIVAV190,2025-09-23,,,,,
VIVAV210,2025-09-23,,,,,
VIVAV187,2025-09-23,,,,,
VIVAL195,2025-09-23,,,,,
VIVAJ177,2025-09-23,,,,,
VIVAX195,2025-09-23,,,,,
SMTOV230,2025-09-23,,,,,
TAEEX345,2025-09-23,,,,,
TAEEX355,2025-09-23,,,,,
TOTSL312,2025-09-23,,,,,
TOTSV275,2025-09-23,,,,,
TAEEX360,2025-09-23,,,,,
TAEEJ330,2025-09-23,,,,,
PRIOK549,2025-09-23,,,,,
PRIOK359,2025-09-23,,,,,
BBASL281,2025-09-23,,,,,
BBASA151,2025-09-23,,,,,
BBASM151,2025-09-23,,,,,
BBASL181,2025-09-23,,,,,
BBASX151,2025-09-23,,,,,
BBASM301,2025-09-23,,,,,
BBASA211,2025-09-23,,,,,
AUREA110,2025-09-23,,,,,
CSANA180,2025-09-23,,,,,
CSANL120,2025-09-23,,,,,
CSANL135,2025-09-23,,,,,
VBBRL250,2025-09-23,,,,,
AUREA120,2025-09-23,,,,,
AUREL120,2025-09-23,,,,,
VBBRA300,2025-09-23,,,,,
VBBRL215,2025-09-23,,,,,
CSANM160,2025-09-23,,,,,
CSANM135,2025-09-23,,,,,
VBBRM215,2025-09-23,,,,,
VBBRA200,2025-09-23,,,,,
CSANA160,2025-09-23,,,,,
SMALL100,2025-09-23,,,,,
CSANM100,2025-09-23,,,,,
BRAVV230,2025-09-23,,,,,
EGIEJ350,2025-09-23,,,,,
AZULV500,2025-09-23,,,,,
CASHV300,2025-09-23,,,,,
BRKMV140,2025-09-23,,,,,
KLBNJ220,2025-09-23,,,,,
CPLEJ900,2025-09-23,,,,,
POSIJ600,2025-09-23,,,,,
MGLUJ600,2025-09-23,,,,,
DXCOV600,2025-09-23,,,,,
CPFEV330,2025-09-23,,,,,
BRKMJ140,2025-09-23,,,,,
RDORV280,2025-09-23,,,,,
PETZV500,2025-09-23,,,,,
BOVVJ125,2025-09-23,,,,,
CMIGL104,2025-09-23,,,,,
CASHJ300,2025-09-23,,,,,
POSIV600,2025-09-23,,,,,
ROMIV900,2025-09-23,,,,,
CMIGN99,2025-09-23,,,,,
SANBV250,2025-09-23,,,,,
POSIM600,2025-09-23,,,,,
RAILW170,2025-09-23,,,,,
RDORM280,2025-09-23,,,,,
VLIDV230,2025-09-23,,,,,
TASAW800,2025-09-23,,,,,
CASHX300,2025-09-23,,,,,
GRNDW600,2025-09-23,,,,,
BRAVN23,2025-09-23,,,,,
SBSPW930,2025-09-23,,,,,
RAIZW200,2025-09-23,,,,,
WEGEM580,2025-09-23,,,,,
FLRYM120,2025-09-23,,,,,
LEVEM270,2025-09-23,,,,,
VAMOV500,2025-09-23,,,,,
BRAPM160,2025-09-23,,,,,
AUREV800,2025-09-23,,,,,
PSSAV380,2025-09-23,,,,,
BEEFB400,2025-09-23,,,,,
KLBNA220,2025-09-23,,,,,
LJQQJ200,2025-09-23,,,,,
PSSAJ380,2025-09-23,,,,,
DIRRA270,2025-09-23,,,,,
IRBRA490,2025-09-23,,,,,
BMGBA400,2025-09-23,,,,,
UGPAJ160,2025-09-23,,,,,
ITUBA320,2025-09-23,,,,,
AUREJ800,2025-09-23,,,,,
DXCOA600,2025-09-23,,,,,
ELETB35,2025-09-23,,,,,
AGROA220,2025-09-23,,,,,
TRISL500,2025-09-23,,,,,
BRSRK100,2025-09-23,,,,,
SBFGV110,2025-09-23,,,,,
BRSRV100,2025-09-23,,,,,
RADLM210,2025-09-23,,,,,
BRSRM100,2025-09-23,,,,,
MGLUM600,2025-09-23,,,,,
CMINN500,2025-09-23,,,,,
ISAEM240,2025-09-23,,,,,
FESAM800,2025-09-23,,,,,
BMGBM400,2025-09-23,,,,,
EQTLM280,2025-09-23,,,,,
CSNAX800,2025-09-23,,,,,
HBSAX300,2025-09-23,,,,,
UGPAW160,2025-09-23,,,,,
BPANX700,2025-09-23,,,,,
MLASW100,2025-09-23,,,,,
LJQQV200,2025-09-23,,,,,
LWSAX300,2025-09-23,,,,,
CMINX500,2025-09-23,,,,,
PCARM300,2025-09-23,,,,,
BBDCW100,2025-09-23,,,,,
YDUQM900,2025-09-23,,,,,
BRKMM140,2025-09-23,,,,,
SBFGW110,2025-09-23,,,,,
ABCBW200,2025-09-23,,,,,
ELETW390,2025-09-23,,,,,
RECVM160,2025-09-23,,,,,
CYREL190,2025-09-23,,,,,
CMINB500,2025-09-23,,,,,
BPANL700,2025-09-23,,,,,
SANBJ250,2025-09-23,,,,,
BRSRJ100,2025-09-23,,,,,
LRENL130,2025-09-23,,,,,
JALLK500,2025-09-23,,,,,
ANIMJ200,2025-09-23,,,,,
CYREK190,2025-09-23,,,,,
INTBL140,2025-09-23,,,,,
FESAL800,2025-09-23,,,,,
DXCOB60,2025-09-23,,,,,
ARMLJ500,2025-09-23,,,,,
VAMOK500,2025-09-23,,,,,
TASAA800,2025-09-23,,,,,
POSIA600,2025-09-23,,,,,
BBSEB380,2025-09-23,,,,,
PSSAK380,2025-09-23,,,,,
MRVEK500,2025-09-23,,,,,
POMOL800,2025-09-23,,,,,
BRAVB23,2025-09-23,,,,,
SMALJ880,2025-09-23,,,,,
ROMIK900,2025-09-23,,,,,
MLASL100,2025-09-23,,,,,
SLCEX180,2025-09-23,,,,,
RADLW210,2025-09-23,,,,,
INTBV140,2025-09-23,,,,,
ASAIX600,2025-09-23,,,,,
AZULW500,2025-09-23,,,,,
VLIDX230,2025-09-23,,,,,
WIZCM600,2025-09-23,,,,,
TIMSX150,2025-09-23,,,,,
BPANN70,2025-09-23,,,,,
BRSRW100,2025-09-23,,,,,
INTBX140,2025-09-23,,,,,
ROMIX900,2025-09-23,,,,,
TASAV800,2025-09-23,,,,,
WIZCV600,2025-09-23,,,,,
IRBRW490,2025-09-23,,,,,
GFSAV100,2025-09-23,,,,,
LEVEV270,2025-09-23,,,,,
RAPTM900,2025-09-23,,,,,
RAPTW900,2025-09-23,,,,,
ARMLV500,2025-09-23,,,,,
MLASX100,2025-09-23,,,,,
COGNM100,2025-09-23,,,,,
RAPTV900,2025-09-23,,,,,
BEEFM400,2025-09-23,,,,,
POMOV800,2025-09-23,,,,,
ALUPX270,2025-09-23,,,,,
GOAUN10,2025-09-23,,,,,
AUREW800,2025-09-23,,,,,
ELETN35,2025-09-23,,,,,
BRKMN14,2025-09-23,,,,,
ZAMPV300,2025-09-23,,,,,
LEVEW270,2025-09-23,,,,,
BRKMX140,2025-09-23,,,,,
ODPVW110,2025-09-23,,,,,
CMIGM100,2025-09-23,,,,,
KEPLW100,2025-09-23,,,,,
RECVV160,2025-09-23,,,,,
ENEVM110,2025-09-23,,,,,
ELETM390,2025-09-23,,,,,
RENTW300,2025-09-23,,,,,
ARMLA500,2025-09-23,,,,,
VBBRK180,2025-09-23,,,,,
GOGLK990,2025-09-23,,,,,
ISAEL240,2025-09-23,,,,,
ISAEK240,2025-09-23,,,,,
CVCBB200,2025-09-23,,,,,
ABEVK110,2025-09-23,,,,,
INTBK140,2025-09-23,,,,,
RAPTA900,2025-09-23,,,,,
POMOK800,2025-09-23,,,,,
CMINK500,2025-09-23,,,,,
SOJAK100,2025-09-23,,,,,
IRBRM490,2025-09-23,,,,,
ABEVM110,2025-09-23,,,,,
IFCMW100,2025-09-23,,,,,
AZZAN32,2025-09-23,,,,,
BPANW700,2025-09-23,,,,,
GRNDV600,2025-09-23,,,,,
BBSEW380,2025-09-23,,,,,
SMFTM190,2025-09-23,,,,,
EGIEM350,2025-09-23,,,,,
BRSRN10,2025-09-23,,,,,
SOJAW100,2025-09-23,,,,,
BRAVW230,2025-09-23,,,,,
ABEVW110,2025-09-23,,,,,
VBBRW180,2025-09-23,,,,,
BHIAW300,2025-09-23,,,,,
PCARW300,2025-09-23,,,,,
KLBNW220,2025-09-23,,,,,
EMBRA610,2025-09-23,,,,,
AUREK800,2025-09-23,,,,,
ABEVB11,2025-09-23,,,,,
BBDCJ100,2025-09-23,,,,,
BRKML140,2025-09-23,,,,,
MGLUA600,2025-09-23,,,,,
ISAEA240,2025-09-23,,,,,
RECVK160,2025-09-23,,,,,
AZULB499,2025-09-23,,,,,
SIMHA300,2025-09-23,,,,,
MULTA210,2025-09-23,,,,,
PCARK300,2025-09-23,,,,,
ONCOA200,2025-09-23,,,,,
IFCMJ100,2025-09-23,,,,,
EQTLL280,2025-09-23,,,,,
CSANB80,2025-09-23,,,,,
BRKMB14,2025-09-23,,,,,
PCARA300,2025-09-23,,,,,
CMIGB99,2025-09-23,,,,,
CMIGJ100,2025-09-23,,,,,
TTENK140,2025-09-23,,,,,
EMBRK610,2025-09-23,,,,,
ASAIA600,2025-09-23,,,,,
VULCK170,2025-09-23,,,,,
FESAB80,2025-09-23,,,,,
CMINC500,2025-09-23,,,,,
EMBRB610,2025-09-23,,,,,
SLCEB180,2025-09-23,,,,,
LWSAW300,2025-09-23,,,,,
RANIV700,2025-09-23,,,,,
HAPVX200,2025-09-23,,,,,
MDIAV200,2025-09-23,,,,,
BPACW310,2025-09-23,,,,,
RANIW700,2025-09-23,,,,,
NVDCM140,2025-09-23,,,,,
BRAVO230,2025-09-23,,,,,
RAIZO200,2025-09-23,,,,,
SMALN88,2025-09-23,,,,,
IBOVX118,2025-09-23,,,,,
TAEEO320,2025-09-23,,,,,
MRVEN50,2025-09-23,,,,,
RAILO17,2025-09-23,,,,,
EMBRO61,2025-09-23,,,,,
PSSAO380,2025-09-23,,,,,
LRENN130,2025-09-23,,,,,
HYPEO180,2025-09-23,,,,,
ABCBN20,2025-09-23,,,,,
BHIAO30,2025-09-23,,,,,
LEVEN27,2025-09-23,,,,,
DXCOC60,2025-09-23,,,,,
GFSAC10,2025-09-23,,,,,
BBSEC380,2025-09-23,,,,,
MSFTC109,2025-09-23,,,,,
WEGEC580,2025-09-23,,,,,
CBAVC50,2025-09-23,,,,,
ARMLC50,2025-09-23,,,,,
ASAIC60,2025-09-23,,,,,
TOTSC300,2025-09-23,,,,,
MULTC210,2025-09-23,,,,,
RADLC210,2025-09-23,,,,,
SIMHB300,2025-09-23,,,,,
VBBRC180,2025-09-23,,,,,
BRKMC14,2025-09-23,,,,,
PRIOO410,2025-09-23,,,,,
AZULO500,2025-09-23,,,,,
POMON800,2025-09-23,,,,,
INTBO140,2025-09-23,,,,,
RAILC17,2025-09-23,,,,,
LRENB130,2025-09-23,,,,,
KLBNB22,2025-09-23,,,,,
ONCOB200,2025-09-23,,,,,
CXSEC150,2025-09-23,,,,,
KLBNC22,2025-09-23,,,,,
POMOB800,2025-09-23,,,,,
CSMGN210,2025-09-23,,,,,
PRION410,2025-09-23,,,,,
TAEEN320,2025-09-23,,,,,
ISAEN24,2025-09-23,,,,,
PETRO3,2025-09-23,,,,,
RDORN28,2025-09-23,,,,,
RAPTN90,2025-09-23,,,,,
RECVN160,2025-09-23,,,,,
VIVTO50,2025-09-23,,,,,
WEGEL589,2025-09-23,,,,,
BHIAC30,2025-09-23,,,,,
PSSAC380,2025-09-23,,,,,
MRVEB50,2025-09-23,,,,,
EMBRL650,2025-09-23,,,,,
SAPRN25,2025-09-23,,,,,
FLRYN12,2025-09-23,,,,,
GRNDO60,2025-09-23,,,,,
IRBRO49,2025-09-23,,,,,
RDORO28,2025-09-23,,,,,
CYREO19,2025-09-23,,,,,
MGLUN599,2025-09-23,,,,,
ROMIN900,2025-09-23,,,,,
GFSAN100,2025-09-23,,,,,
SMALO88,2025-09-23,,,,,
CPLEC899,2025-09-23,,,,,
INTBC140,2025-09-23,,,,,
ARMLB500,2025-09-23,,,,,
USIMO500,2025-09-23,,,,,
KLBNO22,2025-09-23,,,,,
TOTSO300,2025-09-23,,,,,
TASAN800,2025-09-23,,,,,
CBAVN50,2025-09-23,,,,,
GGBRS180,2025-09-23,,,,,
TAEES320,2025-09-23,,,,,
YDUQP900,2025-09-23,,,,,
CMINT50,2025-09-23,,,,,
VAMOS50,2025-09-23,,,,,
BRKMS14,2025-09-23,,,,,
VBBRP18,2025-09-23,,,,,
ODPVR110,2025-09-23,,,,,
TUPYE220,2025-09-23,,,,,
GGBRD180,2025-09-23,,,,,
SIMHC30,2025-09-23,,,,,
BBSED38,2025-09-23,,,,,
BOVAF300,2025-09-23,,,,,
BPACD31,2025-09-23,,,,,
CMINF500,2025-09-23,,,,,
BRAPE16,2025-09-23,,,,,
CPLEH90,2025-09-23,,,,,
FESAG80,2025-09-23,,,,,
VALEG530,2025-09-23,,,,,
WEGED580,2025-09-23,,,,,
POSIE600,2025-09-23,,,,,
BOVAL200,2025-09-23,,,,,
CMINE500,2025-09-23,,,,,
PETRQ370,2025-09-23,,,,,
BMGBP400,2025-09-23,,,,,
BHIAP30,2025-09-23,,,,,
RDORS28,2025-09-23,,,,,
BRKMP14,2025-09-23,,,,,
IFCMQ10,2025-09-23,,,,,
KLBNR220,2025-09-23,,,,,
GMATF600,2025-09-23,,,,,
BOVAF400,2025-09-23,,,,,
SUZBE63,2025-09-23,,,,,
ENGIH37,2025-09-23,,,,,
RAIZD200,2025-09-23,,,,,
CURYG20,2025-09-23,,,,,
GRNDP600,2025-09-23,,,,,
SAPRO250,2025-09-23,,,,,
BPANS700,2025-09-23,,,,,
RAPTP900,2025-09-23,,,,,
CPFER330,2025-09-23,,,,,
RANIO700,2025-09-23,,,,,
SIMHP300,2025-09-23,,,,,
CPLES90,2025-09-23,,,,,
SMALQ88,2025-09-23,,,,,
VAMOP500,2025-09-23,,,,,
LRENP130,2025-09-23,,,,,
LRENF130,2025-09-23,,,,,
BMGBD400,2025-09-23,,,,,
VULCG17,2025-09-23,,,,,
CSMGR210,2025-09-23,,,,,
VBBRR180,2025-09-23,,,,,
BBSEQ380,2025-09-23,,,,,
BOVAX400,2025-09-23,,,,,
VBBRQ180,2025-09-23,,,,,
CSANP80,2025-09-23,,,,,
SMALR88,2025-09-23,,,,,
BHIAQ299,2025-09-23,,,,,
BRKMT14,2025-09-23,,,,,
PCARR300,2025-09-23,,,,,
BOVAA400,2025-09-23,,,,,
ZAMPC300,2025-09-23,,,,,
PRIOE410,2025-09-23,,,,,
SUZBG630,2025-09-23,,,,,
BBSEH380,2025-09-23,,,,,
CBAVF500,2025-09-23,,,,,
LWSAD300,2025-09-23,,,,,
IRBRQ49,2025-09-23,,,,,
ITSAP900,2025-09-23,,,,,
ITSAR900,2025-09-23,,,,,
BRKMQ140,2025-09-23,,,,,
RECVQ160,2025-09-23,,,,,
ELETR389,2025-09-23,,,,,
PRIOQ410,2025-09-23,,,,,
ABEVP11,2025-09-23,,,,,
GGBRP180,2025-09-23,,,,,
WIZCS60,2025-09-23,,,,,
CMINP500,2025-09-23,,,,,
COGNP10,2025-09-23,,,,,
PRIOP41,2025-09-23,,,,,
CSANS800,2025-09-23,,,,,
BBSEP38,2025-09-23,,,,,
SANBR25,2025-09-23,,,,,
EGIES35,2025-09-23,,,,,
ANIMQ20,2025-09-23,,,,,
ABEVQ11,2025-09-23,,,,,
SMTOR220,2025-09-23,,,,,
POMOQ800,2025-09-23,,,,,
RADLS21,2025-09-23,,,,,
BBSET380,2025-09-23,,,,,
AZZAQ320,2025-09-23,,,,,
RECVO16,2025-09-23,,,,,
BRAPQ16,2025-09-23,,,,,
ELETH35,2025-09-23,,,,,
KLBND220,2025-09-23,,,,,
CSANE800,2025-09-23,,,,,
VAMOE50,2025-09-23,,,,,
EMBRH61,2025-09-23,,,,,
POMOD80,2025-09-23,,,,,
KLBNE22,2025-09-23,,,,,
RADLG21,2025-09-23,,,,,
RAIZE200,2025-09-23,,,,,
ALOSF180,2025-09-23,,,,,
ARMLG50,2025-09-23,,,,,
PETRE370,2025-09-23,,,,,
CBAVD500,2025-09-23,,,,,
ARMLF50,2025-09-23,,,,,
ELETQ39,2025-09-23,,,,,
ISAEQ240,2025-09-23,,,,,
AZULT50,2025-09-23,,,,,
BOVAR100,2025-09-23,,,,,
VAMOQ50,2025-09-23,,,,,
BPANQ70,2025-09-23,,,,,
QUALR20,2025-09-23,,,,,
CSNAP800,2025-09-23,,,,,
CVCBS200,2025-09-23,,,,,
PETZR500,2025-09-23,,,,,
RAILR170,2025-09-23,,,,,
UGPAS16,2025-09-23,,,,,
CVCBR200,2025-09-23,,,,,
PETZS50,2025-09-23,,,,,
VBBRS180,2025-09-23,,,,,
ELETS350,2025-09-23,,,,,
QUALQ20,2025-09-23,,,,,
BPANR70,2025-09-23,,,,,
RAIZG20,2025-09-23,,,,,
VAMOC500,2025-09-23,,,,,
KLBNF220,2025-09-23,,,,,
BRKMD14,2025-09-23,,,,,
PRIOG410,2025-09-23,,,,,
BOVAD7,2025-09-23,,,,,
PRIOD41,2025-09-23,,,,,
CPLEE900,2025-09-23,,,,,
BOVAL300,2025-09-23,,,,,
MGLUR600,2025-09-23,,,,,
USIMB675,2025-09-23,,,,,
CSANG800,2025-09-23,,,,,
PSSAF380,2025-09-23,,,,,
EQTLL390,2025-09-23,,,,,
EQTLL400,2025-09-23,,,,,
AZULB700,2025-09-23,,,,,
KLBNH220,2025-09-23,,,,,
MRVEB109,2025-09-23,,,,,
RAIZB300,2025-09-23,,,,,
SBSPH930,2025-09-23,,,,,
BRAVU23,2025-09-23,,,,,
LRENN180,2025-09-23,,,,,
BRKMU14,2025-09-23,,,,,
IRBRU490,2025-09-23,,,,,
ISAET24,2025-09-23,,,,,
LRENN200,2025-09-23,,,,,
UGPAT160,2025-09-23,,,,,
QUALV20,2025-09-23,,,,,
COGNU100,2025-09-23,,,,,
FLRYU120,2025-09-23,,,,,
IRBRB499,2025-09-23,,,,,
MRVEB99,2025-09-23,,,,,
BBSEI380,2025-09-23,,,,,
COGNB350,2025-09-23,,,,,
SUZBH63,2025-09-23,,,,,
SIMHB550,2025-09-23,,,,,
LRENB240,2025-09-23,,,,,
LWSAJ30,2025-09-23,,,,,
PRIOU41,2025-09-23,,,,,
RENTT300,2025-09-23,,,,,
MRVEN80,2025-09-23,,,,,
ODPVV11,2025-09-23,,,,,
RADLT21,2025-09-23,,,,,
CVCBV200,2025-09-23,,,,,
BHIAN399,2025-09-23,,,,,
BMGBV40,2025-09-23,,,,,
RAIZB20,2025-09-23,,,,,
AZULJ50,2025-09-23,,,,,
AUREI80,2025-09-23,,,,,
CYREL192,2025-09-23,,,,,
COGNN25,2025-09-23,,,,,
CYREX192,2025-09-23,,,,,
BRAPV16,2025-09-23,,,,,
GGBRT180,2025-09-23,,,,,
CMINV500,2025-09-23,,,,,
B3SAX104,2025-09-23,,,,,
ALPAK60,2025-09-23,,,,,
LRENB260,2025-09-23,,,,,
LRENB200,2025-09-23,,,,,
CBAVH500,2025-09-23,,,,,
CMINJ500,2025-09-23,,,,,
COGNB300,2025-09-23,,,,,
FLRYI120,2025-09-23,,,,,
B3SAL104,2025-09-23,,,,,
LRENB220,2025-09-23,,,,,
RAILH17,2025-09-23,,,,,
AZULW50,2025-09-23,,,,,
COGNN4,2025-09-23,,,,,
COGNN20,2025-09-23,,,,,
ROMIT90,2025-09-23,,,,,
KLBNT220,2025-09-23,,,,,
BBSEV38,2025-09-23,,,,,
KLBNV22,2025-09-23,,,,,
IRBRB599,2025-09-23,,,,,
MRVEB1,2025-09-23,,,,,
ARMLI50,2025-09-23,,,,,
CASHK30,2025-09-23,,,,,
RAIZH20,2025-09-23,,,,,
ARMLH50,2025-09-23,,,,,
VALEJ53,2025-09-23,,,,,
JALLJ50,2025-09-23,,,,,
CMINI50,2025-09-23,,,,,
PRION42,2025-09-23,,,,,
MRVET500,2025-09-23,,,,,
IRBRN499,2025-09-23,,,,,
IRBRN399,2025-09-23,,,,,
RAIZN300,2025-09-23,,,,,
POMOU80,2025-09-23,,,,,
ABEVW11,2025-09-23,,,,,
CVCBN300,2025-09-23,,,,,
LRENU130,2025-09-23,,,,,
PRIOB360,2025-09-23,,,,,
COGNB20,2025-09-23,,,,,
AMARB200,2025-09-23,,,,,
ABCBH20,2025-09-23,,,,,
CBAVJ50,2025-09-23,,,,,
VAMOI50,2025-09-23,,,,,
KLBNJ22,2025-09-23,,,,,
CVCBB300,2025-09-23,,,,,
B3SAB140,2025-09-23,,,,,
B3SAL132,2025-09-23,,,,,
CSANJ800,2025-09-23,,,,,
BHIAB499,2025-09-23,,,,,
RAIZU20,2025-09-23,,,,,
BRAVW23,2025-09-23,,,,,
AZULK50,2025-09-23,,,,,
SIMHB50,2025-09-23,,,,,
TAEEH320,2025-09-23,,,,,
CASHJ30,2025-09-23,,,,,
TASAH800,2025-09-23,,,,,
EQTLL402,2025-09-23,,,,,
IBOVL139,2025-09-23,,,,,
IBOVX139,2025-09-23,,,,,
B3SAN121,2025-09-23,,,,,
B3SAN111,2025-09-23,,,,,
BBDCN178,2025-09-23,,,,,
BBDCB188,2025-09-23,,,,,
MGLUB110,2025-09-23,,,,,
MGLUN140,2025-09-23,,,,,
BBDCN15,2025-09-23,,,,,
BBDCB168,2025-09-23,,,,,
BBDCB3,2025-09-23,,,,,
WEGEA545,2025-09-23,,,,,
SUZBA600,2025-09-23,,,,,
EGIEL383,2025-09-23,,,,,
BBDCL124,2025-09-23,,,,,
BBSEL415,2025-09-23,,,,,
CSMGL210,2025-09-23,,,,,
POMOA80,2025-09-23,,,,,
ELETB1,2025-09-23,,,,,
CPFEB329,2025-09-23,,,,,
SMALA880,2025-09-23,,,,,
CPLEB90,2025-09-23,,,,,
SUZBM600,2025-09-23,,,,,
BBDCX124,2025-09-23,,,,,
RAPTN899,2025-09-23,,,,,
QUALX20,2025-09-23,,,,,
GUARW60,2025-09-23,,,,,
IRBRW49,2025-09-23,,,,,
EMBRN61,2025-09-23,,,,,
CSANN799,2025-09-23,,,,,
LWSAN299,2025-09-23,,,,,
VALEM530,2025-09-23,,,,,
POSIW60,2025-09-23,,,,,
BBSEM380,2025-09-23,,,,,
BBSEA380,2025-09-23,,,,,
TUPYA22,2025-09-23,,,,,
GMATL60,2025-09-23,,,,,
ABEVB109,2025-09-23,,,,,
PSSAB380,2025-09-23,,,,,
BLAUB119,2025-09-23,,,,,
BPACB310,2025-09-23,,,,,
RENTA30,2025-09-23,,,,,
GUARB60,2025-09-23,,,,,
VBBRB18,2025-09-23,,,,,
ELETL389,2025-09-23,,,,,
BHIAA300,2025-09-23,,,,,
SIMHA30,2025-09-23,,,,,
PRIOA410,2025-09-23,,,,,
SMTOB22,2025-09-23,,,,,
BRAPB16,2025-09-23,,,,,
MULTN209,2025-09-23,,,,,
RDORX280,2025-09-23,,,,,
MOVIW40,2025-09-23,,,,,
CBAVN499,2025-09-23,,,,,
PETRM370,2025-09-23,,,,,
VBBRN18,2025-09-23,,,,,
PCARM30,2025-09-23,,,,,
EZTCW11,2025-09-23,,,,,
EMBRB61,2025-09-23,,,,,
BRAPA16,2025-09-23,,,,,
JALLA50,2025-09-23,,,,,
ABCBL200,2025-09-23,,,,,
PCARA30,2025-09-23,,,,,
EVENL60,2025-09-23,,,,,
ECORB499,2025-09-23,,,,,
TUPYK22,2025-09-23,,,,,
PETZA500,2025-09-23,,,,,
KLBNA22,2025-09-23,,,,,
MULTB209,2025-09-23,,,,,
LJQQK20,2025-09-23,,,,,
ODPVB109,2025-09-23,,,,,
CMINL50,2025-09-23,,,,,
FESAK80,2025-09-23,,,,,
SUZBL630,2025-09-23,,,,,
ROMIB90,2025-09-23,,,,,
BOVAB1,2025-09-23,,,,,
JALLL50,2025-09-23,,,,,
ANIMB1,2025-09-23,,,,,
INTBN139,2025-09-23,,,,,
PRIOW410,2025-09-23,,,,,
SANBN249,2025-09-23,,,,,
ISAEW24,2025-09-23,,,,,
ASAIN60,2025-09-23,,,,,
RAILN169,2025-09-23,,,,,
GGBRX180,2025-09-23,,,,,
PETZM500,2025-09-23,,,,,
BBSEX380,2025-09-23,,,,,
BRAVN229,2025-09-23,,,,,
CYREN19,2025-09-23,,,,,
BRAPX160,2025-09-23,,,,,
ITSAM900,2025-09-23,,,,,
CVCBM200,2025-09-23,,,,,
RANIN699,2025-09-23,,,,,
ITSAA900,2025-09-23,,,,,
ESPAB99,2025-09-23,,,,,
SBFGB109,2025-09-23,,,,,
CBAVB499,2025-09-23,,,,,
SUZBB629,2025-09-23,,,,,
GRNDL600,2025-09-23,,,,,
SANBA25,2025-09-23,,,,,
YDUQL900,2025-09-23,,,,,
EGIEA35,2025-09-23,,,,,
BEEFL400,2025-09-23,,,,,
SMTOA220,2025-09-23,,,,,
BRKML14,2025-09-23,,,,,
LRENA130,2025-09-23,,,,,
CSMGA21,2025-09-23,,,,,
GRNDX600,2025-09-23,,,,,
MRVEM500,2025-09-23,,,,,
CAMLN50,2025-09-23,,,,,
SAPRN249,2025-09-23,,,,,
ITUBW320,2025-09-23,,,,,
CXSEN149,2025-09-23,,,,,
MYPKW13,2025-09-23,,,,,
RENTX300,2025-09-23,,,,,
CASHN30,2025-09-23,,,,,
RADLL21,2025-09-23,,,,,
CASHB30,2025-09-23,,,,,
QUALL20,2025-09-23,,,,,
LWSAB299,2025-09-23,,,,,
TASAB80,2025-09-23,,,,,
POSIK60,2025-09-23,,,,,
EGIEL350,2025-09-23,,,,,
BOVAA119,2025-09-23,,,,,
HAPVL20,2025-09-23,,,,,
ABCBB199,2025-09-23,,,,,
HAPVB199,2025-09-23,,,,,
DXCOA60,2025-09-23,,,,,
NEOEB18,2025-09-23,,,,,
TAEEM320,2025-09-23,,,,,
BBASN270,2025-09-23,,,,,
BRKMM14,2025-09-23,,,,,
ISAEX24,2025-09-23,,,,,
LJQQN20,2025-09-23,,,,,
ITSAX900,2025-09-23,,,,,
HYPEN1,2025-09-23,,,,,
GMATN60,2025-09-23,,,,,
HAPVN199,2025-09-23,,,,,
BHIAM300,2025-09-23,,,,,
ODPVN109,2025-09-23,,,,,
DIRRN27,2025-09-23,,,,,
RANIA70,2025-09-23,,,,,
CBAVL500,2025-09-23,,,,,
BRAPL160,2025-09-23,,,,,
BRKMA14,2025-09-23,,,,,
VALEK530,2025-09-23,,,,,
TOTSB30,2025-09-23,,,,,
WEGEK580,2025-09-23,,,,,
FLRYK12,2025-09-23,,,,,
AUREK80,2025-09-23,,,,,
RAILB169,2025-09-23,,,,,
LWSAA300,2025-09-23,,,,,
JALLK50,2025-09-23,,,,,
IFCMA10,2025-09-23,,,,,
BMGBL40,2025-09-23,,,,,
MRVEA500,2025-09-23,,,,,
GFSAB10,2025-09-23,,,,,
CSNAB800,2025-09-23,,,,,
BBSEL380,2025-09-23,,,,,
USIMA500,2025-09-23,,,,,
RECVB16,2025-09-23,,,,,
EZTCB11,2025-09-23,,,,,
AZZAA32,2025-09-23,,,,,
CVCBA200,2025-09-23,,,,,
ENEVB109,2025-09-23,,,,,
RADLB210,2025-09-23,,,,,
AAPLB659,2025-09-23,,,,,
KLBNL22,2025-09-23,,,,,
RECVA16,2025-09-23,,,,,
TAEEB32,2025-09-23,,,,,
CURYB200,2025-09-23,,,,,
YDUQB899,2025-09-23,,,,,
ITSAL900,2025-09-23,,,,,
HAPVA200,2025-09-23,,,,,
BMGBA40,2025-09-23,,,,,
SMALB879,2025-09-23,,,,,
SUZBA63,2025-09-23,,,,,
MOVIB399,2025-09-23,,,,,
HBORL10,2025-09-23,,,,,
ELETB2,2025-09-23,,,,,
ITUBN320,2025-09-23,,,,,
ISAEM24,2025-09-23,,,,,
VIVAN20,2025-09-23,,,,,
HYPEX18,2025-09-23,,,,,
QUALN199,2025-09-23,,,,,
GRNDM60,2025-09-23,,,,,
VULCX17,2025-09-23,,,,,
KLBNN219,2025-09-23,,,,,
RADLN210,2025-09-23,,,,,
GRNDN599,2025-09-23,,,,,
SMTOM220,2025-09-23,,,,,
VALEW530,2025-09-23,,,,,
GRNDB599,2025-09-23,,,,,
RAPTB899,2025-09-23,,,,,
SIMHK30,2025-09-23,,,,,
RAPTA90,2025-09-23,,,,,
POMOK80,2025-09-23,,,,,
EZTCL110,2025-09-23,,,,,
VALEB470,2025-09-23,,,,,
EQTLJ325,2025-09-23,,,,,
CMIGK100,2025-09-23,,,,,
CMIGA10,2025-09-23,,,,,
TTENB14,2025-09-23,,,,,
BRSRL100,2025-09-23,,,,,
GOAUB99,2025-09-23,,,,,
B3SAA100,2025-09-23,,,,,
BRSRG10,2025-09-23,,,,,
CMIGR100,2025-09-23,,,,,
CMIGP100,2025-09-23,,,,,
ISAEN239,2025-09-23,,,,,
BRSRN99,2025-09-23,,,,,
GOAUS10,2025-09-23,,,,,
CMIGO100,2025-09-23,,,,,
CMIGN2,2025-09-23,,,,,
GOAUN99,2025-09-23,,,,,
GOAUR100,2025-09-23,,,,,
GOAUE100,2025-09-23,,,,,
CMIGT100,2025-09-23,,,,,
B3SAT10,2025-09-23,,,,,
VAMON50,2025-09-23,,,,,
GOAUQ100,2025-09-23,,,,,
KEPLN99,2025-09-23,,,,,
CMIGQ10,2025-09-23,,,,,
BBDCX100,2025-09-23,,,,,
GOAUF100,2025-09-23,,,,,
BOVAJ134,2025-09-23,,,,,
CMIGX100,2025-09-23,,,,,
SOJAQ100,2025-09-23,,,,,
GOAUP10,2025-09-23,,,,,
GOAUA10,2025-09-23,,,,,
GOAUL10,2025-09-23,,,,,
B3SAK100,2025-09-23,,,,,
RDORL397,2025-09-23,,,,,
WEGED400,2025-09-23,,,,,
RDORX397,2025-09-23,,,,,
WEGEP400,2025-09-23,,,,,
HAPVL275,2025-09-23,,,,,
HAPVL325,2025-09-23,,,,,
HAPVX325,2025-09-23,,,,,
HAPVL299,2025-09-23,,,,,
BOVAJ136,2025-09-23,,,,,
IBOVJ159,2025-09-23,,,,,
IBOVV102,2025-09-23,,,,,
IBOVV114,2025-09-23,,,,,
IBOVJ106,2025-09-23,,,,,
IBOVJ134,2025-09-23,,,,,
IBOVJ116,2025-09-23,,,,,
IBOVJ126,2025-09-23,,,,,
IBOVV123,2025-09-23,,,,,
IBOVV132,2025-09-23,,,,,
IBOVV107,2025-09-23,,,,,
IBOVV133,2025-09-23,,,,,
IBOVV106,2025-09-23,,,,,
IBOVJ127,2025-09-23,,,,,
IBOVJ137,2025-09-23,,,,,
IBOVJ100,2025-09-23,,,,,
IBOVJ133,2025-09-23,,,,,
IBOVV116,2025-09-23,,,,,
IBOVV127,2025-09-23,,,,,
IBOVV126,2025-09-23,,,,,
IBOVV149,2025-09-23,,,,,
IBOVV160,2025-09-23,,,,,
IBOVJ108,2025-09-23,,,,,
IBOVJ135,2025-09-23,,,,,
IBOVJ102,2025-09-23,,,,,
IBOVJ131,2025-09-23,,,,,
IBOVJ141,2025-09-23,,,,,
IBOVJ139,2025-09-23,,,,,
IBOVV135,2025-09-23,,,,,
IBOVV121,2025-09-23,,,,,
IBOVV131,2025-09-23,,,,,
IGTIN16,2025-09-23,,,,,
B3SAN992,2025-09-23,,,,,
BBDCO139,2025-09-23,,,,,
BBDCC139,2025-09-23,,,,,
IBOVX144,2025-09-23,,,,,
ELETL411,2025-09-23,,,,,
ELETX403,2025-09-23,,,,,
ELETX421,2025-09-23,,,,,
ELETL398,2025-09-23,,,,,
ELETL421,2025-09-23,,,,,
ELETX393,2025-09-23,,,,,
ELETX408,2025-09-23,,,,,
ELETX406,2025-09-23,,,,,
ELETX411,2025-09-23,,,,,
FLRYA14,2025-09-23,,,,,
BBDCH134,2025-09-23,,,,,
LRENM169,2025-09-23,,,,,
FLRYS147,2025-09-23,,,,,
BBASN26,2025-09-23,,,,,
USIMX799,2025-09-23,,,,,
ITSAM149,2025-09-23,,,,,
CXSEX132,2025-09-23,,,,,
HYPEM291,2025-09-23,,,,,
USIML799,2025-09-23,,,,,
VAMOG120,2025-09-23,,,,,
BBDCH137,2025-09-23,,,,,
CXSEJ166,2025-09-23,,,,,
LRENS172,2025-09-23,,,,,
VAMOM120,2025-09-23,,,,,
CXSEX145,2025-09-23,,,,,
ITSAG15,2025-09-23,,,,,
CXSEK140,2025-09-23,,,,,
CXSEX135,2025-09-23,,,,,
LRENM171,2025-09-23,,,,,
ITSAA159,2025-09-23,,,,,
ITSAA160,2025-09-23,,,,,
CXSEK167,2025-09-23,,,,,
CXSEL137,2025-09-23,,,,,
CXSEL177,2025-09-23,,,,,
CXSEL152,2025-09-23,,,,,
HYPEA292,2025-09-23,,,,,
CXSEL132,2025-09-23,,,,,
HYPEA291,2025-09-23,,,,,
CXSEV159,2025-09-23,,,,,
CXSEW195,2025-09-23,,,,,
CXSEW132,2025-09-23,,,,,
CXSEA154,2025-09-23,,,,,
CXSEM131,2025-09-23,,,,,
CXSEM146,2025-09-23,,,,,
CXSEA146,2025-09-23,,,,,
CXSEB151,2025-09-23,,,,,
CXSEM13,2025-09-23,,,,,
CXSEM139,2025-09-23,,,,,
CXSEA151,2025-09-23,,,,,
CXSEN146,2025-09-23,,,,,
CXSEM141,2025-09-23,,,,,
CXSEC2,2025-09-23,,,,,
CXSEO13,2025-09-23,,,,,
CXSES134,2025-09-23,,,,,
CXSEO140,2025-09-23,,,,,
CXSEJ157,2025-09-23,,,,,
CXSEV137,2025-09-23,,,,,
CXSEG134,2025-09-23,,,,,
CXSEO132,2025-09-23,,,,,
CXSEV147,2025-09-23,,,,,
CXSEC200,2025-09-23,,,,,
CXSEW146,2025-09-23,,,,,
CXSEE152,2025-09-23,,,,,
CXSEU144,2025-09-23,,,,,
CXSER147,2025-09-23,,,,,
CXSEK146,2025-09-23,,,,,
CXSEE182,2025-09-23,,,,,
CXSEX144,2025-09-23,,,,,
CXSEC165,2025-09-23,,,,,
CXSEQ140,2025-09-23,,,,,
CXSEC120,2025-09-23,,,,,
CXSEC140,2025-09-23,,,,,
CXSEV140,2025-09-23,,,,,
CXSEC1,2025-09-23,,,,,
CXSER140,2025-09-23,,,,,
BPACX20,2025-09-23,,,,,
BBDCN143,2025-09-23,,,,,
GGBRN199,2025-09-23,,,,,
LRENB140,2025-09-23,,,,,
BOVAN121,2025-09-23,,,,,
BOVAN126,2025-09-23,,,,,
BOVAN128,2025-09-23,,,,,
BOVAN130,2025-09-23,,,,,
BOVAN132,2025-09-23,,,,,
BOVAN134,2025-09-23,,,,,
B3SAV803,2025-09-23,,,,,
HAPVN450,2025-09-23,,,,,
IBOVM120,2025-09-23,,,,,
BOVAB120,2025-09-23,,,,,
BOVAB126,2025-09-23,,,,,
BOVAB128,2025-09-23,,,,,
BOVAB130,2025-09-23,,,,,
BOVAB132,2025-09-23,,,,,
B3SAJ803,2025-09-23,,,,,
BBDCK127,2025-09-23,,,,,
SEERB700,2025-09-23,,,,,
HAPVK450,2025-09-23,,,,,
ANIML450,2025-09-23,,,,,
MGLUL700,2025-09-23,,,,,
ANIMA450,2025-09-23,,,,,
CASHB900,2025-09-23,,,,,
MGLUB650,2025-09-23,,,,,
QUALB600,2025-09-23,,,,,
RANIK130,2025-09-23,,,,,
INTBK230,2025-09-23,,,,,
HBORW400,2025-09-23,,,,,
CASHM100,2025-09-23,,,,,
DXCOW140,2025-09-23,,,,,
SMALX105,2025-09-23,,,,,
SMALX106,2025-09-23,,,,,
MRVEX100,2025-09-23,,,,,
VAMON120,2025-09-23,,,,,
HAPVX450,2025-09-23,,,,,
HBORL300,2025-09-23,,,,,
RANIK120,2025-09-23,,,,,
QUALA550,2025-09-23,,,,,
DASAK100,2025-09-23,,,,,
HAPVN550,2025-09-23,,,,,
CASHM900,2025-09-23,,,,,
MGLUN650,2025-09-23,,,,,
VAMOA12,2025-09-23,,,,,
INTBL240,2025-09-23,,,,,
BMGBA750,2025-09-23,,,,,
DXCOK140,2025-09-23,,,,,
TRISB800,2025-09-23,,,,,
RANIB120,2025-09-23,,,,,
ANIMN450,2025-09-23,,,,,
BMGBK750,2025-09-23,,,,,
CASHA900,2025-09-23,,,,,
USIML899,2025-09-23,,,,,
USIML599,2025-09-23,,,,,
USIML859,2025-09-23,,,,,
USIMX759,2025-09-23,,,,,
COGNV170,2025-09-23,,,,,
USIML619,2025-09-23,,,,,
USIML719,2025-09-23,,,,,
USIML879,2025-09-23,,,,,
USIML739,2025-09-23,,,,,
USIML779,2025-09-23,,,,,
USIMX519,2025-09-23,,,,,
USIML559,2025-09-23,,,,,
USIML579,2025-09-23,,,,,
USIMX639,2025-09-23,,,,,
GGBRN184,2025-09-23,,,,,
BRKMX122,2025-09-23,,,,,
BRKMX12,2025-09-23,,,,,
GGBRB184,2025-09-23,,,,,
WEGEF49,2025-09-23,,,,,
MRVEL490,2025-09-23,,,,,
YDUQC860,2025-09-23,,,,,
ANIML150,2025-09-23,,,,,
IBOVL137,2025-09-23,,,,,
MGLUO1,2025-09-23,,,,,
MGLUC899,2025-09-23,,,,,
MGLUO11,2025-09-23,,,,,
MGLUO12,2025-09-23,,,,,
PETZC600,2025-09-23,,,,,
PETZO50,2025-09-23,,,,,
MGLUC12,2025-09-23,,,,,
MGLUC10,2025-09-23,,,,,
MGLUC15,2025-09-23,,,,,
MGLUO899,2025-09-23,,,,,
PETZO600,2025-09-23,,,,,
ELETB540,2025-09-23,,,,,
ELETH560,2025-09-23,,,,,
CMINA700,2025-09-23,,,,,
CMINE600,2025-09-23,,,,,
CMINE700,2025-09-23,,,,,
CMINO700,2025-09-23,,,,,
ELETN540,2025-09-23,,,,,
CMINC700,2025-09-23,,,,,
ELETB650,2025-09-23,,,,,
FLRYB200,2025-09-23,,,,,
FLRYB220,2025-09-23,,,,,
CMINC600,2025-09-23,,,,,
FLRYN220,2025-09-23,,,,,
GGPSJ162,2025-09-23,,,,,
GGPSK162,2025-09-23,,,,,
PETRL19,2025-09-23,,,,,
CMIGX963,2025-09-23,,,,,
CMIGL833,2025-09-23,,,,,
BPACL450,2025-09-23,,,,,
CMIGL913,2025-09-23,,,,,
CMIGX563,2025-09-23,,,,,
BPACX380,2025-09-23,,,,,
BPACL370,2025-09-23,,,,,
CMIGL733,2025-09-23,,,,,
BPACL380,2025-09-23,,,,,
PETRG257,2025-09-23,,,,,
PETRS257,2025-09-23,,,,,
BOVAL1,2025-09-23,,,,,
BHIAG500,2025-09-23,,,,,
IBOVB140,2025-09-23,,,,,
IBOVA136,2025-09-23,,,,,
IBOVB136,2025-09-23,,,,,
IBOVL138,2025-09-23,,,,,
IBOVM116,2025-09-23,,,,,
IBOVM136,2025-09-23,,,,,
IBOVN116,2025-09-23,,,,,
IBOVO120,2025-09-23,,,,,
IBOVO142,2025-09-23,,,,,
BBDCA207,2025-09-23,,,,,
ASAIJ157,2025-09-23,,,,,
RADLL180,2025-09-23,,,,,
BBDCM207,2025-09-23,,,,,
RADLX180,2025-09-23,,,,,
IBOVH170,2025-09-23,,,,,
SLCEJ253,2025-09-23,,,,,
PRIOJ595,2025-09-23,,,,,
EMBRX800,2025-09-23,,,,,
IRBRE60,2025-09-23,,,,,
IRBRE755,2025-09-23,,,,,
IRBRE765,2025-09-23,,,,,
EMBRA900,2025-09-23,,,,,
ITSAL884,2025-09-23,,,,,
EMBRL800,2025-09-23,,,,,
EMBRM850,2025-09-23,,,,,
IRBRQ550,2025-09-23,,,,,
IRBRQ60,2025-09-23,,,,,
EMBRL850,2025-09-23,,,,,
BRKMN250,2025-09-23,,,,,
ITUBL395,2025-09-23,,,,,
ZAMPB700,2025-09-23,,,,,
BRKMW250,2025-09-23,,,,,
BRKMK250,2025-09-23,,,,,
BMGBB530,2025-09-23,,,,,
VAMOB140,2025-09-23,,,,,
BRKMJ120,2025-09-23,,,,,
BRKMJ150,2025-09-23,,,,,
BRKMJ170,2025-09-23,,,,,
BBASC272,2025-09-23,,,,,
BRKMV120,2025-09-23,,,,,
BRKMV150,2025-09-23,,,,,
BRKMV170,2025-09-23,,,,,
BRKMV190,2025-09-23,,,,,
BRKMV210,2025-09-23,,,,,
BRKMV230,2025-09-23,,,,,
BRKMV250,2025-09-23,,,,,
B3SAW108,2025-09-23,,,,,
VALEV816,2025-09-23,,,,,
B3SAC145,2025-09-23,,,,,
IBOVL180,2025-09-23,,,,,
CYREJ510,2025-09-23,,,,,
CYREK510,2025-09-23,,,,,
EQTLX330,2025-09-23,,,,,
GOLDX181,2025-09-23,,,,,
ITSAX100,2025-09-23,,,,,
ITSAL110,2025-09-23,,,,,
B3SAC930,2025-09-23,,,,,
B3SAC157,2025-09-23,,,,,
VALEL669,2025-09-23,,,,,
SUZBC700,2025-09-23,,,,,
FLRYB948,2025-09-23,,,,,
FLRYB848,2025-09-23,,,,,
BBDCW211,2025-09-23,,,,,
SUZBO700,2025-09-23,,,,,
SBFGW800,2025-09-23,,,,,
SBFGW900,2025-09-23,,,,,
BOVAJ114,2025-09-23,,,,,
LRENL152,2025-09-23,,,,,
ITUBL242,2025-09-23,,,,,
BBDCC164,2025-09-23,,,,,
GGBRD196,2025-09-23,,,,,
BOVAC130,2025-09-23,,,,,
BOVAC135,2025-09-23,,,,,
BOVAC124,2025-09-23,,,,,
BOVAO135,2025-09-23,,,,,
BOVAC129,2025-09-23,,,,,
KLBND192,2025-09-23,,,,,
BOVAO122,2025-09-23,,,,,
BOVAO120,2025-09-23,,,,,
BOVAC133,2025-09-23,,,,,
BOVAO130,2025-09-23,,,,,
BOVAC134,2025-09-23,,,,,
ITSAL105,2025-09-23,,,,,
ITUBL352,2025-09-23,,,,,
BRSRB177,2025-09-23,,,,,
BRSRB157,2025-09-23,,,,,
ITUBL353,2025-09-23,,,,,
USIMC110,2025-09-23,,,,,
BRSRC160,2025-09-23,,,,,
VALEX649,2025-09-23,,,,,
BBDCN249,2025-09-23,,,,,
QUALC700,2025-09-23,,,,,
QUALC800,2025-09-23,,,,,
USIMO105,2025-09-23,,,,,
VALEF68,2025-09-23,,,,,
BBDCF2,2025-09-23,,,,,
BBASK300,2025-09-23,,,,,
BBASJ286,2025-09-23,,,,,
BBASL295,2025-09-23,,,,,
BRAVN300,2025-09-23,,,,,
BBASX318,2025-09-23,,,,,
ITUBX361,2025-09-23,,,,,
BBASV314,2025-09-23,,,,,
BBASX278,2025-09-23,,,,,
IBOVX99,2025-09-23,,,,,
BBASJ306,2025-09-23,,,,,
BBASL275,2025-09-23,,,,,
BBASX286,2025-09-23,,,,,
BBASX233,2025-09-23,,,,,
BBASW262,2025-09-23,,,,,
BBASW305,2025-09-23,,,,,
BBASV311,2025-09-23,,,,,
BBASX273,2025-09-23,,,,,
BBASX270,2025-09-23,,,,,
BBASX31,2025-09-23,,,,,
BBASX28,2025-09-23,,,,,
BBASL316,2025-09-23,,,,,
BBASK287,2025-09-23,,,,,
BBASL298,2025-09-23,,,,,
IBOVL99,2025-09-23,,,,,
BBASV316,2025-09-23,,,,,
BBASV294,2025-09-23,,,,,
BBASX299,2025-09-23,,,,,
BBASX275,2025-09-23,,,,,
BBASL265,2025-09-23,,,,,
BBASJ301,2025-09-23,,,,,
BBASL260,2025-09-23,,,,,
BBASL323,2025-09-23,,,,,
BBASJ316,2025-09-23,,,,,
BBASK297,2025-09-23,,,,,
B3SAD936,2025-09-23,,,,,
CSNAD804,2025-09-23,,,,,
BBASW302,2025-09-23,,,,,
BOVAW300,2025-09-23,,,,,
BBASW29,2025-09-23,,,,,
BBASX298,2025-09-23,,,,,
BBASX285,2025-09-23,,,,,
B3SAP936,2025-09-23,,,,,
BBASV301,2025-09-23,,,,,
CSNAP804,2025-09-23,,,,,
BBASV306,2025-09-23,,,,,
BBASK295,2025-09-23,,,,,
BBASJ294,2025-09-23,,,,,
BBASK305,2025-09-23,,,,,
BBASL31,2025-09-23,,,,,
CXSEO149,2025-09-23,,,,,
EGIEQ40,2025-09-23,,,,,
IBOVX189,2025-09-23,,,,,
CMING700,2025-09-23,,,,,
CXSEB10,2025-09-23,,,,,
CXSEL22,2025-09-23,,,,,
CXSEL214,2025-09-23,,,,,
CXSEL224,2025-09-23,,,,,
CXSEL23,2025-09-23,,,,,
CXSED140,2025-09-23,,,,,
EGIER40,2025-09-23,,,,,
CXSED1,2025-09-23,,,,,
CXSED135,2025-09-23,,,,,
CXSEC80,2025-09-23,,,,,
CXSED2,2025-09-23,,,,,
CMINI700,2025-09-23,,,,,
CXSEC149,2025-09-23,,,,,
CMINX700,2025-09-23,,,,,
CXSED190,2025-09-23,,,,,
CXSED174,2025-09-23,,,,,
CXSED800,2025-09-23,,,,,
CMINH700,2025-09-23,,,,,
CXSEP160,2025-09-23,,,,,
CXSEO144,2025-09-23,,,,,
EGIEU400,2025-09-23,,,,,
ALPAC120,2025-09-23,,,,,
BBDCC160,2025-09-23,,,,,
ENEVJ127,2025-09-23,,,,,
BHIAB240,2025-09-23,,,,,
RDORJ263,2025-09-23,,,,,
RDORK345,2025-09-23,,,,,
B3SAB795,2025-09-23,,,,,
RDORK290,2025-09-23,,,,,
VIVAA140,2025-09-23,,,,,
VIVAN140,2025-09-23,,,,,
RDORX358,2025-09-23,,,,,
RDORV283,2025-09-23,,,,,
IBOVC150,2025-09-23,,,,,
IBOVO128,2025-09-23,,,,,
VIVAN160,2025-09-23,,,,,
RDORL318,2025-09-23,,,,,
RDORK335,2025-09-23,,,,,
RAILB210,2025-09-23,,,,,
HYPEC410,2025-09-23,,,,,
RDORJ291,2025-09-23,,,,,
BHIAB350,2025-09-23,,,,,
MGLUC105,2025-09-23,,,,,
RANIL561,2025-09-23,,,,,
RDORL278,2025-09-23,,,,,
RDORX278,2025-09-23,,,,,
RDORW345,2025-09-23,,,,,
RDORJ298,2025-09-23,,,,,
BHIAB200,2025-09-23,,,,,
RDORL330,2025-09-23,,,,,
RDORX293,2025-09-23,,,,,
B3SAB109,2025-09-23,,,,,
RAILB240,2025-09-23,,,,,
RDORK327,2025-09-23,,,,,
BBDCG119,2025-09-23,,,,,
BBDCS119,2025-09-23,,,,,
CMIGX99,2025-09-23,,,,,
ABEVL141,2025-09-23,,,,,
ABEVL341,2025-09-23,,,,,
BBDCG1,2025-09-23,,,,,
BBDCC155,2025-09-23,,,,,
B3SAL301,2025-09-23,,,,,
B3SAL299,2025-09-23,,,,,
CMIGL105,2025-09-23,,,,,
SMALB124,2025-09-23,,,,,
CMIGX105,2025-09-23,,,,,
CPFEK347,2025-09-23,,,,,
ITUBL247,2025-09-23,,,,,
CMIGX907,2025-09-23,,,,,
USIMD90,2025-09-23,,,,,
POSID1,2025-09-23,,,,,
BBASD275,2025-09-23,,,,,
ABEVJ153,2025-09-23,,,,,
MGLUD10,2025-09-23,,,,,
MGLUO115,2025-09-23,,,,,
MGLUO120,2025-09-23,,,,,
MGLUP100,2025-09-23,,,,,
MGLUQ10,2025-09-23,,,,,
MGLUC115,2025-09-23,,,,,
LEVEV287,2025-09-23,,,,,
BRAVL337,2025-09-23,,,,,
SUZBD645,2025-09-23,,,,,
ITUBL284,2025-09-23,,,,,
LEVEJ317,2025-09-23,,,,,
B3SAD142,2025-09-23,,,,,
BBDCC135,2025-09-23,,,,,
BRAPL226,2025-09-23,,,,,
CMIGX136,2025-09-23,,,,,
CMIGV874,2025-09-23,,,,,
PETRM361,2025-09-23,,,,,
CMIGW932,2025-09-23,,,,,
CMIGV99,2025-09-23,,,,,
PETRM283,2025-09-23,,,,,
CMIGX149,2025-09-23,,,,,
PETRA351,2025-09-23,,,,,
CMIGJ143,2025-09-23,,,,,
PETRA403,2025-09-23,,,,,
PETRA366,2025-09-23,,,,,
PETRA373,2025-09-23,,,,,
PETRA296,2025-09-23,,,,,
CMIGA117,2025-09-23,,,,,
CMIGA120,2025-09-23,,,,,
CMIGA904,2025-09-23,,,,,
CMIGJ774,2025-09-23,,,,,
CMIGL134,2025-09-23,,,,,
PETRA383,2025-09-23,,,,,
CMIGJ824,2025-09-23,,,,,
CMIGJ904,2025-09-23,,,,,
PETRM381,2025-09-23,,,,,
CMIGV138,2025-09-23,,,,,
PETRM348,2025-09-23,,,,,
PETRA393,2025-09-23,,,,,
CMIGL136,2025-09-23,,,,,
CMIGA112,2025-09-23,,,,,
PETRA428,2025-09-23,,,,,
PETRA266,2025-09-23,,,,,
CMIGV198,2025-09-23,,,,,
CMIGV160,2025-09-23,,,,,
PETRM363,2025-09-23,,,,,
CMIGW962,2025-09-23,,,,,
CMIGV180,2025-09-23,,,,,
CMIGM99,2025-09-23,,,,,
CMIGW211,2025-09-23,,,,,
CMIGX11,2025-09-23,,,,,
CMIGV904,2025-09-23,,,,,
PETRM266,2025-09-23,,,,,
PETRM346,2025-09-23,,,,,
PETRA308,2025-09-23,,,,,
PETRA396,2025-09-23,,,,,
PETRA316,2025-09-23,,,,,
CMIGJ102,2025-09-23,,,,,
CMIGK662,2025-09-23,,,,,
CMIGA125,2025-09-23,,,,,
PETRA408,2025-09-23,,,,,
CMIGL156,2025-09-23,,,,,
PETRA371,2025-09-23,,,,,
PETRA318,2025-09-23,,,,,
PETRA348,2025-09-23,,,,,
CMIGK106,2025-09-23,,,,,
CMIGK114,2025-09-23,,,,,
CMIGJ974,2025-09-23,,,,,
PETRM276,2025-09-23,,,,,
PETRM303,2025-09-23,,,,,
CMIGW101,2025-09-23,,,,,
PETRM306,2025-09-23,,,,,
PETRM386,2025-09-23,,,,,
CMIGA130,2025-09-23,,,,,
PETRA388,2025-09-23,,,,,
PETRA391,2025-09-23,,,,,
PETRM396,2025-09-23,,,,,
PETRM376,2025-09-23,,,,,
PETRM281,2025-09-23,,,,,
CMIGW862,2025-09-23,,,,,
CMIGW164,2025-09-23,,,,,
PETRM286,2025-09-23,,,,,
CMIGV105,2025-09-23,,,,,
CMIGV149,2025-09-23,,,,,
PETRM263,2025-09-23,,,,,
PETRA358,2025-09-23,,,,,
CMIGL118,2025-09-23,,,,,
PETRA381,2025-09-23,,,,,
PETRA303,2025-09-23,,,,,
CMIGD110,2025-09-23,,,,,
CMIGS127,2025-09-23,,,,,
CMIGR152,2025-09-23,,,,,
CMIGC449,2025-09-23,,,,,
CMIGF122,2025-09-23,,,,,
CMIGR110,2025-09-23,,,,,
CMIGP115,2025-09-23,,,,,
CMIGG142,2025-09-23,,,,,
CMIGF10,2025-09-23,,,,,
CMIGG127,2025-09-23,,,,,
CMIGB110,2025-09-23,,,,,
CMIGG144,2025-09-23,,,,,
CMIGG11,2025-09-23,,,,,
CMIGG122,2025-09-23,,,,,
CMIGG111,2025-09-23,,,,,
CMIGO102,2025-09-23,,,,,
CMIGS824,2025-09-23,,,,,
CMIGS107,2025-09-23,,,,,
CMIGB120,2025-09-23,,,,,
CMIGP110,2025-09-23,,,,,
CMIGN112,2025-09-23,,,,,
CMIGO107,2025-09-23,,,,,
CMIGR105,2025-09-23,,,,,
CMIGS122,2025-09-23,,,,,
CMIGS95,2025-09-23,,,,,
IBOVJ161,2025-09-23,,,,,
CMIGS11,2025-09-23,,,,,
SUZBX572,2025-09-23,,,,,
CSMGV345,2025-09-23,,,,,
CMIGH824,2025-09-23,,,,,
BRAVD188,2025-09-23,,,,,
BOVAD14,2025-09-23,,,,,
BBASA286,2025-09-23,,,,,
SUZBL572,2025-09-23,,,,,
SBSPJ101,2025-09-23,,,,,
CSMGJ260,2025-09-23,,,,,
CSMGF305,2025-09-23,,,,,
CSMGX335,2025-09-23,,,,,
CSMGM300,2025-09-23,,,,,
CSMGK235,2025-09-23,,,,,
CSMGK320,2025-09-23,,,,,
CSMGJ285,2025-09-23,,,,,
CSMGC230,2025-09-23,,,,,
CSMGJ280,2025-09-23,,,,,
CSMGA240,2025-09-23,,,,,
CSMGV305,2025-09-23,,,,,
VALEX282,2025-09-23,,,,,
CSMGS265,2025-09-23,,,,,
CSMGV350,2025-09-23,,,,,
CSMGP310,2025-09-23,,,,,
CSMGS300,2025-09-23,,,,,
CSMGV295,2025-09-23,,,,,
CSMGW270,2025-09-23,,,,,
CSMGN330,2025-09-23,,,,,
CSMGV320,2025-09-23,,,,,
VALEJ485,2025-09-23,,,,,
CSMGK275,2025-09-23,,,,,
CSMGK290,2025-09-23,,,,,
CSMGH24,2025-09-23,,,,,
CSMGL225,2025-09-23,,,,,
CSMGL325,2025-09-23,,,,,
VIVTC750,2025-09-23,,,,,
CSMGW325,2025-09-23,,,,,
CSMGV260,2025-09-23,,,,,
CSMGV280,2025-09-23,,,,,
CSMGV300,2025-09-23,,,,,
CSMGQ200,2025-09-23,,,,,
BPACS357,2025-09-23,,,,,
GMATL765,2025-09-23,,,,,
GMATL775,2025-09-23,,,,,
VIVTC700,2025-09-23,,,,,
CSMGE284,2025-09-23,,,,,
CSMGL280,2025-09-23,,,,,
ITUBE407,2025-09-23,,,,,
PRIOJ330,2025-09-23,,,,,
ELETB432,2025-09-23,,,,,
POSIJ425,2025-09-23,,,,,
MYPKV981,2025-09-23,,,,,
MSFTV123,2025-09-23,,,,,
ELETX495,2025-09-23,,,,,
BBASP280,2025-09-23,,,,,
BBASD280,2025-09-23,,,,,
ITUBK315,2025-09-23,,,,,
PRIOB280,2025-09-23,,,,,
PRION240,2025-09-23,,,,,
KEPLV660,2025-09-23,,,,,
BRKMX150,2025-09-23,,,,,
RENTC650,2025-09-23,,,,,
BOVAD8,2025-09-23,,,,,
BRKML220,2025-09-23,,,,,
BRKML120,2025-09-23,,,,,
BRKMX130,2025-09-23,,,,,
BRKML800,2025-09-23,,,,,
ELETH437,2025-09-23,,,,,
BPACK352,2025-09-23,,,,,
PRIOV325,2025-09-23,,,,,
ELETV438,2025-09-23,,,,,
HAPVN350,2025-09-23,,,,,
HAPVB600,2025-09-23,,,,,
HAPVK600,2025-09-23,,,,,
HYPEN192,2025-09-23,,,,,
HYPEN162,2025-09-23,,,,,
ONCOP650,2025-09-23,,,,,
WEGEL433,2025-09-23,,,,,
PRIOK329,2025-09-23,,,,,
VALED699,2025-09-23,,,,,
EQTLL377,2025-09-23,,,,,
ONCOD650,2025-09-23,,,,,
WEGEV415,2025-09-23,,,,,
BOVAK415,2025-09-23,,,,,
EQTLX372,2025-09-23,,,,,
IRBRX490,2025-09-23,,,,,
EQTLX367,2025-09-23,,,,,
BBDCX175,2025-09-23,,,,,
WEGEW450,2025-09-23,,,,,
WEGEW400,2025-09-23,,,,,
BOVAO160,2025-09-23,,,,,
VALEQ637,2025-09-23,,,,,
BPACV367,2025-09-23,,,,,
PETRV184,2025-09-23,,,,,
WEGEK500,2025-09-23,,,,,
BOVAC160,2025-09-23,,,,,
VALEE637,2025-09-23,,,,,
IBOVX132,2025-09-23,,,,,
AZULL400,2025-09-23,,,,,
AZULM400,2025-09-23,,,,,
AZULJ400,2025-09-23,,,,,
AZULK400,2025-09-23,,,,,
PRIOQ43,2025-09-23,,,,,
ANIMV320,2025-09-23,,,,,
PETRO350,2025-09-23,,,,,
PETRE372,2025-09-23,,,,,
PRIOE43,2025-09-23,,,,,
BEEFL700,2025-09-23,,,,,
ANIMJ320,2025-09-23,,,,,
ITUBJ324,2025-09-23,,,,,
VALEB348,2025-09-23,,,,,
PETRC300,2025-09-23,,,,,
ITSAN804,2025-09-23,,,,,
ITSAN100,2025-09-23,,,,,
PETRC250,2025-09-23,,,,,
ITSAB804,2025-09-23,,,,,
MDIAK269,2025-09-23,,,,,
TAEEL34,2025-09-23,,,,,
ITSAB100,2025-09-23,,,,,
USIMD700,2025-09-23,,,,,
USIMD400,2025-09-23,,,,,
ITSAB120,2025-09-23,,,,,
PETRO200,2025-09-23,,,,,
VALEN548,2025-09-23,,,,,
SIMHW600,2025-09-23,,,,,
TAEEX34,2025-09-23,,,,,
VBBRK234,2025-09-23,,,,,
BOVAE17,2025-09-23,,,,,
ITUBL330,2025-09-23,,,,,
ASAIX240,2025-09-23,,,,,
AGROV190,2025-09-23,,,,,
BRAVX33,2025-09-23,,,,,
PETRP261,2025-09-23,,,,,
PETRP394,2025-09-23,,,,,
BBDCV138,2025-09-23,,,,,
ABEVM163,2025-09-23,,,,,
BOVAP149,2025-09-23,,,,,
PETRD309,2025-09-23,,,,,
B3SAL161,2025-09-23,,,,,
RDORJ381,2025-09-23,,,,,
GOLDX198,2025-09-23,,,,,
B3SAX151,2025-09-23,,,,,
IBOVD180,2025-09-23,,,,,
MILSJ105,2025-09-23,,,,,
MILSC155,2025-09-23,,,,,
MILSJ115,2025-09-23,,,,,
MILSV125,2025-09-23,,,,,
MILSL123,2025-09-23,,,,,
MILSJ135,2025-09-23,,,,,
MILSN120,2025-09-23,,,,,
MILSV115,2025-09-23,,,,,
MILSO115,2025-09-23,,,,,
MILSD140,2025-09-23,,,,,
MILSV120,2025-09-23,,,,,
ASAIW105,2025-09-23,,,,,
ONCOP720,2025-09-23,,,,,
ONCOD720,2025-09-23,,,,,
SMALL117,2025-09-23,,,,,
CSNAX140,2025-09-23,,,,,
CSANX140,2025-09-23,,,,,
WEGEX553,2025-09-23,,,,,
CYREE15,2025-09-23,,,,,
JHSFG296,2025-09-23,,,,,
CYREQ15,2025-09-23,,,,,
JHSFS296,2025-09-23,,,,,
JHSFG396,2025-09-23,,,,,
JHSFG504,2025-09-23,,,,,
CYREL249,2025-09-23,,,,,
ELETL436,2025-09-23,,,,,
SBSPK955,2025-09-23,,,,,
SUZBJ492,2025-09-23,,,,,
TAEEH352,2025-09-23,,,,,
ABEVL161,2025-09-23,,,,,
B3SAL124,2025-09-23,,,,,
ITUBL40,2025-09-23,,,,,
EMBRL65,2025-09-23,,,,,
ITUBL403,2025-09-23,,,,,
EMBRL63,2025-09-23,,,,,
ITUBL375,2025-09-23,,,,,
ITUBL42,2025-09-23,,,,,
ITUBX42,2025-09-23,,,,,
IBOVC149,2025-09-23,,,,,
IBOVO149,2025-09-23,,,,,
IBOVO125,2025-09-23,,,,,
EMBRX65,2025-09-23,,,,,
IRBRX470,2025-09-23,,,,,
EMBRX640,2025-09-23,,,,,
ITUBL39,2025-09-23,,,,,
ITUBX385,2025-09-23,,,,,
ITUBL415,2025-09-23,,,,,
EMBRL655,2025-09-23,,,,,
ITUBL410,2025-09-23,,,,,
ELETD452,2025-09-23,,,,,
BOVAW113,2025-09-23,,,,,
SANBX262,2025-09-23,,,,,
RDORX350,2025-09-23,,,,,
ITUBJ294,2025-09-23,,,,,
BBASD264,2025-09-23,,,,,
SLCEA197,2025-09-23,,,,,
SANBL262,2025-09-23,,,,,
VBBRB199,2025-09-23,,,,,
ABEVJ161,2025-09-23,,,,,
CSMGJ232,2025-09-23,,,,,
BBASA276,2025-09-23,,,,,
WEGEL518,2025-09-23,,,,,
IBOVE195,2025-09-23,,,,,
IBOVK153,2025-09-23,,,,,
PETRJ300,2025-09-23,,,,,
ABEVL151,2025-09-23,,,,,
ITUBL334,2025-09-23,,,,,
BRAVE24,2025-09-23,,,,,
PETRP301,2025-09-23,,,,,
ITUBX304,2025-09-23,,,,,
BOVAX129,2025-09-23,,,,,
BOVAX109,2025-09-23,,,,,
PETRL901,2025-09-23,,,,,
MULTI260,2025-09-23,,,,,
ASAIL779,2025-09-23,,,,,
BBASL193,2025-09-23,,,,,
IBOVK150,2025-09-23,,,,,
IBOVK152,2025-09-23,,,,,
BOVAI10,2025-09-23,,,,,
BOVAX121,2025-09-23,,,,,
BOVAU125,2025-09-23,,,,,
IBOVK125,2025-09-23,,,,,
IBOVW144,2025-09-23,,,,,
BOVAX125,2025-09-23,,,,,
BOVAU128,2025-09-23,,,,,
BOVAV142,2025-09-23,,,,,
BOVAW135,2025-09-23,,,,,
BOVAW140,2025-09-23,,,,,
BOVAX115,2025-09-23,,,,,
B3SAP128,2025-09-23,,,,,
BOVAL127,2025-09-23,,,,,
BOVAL139,2025-09-23,,,,,
BOVAI135,2025-09-23,,,,,
IBOVW152,2025-09-23,,,,,
IBOVK136,2025-09-23,,,,,
BOVAU135,2025-09-23,,,,,
PETRX249,2025-09-23,,,,,
BOVAU145,2025-09-23,,,,,
BOVAV6,2025-09-23,,,,,
BOVAU144,2025-09-23,,,,,
BOVAW130,2025-09-23,,,,,
IBOVK132,2025-09-23,,,,,
IBOVW114,2025-09-23,,,,,
IBOVW147,2025-09-23,,,,,
IBOVW110,2025-09-23,,,,,
B3SAD128,2025-09-23,,,,,
PETRL32,2025-09-23,,,,,
BOVAK150,2025-09-23,,,,,
BOVAK115,2025-09-23,,,,,
BOVAK140,2025-09-23,,,,,
PETRL249,2025-09-23,,,,,
BOVAL145,2025-09-23,,,,,
BOVAL142,2025-09-23,,,,,
BOVAK110,2025-09-23,,,,,
BOVAI129,2025-09-23,,,,,
BOVAU150,2025-09-23,,,,,
IBOVK110,2025-09-23,,,,,
IBOVK149,2025-09-23,,,,,
IBOVK139,2025-09-23,,,,,
IBOVK148,2025-09-23,,,,,
IBOVW134,2025-09-23,,,,,
IBOVW119,2025-09-23,,,,,
IBOVW133,2025-09-23,,,,,
IBOVW127,2025-09-23,,,,,
IBOVW146,2025-09-23,,,,,
BOVAV128,2025-09-23,,,,,
BOVAW1,2025-09-23,,,,,
BOVAW115,2025-09-23,,,,,
BOVAW111,2025-09-23,,,,,
BPACX402,2025-09-23,,,,,
IBOVK138,2025-09-23,,,,,
IBOVK131,2025-09-23,,,,,
BEEFN701,2025-09-23,,,,,
AZZAQ400,2025-09-23,,,,,
EMBRQ790,2025-09-23,,,,,
RENTV486,2025-09-23,,,,,
EMBRQ670,2025-09-23,,,,,
EMBRQ65,2025-09-23,,,,,
RENTV493,2025-09-23,,,,,
EMBRQ660,2025-09-23,,,,,
ENEVV142,2025-09-23,,,,,
RENTV468,2025-09-23,,,,,
EMBRP690,2025-09-23,,,,,
RENTV418,2025-09-23,,,,,
RENTV448,2025-09-23,,,,,
ENEVV165,2025-09-23,,,,,
RENTV483,2025-09-23,,,,,
RENTV453,2025-09-23,,,,,
EMBRQ59,2025-09-23,,,,,
ENEVV200,2025-09-23,,,,,
ENEVJ135,2025-09-23,,,,,
ENEVJ115,2025-09-23,,,,,
EMBRD680,2025-09-23,,,,,
RENTJ468,2025-09-23,,,,,
EMBRE770,2025-09-23,,,,,
ENEVJ130,2025-09-23,,,,,
AZZAE400,2025-09-23,,,,,
ENEVJ145,2025-09-23,,,,,
EMBRE760,2025-09-23,,,,,
GGBRE190,2025-09-23,,,,,
ENEVJ122,2025-09-23,,,,,
AZULE30,2025-09-23,,,,,
ENEVJ177,2025-09-23,,,,,
RENTJ486,2025-09-23,,,,,
ENEVJ157,2025-09-23,,,,,
EMBRE680,2025-09-23,,,,,
RENTJ496,2025-09-23,,,,,
GGBRE210,2025-09-23,,,,,
PRIOE45,2025-09-23,,,,,
EMBRD730,2025-09-23,,,,,
RENTJ491,2025-09-23,,,,,
PETRL962,2025-09-23,,,,,
ENEVV172,2025-09-23,,,,,
ENEVV162,2025-09-23,,,,,
AZZAQ35,2025-09-23,,,,,
AZZAQ450,2025-09-23,,,,,
RENTV481,2025-09-23,,,,,
EMBRP680,2025-09-23,,,,,
RENTV501,2025-09-23,,,,,
RENTV443,2025-09-23,,,,,
RENTV441,2025-09-23,,,,,
GGBRQ190,2025-09-23,,,,,
RENTV476,2025-09-23,,,,,
RENTJ331,2025-09-23,,,,,
RENTJ346,2025-09-23,,,,,
RENTJ348,2025-09-23,,,,,
RENTJ311,2025-09-23,,,,,
RENTJ341,2025-09-23,,,,,
RENTV313,2025-09-23,,,,,
RENTV318,2025-09-23,,,,,
PETRO126,2025-09-23,,,,,
RENTV346,2025-09-23,,,,,
RENTV321,2025-09-23,,,,,
RENTV311,2025-09-23,,,,,
RENTV348,2025-09-23,,,,,
RENTV316,2025-09-23,,,,,
RENTV298,2025-09-23,,,,,
RENTJ306,2025-09-23,,,,,
RENTJ383,2025-09-23,,,,,
RENTJ303,2025-09-23,,,,,
RENTJ338,2025-09-23,,,,,
RENTJ351,2025-09-23,,,,,
RENTJ318,2025-09-23,,,,,
RENTJ301,2025-09-23,,,,,
PETRJ280,2025-09-23,,,,,
RENTJ366,2025-09-23,,,,,
RENTJ361,2025-09-23,,,,,
RENTJ313,2025-09-23,,,,,
ABEVK158,2025-09-23,,,,,
PETRB146,2025-09-23,,,,,
ITUBJ292,2025-09-23,,,,,
BBDCE19,2025-09-23,,,,,
BPACL480,2025-09-23,,,,,
SLCEL232,2025-09-23,,,,,
BBASL353,2025-09-23,,,,,
CPFEL334,2025-09-23,,,,,
RENTV323,2025-09-23,,,,,
IBOVU24,2025-09-23,,,,,
MELIL113,2025-09-23,,,,,
MELIL153,2025-09-23,,,,,
MELIX113,2025-09-23,,,,,
BBDCW12,2025-09-23,,,,,
BBDCX134,2025-09-23,,,,,
BBDCK12,2025-09-23,,,,,
ITUBL378,2025-09-23,,,,,
ITUBK312,2025-09-23,,,,,
BBDCL141,2025-09-23,,,,,
PETRK257,2025-09-23,,,,,
EQTLV300,2025-09-23,,,,,
EQTLJ333,2025-09-23,,,,,
EQTLV310,2025-09-23,,,,,
EQTLV383,2025-09-23,,,,,
EQTLJ345,2025-09-23,,,,,
EQTLV315,2025-09-23,,,,,
EQTLV298,2025-09-23,,,,,
EQTLV295,2025-09-23,,,,,
EQTLJ350,2025-09-23,,,,,
BEEFL100,2025-09-23,,,,,
EQTLJ295,2025-09-23,,,,,
EQTLV323,2025-09-23,,,,,
EQTLV328,2025-09-23,,,,,
EQTLJ310,2025-09-23,,,,,
CPLEL106,2025-09-23,,,,,
CPLEL149,2025-09-23,,,,,
EQTLV32,2025-09-23,,,,,
EQTLV380,2025-09-23,,,,,
CPLEX119,2025-09-23,,,,,
B3SAL119,2025-09-23,,,,,
ITUBK297,2025-09-23,,,,,
RENTI480,2025-09-23,,,,,
MELIL104,2025-09-23,,,,,
BEEFX90,2025-09-23,,,,,
BEEFL90,2025-09-23,,,,,
BEEFX80,2025-09-23,,,,,
CPLEL121,2025-09-23,,,,,
WIZCD140,2025-09-23,,,,,
IBOVL146,2025-09-23,,,,,
IBOVL129,2025-09-23,,,,,
IBOVJ35,2025-09-23,,,,,
IBOVL136,2025-09-23,,,,,
IBOVX131,2025-09-23,,,,,
IBOVL141,2025-09-23,,,,,
IBOVL131,2025-09-23,,,,,
IBOVV18,2025-09-23,,,,,
SMALW910,2025-09-23,,,,,
PETZD900,2025-09-23,,,,,
BBAST27,2025-09-23,,,,,
ITUBN371,2025-09-23,,,,,
VALEN573,2025-09-23,,,,,
ITUBV248,2025-09-23,,,,,
VALEW766,2025-09-23,,,,,
SIMHV643,2025-09-23,,,,,
ELETK403,2025-09-23,,,,,
BBDCE17,2025-09-23,,,,,
SIMHJ703,2025-09-23,,,,,
SIMHJ663,2025-09-23,,,,,
SIMHJ653,2025-09-23,,,,,
BBDCX156,2025-09-23,,,,,
SUZBJ590,2025-09-23,,,,,
FLRYL146,2025-09-23,,,,,
BMOBK175,2025-09-23,,,,,
PETRK344,2025-09-23,,,,,
ITUBK323,2025-09-23,,,,,
XPBRK125,2025-09-23,,,,,
ITUBJ296,2025-09-23,,,,,
WEGEE480,2025-09-23,,,,,
IBOVE178,2025-09-23,,,,,
IBOVQ118,2025-09-23,,,,,
WEGEF511,2025-09-23,,,,,
WEGEF551,2025-09-23,,,,,
WEGEQ470,2025-09-23,,,,,
WEGEE450,2025-09-23,,,,,
WEGEF521,2025-09-23,,,,,
WEGER448,2025-09-23,,,,,
WEGEQ460,2025-09-23,,,,,
WEGEF448,2025-09-23,,,,,
WEGEE460,2025-09-23,,,,,
WEGEQ480,2025-09-23,,,,,
ITUBK269,2025-09-23,,,,,
PETRL259,2025-09-23,,,,,
PETRL449,2025-09-23,,,,,
KEPLK770,2025-09-23,,,,,
SMFTL284,2025-09-23,,,,,
SMFTX199,2025-09-23,,,,,
AGROK212,2025-09-23,,,,,
MELIB166,2025-09-23,,,,,
CASHL425,2025-09-23,,,,,
GOLDL213,2025-09-23,,,,,
PETRL302,2025-09-23,,,,,
PETRK529,2025-09-23,,,,,
BBDCL162,2025-09-23,,,,,
GOAUK887,2025-09-23,,,,,
ITUBA373,2025-09-23,,,,,
ITUBK352,2025-09-23,,,,,
IBOVW16,2025-09-23,,,,,
ITUBQ385,2025-09-23,,,,,
ITUBX341,2025-09-23,,,,,
ITUBE385,2025-09-23,,,,,
IBOVW18,2025-09-23,,,,,
BBDCE185,2025-09-23,,,,,
BBDCE159,2025-09-23,,,,,
BOVAB150,2025-09-23,,,,,
IRBRC540,2025-09-23,,,,,
KLBNE275,2025-09-23,,,,,
BOVAA129,2025-09-23,,,,,
BPACX405,2025-09-23,,,,,
ITUBX383,2025-09-23,,,,,
SMALV900,2025-09-23,,,,,
CYREV236,2025-09-23,,,,,
KLBNQ160,2025-09-23,,,,,
BOVAP130,2025-09-23,,,,,
BBASW940,2025-09-23,,,,,
IBOVF16,2025-09-23,,,,,
BOVAA133,2025-09-23,,,,,
BOVAC140,2025-09-23,,,,,
BOVAM134,2025-09-23,,,,,
BOVAM139,2025-09-23,,,,,
BBASV941,2025-09-23,,,,,
BOVAM136,2025-09-23,,,,,
BOVAO115,2025-09-23,,,,,
KLBNQ265,2025-09-23,,,,,
BOVAM133,2025-09-23,,,,,
KLBNE170,2025-09-23,,,,,
BOVAA127,2025-09-23,,,,,
BOVAC115,2025-09-23,,,,,
BOVAA128,2025-09-23,,,,,
BOVAD115,2025-09-23,,,,,
BOVAA139,2025-09-23,,,,,
BOVAA138,2025-09-23,,,,,
BOVAA131,2025-09-23,,,,,
BOVAM129,2025-09-23,,,,,
BOVAP115,2025-09-23,,,,,
BOVAA137,2025-09-23,,,,,
LRENL230,2025-09-23,,,,,
ABEVL132,2025-09-23,,,,,
PSSAL320,2025-09-23,,,,,
IBOVI43,2025-09-23,,,,,
ITUBC37,2025-09-23,,,,,
PRIOJ345,2025-09-23,,,,,
PRIOC397,2025-09-23,,,,,
EQTLJ34,2025-09-23,,,,,
PRIOG416,2025-09-23,,,,,
ROXOJ122,2025-09-23,,,,,
SBSPK102,2025-09-23,,,,,
EQTLF30,2025-09-23,,,,,
VIVAL248,2025-09-23,,,,,
HYPEE210,2025-09-23,,,,,
PRIOA387,2025-09-23,,,,,
BPACD370,2025-09-23,,,,,
SBSPE966,2025-09-23,,,,,
SUZBA565,2025-09-23,,,,,
BEEFN416,2025-09-23,,,,,
PRIOW489,2025-09-23,,,,,
B3SAP120,2025-09-23,,,,,
PETRW197,2025-09-23,,,,,
BOVAK197,2025-09-23,,,,,
PETRX197,2025-09-23,,,,,
PETRX187,2025-09-23,,,,,
MOTVN120,2025-09-23,,,,,
MELIN101,2025-09-23,,,,,
ASAIQ110,2025-09-23,,,,,
BOVAK134,2025-09-23,,,,,
GOAUW837,2025-09-23,,,,,
ITUBW172,2025-09-23,,,,,
POMOX850,2025-09-23,,,,,
PRIOM422,2025-09-23,,,,,
ALOSW211,2025-09-23,,,,,
BOVAW700,2025-09-23,,,,,
BOVAQ135,2025-09-23,,,,,
BOVAQ133,2025-09-23,,,,,
ALOSK211,2025-09-23,,,,,
BOVAK700,2025-09-23,,,,,
ELETJ373,2025-09-23,,,,,
BBSEJ327,2025-09-23,,,,,
BOVAE132,2025-09-23,,,,,
IBOVD170,2025-09-23,,,,,
BOVAQ136,2025-09-23,,,,,
BBDCR670,2025-09-23,,,,,
BPACX392,2025-09-23,,,,,
VALEX629,2025-09-23,,,,,
EVENL800,2025-09-23,,,,,
RENTE650,2025-09-23,,,,,
RENTE700,2025-09-23,,,,,
VAMOE120,2025-09-23,,,,,
BEEFW511,2025-09-23,,,,,
BEEFQ510,2025-09-23,,,,,
CSNAO908,2025-09-23,,,,,
CSNAO958,2025-09-23,,,,,
CSNAQ850,2025-09-23,,,,,
CSNAL950,2025-09-23,,,,,
CSNAC104,2025-09-23,,,,,
AZZAK49,2025-09-23,,,,,
BEEFK505,2025-09-23,,,,,
CSNAL100,2025-09-23,,,,,
CSNAX120,2025-09-23,,,,,
AZZAQ490,2025-09-23,,,,,
CSNAX900,2025-09-23,,,,,
AZZAW489,2025-09-23,,,,,
CSNAX850,2025-09-23,,,,,
BBDCX188,2025-09-23,,,,,
SMALX950,2025-09-23,,,,,
EQTLW340,2025-09-23,,,,,
KLBNW212,2025-09-23,,,,,
CSANQ100,2025-09-23,,,,,
MELIN960,2025-09-23,,,,,
CSANO115,2025-09-23,,,,,
MELIN120,2025-09-23,,,,,
CSANX125,2025-09-23,,,,,
CSANL125,2025-09-23,,,,,
ITUBD440,2025-09-23,,,,,
CSANC850,2025-09-23,,,,,
IBOVF175,2025-09-23,,,,,
MELIL149,2025-09-23,,,,,
CSANQ120,2025-09-23,,,,,
CSANQ850,2025-09-23,,,,,
MELIB154,2025-09-23,,,,,
CSANE110,2025-09-23,,,,,
ELETJ471,2025-09-23,,,,,
ORVRJ530,2025-09-23,,,,,
PETRF430,2025-09-23,,,,,
ABEVA124,2025-09-23,,,,,
CSANX900,2025-09-23,,,,,
GGBRW18,2025-09-23,,,,,
RAILM185,2025-09-23,,,,,
BBASR270,2025-09-23,,,,,
FLRYK142,2025-09-23,,,,,
RAILQ190,2025-09-23,,,,,
BEEFW955,2025-09-23,,,,,
BBASO269,2025-09-23,,,,,
PRIOE510,2025-09-23,,,,,
PETRX299,2025-09-23,,,,,
PETRL279,2025-09-23,,,,,
PETRL31,2025-09-23,,,,,
PETRL339,2025-09-23,,,,,
ITUBD34,2025-09-23,,,,,
BPACG312,2025-09-23,,,,,
B3SAR13,2025-09-23,,,,,
B3SAR139,2025-09-23,,,,,
MGLUG11,2025-09-23,,,,,
BRAVL220,2025-09-23,,,,,
IRBRR599,2025-09-23,,,,,
MGLUR13,2025-09-23,,,,,
IRBRF700,2025-09-23,,,,,
LRENF210,2025-09-23,,,,,
CVCBF449,2025-09-23,,,,,
MGLUG286,2025-09-23,,,,,
BRAVL230,2025-09-23,,,,,
MGLUF13,2025-09-23,,,,,
B3SAF159,2025-09-23,,,,,
RAIZF20,2025-09-23,,,,,
CSNAF10,2025-09-23,,,,,
IRBRF499,2025-09-23,,,,,
BRAVX220,2025-09-23,,,,,
LRENR190,2025-09-23,,,,,
LRENR250,2025-09-23,,,,,
MGLUR355,2025-09-23,,,,,
MGLUS12,2025-09-23,,,,,
MGLUG156,2025-09-23,,,,,
PRIOV445,2025-09-23,,,,,
HAPVW280,2025-09-23,,,,,
LJQQV299,2025-09-23,,,,,
PRIOX409,2025-09-23,,,,,
IBOVM141,2025-09-23,,,,,
IBOVA142,2025-09-23,,,,,
IBOVB148,2025-09-23,,,,,
IBOVB143,2025-09-23,,,,,
IBOVC146,2025-09-23,,,,,
IBOVB146,2025-09-23,,,,,
IBOVA134,2025-09-23,,,,,
IBOVO133,2025-09-23,,,,,
IBOVM127,2025-09-23,,,,,
IBOVM129,2025-09-23,,,,,
IBOVM132,2025-09-23,,,,,
IBOVN131,2025-09-23,,,,,
TOTSX396,2025-09-23,,,,,
IBOVA148,2025-09-23,,,,,
IBOVA146,2025-09-23,,,,,
IBOVC143,2025-09-23,,,,,
IBOVB147,2025-09-23,,,,,
IBOVA144,2025-09-23,,,,,
IBOVO148,2025-09-23,,,,,
IBOVM128,2025-09-23,,,,,
IBOVM139,2025-09-23,,,,,
IBOVN146,2025-09-23,,,,,
IBOVM144,2025-09-23,,,,,
TOTSL406,2025-09-23,,,,,
IBOVL173,2025-09-23,,,,,
IBOVB149,2025-09-23,,,,,
IBOVB145,2025-09-23,,,,,
PRIOK454,2025-09-23,,,,,
B3SAL149,2025-09-23,,,,,
TIMSJ220,2025-09-23,,,,,
VALEJ538,2025-09-23,,,,,
IBOVO138,2025-09-23,,,,,
IBOVM135,2025-09-23,,,,,
IBOVB134,2025-09-23,,,,,
IBOVB144,2025-09-23,,,,,
ITUBV201,2025-09-23,,,,,
ITUBV196,2025-09-23,,,,,
HYPEE395,2025-09-23,,,,,
VALEJ563,2025-09-23,,,,,
ITUBJ206,2025-09-23,,,,,
BHIAF40,2025-09-23,,,,,
PETRJ31,2025-09-23,,,,,
BHIAF60,2025-09-23,,,,,
WEGEJ440,2025-09-23,,,,,
BBASJ216,2025-09-23,,,,,
WEGEJ435,2025-09-23,,,,,
HYPEQ385,2025-09-23,,,,,
BRKMR15,2025-09-23,,,,,
VALEV563,2025-09-23,,,,,
BBDCJ179,2025-09-23,,,,,
VALEM495,2025-09-23,,,,,
ITUBV206,2025-09-23,,,,,
BBASV216,2025-09-23,,,,,
VALEV543,2025-09-23,,,,,
BBASV22,2025-09-23,,,,,
PETRV29,2025-09-23,,,,,
PETRV312,2025-09-23,,,,,
BHIAR40,2025-09-23,,,,,
PETRV305,2025-09-23,,,,,
BBASV23,2025-09-23,,,,,
BBASV225,2025-09-23,,,,,
VALEJ568,2025-09-23,,,,,
PETRJ1,2025-09-23,,,,,
BRKMF11,2025-09-23,,,,,
BBSEL359,2025-09-23,,,,,
ITUBA331,2025-09-23,,,,,
BRAVB310,2025-09-23,,,,,
PETRV153,2025-09-23,,,,,
SUZBV555,2025-09-23,,,,,
VALET644,2025-09-23,,,,,
VALEX609,2025-09-23,,,,,
HYPEN280,2025-09-23,,,,,
PRIOW431,2025-09-23,,,,,
ITUBM331,2025-09-23,,,,,
SUZBW558,2025-09-23,,,,,
BRAVN290,2025-09-23,,,,,
BRAVH280,2025-09-23,,,,,
BRAVT280,2025-09-23,,,,,
ELETL383,2025-09-23,,,,,
BBASX207,2025-09-23,,,,,
ABEVK147,2025-09-23,,,,,
RDORK382,2025-09-23,,,,,
USIMJ602,2025-09-23,,,,,
BBDCH206,2025-09-23,,,,,
RENTK498,2025-09-23,,,,,
XPBRL124,2025-09-23,,,,,
VALER251,2025-09-23,,,,,
JBSSJ917,2025-09-23,,,,,
JBSSD946,2025-09-23,,,,,
JBSSJ900,2025-09-23,,,,,
JBSSX900,2025-09-23,,,,,
JBSSV997,2025-09-23,,,,,
JBSSP980,2025-09-23,,,,,
JBSSX967,2025-09-23,,,,,
JBSSA900,2025-09-23,,,,,
JBSSJ997,2025-09-23,,,,,
JBSSJ965,2025-09-23,,,,,
JBSSE930,2025-09-23,,,,,
JBSSD960,2025-09-23,,,,,
JBSSF730,2025-09-23,,,,,
JBSSL980,2025-09-23,,,,,
JBSSF710,2025-09-23,,,,,
JBSSL997,2025-09-23,,,,,
JBSSV900,2025-09-23,,,,,
JBSSP960,2025-09-23,,,,,
JBSSV975,2025-09-23,,,,,
JBSSV927,2025-09-23,,,,,
JBSSQ910,2025-09-23,,,,,
JBSSM960,2025-09-23,,,,,
JBSSP700,2025-09-23,,,,,
JBSSV905,2025-09-23,,,,,
JBSSJ960,2025-09-23,,,,,
SUZBJ580,2025-09-23,,,,,
ITUBJ344,2025-09-23,,,,,
BBDCH201,2025-09-23,,,,,
WEGEL483,2025-09-23,,,,,
EQTLF42,2025-09-23,,,,,
POMOJ840,2025-09-23,,,,,
ITUBD247,2025-09-23,,,,,
CPFEJ372,2025-09-23,,,,,
JBSSR720,2025-09-23,,,,,
WEGEX483,2025-09-23,,,,,
EQTLR36,2025-09-23,,,,,
CPFEV337,2025-09-23,,,,,
CPFEJ349,2025-09-23,,,,,
CPFEJ387,2025-09-23,,,,,
CPFEV347,2025-09-23,,,,,
CPFEV379,2025-09-23,,,,,
CPFEV342,2025-09-23,,,,,
CPFEJ379,2025-09-23,,,,,
CPFEJ407,2025-09-23,,,,,
CPFEV322,2025-09-23,,,,,
CPFEV399,2025-09-23,,,,,
CPFEV402,2025-09-23,,,,,
CPFEV354,2025-09-23,,,,,
CPFEJ377,2025-09-23,,,,,
VALEF25,2025-09-23,,,,,
CPFEJ422,2025-09-23,,,,,
CPFEV329,2025-09-23,,,,,
CMIGL771,2025-09-23,,,,,
MELIL139,2025-09-23,,,,,
ITUBX308,2025-09-23,,,,,
BBDCX142,2025-09-23,,,,,
ELETV401,2025-09-23,,,,,
RENTV541,2025-09-23,,,,,
ITUBW316,2025-09-23,,,,,
ITUBX322,2025-09-23,,,,,
ELETJ401,2025-09-23,,,,,
BBDCJ142,2025-09-23,,,,,
RAPTE170,2025-09-23,,,,,
GOAUA907,2025-09-23,,,,,
GOAUA113,2025-09-23,,,,,
ALOSK231,2025-09-23,,,,,
CSANK102,2025-09-23,,,,,
B3SAB143,2025-09-23,,,,,
ITUBK331,2025-09-23,,,,,
RADLK248,2025-09-23,,,,,
XPBRD120,2025-09-23,,,,,
XPBRL103,2025-09-23,,,,,
PRIOJ317,2025-09-23,,,,,
BBSEK299,2025-09-23,,,,,
BBSEL307,2025-09-23,,,,,
BBDCC174,2025-09-23,,,,,
ITUBL363,2025-09-23,,,,,
BBDCH177,2025-09-23,,,,,
ASAIL149,2025-09-23,,,,,
BBDCA189,2025-09-23,,,,,
TSLAF870,2025-09-23,,,,,
PETRJ2,2025-09-23,,,,,
BBASL434,2025-09-23,,,,,
PETRI37,2025-09-23,,,,,
PETRI4,2025-09-23,,,,,
GOAUM99,2025-09-23,,,,,
UGPAW165,2025-09-23,,,,,
TSLAR55,2025-09-23,,,,,
PETRX668,2025-09-23,,,,,
MOVIV800,2025-09-23,,,,,
PETRU37,2025-09-23,,,,,
BBASX434,2025-09-23,,,,,
IBOVD150,2025-09-23,,,,,
PETRU35,2025-09-23,,,,,
PETRI379,2025-09-23,,,,,
TIMSL218,2025-09-23,,,,,
PETRJ388,2025-09-23,,,,,
PETRI369,2025-09-23,,,,,
GOLLL104,2025-09-23,,,,,
PETRI36,2025-09-23,,,,,
PETRV353,2025-09-23,,,,,
PETRU356,2025-09-23,,,,,
IBOVL40,2025-09-23,,,,,
ITUBX226,2025-09-23,,,,,
CSANW110,2025-09-23,,,,,
VALEW696,2025-09-23,,,,,
ITUBQ36,2025-09-23,,,,,
TOTSW399,2025-09-23,,,,,
COGNW358,2025-09-23,,,,,
TOTSK399,2025-09-23,,,,,
PETRR400,2025-09-23,,,,,
BBASP256,2025-09-23,,,,,
PRIOO395,2025-09-23,,,,,
PETRX186,2025-09-23,,,,,
RAPTW115,2025-09-23,,,,,
PRION395,2025-09-23,,,,,
PETRX193,2025-09-23,,,,,
XPBRX149,2025-09-23,,,,,
SLCEX239,2025-09-23,,,,,
EMBRL209,2025-09-23,,,,,
PRIOG40,2025-09-23,,,,,
ELETJ411,2025-09-23,,,,,
ITUBL327,2025-09-23,,,,,
PRIOK469,2025-09-23,,,,,
IVVBG450,2025-09-23,,,,,
IVVBG390,2025-09-23,,,,,
COGNV713,2025-09-23,,,,,
AMZOX100,2025-09-23,,,,,
VALEX824,2025-09-23,,,,,
VALEX819,2025-09-23,,,,,
PETRX498,2025-09-23,,,,,
ELETX459,2025-09-23,,,,,
SBSPV871,2025-09-23,,,,,
LRENW188,2025-09-23,,,,,
ONCOF540,2025-09-23,,,,,
B3SAJ678,2025-09-23,,,,,
LRENK220,2025-09-23,,,,,
LRENK218,2025-09-23,,,,,
LRENW178,2025-09-23,,,,,
LRENW235,2025-09-23,,,,,
ITSAL107,2025-09-23,,,,,
LRENK183,2025-09-23,,,,,
LRENK215,2025-09-23,,,,,
LRENW220,2025-09-23,,,,,
SBFGN159,2025-09-23,,,,,
LRENW183,2025-09-23,,,,,
LRENK225,2025-09-23,,,,,
LRENK155,2025-09-23,,,,,
BBDCN169,2025-09-23,,,,,
PETRK185,2025-09-23,,,,,
BBDCH172,2025-09-23,,,,,
ITUBK291,2025-09-23,,,,,
BBDCB169,2025-09-23,,,,,
XPBRK110,2025-09-23,,,,,
BBDCH211,2025-09-23,,,,,
BBDCL185,2025-09-23,,,,,
VALEJ724,2025-09-23,,,,,
BBDCF189,2025-09-23,,,,,
ITUBL289,2025-09-23,,,,,
BBDCF209,2025-09-23,,,,,
GUARA730,2025-09-23,,,,,
ITUBK301,2025-09-23,,,,,
XPBRK115,2025-09-23,,,,,
GUARX730,2025-09-23,,,,,
VALEM490,2025-09-23,,,,,
IBOVP140,2025-09-23,,,,,
BOVAD158,2025-09-23,,,,,
BRAVN320,2025-09-23,,,,,
BRAVN350,2025-09-23,,,,,
BOVAP158,2025-09-23,,,,,
VALEX349,2025-09-23,,,,,
USIMX909,2025-09-23,,,,,
ISAEW216,2025-09-23,,,,,
BBDCX213,2025-09-23,,,,,
BBDCX263,2025-09-23,,,,,
PETRV440,2025-09-23,,,,,
ITSAX945,2025-09-23,,,,,
CBAVV175,2025-09-23,,,,,
B3SAM580,2025-09-23,,,,,
ECORV105,2025-09-23,,,,,
COGNV493,2025-09-23,,,,,
VALEL120,2025-09-23,,,,,
BBDCL213,2025-09-23,,,,,
BBDCL263,2025-09-23,,,,,
JBSSK297,2025-09-23,,,,,
BPACJ390,2025-09-23,,,,,
UGPAJ278,2025-09-23,,,,,
LWSAL710,2025-09-23,,,,,
PETRJ423,2025-09-23,,,,,
GOAUJ807,2025-09-23,,,,,
GOAUJ707,2025-09-23,,,,,
CSANV103,2025-09-23,,,,,
BRKMJ520,2025-09-23,,,,,
CSANV113,2025-09-23,,,,,
COGNV793,2025-09-23,,,,,
BRKMJ430,2025-09-23,,,,,
KLBNJ239,2025-09-23,,,,,
BHIAJ270,2025-09-23,,,,,
HYPEJ217,2025-09-23,,,,,
CSANV123,2025-09-23,,,,,
COGNV593,2025-09-23,,,,,
KLBNJ149,2025-09-23,,,,,
CSANV133,2025-09-23,,,,,
BBDCV118,2025-09-23,,,,,
GOAUV607,2025-09-23,,,,,
BHIAV170,2025-09-23,,,,,
CASHJ120,2025-09-23,,,,,
LRENJ141,2025-09-23,,,,,
ELETV500,2025-09-23,,,,,
ASAIV699,2025-09-23,,,,,
KLBNV159,2025-09-23,,,,,
CYREJ194,2025-09-23,,,,,
HYPEJ327,2025-09-23,,,,,
BHIAV680,2025-09-23,,,,,
EZTCV192,2025-09-23,,,,,
CASHJ600,2025-09-23,,,,,
CASHV200,2025-09-23,,,,,
CYREV224,2025-09-23,,,,,
BHIAJ700,2025-09-23,,,,,
IRBRV420,2025-09-23,,,,,
EZTCV182,2025-09-23,,,,,
LRENV121,2025-09-23,,,,,
COGNV893,2025-09-23,,,,,
HYPEJ307,2025-09-23,,,,,
HYPEJ277,2025-09-23,,,,,
CASHV800,2025-09-23,,,,,
HYPEV317,2025-09-23,,,,,
BBDCV208,2025-09-23,,,,,
ALPAJ811,2025-09-23,,,,,
ELETV450,2025-09-23,,,,,
ELETV366,2025-09-23,,,,,
HYPEV287,2025-09-23,,,,,
BRAPV215,2025-09-23,,,,,
ECORV660,2025-09-23,,,,,
CASHJ400,2025-09-23,,,,,
CVCBV230,2025-09-23,,,,,
ABEVJ112,2025-09-23,,,,,
MGLUV629,2025-09-23,,,,,
IRBRJ410,2025-09-23,,,,,
BRAPV115,2025-09-23,,,,,
GOAUV707,2025-09-23,,,,,
CYREJ214,2025-09-23,,,,,
BHIAV980,2025-09-23,,,,,
CASHJ500,2025-09-23,,,,,
CYREJ244,2025-09-23,,,,,
HYPEV267,2025-09-23,,,,,
ELETV426,2025-09-23,,,,,
KLBNV209,2025-09-23,,,,,
ALPAJ911,2025-09-23,,,,,
COGNJ593,2025-09-23,,,,,
HYPEV277,2025-09-23,,,,,
EZTCV132,2025-09-23,,,,,
CASHV700,2025-09-23,,,,,
CASHJ10,2025-09-23,,,,,
GGBRJ212,2025-09-23,,,,,
ASAIJ799,2025-09-23,,,,,
MGLUJ629,2025-09-23,,,,,
ELETJ480,2025-09-23,,,,,
CVCBV720,2025-09-23,,,,,
ALPAV911,2025-09-23,,,,,
ELETV436,2025-09-23,,,,,
ELETJ460,2025-09-23,,,,,
COGNJ393,2025-09-23,,,,,
ELETJ356,2025-09-23,,,,,
CSNAV419,2025-09-23,,,,,
SMALL130,2025-09-23,,,,,
BRAVX275,2025-09-23,,,,,
SMALX970,2025-09-23,,,,,
BRAVW270,2025-09-23,,,,,
VALEV759,2025-09-23,,,,,
BBDCL154,2025-09-23,,,,,
BBDCX161,2025-09-23,,,,,
PETRR446,2025-09-23,,,,,
VALET614,2025-09-23,,,,,
BBASA228,2025-09-23,,,,,
AMZOJ640,2025-09-23,,,,,
CSANI14,2025-09-23,,,,,
BOVAC145,2025-09-23,,,,,
BOVAO150,2025-09-23,,,,,
CSANI144,2025-09-23,,,,,
VBBRJ179,2025-09-23,,,,,
EQTLJ418,2025-09-23,,,,,
BBDCJ124,2025-09-23,,,,,
SBSPJ102,2025-09-23,,,,,
SBSPJ10,2025-09-23,,,,,
RDORJ399,2025-09-23,,,,,
GGBRF216,2025-09-23,,,,,
PETRG44,2025-09-23,,,,,
CSNAL780,2025-09-23,,,,,
TAEEA384,2025-09-23,,,,,
SUZBL562,2025-09-23,,,,,
SIMHV943,2025-09-23,,,,,
BBASQ253,2025-09-23,,,,,
CSANR850,2025-09-23,,,,,
SIMHJ623,2025-09-23,,,,,
BBASE273,2025-09-23,,,,,
BBASA252,2025-09-23,,,,,
SIMHV933,2025-09-23,,,,,
SIMHV543,2025-09-23,,,,,
SIMHV573,2025-09-23,,,,,
SIMHV843,2025-09-23,,,,,
SIMHV105,2025-09-23,,,,,
SIMHV593,2025-09-23,,,,,
SIMHV853,2025-09-23,,,,,
SIMHV993,2025-09-23,,,,,
SIMHV823,2025-09-23,,,,,
SIMHV913,2025-09-23,,,,,
CSANP140,2025-09-23,,,,,
SIMHV863,2025-09-23,,,,,
BBASM242,2025-09-23,,,,,
BRKMF850,2025-09-23,,,,,
CSAND140,2025-09-23,,,,,
BBASA232,2025-09-23,,,,,
SIMHJ513,2025-09-23,,,,,
CSANP150,2025-09-23,,,,,
EZTCR132,2025-09-23,,,,,
CSANR700,2025-09-23,,,,,
ABEVV177,2025-09-23,,,,,
BBDCV122,2025-09-23,,,,,
SIMHV117,2025-09-23,,,,,
ALOSV206,2025-09-23,,,,,
ALPAV107,2025-09-23,,,,,
BBASV100,2025-09-23,,,,,
BRKMF450,2025-09-23,,,,,
BOVAF170,2025-09-23,,,,,
SMALF145,2025-09-23,,,,,
SMALF147,2025-09-23,,,,,
SMALF156,2025-09-23,,,,,
JBSSJ785,2025-09-23,,,,,
BOVAB155,2025-09-23,,,,,
PNVLL873,2025-09-23,,,,,
ABEVJ969,2025-09-23,,,,,
AZZAJ445,2025-09-23,,,,,
ALOSJ206,2025-09-23,,,,,
BBASJ145,2025-09-23,,,,,
AZZAJ350,2025-09-23,,,,,
ALOSJ226,2025-09-23,,,,,
BBDCJ137,2025-09-23,,,,,
B3SAJ114,2025-09-23,,,,,
BBASJ100,2025-09-23,,,,,
ABEVJ154,2025-09-23,,,,,
B3SAJ184,2025-09-23,,,,,
ABEVJ929,2025-09-23,,,,,
AZZAJ420,2025-09-23,,,,,
BBDCJ132,2025-09-23,,,,,
ASAIJ143,2025-09-23,,,,,
ALPAV931,2025-09-23,,,,,
BBASV120,2025-09-23,,,,,
BBASV115,2025-09-23,,,,,
ALOSV226,2025-09-23,,,,,
AZZAV365,2025-09-23,,,,,
AZULV220,2025-09-23,,,,,
ASAIV143,2025-09-23,,,,,
SIMHV100,2025-09-23,,,,,
AZZAV445,2025-09-23,,,,,
B3SAV174,2025-09-23,,,,,
B3SAV962,2025-09-23,,,,,
BBDCV132,2025-09-23,,,,,
AZULV149,2025-09-23,,,,,
ALPAV851,2025-09-23,,,,,
BBDCJ127,2025-09-23,,,,,
BBDCJ117,2025-09-23,,,,,
ABEVJ949,2025-09-23,,,,,
ABEVJ849,2025-09-23,,,,,
ABEVJ959,2025-09-23,,,,,
BBDCJ181,2025-09-23,,,,,
AZZAJ410,2025-09-23,,,,,
AZZAJ400,2025-09-23,,,,,
BBASJ150,2025-09-23,,,,,
AZZAJ415,2025-09-23,,,,,
AZULJ230,2025-09-23,,,,,
B3SAJ104,2025-09-23,,,,,
BBASJ140,2025-09-23,,,,,
ASAIV879,2025-09-23,,,,,
AZZAV410,2025-09-23,,,,,
B3SAV177,2025-09-23,,,,,
ASAIV138,2025-09-23,,,,,
SIMHV112,2025-09-23,,,,,
AZULV210,2025-09-23,,,,,
ABEVV169,2025-09-23,,,,,
AZZAV395,2025-09-23,,,,,
ABEVV102,2025-09-23,,,,,
ABEVV104,2025-09-23,,,,,
ABEVV232,2025-09-23,,,,,
ABEVV147,2025-09-23,,,,,
AZZAV400,2025-09-23,,,,,
B3SAV107,2025-09-23,,,,,
ABEVV154,2025-09-23,,,,,
BBDCV147,2025-09-23,,,,,
ALPAJ891,2025-09-23,,,,,
ASAIJ118,2025-09-23,,,,,
ALOSJ241,2025-09-23,,,,,
AZULJ220,2025-09-23,,,,,
ASAIJ138,2025-09-23,,,,,
B3SAJ172,2025-09-23,,,,,
BBASJ335,2025-09-23,,,,,
ASAIJ133,2025-09-23,,,,,
AZULJ900,2025-09-23,,,,,
ASAIJ128,2025-09-23,,,,,
ASAIJ939,2025-09-23,,,,,
BBASJ155,2025-09-23,,,,,
AZZAJ430,2025-09-23,,,,,
BBASV110,2025-09-23,,,,,
BBASV340,2025-09-23,,,,,
AZZAV385,2025-09-23,,,,,
ABEVV144,2025-09-23,,,,,
ABEVV162,2025-09-23,,,,,
AZZAV375,2025-09-23,,,,,
BBDCV112,2025-09-23,,,,,
B3SAV172,2025-09-23,,,,,
BBASV130,2025-09-23,,,,,
B3SAV234,2025-09-23,,,,,
BBASV315,2025-09-23,,,,,
AZZAV405,2025-09-23,,,,,
AZZAV440,2025-09-23,,,,,
B3SAJ942,2025-09-23,,,,,
ABEVJ109,2025-09-23,,,,,
ABEVJ102,2025-09-23,,,,,
BEEFJ511,2025-09-23,,,,,
EQTLK395,2025-09-23,,,,,
ALOSV211,2025-09-23,,,,,
ALOSV266,2025-09-23,,,,,
BOVAO180,2025-09-23,,,,,
BOVAO800,2025-09-23,,,,,
BBDCX183,2025-09-23,,,,,
VALEM641,2025-09-23,,,,,
MOVIV125,2025-09-23,,,,,
QUALV730,2025-09-23,,,,,
USIMG65,2025-09-23,,,,,
BBASX195,2025-09-23,,,,,
QUALV970,2025-09-23,,,,,
HAPVV990,2025-09-23,,,,,
HAPVV970,2025-09-23,,,,,
QUALV930,2025-09-23,,,,,
MOVIJ115,2025-09-23,,,,,
BBASL185,2025-09-23,,,,,
BBASO183,2025-09-23,,,,,
USIMS65,2025-09-23,,,,,
HAPVV105,2025-09-23,,,,,
SUZBS300,2025-09-23,,,,,
BBASO198,2025-09-23,,,,,
BBASL195,2025-09-23,,,,,
HAPVV860,2025-09-23,,,,,
HAPVV655,2025-09-23,,,,,
QUALV400,2025-09-23,,,,,
HAPVV870,2025-09-23,,,,,
BBASC183,2025-09-23,,,,,
BBASC193,2025-09-23,,,,,
QUALV580,2025-09-23,,,,,
QUALV320,2025-09-23,,,,,
QUALV450,2025-09-23,,,,,
GGPSA169,2025-09-23,,,,,
INBRK310,2025-09-23,,,,,
INBRK410,2025-09-23,,,,,
ITUBG42,2025-09-23,,,,,
BPACK382,2025-09-23,,,,,
INBRW350,2025-09-23,,,,,
BPACW412,2025-09-23,,,,,
BPACW402,2025-09-23,,,,,
ITUBJ230,2025-09-23,,,,,
SAPRJ313,2025-09-23,,,,,
BPACV405,2025-09-23,,,,,
VALEM466,2025-09-23,,,,,
BPACV395,2025-09-23,,,,,
BPACV410,2025-09-23,,,,,
SAPRJ323,2025-09-23,,,,,
SAPRJ308,2025-09-23,,,,,
SAPRK300,2025-09-23,,,,,
BPACJ410,2025-09-23,,,,,
ITUBV230,2025-09-23,,,,,
BPACW317,2025-09-23,,,,,
DIRRV350,2025-09-23,,,,,
VIVAV228,2025-09-23,,,,,
VIVAV313,2025-09-23,,,,,
BPACW460,2025-09-23,,,,,
RAILX186,2025-09-23,,,,,
BOVAS18,2025-09-23,,,,,
BPACJ395,2025-09-23,,,,,
VIVAJ258,2025-09-23,,,,,
B3SAH178,2025-09-23,,,,,
XPBRK127,2025-09-23,,,,,
ITSAC108,2025-09-23,,,,,
ITSAC787,2025-09-23,,,,,
BEEFJ501,2025-09-23,,,,,
BBSEJ422,2025-09-23,,,,,
BBSEJ402,2025-09-23,,,,,
BEEFJ521,2025-09-23,,,,,
BEEFJ486,2025-09-23,,,,,
BBSEJ407,2025-09-23,,,,,
BEEFJ561,2025-09-23,,,,,
BBSEJ312,2025-09-23,,,,,
BEEFV436,2025-09-23,,,,,
BBSEV282,2025-09-23,,,,,
BEEFV466,2025-09-23,,,,,
BBSEV387,2025-09-23,,,,,
BEEFV406,2025-09-23,,,,,
BEEFV501,2025-09-23,,,,,
BEEFV521,2025-09-23,,,,,
BEEFV541,2025-09-23,,,,,
BEEFV486,2025-09-23,,,,,
BEEFJ466,2025-09-23,,,,,
BBSEV287,2025-09-23,,,,,
BBSEV297,2025-09-23,,,,,
BBSEX367,2025-09-23,,,,,
DXCOX549,2025-09-23,,,,,
MOTVV188,2025-09-23,,,,,
CPLEJ113,2025-09-23,,,,,
JBSSK815,2025-09-23,,,,,
ITUBF36,2025-09-23,,,,,
SUZBL522,2025-09-23,,,,,
JBSSK860,2025-09-23,,,,,
TTENK168,2025-09-23,,,,,
ABEVL129,2025-09-23,,,,,
ITUBF472,2025-09-23,,,,,
IGTIL230,2025-09-23,,,,,
ITSAL126,2025-09-23,,,,,
BBASL201,2025-09-23,,,,,
BPACL332,2025-09-23,,,,,
BOVVJ143,2025-09-23,,,,,
USIMG50,2025-09-23,,,,,
USIMG80,2025-09-23,,,,,
BOVVJ133,2025-09-23,,,,,
PETZG600,2025-09-23,,,,,
MGLUG100,2025-09-23,,,,,
ITSAJ985,2025-09-23,,,,,
B3SAG160,2025-09-23,,,,,
BOVAJ188,2025-09-23,,,,,
B3SAG17,2025-09-23,,,,,
BOVAJ930,2025-09-23,,,,,
PETZG700,2025-09-23,,,,,
PETZG400,2025-09-23,,,,,
MRVEG90,2025-09-23,,,,,
BOVAJ810,2025-09-23,,,,,
JBSSW815,2025-09-23,,,,,
ITUBR305,2025-09-23,,,,,
ITUBR36,2025-09-23,,,,,
PRIOV470,2025-09-23,,,,,
PETRM233,2025-09-23,,,,,
ITUBW329,2025-09-23,,,,,
VALEX419,2025-09-23,,,,,
PETZS600,2025-09-23,,,,,
POSIS1,2025-09-23,,,,,
BOVAV790,2025-09-23,,,,,
B3SAS17,2025-09-23,,,,,
BOVVV137,2025-09-23,,,,,
BOVAV840,2025-09-23,,,,,
MGLUS800,2025-09-23,,,,,
ITSAV975,2025-09-23,,,,,
BOVVV155,2025-09-23,,,,,
BOVAJ950,2025-09-23,,,,,
LRENG22,2025-09-23,,,,,
ITSAJ785,2025-09-23,,,,,
BOVVJ155,2025-09-23,,,,,
MRVEG99,2025-09-23,,,,,
LRENG240,2025-09-23,,,,,
BOVAJ920,2025-09-23,,,,,
MGLUG90,2025-09-23,,,,,
INBRJ452,2025-09-23,,,,,
POSIG1,2025-09-23,,,,,
PCARG399,2025-09-23,,,,,
BOVAJ910,2025-09-23,,,,,
BOVVJ139,2025-09-23,,,,,
BOVVJ161,2025-09-23,,,,,
MRVEG800,2025-09-23,,,,,
LRENS260,2025-09-23,,,,,
ITSAV905,2025-09-23,,,,,
ITSAV142,2025-09-23,,,,,
BOVAV940,2025-09-23,,,,,
USIMS50,2025-09-23,,,,,
ITSAV865,2025-09-23,,,,,
BOVAV860,2025-09-23,,,,,
SIMHS500,2025-09-23,,,,,
BOVAV920,2025-09-23,,,,,
BOVVV143,2025-09-23,,,,,
BOVAV104,2025-09-23,,,,,
COGNS1,2025-09-23,,,,,
SIMHS700,2025-09-23,,,,,
BOVAV780,2025-09-23,,,,,
VIVTX311,2025-09-23,,,,,
BOVAV950,2025-09-23,,,,,
PETZS499,2025-09-23,,,,,
PCARS399,2025-09-23,,,,,
BOVVJ147,2025-09-23,,,,,
BOVVJ137,2025-09-23,,,,,
B3SAG130,2025-09-23,,,,,
ITSAJ825,2025-09-23,,,,,
BOVAJ106,2025-09-23,,,,,
VIVTK285,2025-09-23,,,,,
KLBNG24,2025-09-23,,,,,
PETZG499,2025-09-23,,,,,
MGLUG800,2025-09-23,,,,,
ITSAJ132,2025-09-23,,,,,
BOVVV133,2025-09-23,,,,,
ITSAV157,2025-09-23,,,,,
BOVAV930,2025-09-23,,,,,
INBRV452,2025-09-23,,,,,
BOVAV970,2025-09-23,,,,,
BOVAV890,2025-09-23,,,,,
BOVAV850,2025-09-23,,,,,
ITSAV985,2025-09-23,,,,,
ITSAV192,2025-09-23,,,,,
BOVAV880,2025-09-23,,,,,
BOVAV186,2025-09-23,,,,,
VIVTX301,2025-09-23,,,,,
BOVAV800,2025-09-23,,,,,
LRENS22,2025-09-23,,,,,
B3SAS130,2025-09-23,,,,,
B3SAS150,2025-09-23,,,,,
NATUV18,2025-09-23,,,,,
NATUV16,2025-09-23,,,,,
NATUV15,2025-09-23,,,,,
NATUN850,2025-09-23,,,,,
NATUV19,2025-09-23,,,,,
NATUP12,2025-09-23,,,,,
NATUQ120,2025-09-23,,,,,
NATUV130,2025-09-23,,,,,
NATUW124,2025-09-23,,,,,
NATUX12,2025-09-23,,,,,
NATUO12,2025-09-23,,,,,
NATUB14,2025-09-23,,,,,
NATUL120,2025-09-23,,,,,
NATUB119,2025-09-23,,,,,
NATUB140,2025-09-23,,,,,
NATUC12,2025-09-23,,,,,
NATUJ130,2025-09-23,,,,,
NATUF15,2025-09-23,,,,,
NATUB850,2025-09-23,,,,,
NATUA190,2025-09-23,,,,,
BOVAJ960,2025-09-23,,,,,
BOVAJ102,2025-09-23,,,,,
NATUJ192,2025-09-23,,,,,
ITSAJ152,2025-09-23,,,,,
CSANJ115,2025-09-23,,,,,
SUZBK583,2025-09-23,,,,,
GGBRF171,2025-09-23,,,,,
VBBRI209,2025-09-23,,,,,
HAPVA380,2025-09-23,,,,,
NATUX120,2025-09-23,,,,,
CMINV459,2025-09-23,,,,,
GGBRV245,2025-09-23,,,,,
BBDCV133,2025-09-23,,,,,
VALER780,2025-09-23,,,,,
BRAPW180,2025-09-23,,,,,
GGBRM187,2025-09-23,,,,,
BBSEO379,2025-09-23,,,,,
ITUBV496,2025-09-23,,,,,
ITUBJ461,2025-09-23,,,,,
ITUBJ466,2025-09-23,,,,,
ENGIJ471,2025-09-23,,,,,
BBDCJ119,2025-09-23,,,,,
ITUBJ453,2025-09-23,,,,,
CYREJ209,2025-09-23,,,,,
ENGIJ541,2025-09-23,,,,,
ITUBV441,2025-09-23,,,,,
MGLUV549,2025-09-23,,,,,
LWSAV360,2025-09-23,,,,,
KLBNV212,2025-09-23,,,,,
IRBRV447,2025-09-23,,,,,
GGBRV250,2025-09-23,,,,,
CSANV100,2025-09-23,,,,,
CMINV644,2025-09-23,,,,,
MGLUV464,2025-09-23,,,,,
BBDCV22,2025-09-23,,,,,
MRVEV600,2025-09-23,,,,,
IGTIV203,2025-09-23,,,,,
BBDCV130,2025-09-23,,,,,
COGNV413,2025-09-23,,,,,
CSNAV929,2025-09-23,,,,,
CASHV740,2025-09-23,,,,,
BBDCV979,2025-09-23,,,,,
GGBRV205,2025-09-23,,,,,
GGBRV215,2025-09-23,,,,,
CSNAV124,2025-09-23,,,,,
CSNAV164,2025-09-23,,,,,
KLBNV197,2025-09-23,,,,,
FLRYV119,2025-09-23,,,,,
EZTCV177,2025-09-23,,,,,
MRVEV430,2025-09-23,,,,,
DXCOJ519,2025-09-23,,,,,
ELETJ43,2025-09-23,,,,,
CYREJ219,2025-09-23,,,,,
BPACJ430,2025-09-23,,,,,
ITUBJ277,2025-09-23,,,,,
EQTLJ288,2025-09-23,,,,,
CPLEJ108,2025-09-23,,,,,
CPLEJ103,2025-09-23,,,,,
ELETJ388,2025-09-23,,,,,
ELETJ393,2025-09-23,,,,,
CSANJ455,2025-09-23,,,,,
DXCOJ659,2025-09-23,,,,,
LRENJ245,2025-09-23,,,,,
ELETJ348,2025-09-23,,,,,
CMINJ644,2025-09-23,,,,,
KLBNJ237,2025-09-23,,,,,
ELETV343,2025-09-23,,,,,
EZTCV137,2025-09-23,,,,,
CSNAV154,2025-09-23,,,,,
MRVEV660,2025-09-23,,,,,
CSANV930,2025-09-23,,,,,
CYREV234,2025-09-23,,,,,
CSNAV134,2025-09-23,,,,,
BRAVV140,2025-09-23,,,,,
KLBNV232,2025-09-23,,,,,
CSANV87,2025-09-23,,,,,
MDIAV258,2025-09-23,,,,,
MRVEV450,2025-09-23,,,,,
COGNV243,2025-09-23,,,,,
CPLEV896,2025-09-23,,,,,
EZTCV127,2025-09-23,,,,,
ITUBV309,2025-09-23,,,,,
BBDCV257,2025-09-23,,,,,
MGLUV484,2025-09-23,,,,,
ENGIV501,2025-09-23,,,,,
CSNAV569,2025-09-23,,,,,
CYREV319,2025-09-23,,,,,
BOVAU120W4,2025-09-23,,,,,
MDIAV270,2025-09-23,,,,,
IGTIV298,2025-09-23,,,,,
GGBRV220,2025-09-23,,,,,
FLRYJ145,2025-09-23,,,,,
CVCBJ290,2025-09-23,,,,,
ELETJ353,2025-09-23,,,,,
ELETJ343,2025-09-23,,,,,
ELETJ338,2025-09-23,,,,,
CASHJ680,2025-09-23,,,,,
ELETJ458,2025-09-23,,,,,
MRVEJ640,2025-09-23,,,,,
MRVEJ620,2025-09-23,,,,,
IRBRJ590,2025-09-23,,,,,
CSNAJ114,2025-09-23,,,,,
ENGIJ486,2025-09-23,,,,,
CSNAJ609,2025-09-23,,,,,
IRBRJ467,2025-09-23,,,,,
MGLUJ156,2025-09-23,,,,,
IGTIJ203,2025-09-23,,,,,
ELETV358,2025-09-23,,,,,
GGBRV145,2025-09-23,,,,,
ENGIV531,2025-09-23,,,,,
MRVEV420,2025-09-23,,,,,
BBDCV206,2025-09-23,,,,,
IGTIV208,2025-09-23,,,,,
GGBRV190,2025-09-23,,,,,
ELETV353,2025-09-23,,,,,
CVCBV260,2025-09-23,,,,,
MRVEV520,2025-09-23,,,,,
MGLUV769,2025-09-23,,,,,
MRVEV460,2025-09-23,,,,,
COGNV223,2025-09-23,,,,,
FLRYV165,2025-09-23,,,,,
MOTVV128,2025-09-23,,,,,
GGBRV230,2025-09-23,,,,,
MGLUV494,2025-09-23,,,,,
FLRYV175,2025-09-23,,,,,
BRAPV190,2025-09-23,,,,,
ITUBV289,2025-09-23,,,,,
CSANV910,2025-09-23,,,,,
ELETV418,2025-09-23,,,,,
BOVAU123W4,2025-09-23,,,,,
KLBNV152,2025-09-23,,,,,
ELETV388,2025-09-23,,,,,
CMINV664,2025-09-23,,,,,
CSNAV889,2025-09-23,,,,,
COGNV203,2025-09-23,,,,,
DXCOJ579,2025-09-23,,,,,
IRBRJ425,2025-09-23,,,,,
MDIAJ280,2025-09-23,,,,,
IGTIJ218,2025-09-23,,,,,
IGTIJ223,2025-09-23,,,,,
COGNJ153,2025-09-23,,,,,
LWSAJ350,2025-09-23,,,,,
IGTIJ233,2025-09-23,,,,,
CPLEJ796,2025-09-23,,,,,
ENGIJ491,2025-09-23,,,,,
IRBRJ482,2025-09-23,,,,,
EQTLJ413,2025-09-23,,,,,
MGLUJ669,2025-09-23,,,,,
CPLEJ896,2025-09-23,,,,,
LWSAJ380,2025-09-23,,,,,
LRENJ250,2025-09-23,,,,,
CSNAJ529,2025-09-23,,,,,
IGTIJ268,2025-09-23,,,,,
ELETJ463,2025-09-23,,,,,
CMINJ604,2025-09-23,,,,,
ENGIJ466,2025-09-23,,,,,
GOAUJ125,2025-09-23,,,,,
MGLUJ649,2025-09-23,,,,,
IRBRJ560,2025-09-23,,,,,
ENGIJ456,2025-09-23,,,,,
ELETJ408,2025-09-23,,,,,
MOTVV193,2025-09-23,,,,,
IRBRV400,2025-09-23,,,,,
KLBNV227,2025-09-23,,,,,
CVCBV240,2025-09-23,,,,,
ENGIV456,2025-09-23,,,,,
BBDCV216,2025-09-23,,,,,
IRBRV540,2025-09-23,,,,,
ELETV378,2025-09-23,,,,,
CYREV324,2025-09-23,,,,,
ELETV428,2025-09-23,,,,,
ELETV408,2025-09-23,,,,,
IGTIV258,2025-09-23,,,,,
CSANV475,2025-09-23,,,,,
LWSAV410,2025-09-23,,,,,
MRVEV480,2025-09-23,,,,,
IRBRV550,2025-09-23,,,,,
BPACV380,2025-09-23,,,,,
HYPEV280,2025-09-23,,,,,
GGBRV125,2025-09-23,,,,,
GOAUV120,2025-09-23,,,,,
EQTLV413,2025-09-23,,,,,
MOTVV208,2025-09-23,,,,,
CSANV465,2025-09-23,,,,,
CSANV425,2025-09-23,,,,,
GGBRV105,2025-09-23,,,,,
ENGIV461,2025-09-23,,,,,
LWSAV390,2025-09-23,,,,,
MDIAV268,2025-09-23,,,,,
MOTVV158,2025-09-23,,,,,
GGBRV135,2025-09-23,,,,,
ENGIV466,2025-09-23,,,,,
ENGIV471,2025-09-23,,,,,
KLBNV242,2025-09-23,,,,,
BEEFS525,2025-09-23,,,,,
COGNJ930,2025-09-23,,,,,
MOTVJ143,2025-09-23,,,,,
COGNJ383,2025-09-23,,,,,
CSNAJ549,2025-09-23,,,,,
EGIEJ481,2025-09-23,,,,,
LRENJ233,2025-09-23,,,,,
LRENJ223,2025-09-23,,,,,
KLBNJ167,2025-09-23,,,,,
CPLEJ168,2025-09-23,,,,,
IRBRJ600,2025-09-23,,,,,
ELETJ443,2025-09-23,,,,,
MGLUJ769,2025-09-23,,,,,
CPLEJ976,2025-09-23,,,,,
GGBRJ230,2025-09-23,,,,,
KLBNV167,2025-09-23,,,,,
MOTVV133,2025-09-23,,,,,
GOAUV140,2025-09-23,,,,,
COGNV463,2025-09-23,,,,,
IRBRV375,2025-09-23,,,,,
IGTIV253,2025-09-23,,,,,
BPACV375,2025-09-23,,,,,
KLBNV157,2025-09-23,,,,,
KLBNV147,2025-09-23,,,,,
KLBNV192,2025-09-23,,,,,
ELETV398,2025-09-23,,,,,
CPLEV148,2025-09-23,,,,,
BBDCV237,2025-09-23,,,,,
BBDCV101,2025-09-23,,,,,
MOTVV203,2025-09-23,,,,,
CPLEV836,2025-09-23,,,,,
FLRYV125,2025-09-23,,,,,
CMINJ489,2025-09-23,,,,,
EZTCJ127,2025-09-23,,,,,
COGNJ253,2025-09-23,,,,,
CYREJ269,2025-09-23,,,,,
EZTCJ157,2025-09-23,,,,,
MOTVJ183,2025-09-23,,,,,
IGTIJ258,2025-09-23,,,,,
GOAUJ115,2025-09-23,,,,,
FLRYJ140,2025-09-23,,,,,
MOTVJ168,2025-09-23,,,,,
LRENJ135,2025-09-23,,,,,
MGLUJ709,2025-09-23,,,,,
MDIAV278,2025-09-23,,,,,
IRBRV380,2025-09-23,,,,,
CSANV455,2025-09-23,,,,,
BOVAU149W4,2025-09-23,,,,,
COGNV353,2025-09-23,,,,,
ECORV720,2025-09-23,,,,,
LWSAV380,2025-09-23,,,,,
BRAPV210,2025-09-23,,,,,
CSANV445,2025-09-23,,,,,
CSANV485,2025-09-23,,,,,
BBDCV201,2025-09-23,,,,,
DXCOV559,2025-09-23,,,,,
ITUBV458,2025-09-23,,,,,
CSNAV114,2025-09-23,,,,,
ECORV700,2025-09-23,,,,,
CVCBV280,2025-09-23,,,,,
CSANV890,2025-09-23,,,,,
GOAUV145,2025-09-23,,,,,
IRBRV365,2025-09-23,,,,,
CSNAV609,2025-09-23,,,,,
ELETV413,2025-09-23,,,,,
ELETV443,2025-09-23,,,,,
MGLUV649,2025-09-23,,,,,
CSNAV509,2025-09-23,,,,,
MDIAV275,2025-09-23,,,,,
CVCBV290,2025-09-23,,,,,
IRBRV395,2025-09-23,,,,,
HYPEV270,2025-09-23,,,,,
DXCOV539,2025-09-23,,,,,
CYREV209,2025-09-23,,,,,
IRBRJ540,2025-09-23,,,,,
IRBRJ452,2025-09-23,,,,,
IRBRJ462,2025-09-23,,,,,
ITUBJ289,2025-09-23,,,,,
ELETJ418,2025-09-23,,,,,
IRBRJ455,2025-09-23,,,,,
GGBRJ200,2025-09-23,,,,,
ITUBJ257,2025-09-23,,,,,
MRVEJ580,2025-09-23,,,,,
ENGIJ476,2025-09-23,,,,,
FLRYJ968,2025-09-23,,,,,
IRBRJ442,2025-09-23,,,,,
IRBRJ405,2025-09-23,,,,,
BPANV759,2025-09-23,,,,,
CMINV439,2025-09-23,,,,,
BRAPV230,2025-09-23,,,,,
LWSAV370,2025-09-23,,,,,
CSANV110,2025-09-23,,,,,
MOTVV168,2025-09-23,,,,,
IGTIV223,2025-09-23,,,,,
LWSAV340,2025-09-23,,,,,
BRAPV140,2025-09-23,,,,,
GOAUV787,2025-09-23,,,,,
KLBNV222,2025-09-23,,,,,
GGBRV225,2025-09-23,,,,,
LRENV223,2025-09-23,,,,,
ITUBJ448,2025-09-23,,,,,
CSNAJ109,2025-09-23,,,,,
IRBRJ445,2025-09-23,,,,,
BBDCJ101,2025-09-23,,,,,
CVCBJ299,2025-09-23,,,,,
SUZBA515,2025-09-23,,,,,
MULTV226,2025-09-23,,,,,
PCARV283,2025-09-23,,,,,
MULTV251,2025-09-23,,,,,
MULTV306,2025-09-23,,,,,
NATUJ776,2025-09-23,,,,,
PCARJ263,2025-09-23,,,,,
MULTV296,2025-09-23,,,,,
MULTV221,2025-09-23,,,,,
MULTV211,2025-09-23,,,,,
MULTV231,2025-09-23,,,,,
NATUV177,2025-09-23,,,,,
ELETV391,2025-09-23,,,,,
NATUV162,2025-09-23,,,,,
MULTJ266,2025-09-23,,,,,
ELETJ427,2025-09-23,,,,,
ELETJ492,2025-09-23,,,,,
ISAEG209,2025-09-23,,,,,
MULTJ236,2025-09-23,,,,,
IBOVA149,2025-09-23,,,,,
PETRV379,2025-09-23,,,,,
ELETV462,2025-09-23,,,,,
ELETJ387,2025-09-23,,,,,
MULTJ256,2025-09-23,,,,,
ELETJ412,2025-09-23,,,,,
NATUJ137,2025-09-23,,,,,
ELETJ602,2025-09-23,,,,,
ELETJ477,2025-09-23,,,,,
PETRJ314,2025-09-23,,,,,
ELETJ447,2025-09-23,,,,,
IBOVA151,2025-09-23,,,,,
IBOVM121,2025-09-23,,,,,
ELETV467,2025-09-23,,,,,
MULTV281,2025-09-23,,,,,
ELETV452,2025-09-23,,,,,
PETRV309,2025-09-23,,,,,
ELETV387,2025-09-23,,,,,
PCARV263,2025-09-23,,,,,
ELETV592,2025-09-23,,,,,
NATUV117,2025-09-23,,,,,
ELETJ612,2025-09-23,,,,,
MULTJ261,2025-09-23,,,,,
PETRJ399,2025-09-23,,,,,
SAPRC270,2025-09-23,,,,,
PCARJ283,2025-09-23,,,,,
ODPVF150,2025-09-23,,,,,
MULTJ231,2025-09-23,,,,,
PCARJ243,2025-09-23,,,,,
IBOVA153,2025-09-23,,,,,
ELETV422,2025-09-23,,,,,
B3SAS145,2025-09-23,,,,,
PCARV253,2025-09-23,,,,,
ITUBW322,2025-09-23,,,,,
SBSPV106,2025-09-23,,,,,
PETRV175,2025-09-23,,,,,
ELETJ592,2025-09-23,,,,,
MULTJ306,2025-09-23,,,,,
ELETJ452,2025-09-23,,,,,
B3SAG178,2025-09-23,,,,,
RAILJ181,2025-09-23,,,,,
POSIJ468,2025-09-23,,,,,
SBSPV104,2025-09-23,,,,,
BBDCS20,2025-09-23,,,,,
PETRV475,2025-09-23,,,,,
PETRV245,2025-09-23,,,,,
PETRV190,2025-09-23,,,,,
RDORV341,2025-09-23,,,,,
PETRV185,2025-09-23,,,,,
SUZBV465,2025-09-23,,,,,
RAILV186,2025-09-23,,,,,
RADLV143,2025-09-23,,,,,
RAILV191,2025-09-23,,,,,
SBSPV136,2025-09-23,,,,,
SBSPV971,2025-09-23,,,,,
PETRV445,2025-09-23,,,,,
RDORV371,2025-09-23,,,,,
RDORV366,2025-09-23,,,,,
RAIZV226,2025-09-23,,,,,
SANBV316,2025-09-23,,,,,
PETRV205,2025-09-23,,,,,
SUZBV570,2025-09-23,,,,,
BBDCS180,2025-09-23,,,,,
BBDCS16,2025-09-23,,,,,
RAIZV296,2025-09-23,,,,,
PETRJ240,2025-09-23,,,,,
RAILJ201,2025-09-23,,,,,
SUZBL602,2025-09-23,,,,,
SUZBJ477,2025-09-23,,,,,
SBSPJ104,2025-09-23,,,,,
RAIZJ196,2025-09-23,,,,,
PETRJ165,2025-09-23,,,,,
SUZBJ670,2025-09-23,,,,,
SUZBJ465,2025-09-23,,,,,
POSIJ553,2025-09-23,,,,,
RAILJ176,2025-09-23,,,,,
PETRJ145,2025-09-23,,,,,
SBSPJ106,2025-09-23,,,,,
SUZBJ467,2025-09-23,,,,,
RADLJ148,2025-09-23,,,,,
RAIZJ206,2025-09-23,,,,,
RAILJ206,2025-09-23,,,,,
PETRJ175,2025-09-23,,,,,
RAIZJ166,2025-09-23,,,,,
SUZBJ660,2025-09-23,,,,,
PETRJ245,2025-09-23,,,,,
POSIJ458,2025-09-23,,,,,
BBDCG219,2025-09-23,,,,,
SUZBJ615,2025-09-23,,,,,
BBDCG20,2025-09-23,,,,,
RAILJ131,2025-09-23,,,,,
SANBJ251,2025-09-23,,,,,
PETZJ470,2025-09-23,,,,,
GRNDJ610,2025-09-23,,,,,
SUZBJ497,2025-09-23,,,,,
SBSPJ996,2025-09-23,,,,,
SBSPJ118,2025-09-23,,,,,
PETRJ195,2025-09-23,,,,,
SBSPJ140,2025-09-23,,,,,
NATUG119,2025-09-23,,,,,
RDORJ361,2025-09-23,,,,,
PETZJ300,2025-09-23,,,,,
RDORJ316,2025-09-23,,,,,
RDORJ321,2025-09-23,,,,,
PETRJ220,2025-09-23,,,,,
BBDCG180,2025-09-23,,,,,
SUZBJ487,2025-09-23,,,,,
SBSPJ108,2025-09-23,,,,,
VIVTL286,2025-09-23,,,,,
PETRV160,2025-09-23,,,,,
CSANW137,2025-09-23,,,,,
PETRV180,2025-09-23,,,,,
RADLV133,2025-09-23,,,,,
RAILV181,2025-09-23,,,,,
RAILV251,2025-09-23,,,,,
BBDCS219,2025-09-23,,,,,
SUZBV615,2025-09-23,,,,,
RAILV221,2025-09-23,,,,,
RAIZV196,2025-09-23,,,,,
PETRV155,2025-09-23,,,,,
CSANW160,2025-09-23,,,,,
POSIV488,2025-09-23,,,,,
RADLV113,2025-09-23,,,,,
SUZBV440,2025-09-23,,,,,
POSIV553,2025-09-23,,,,,
PETZV460,2025-09-23,,,,,
SANBV221,2025-09-23,,,,,
SBSPV981,2025-09-23,,,,,
SANBV236,2025-09-23,,,,,
SANBV261,2025-09-23,,,,,
POSIV388,2025-09-23,,,,,
SUZBV610,2025-09-23,,,,,
RADLV118,2025-09-23,,,,,
SUZBV477,2025-09-23,,,,,
POSIV613,2025-09-23,,,,,
RDORV321,2025-09-23,,,,,
POSIV498,2025-09-23,,,,,
RDORV361,2025-09-23,,,,,
RAILV176,2025-09-23,,,,,
POSIV418,2025-09-23,,,,,
SUZBV460,2025-09-23,,,,,
PETRV165,2025-09-23,,,,,
PETRV170,2025-09-23,,,,,
PRIOV475,2025-09-23,,,,,
RAIZV276,2025-09-23,,,,,
SUZBV462,2025-09-23,,,,,
RAILV231,2025-09-23,,,,,
PETRV520,2025-09-23,,,,,
POSIV408,2025-09-23,,,,,
GRNDV550,2025-09-23,,,,,
POSIV448,2025-09-23,,,,,
SANBV241,2025-09-23,,,,,
PETRV495,2025-09-23,,,,,
SUZBV445,2025-09-23,,,,,
RAIZV186,2025-09-23,,,,,
POSIV593,2025-09-23,,,,,
SMALW860,2025-09-23,,,,,
PRIOJ460,2025-09-23,,,,,
SANBJ261,2025-09-23,,,,,
SBSPJ951,2025-09-23,,,,,
PRIOJ475,2025-09-23,,,,,
RAIZJ256,2025-09-23,,,,,
SBSPJ142,2025-09-23,,,,,
RAIZJ760,2025-09-23,,,,,
RAILJ171,2025-09-23,,,,,
PETRJ160,2025-09-23,,,,,
RAIZJ186,2025-09-23,,,,,
SANBJ336,2025-09-23,,,,,
WEGEB400,2025-09-23,,,,,
PETRM600,2025-09-23,,,,,
VIVTW305,2025-09-23,,,,,
PSSAV426,2025-09-23,,,,,
PSSAW421,2025-09-23,,,,,
PSSAV531,2025-09-23,,,,,
PETZV295,2025-09-23,,,,,
SMFTV238,2025-09-23,,,,,
SMTOS15,2025-09-23,,,,,
POMOV107,2025-09-23,,,,,
DXCOV609,2025-09-23,,,,,
RAPTV755,2025-09-23,,,,,
SMTOV135,2025-09-23,,,,,
PSSAV551,2025-09-23,,,,,
POMOK820,2025-09-23,,,,,
PRIOK461,2025-09-23,,,,,
CPFEL342,2025-09-23,,,,,
LEVEL333,2025-09-23,,,,,
ABEVK149,2025-09-23,,,,,
JBSSK680,2025-09-23,,,,,
JBSSK880,2025-09-23,,,,,
BBASD251,2025-09-23,,,,,
SMTOJ190,2025-09-23,,,,,
TAEEJ331,2025-09-23,,,,,
VAMOJ520,2025-09-23,,,,,
PSSAJ601,2025-09-23,,,,,
TOTSJ437,2025-09-23,,,,,
CVCBJ125,2025-09-23,,,,,
RAPTJ795,2025-09-23,,,,,
SLCEJ197,2025-09-23,,,,,
PCARJ268,2025-09-23,,,,,
PCARJ198,2025-09-23,,,,,
PCARJ128,2025-09-23,,,,,
QUALJ140,2025-09-23,,,,,
SMTOJ225,2025-09-23,,,,,
SMALC145,2025-09-23,,,,,
COGNJ280,2025-09-23,,,,,
SMFTJ218,2025-09-23,,,,,
QUALJ164,2025-09-23,,,,,
WEGEL304,2025-09-23,,,,,
SMALG140,2025-09-23,,,,,
PSSAJ486,2025-09-23,,,,,
SIMHJ473,2025-09-23,,,,,
SBFGJ109,2025-09-23,,,,,
ECORJ465,2025-09-23,,,,,
QUALJ240,2025-09-23,,,,,
CVCBJ350,2025-09-23,,,,,
TIMSJ198,2025-09-23,,,,,
VLIDJ206,2025-09-23,,,,,
QUALJ154,2025-09-23,,,,,
SAPRJ416,2025-09-23,,,,,
SIMHJ398,2025-09-23,,,,,
PCARJ238,2025-09-23,,,,,
RAPTJ775,2025-09-23,,,,,
MOVIJ475,2025-09-23,,,,,
UGPAJ185,2025-09-23,,,,,
QUALJ104,2025-09-23,,,,,
SAPRV321,2025-09-23,,,,,
SAPRV316,2025-09-23,,,,,
RAPTV975,2025-09-23,,,,,
DXCOV629,2025-09-23,,,,,
SMTOV210,2025-09-23,,,,,
SMTOV160,2025-09-23,,,,,
DXCOV569,2025-09-23,,,,,
SIMHV473,2025-09-23,,,,,
PETZV285,2025-09-23,,,,,
PCARV268,2025-09-23,,,,,
RAPTV103,2025-09-23,,,,,
TOTSV432,2025-09-23,,,,,
COGNV198,2025-09-23,,,,,
SLCEV192,2025-09-23,,,,,
UGPAV150,2025-09-23,,,,,
VLIDV196,2025-09-23,,,,,
COGNV238,2025-09-23,,,,,
RAPTV795,2025-09-23,,,,,
SIMHV493,2025-09-23,,,,,
SIMHV383,2025-09-23,,,,,
SMALO108,2025-09-23,,,,,
WEGEL354,2025-09-23,,,,,
UGPAJ170,2025-09-23,,,,,
PSSAJ501,2025-09-23,,,,,
VAMOJ450,2025-09-23,,,,,
TUPYJ135,2025-09-23,,,,,
VAMOJ310,2025-09-23,,,,,
PETZJ175,2025-09-23,,,,,
PCARJ308,2025-09-23,,,,,
SMFTJ223,2025-09-23,,,,,
PCARJ278,2025-09-23,,,,,
SMFTJ263,2025-09-23,,,,,
SBFGJ114,2025-09-23,,,,,
SIMHJ308,2025-09-23,,,,,
UGPAJ245,2025-09-23,,,,,
SIMHV453,2025-09-23,,,,,
VAMOV520,2025-09-23,,,,,
SMTOV200,2025-09-23,,,,,
RAPTV855,2025-09-23,,,,,
CVCBV135,2025-09-23,,,,,
SMTOV140,2025-09-23,,,,,
SIMHV393,2025-09-23,,,,,
TOTSV427,2025-09-23,,,,,
CVCBV175,2025-09-23,,,,,
TOTSV437,2025-09-23,,,,,
RAPTV108,2025-09-23,,,,,
WEGEX354,2025-09-23,,,,,
PSSAV561,2025-09-23,,,,,
CVCBV19,2025-09-23,,,,,
TUPYV185,2025-09-23,,,,,
PETZJ165,2025-09-23,,,,,
POMOJ830,2025-09-23,,,,,
SLCEJ157,2025-09-23,,,,,
ECORJ255,2025-09-23,,,,,
TAEEJ326,2025-09-23,,,,,
SIMHJ463,2025-09-23,,,,,
PCARJ258,2025-09-23,,,,,
POMOJ890,2025-09-23,,,,,
VAMOJ490,2025-09-23,,,,,
VAMOJ480,2025-09-23,,,,,
TIMSJ238,2025-09-23,,,,,
UGPAJ205,2025-09-23,,,,,
VAMOJ460,2025-09-23,,,,,
SIMHJ433,2025-09-23,,,,,
UGPAJ180,2025-09-23,,,,,
SMTOJ160,2025-09-23,,,,,
COGNJ158,2025-09-23,,,,,
DXCOJ569,2025-09-23,,,,,
POMOJ112,2025-09-23,,,,,
SMALG150,2025-09-23,,,,,
RAPTV955,2025-09-23,,,,,
SMFTV223,2025-09-23,,,,,
TIMSV193,2025-09-23,,,,,
SMTOV190,2025-09-23,,,,,
CVCBV125,2025-09-23,,,,,
SIMHV483,2025-09-23,,,,,
RAPTV735,2025-09-23,,,,,
UGPAV235,2025-09-23,,,,,
VAMOV470,2025-09-23,,,,,
TUPYV200,2025-09-23,,,,,
WEGEX304,2025-09-23,,,,,
SLCEV202,2025-09-23,,,,,
SLCEV152,2025-09-23,,,,,
TIMSV248,2025-09-23,,,,,
HAPVV205,2025-09-23,,,,,
SLCEV187,2025-09-23,,,,,
PCARV288,2025-09-23,,,,,
SMALO950,2025-09-23,,,,,
VLIDV201,2025-09-23,,,,,
SMTOV175,2025-09-23,,,,,
SMFTV228,2025-09-23,,,,,
UGPAV170,2025-09-23,,,,,
TUPYV165,2025-09-23,,,,,
UGPAV140,2025-09-23,,,,,
CVCBV145,2025-09-23,,,,,
UGPAV145,2025-09-23,,,,,
SMTOV205,2025-09-23,,,,,
PCARV198,2025-09-23,,,,,
PSSAV571,2025-09-23,,,,,
SMTOV245,2025-09-23,,,,,
POMOV117,2025-09-23,,,,,
DXCOV549,2025-09-23,,,,,
TIMSV243,2025-09-23,,,,,
TOTSV407,2025-09-23,,,,,
SMTOV250,2025-09-23,,,,,
RAPTV123,2025-09-23,,,,,
SBFGV995,2025-09-23,,,,,
SMFTV243,2025-09-23,,,,,
SMFTV233,2025-09-23,,,,,
UGPAV165,2025-09-23,,,,,
RAPTV775,2025-09-23,,,,,
POMOJ850,2025-09-23,,,,,
TOTSJ422,2025-09-23,,,,,
COGNJ380,2025-09-23,,,,,
SMTOJ170,2025-09-23,,,,,
UGPAJ145,2025-09-23,,,,,
POMOJ810,2025-09-23,,,,,
TAEEJ411,2025-09-23,,,,,
SMALG157,2025-09-23,,,,,
COGNJ880,2025-09-23,,,,,
PETZJ195,2025-09-23,,,,,
SAPRJ411,2025-09-23,,,,,
SMFTJ273,2025-09-23,,,,,
PETZJ275,2025-09-23,,,,,
COGNJ148,2025-09-23,,,,,
SLCEJ152,2025-09-23,,,,,
PETZJ205,2025-09-23,,,,,
SAPRJ406,2025-09-23,,,,,
SBFGJ124,2025-09-23,,,,,
COGNJ480,2025-09-23,,,,,
TIMSJ208,2025-09-23,,,,,
TUPYV180,2025-09-23,,,,,
COGNV218,2025-09-23,,,,,
POMOV810,2025-09-23,,,,,
SMFTV263,2025-09-23,,,,,
BBDCM121,2025-09-23,,,,,
PETRV818,2025-09-23,,,,,
BBDCW139,2025-09-23,,,,,
ALOSJ219,2025-09-23,,,,,
ELETK477,2025-09-23,,,,,
BOVAG19,2025-09-23,,,,,
BBDCH20,2025-09-23,,,,,
VIVTJ326,2025-09-23,,,,,
BPACJ437,2025-09-23,,,,,
CSANJ500,2025-09-23,,,,,
CEABJ153,2025-09-23,,,,,
VIVAJ238,2025-09-23,,,,,
SMALJ120,2025-09-23,,,,,
ANIMJ435,2025-09-23,,,,,
CEABJ223,2025-09-23,,,,,
CMIGV940,2025-09-23,,,,,
BRSRV993,2025-09-23,,,,,
SMALV930,2025-09-23,,,,,
VBBRV262,2025-09-23,,,,,
SMALV920,2025-09-23,,,,,
VIVAV253,2025-09-23,,,,,
GMATV769,2025-09-23,,,,,
CEABV143,2025-09-23,,,,,
RENTV499,2025-09-23,,,,,
HAPVV440,2025-09-23,,,,,
CEABV173,2025-09-23,,,,,
SMALV116,2025-09-23,,,,,
BRAVV235,2025-09-23,,,,,
SMALV102,2025-09-23,,,,,
ANIMV325,2025-09-23,,,,,
EMBRV529,2025-09-23,,,,,
RENTV506,2025-09-23,,,,,
SMALV960,2025-09-23,,,,,
INTBV132,2025-09-23,,,,,
ABEVV189,2025-09-23,,,,,
SMALJ130,2025-09-23,,,,,
CEABJ218,2025-09-23,,,,,
SMALJ960,2025-09-23,,,,,
GMATJ749,2025-09-23,,,,,
CEABJ203,2025-09-23,,,,,
SMALJ134,2025-09-23,,,,,
VIVAJ283,2025-09-23,,,,,
VIVAJ278,2025-09-23,,,,,
VIVTJ331,2025-09-23,,,,,
YDUQJ200,2025-09-23,,,,,
VIVAJ253,2025-09-23,,,,,
COGNJ398,2025-09-23,,,,,
PETRJ208,2025-09-23,,,,,
VIVAJ273,2025-09-23,,,,,
EMBRJ639,2025-09-23,,,,,
YDUQJ115,2025-09-23,,,,,
ANIMJ405,2025-09-23,,,,,
SMALJ970,2025-09-23,,,,,
HAPVJ440,2025-09-23,,,,,
SMALJ910,2025-09-23,,,,,
VIVTJ296,2025-09-23,,,,,
ANIMJ415,2025-09-23,,,,,
YDUQV115,2025-09-23,,,,,
PRIOV322,2025-09-23,,,,,
USIMV812,2025-09-23,,,,,
VIVAV298,2025-09-23,,,,,
SMALV132,2025-09-23,,,,,
YDUQV170,2025-09-23,,,,,
ANIMV275,2025-09-23,,,,,
HAPVV452,2025-09-23,,,,,
BRSRV122,2025-09-23,,,,,
SMALV970,2025-09-23,,,,,
BBDCV4,2025-09-23,,,,,
BBDCV235,2025-09-23,,,,,
YDUQV160,2025-09-23,,,,,
CEABV248,2025-09-23,,,,,
ANIMV415,2025-09-23,,,,,
INTBV222,2025-09-23,,,,,
ANIMV305,2025-09-23,,,,,
SUZBV420,2025-09-23,,,,,
YDUQV175,2025-09-23,,,,,
SMALV980,2025-09-23,,,,,
YDUQV165,2025-09-23,,,,,
CEABV138,2025-09-23,,,,,
VIVAV263,2025-09-23,,,,,
INTBJ117,2025-09-23,,,,,
VIVAJ218,2025-09-23,,,,,
CEABJ213,2025-09-23,,,,,
YDUQJ170,2025-09-23,,,,,
YDUQJ110,2025-09-23,,,,,
VBBRJ222,2025-09-23,,,,,
VIVTJ311,2025-09-23,,,,,
GMATJ829,2025-09-23,,,,,
VBBRJ217,2025-09-23,,,,,
YDUQJ185,2025-09-23,,,,,
VIVTJ321,2025-09-23,,,,,
BEEFJ531,2025-09-23,,,,,
VIVAJ248,2025-09-23,,,,,
BOVAJ169,2025-09-23,,,,,
SMALJ106,2025-09-23,,,,,
YDUQJ165,2025-09-23,,,,,
ANIMJ265,2025-09-23,,,,,
PRIOJ322,2025-09-23,,,,,
VBBRV177,2025-09-23,,,,,
SMALV122,2025-09-23,,,,,
VBBRV182,2025-09-23,,,,,
BOVAV760,2025-09-23,,,,,
BOVAV750,2025-09-23,,,,,
GMATV609,2025-09-23,,,,,
VIVTV301,2025-09-23,,,,,
VBBRV197,2025-09-23,,,,,
BEEFV496,2025-09-23,,,,,
ANIMV395,2025-09-23,,,,,
VIVAV243,2025-09-23,,,,,
USIMV307,2025-09-23,,,,,
PRIOV312,2025-09-23,,,,,
EMBRV879,2025-09-23,,,,,
VIVTV311,2025-09-23,,,,,
ABEVV194,2025-09-23,,,,,
BRSRJ102,2025-09-23,,,,,
INTBJ122,2025-09-23,,,,,
VIVTJ281,2025-09-23,,,,,
YDUQJ180,2025-09-23,,,,,
BRSRJ107,2025-09-23,,,,,
BOVAJ750,2025-09-23,,,,,
ANIMJ325,2025-09-23,,,,,
VIVTJ276,2025-09-23,,,,,
VBBRJ187,2025-09-23,,,,,
VBBRJ192,2025-09-23,,,,,
PETRV208,2025-09-23,,,,,
ANIMV285,2025-09-23,,,,,
BBDCV210,2025-09-23,,,,,
ANIMV295,2025-09-23,,,,,
INTBV207,2025-09-23,,,,,
VBBRV187,2025-09-23,,,,,
CEABV183,2025-09-23,,,,,
INTBV142,2025-09-23,,,,,
CEABV123,2025-09-23,,,,,
CSANX210,2025-09-23,,,,,
PETZX431,2025-09-23,,,,,
ORVRV440,2025-09-23,,,,,
SUZBS49,2025-09-23,,,,,
SUZBS39,2025-09-23,,,,,
ISAEV206,2025-09-23,,,,,
SMALJ124,2025-09-23,,,,,
ANIMJ345,2025-09-23,,,,,
CEABJ163,2025-09-23,,,,,
VIVAJ268,2025-09-23,,,,,
CEABJ268,2025-09-23,,,,,
ITUBJ301,2025-09-23,,,,,
ITUBK306,2025-09-23,,,,,
DIRRK417,2025-09-23,,,,,
VAMOJ355,2025-09-23,,,,,
PETRB168,2025-09-23,,,,,
PRIOJ480,2025-09-23,,,,,
CAMLJ573,2025-09-23,,,,,
PETRV498,2025-09-23,,,,,
WEGEV439,2025-09-23,,,,,
EMBRV889,2025-09-23,,,,,
MOVIV790,2025-09-23,,,,,
MDIAV285,2025-09-23,,,,,
BEEFV721,2025-09-23,,,,,
ABCBV196,2025-09-23,,,,,
USIMV642,2025-09-23,,,,,
ALUPV300,2025-09-23,,,,,
JBSSV600,2025-09-23,,,,,
JBSSX870,2025-09-23,,,,,
HAPVV327,2025-09-23,,,,,
ISAEV211,2025-09-23,,,,,
EVENV780,2025-09-23,,,,,
CSANV130,2025-09-23,,,,,
WEGEJ452,2025-09-23,,,,,
USIMJ332,2025-09-23,,,,,
BBDCJ220,2025-09-23,,,,,
USIMJ322,2025-09-23,,,,,
EMBRJ704,2025-09-23,,,,,
AGROJ210,2025-09-23,,,,,
CAMLJ553,2025-09-23,,,,,
WEGEJ492,2025-09-23,,,,,
WEGEJ332,2025-09-23,,,,,
BEEFJ741,2025-09-23,,,,,
MOVIJ750,2025-09-23,,,,,
MDIAJ290,2025-09-23,,,,,
PETRJ393,2025-09-23,,,,,
JBSSJ700,2025-09-23,,,,,
USIMJ682,2025-09-23,,,,,
JBSSJ710,2025-09-23,,,,,
CAMLJ498,2025-09-23,,,,,
LJQQJ249,2025-09-23,,,,,
USIMJ382,2025-09-23,,,,,
CBAVJ460,2025-09-23,,,,,
USIMJ582,2025-09-23,,,,,
PETRV545,2025-09-23,,,,,
BMGBV372,2025-09-23,,,,,
MDIAV295,2025-09-23,,,,,
USIMV342,2025-09-23,,,,,
BMOBV223,2025-09-23,,,,,
WEGEV317,2025-09-23,,,,,
BMGBV342,2025-09-23,,,,,
WEGEV307,2025-09-23,,,,,
ARMLV354,2025-09-23,,,,,
DASAV180,2025-09-23,,,,,
JBSSK740,2025-09-23,,,,,
PRIOJ357,2025-09-23,,,,,
WEGEJ352,2025-09-23,,,,,
BRAVJ245,2025-09-23,,,,,
EMBRJ499,2025-09-23,,,,,
PCARJ893,2025-09-23,,,,,
EMBRJ724,2025-09-23,,,,,
JBSSJ800,2025-09-23,,,,,
BMOBJ213,2025-09-23,,,,,
USIMJ392,2025-09-23,,,,,
WEGEJ467,2025-09-23,,,,,
JBSSJ810,2025-09-23,,,,,
LJQQJ310,2025-09-23,,,,,
AMBPJ158,2025-09-23,,,,,
EVENJ680,2025-09-23,,,,,
USIMJ407,2025-09-23,,,,,
B3SAV992,2025-09-23,,,,,
LJQQV290,2025-09-23,,,,,
VALEV744,2025-09-23,,,,,
USIMV542,2025-09-23,,,,,
USIMV372,2025-09-23,,,,,
LJQQV280,2025-09-23,,,,,
USIMV492,2025-09-23,,,,,
WEGEV487,2025-09-23,,,,,
LJQQV249,2025-09-23,,,,,
BBDCV220,2025-09-23,,,,,
WEGEV492,2025-09-23,,,,,
LJQQV190,2025-09-23,,,,,
WEGEV422,2025-09-23,,,,,
USIMV37,2025-09-23,,,,,
JBSSV790,2025-09-23,,,,,
ALUPV295,2025-09-23,,,,,
ALUPV290,2025-09-23,,,,,
WEGEV407,2025-09-23,,,,,
USIMV622,2025-09-23,,,,,
PCARV803,2025-09-23,,,,,
LJQQV260,2025-09-23,,,,,
PRIOV485,2025-09-23,,,,,
EVENV740,2025-09-23,,,,,
AMBPJ154,2025-09-23,,,,,
MOVIJ790,2025-09-23,,,,,
ABEVJ919,2025-09-23,,,,,
DASAJ140,2025-09-23,,,,,
JBSSL870,2025-09-23,,,,,
AGROJ230,2025-09-23,,,,,
LJQQJ340,2025-09-23,,,,,
PCARJ803,2025-09-23,,,,,
AMARJ140,2025-09-23,,,,,
FESAJ658,2025-09-23,,,,,
PRIOJ485,2025-09-23,,,,,
JBSSL780,2025-09-23,,,,,
MOVIJ770,2025-09-23,,,,,
MDIAJ300,2025-09-23,,,,,
MOVIJ710,2025-09-23,,,,,
LJQQJ220,2025-09-23,,,,,
BEEFV376,2025-09-23,,,,,
BRAVV245,2025-09-23,,,,,
BRAVV240,2025-09-23,,,,,
BMGBV332,2025-09-23,,,,,
ABCBV211,2025-09-23,,,,,
BMGBV352,2025-09-23,,,,,
WEGEV417,2025-09-23,,,,,
MOVIV690,2025-09-23,,,,,
JBSSJ770,2025-09-23,,,,,
PCARJ843,2025-09-23,,,,,
PCARJ793,2025-09-23,,,,,
CBAVJ560,2025-09-23,,,,,
JBSSJ760,2025-09-23,,,,,
HAPVJ222,2025-09-23,,,,,
AMBPJ162,2025-09-23,,,,,
GFSAJ165,2025-09-23,,,,,
ISAEJ271,2025-09-23,,,,,
EVENJ780,2025-09-23,,,,,
DASAJ160,2025-09-23,,,,,
BMGBJ372,2025-09-23,,,,,
PCARJ813,2025-09-23,,,,,
EVENJ700,2025-09-23,,,,,
WEGEJ439,2025-09-23,,,,,
MDIAJ295,2025-09-23,,,,,
BPACJ327,2025-09-23,,,,,
ABCBJ216,2025-09-23,,,,,
USIMJ372,2025-09-23,,,,,
AUREJ102,2025-09-23,,,,,
ALUPJ305,2025-09-23,,,,,
BBASJ168,2025-09-23,,,,,
WEGEJ447,2025-09-23,,,,,
JBSSJ740,2025-09-23,,,,,
MDIAJ315,2025-09-23,,,,,
USIMJ542,2025-09-23,,,,,
BEEFJ721,2025-09-23,,,,,
CSANV125,2025-09-23,,,,,
MGLUV434,2025-09-23,,,,,
WEGEV437,2025-09-23,,,,,
PCARV883,2025-09-23,,,,,
HAPVV362,2025-09-23,,,,,
LJQQV310,2025-09-23,,,,,
BPACV362,2025-09-23,,,,,
USIMV682,2025-09-23,,,,,
RENTV266,2025-09-23,,,,,
WEGEV427,2025-09-23,,,,,
BRAVV327,2025-09-23,,,,,
PRIOV480,2025-09-23,,,,,
ALUPV320,2025-09-23,,,,,
LJQQV240,2025-09-23,,,,,
LJQQV210,2025-09-23,,,,,
ABCBV221,2025-09-23,,,,,
BMGBV322,2025-09-23,,,,,
ISAEV201,2025-09-23,,,,,
WEGEV442,2025-09-23,,,,,
PCARV793,2025-09-23,,,,,
USIMJ662,2025-09-23,,,,,
MOVIJ730,2025-09-23,,,,,
PCARJ873,2025-09-23,,,,,
WEGEJ337,2025-09-23,,,,,
PETRJ387,2025-09-23,,,,,
HAPVJ212,2025-09-23,,,,,
JBSSK760,2025-09-23,,,,,
BBDCV110,2025-09-23,,,,,
AGROV195,2025-09-23,,,,,
CSANV135,2025-09-23,,,,,
MOVIV710,2025-09-23,,,,,
BPACV355,2025-09-23,,,,,
WEGEV467,2025-09-23,,,,,
PCARV933,2025-09-23,,,,,
JBSSX880,2025-09-23,,,,,
SUZBV452,2025-09-23,,,,,
BRAVM220,2025-09-23,,,,,
WEGEV449,2025-09-23,,,,,
MOVIJ490,2025-09-23,,,,,
JBSSJ730,2025-09-23,,,,,
JBSSJ720,2025-09-23,,,,,
ALUPJ315,2025-09-23,,,,,
VALEB653,2025-09-23,,,,,
COGNK273,2025-09-23,,,,,
BBDCL191,2025-09-23,,,,,
SAPRK405,2025-09-23,,,,,
RDORD495,2025-09-23,,,,,
VALEK741,2025-09-23,,,,,
BPACJ350,2025-09-23,,,,,
IBOVF152,2025-09-23,,,,,
NEOEJ219,2025-09-23,,,,,
BEEFJ491,2025-09-23,,,,,
NEOEJ254,2025-09-23,,,,,
HAPVJ357,2025-09-23,,,,,
BBSEJ264,2025-09-23,,,,,
CSANW300,2025-09-23,,,,,
COGNV523,2025-09-23,,,,,
RENTV261,2025-09-23,,,,,
KEPLV740,2025-09-23,,,,,
WEGEV429,2025-09-23,,,,,
KEPLJ800,2025-09-23,,,,,
SMALI117W4,2025-09-23,,,,,
IVVBJ435,2025-09-23,,,,,
USIMA422,2025-09-23,,,,,
SMALI119W4,2025-09-23,,,,,
NVDCJ205,2025-09-23,,,,,
BOVAV165,2025-09-23,,,,,
USIMV497,2025-09-23,,,,,
WEGEV424,2025-09-23,,,,,
KEPLV760,2025-09-23,,,,,
HBORV230,2025-09-23,,,,,
BEEFV761,2025-09-23,,,,,
B3SAV972,2025-09-23,,,,,
GRNDV480,2025-09-23,,,,,
RENTV511,2025-09-23,,,,,
JALLV360,2025-09-23,,,,,
COGNV503,2025-09-23,,,,,
BBASV350,2025-09-23,,,,,
PRIOV327,2025-09-23,,,,,
RENTV269,2025-09-23,,,,,
CSANV140,2025-09-23,,,,,
HBORJ240,2025-09-23,,,,,
KEPLJ780,2025-09-23,,,,,
HAPVJ355,2025-09-23,,,,,
USIMB403,2025-09-23,,,,,
NEOEJ234,2025-09-23,,,,,
BOVAJ700,2025-09-23,,,,,
PRIOJ327,2025-09-23,,,,,
GUARJ780,2025-09-23,,,,,
GRNDJ630,2025-09-23,,,,,
IVVBJ395,2025-09-23,,,,,
COGNJ388,2025-09-23,,,,,
WEGEJ424,2025-09-23,,,,,
USIMN443,2025-09-23,,,,,
HAPVV415,2025-09-23,,,,,
WEGEV419,2025-09-23,,,,,
LOGGJ227,2025-09-23,,,,,
GUARJ860,2025-09-23,,,,,
COGNJ378,2025-09-23,,,,,
MTREJ428,2025-09-23,,,,,
BEEFJ551,2025-09-23,,,,,
RENTV239,2025-09-23,,,,,
BEEFV491,2025-09-23,,,,,
USIMN423,2025-09-23,,,,,
GUARV900,2025-09-23,,,,,
GRNDV490,2025-09-23,,,,,
IVVBV385,2025-09-23,,,,,
BBSEV269,2025-09-23,,,,,
B3SAJ197,2025-09-23,,,,,
BBSEJ272,2025-09-23,,,,,
MILSJ118,2025-09-23,,,,,
NEOEJ249,2025-09-23,,,,,
CPFER369,2025-09-23,,,,,
USIMM462,2025-09-23,,,,,
BOVAV710,2025-09-23,,,,,
KEPLV680,2025-09-23,,,,,
MYPKV153,2025-09-23,,,,,
BOVAS21,2025-09-23,,,,,
BOVAS20,2025-09-23,,,,,
HAPVV357,2025-09-23,,,,,
BEEFV346,2025-09-23,,,,,
USIMM442,2025-09-23,,,,,
BBASV952,2025-09-23,,,,,
KEPLV720,2025-09-23,,,,,
NVDCV195,2025-09-23,,,,,
LEVEJ280,2025-09-23,,,,,
USIMA462,2025-09-23,,,,,
TOKYJ110,2025-09-23,,,,,
PETRJ238,2025-09-23,,,,,
COGNJ543,2025-09-23,,,,,
SMALI950W4,2025-09-23,,,,,
SMALI105W4,2025-09-23,,,,,
MYPKJ133,2025-09-23,,,,,
NVDCJ200,2025-09-23,,,,,
GOLDJ190,2025-09-23,,,,,
RENTJ511,2025-09-23,,,,,
PRIOJ495,2025-09-23,,,,,
RENTV274,2025-09-23,,,,,
INBRV385,2025-09-23,,,,,
VALEV769,2025-09-23,,,,,
KEPLV800,2025-09-23,,,,,
BBSEV274,2025-09-23,,,,,
BBDCV245,2025-09-23,,,,,
IVVBV395,2025-09-23,,,,,
NEOEJ259,2025-09-23,,,,,
USIMB463,2025-09-23,,,,,
GUARJ880,2025-09-23,,,,,
BBASJ153,2025-09-23,,,,,
ROXOV115,2025-09-23,,,,,
SEERV930,2025-09-23,,,,,
PETRV413,2025-09-23,,,,,
B3SAV932,2025-09-23,,,,,
BBASO200,2025-09-23,,,,,
RANIV763,2025-09-23,,,,,
BPACV392,2025-09-23,,,,,
ROXOV145,2025-09-23,,,,,
BPACV397,2025-09-23,,,,,
PETRX451,2025-09-23,,,,,
PRIOV282,2025-09-23,,,,,
BRAVV260,2025-09-23,,,,,
CMIGJ910,2025-09-23,,,,,
BBASJ143,2025-09-23,,,,,
TASAJ569,2025-09-23,,,,,
ROMIJ910,2025-09-23,,,,,
CMIGJ800,2025-09-23,,,,,
PRIOK494,2025-09-23,,,,,
BPACJ392,2025-09-23,,,,,
TENDJ250,2025-09-23,,,,,
XPBRV108,2025-09-23,,,,,
WIZCV715,2025-09-23,,,,,
UNIPV642,2025-09-23,,,,,
RANIV743,2025-09-23,,,,,
TENDV220,2025-09-23,,,,,
WIZCV835,2025-09-23,,,,,
TENDV235,2025-09-23,,,,,
RENTV546,2025-09-23,,,,,
TTENV153,2025-09-23,,,,,
TASAV569,2025-09-23,,,,,
XPBRV100,2025-09-23,,,,,
USIMJ387,2025-09-23,,,,,
BBASC208,2025-09-23,,,,,
ROMIJ930,2025-09-23,,,,,
BBASC197,2025-09-23,,,,,
UNIPJ612,2025-09-23,,,,,
BBASC200,2025-09-23,,,,,
SOJAJ105,2025-09-23,,,,,
TCSAJ170,2025-09-23,,,,,
PNVLJ115,2025-09-23,,,,,
TENDJ245,2025-09-23,,,,,
ZAMPJ370,2025-09-23,,,,,
BBASC240,2025-09-23,,,,,
VALEJ486,2025-09-23,,,,,
TTENJ158,2025-09-23,,,,,
ROMIV810,2025-09-23,,,,,
BPACV510,2025-09-23,,,,,
RENTV516,2025-09-23,,,,,
BBDCV25,2025-09-23,,,,,
ROMIV850,2025-09-23,,,,,
RENTV521,2025-09-23,,,,,
WEGEV282,2025-09-23,,,,,
BBASO230,2025-09-23,,,,,
ODPVV120,2025-09-23,,,,,
VULCV184,2025-09-23,,,,,
BPACV360,2025-09-23,,,,,
TASAV589,2025-09-23,,,,,
BBASO213,2025-09-23,,,,,
XPBRV960,2025-09-23,,,,,
MGLUV679,2025-09-23,,,,,
UNIPJ632,2025-09-23,,,,,
ROXOJ130,2025-09-23,,,,,
TTENJ163,2025-09-23,,,,,
BBASC230,2025-09-23,,,,,
BPACJ360,2025-09-23,,,,,
ODPVJ120,2025-09-23,,,,,
RECVJ157,2025-09-23,,,,,
BBASC223,2025-09-23,,,,,
PRIOJ310,2025-09-23,,,,,
TTENJ138,2025-09-23,,,,,
BRAVJ260,2025-09-23,,,,,
VULCJ184,2025-09-23,,,,,
TRISJ700,2025-09-23,,,,,
PTBLJ410,2025-09-23,,,,,
UNIPJ622,2025-09-23,,,,,
TENDJ235,2025-09-23,,,,,
TRISJ720,2025-09-23,,,,,
PNVLJ925,2025-09-23,,,,,
UNIPJ562,2025-09-23,,,,,
ROMIJ890,2025-09-23,,,,,
ZAMPJ310,2025-09-23,,,,,
BBASC243,2025-09-23,,,,,
RANIJ763,2025-09-23,,,,,
B3SAJ932,2025-09-23,,,,,
RENTV566,2025-09-23,,,,,
USIMV552,2025-09-23,,,,,
UNIPV622,2025-09-23,,,,,
RECVV142,2025-09-23,,,,,
PRIOV500,2025-09-23,,,,,
TASAV649,2025-09-23,,,,,
TTENV123,2025-09-23,,,,,
BBASV932,2025-09-23,,,,,
EMBRV604,2025-09-23,,,,,
PNVLV965,2025-09-23,,,,,
TRISV720,2025-09-23,,,,,
PRIOW504,2025-09-23,,,,,
PRIOV515,2025-09-23,,,,,
VULCV219,2025-09-23,,,,,
BBASJ138,2025-09-23,,,,,
HAPVJ350,2025-09-23,,,,,
RECVJ127,2025-09-23,,,,,
PRIOJ315,2025-09-23,,,,,
WIZCJ815,2025-09-23,,,,,
VULCJ209,2025-09-23,,,,,
TENDJ240,2025-09-23,,,,,
BBASJ148,2025-09-23,,,,,
TENDJ205,2025-09-23,,,,,
VULCJ199,2025-09-23,,,,,
MGLUJ679,2025-09-23,,,,,
PNVLJ985,2025-09-23,,,,,
MGLUL191,2025-09-23,,,,,
RECVJ147,2025-09-23,,,,,
SEERJ930,2025-09-23,,,,,
BOVAJ640,2025-09-23,,,,,
BBASO220,2025-09-23,,,,,
BBASV912,2025-09-23,,,,,
SEERV950,2025-09-23,,,,,
PRIOV930,2025-09-23,,,,,
BRAVV510,2025-09-23,,,,,
SEERV770,2025-09-23,,,,,
ROMIV950,2025-09-23,,,,,
VALEV486,2025-09-23,,,,,
ECORX150,2025-09-23,,,,,
RAILW186,2025-09-23,,,,,
PRIOX599,2025-09-23,,,,,
SMTOV355,2025-09-23,,,,,
RENTV676,2025-09-23,,,,,
AZULN100,2025-09-23,,,,,
PETRW200,2025-09-23,,,,,
VALEW494,2025-09-23,,,,,
PETRM200,2025-09-23,,,,,
RENTV556,2025-09-23,,,,,
B3SAV892,2025-09-23,,,,,
VALEM416,2025-09-23,,,,,
VALEW424,2025-09-23,,,,,
ENEVK137,2025-09-23,,,,,
CBAVK630,2025-09-23,,,,,
IGTIL240,2025-09-23,,,,,
CSANA750,2025-09-23,,,,,
BBDCK142,2025-09-23,,,,,
AZULA700,2025-09-23,,,,,
PRIOJ347,2025-09-23,,,,,
VALEA766,2025-09-23,,,,,
AZULA100,2025-09-23,,,,,
BRAVV255,2025-09-23,,,,,
BEEFV801,2025-09-23,,,,,
CSANV960,2025-09-23,,,,,
CSANV150,2025-09-23,,,,,
VALEW459,2025-09-23,,,,,
VALEW731,2025-09-23,,,,,
BBASV118,2025-09-23,,,,,
HAPVV432,2025-09-23,,,,,
USIMV752,2025-09-23,,,,,
HAPVV290,2025-09-23,,,,,
VALEW466,2025-09-23,,,,,
AZULM800,2025-09-23,,,,,
PETRW267,2025-09-23,,,,,
AZULL900,2025-09-23,,,,,
BRAVJ250,2025-09-23,,,,,
AZULL799,2025-09-23,,,,,
HAPVJ515,2025-09-23,,,,,
PETRK45,2025-09-23,,,,,
PETRJ233,2025-09-23,,,,,
WEGEJ444,2025-09-23,,,,,
BRAVJ255,2025-09-23,,,,,
PETRK402,2025-09-23,,,,,
PETRK224,2025-09-23,,,,,
HAPVJ337,2025-09-23,,,,,
PETRK18,2025-09-23,,,,,
EMBRJ115,2025-09-23,,,,,
VALEK731,2025-09-23,,,,,
BEEFJ801,2025-09-23,,,,,
MGLUJ639,2025-09-23,,,,,
VALEK439,2025-09-23,,,,,
VALEA676,2025-09-23,,,,,
EMBRJ649,2025-09-23,,,,,
VALEA716,2025-09-23,,,,,
EMBRV934,2025-09-23,,,,,
BRAVV237,2025-09-23,,,,,
AZULX40,2025-09-23,,,,,
USIMV487,2025-09-23,,,,,
AZULX900,2025-09-23,,,,,
SMALX1,2025-09-23,,,,,
AZULN800,2025-09-23,,,,,
PETRW387,2025-09-23,,,,,
BBASV108,2025-09-23,,,,,
PETRV223,2025-09-23,,,,,
HAPVV515,2025-09-23,,,,,
AZULW900,2025-09-23,,,,,
WEGEV444,2025-09-23,,,,,
VALEV109,2025-09-23,,,,,
MGLUV639,2025-09-23,,,,,
B3SAV912,2025-09-23,,,,,
PETRM220,2025-09-23,,,,,
RENTV586,2025-09-23,,,,,
PETRW20,2025-09-23,,,,,
SMALX13,2025-09-23,,,,,
VALEK494,2025-09-23,,,,,
VALEK496,2025-09-23,,,,,
VALEK781,2025-09-23,,,,,
USIMJ652,2025-09-23,,,,,
HAPVJ345,2025-09-23,,,,,
AZULL800,2025-09-23,,,,,
PETRK200,2025-09-23,,,,,
B3SAJ892,2025-09-23,,,,,
BPACJ417,2025-09-23,,,,,
PETRK267,2025-09-23,,,,,
USIMJ202,2025-09-23,,,,,
VALEK449,2025-09-23,,,,,
MGLUJ579,2025-09-23,,,,,
BRAVL320,2025-09-23,,,,,
WEGEK404,2025-09-23,,,,,
MULTK271,2025-09-23,,,,,
PETRJ198,2025-09-23,,,,,
BRAVJ232,2025-09-23,,,,,
PETRJ168,2025-09-23,,,,,
MRVEK620,2025-09-23,,,,,
PETRW190,2025-09-23,,,,,
AZULX120,2025-09-23,,,,,
BRAVX320,2025-09-23,,,,,
BRAVX387,2025-09-23,,,,,
VALEX724,2025-09-23,,,,,
FLRYW127,2025-09-23,,,,,
VALEX459,2025-09-23,,,,,
BBSES309,2025-09-23,,,,,
PETRW349,2025-09-23,,,,,
RENTV621,2025-09-23,,,,,
VALEV886,2025-09-23,,,,,
BBASS243,2025-09-23,,,,,
BBASS203,2025-09-23,,,,,
ITSAW947,2025-09-23,,,,,
SUZBV605,2025-09-23,,,,,
VALEJ481,2025-09-23,,,,,
BBASG22,2025-09-23,,,,,
PETRJ115,2025-09-23,,,,,
BBASG19,2025-09-23,,,,,
TOTSK423,2025-09-23,,,,,
BPANK840,2025-09-23,,,,,
VALEJ476,2025-09-23,,,,,
HAPVJ352,2025-09-23,,,,,
HAPVJ267,2025-09-23,,,,,
PETRJ120,2025-09-23,,,,,
USIMK420,2025-09-23,,,,,
MGLUJ519,2025-09-23,,,,,
CYREK264,2025-09-23,,,,,
RAIZW250,2025-09-23,,,,,
PRIOV292,2025-09-23,,,,,
CASHW860,2025-09-23,,,,,
TOTSW423,2025-09-23,,,,,
BBASS18,2025-09-23,,,,,
PETRV203,2025-09-23,,,,,
BBASV982,2025-09-23,,,,,
EQTLW353,2025-09-23,,,,,
BBASS228,2025-09-23,,,,,
BBASS206,2025-09-23,,,,,
VALEV471,2025-09-23,,,,,
MGLUV539,2025-09-23,,,,,
RENTV219,2025-09-23,,,,,
BRAVV275,2025-09-23,,,,,
BBASS183,2025-09-23,,,,,
CASHW660,2025-09-23,,,,,
RENTW366,2025-09-23,,,,,
PRIOV332,2025-09-23,,,,,
RADLW138,2025-09-23,,,,,
CPFEW387,2025-09-23,,,,,
PETRV218,2025-09-23,,,,,
CSNAW929,2025-09-23,,,,,
BBDCJ126,2025-09-23,,,,,
MGLUJ499,2025-09-23,,,,,
CSNAK829,2025-09-23,,,,,
BBASG261,2025-09-23,,,,,
POSIK463,2025-09-23,,,,,
PETRJ135,2025-09-23,,,,,
ALOSK215,2025-09-23,,,,,
BBASG203,2025-09-23,,,,,
BBASG228,2025-09-23,,,,,
CYREK244,2025-09-23,,,,,
SUZBJ605,2025-09-23,,,,,
CASHK860,2025-09-23,,,,,
PETRJ218,2025-09-23,,,,,
EZTCK142,2025-09-23,,,,,
ELETK418,2025-09-23,,,,,
ITUBJ463,2025-09-23,,,,,
PETRJ148,2025-09-23,,,,,
MULTK261,2025-09-23,,,,,
PETRV193,2025-09-23,,,,,
BRAVV280,2025-09-23,,,,,
ENEVW120,2025-09-23,,,,,
BPACV520,2025-09-23,,,,,
ELETW376,2025-09-23,,,,,
POSIW463,2025-09-23,,,,,
PRIOV635,2025-09-23,,,,,
TAEEW326,2025-09-23,,,,,
TIMSW218,2025-09-23,,,,,
BPACV340,2025-09-23,,,,,
RENTV531,2025-09-23,,,,,
ELETW438,2025-09-23,,,,,
BBASS218,2025-09-23,,,,,
PETRV198,2025-09-23,,,,,
BBASS25,2025-09-23,,,,,
PRIOV447,2025-09-23,,,,,
SANBW271,2025-09-23,,,,,
PRIOW419,2025-09-23,,,,,
TAEEW346,2025-09-23,,,,,
CMINW407,2025-09-23,,,,,
VALEV754,2025-09-23,,,,,
BBASS20,2025-09-23,,,,,
BBASS21,2025-09-23,,,,,
BBASV35,2025-09-23,,,,,
BBASS19,2025-09-23,,,,,
BPACV447,2025-09-23,,,,,
BBASS261,2025-09-23,,,,,
BBASS168,2025-09-23,,,,,
HAPVW345,2025-09-23,,,,,
BBASG23,2025-09-23,,,,,
EQTLK353,2025-09-23,,,,,
PRIOJ447,2025-09-23,,,,,
BBASG25,2025-09-23,,,,,
BBASG163,2025-09-23,,,,,
SANBK261,2025-09-23,,,,,
RENTK356,2025-09-23,,,,,
PETRJ127,2025-09-23,,,,,
BBASG16,2025-09-23,,,,,
BBDCJ121,2025-09-23,,,,,
RAIZK250,2025-09-23,,,,,
PETRJ143,2025-09-23,,,,,
CPLEK105,2025-09-23,,,,,
PETRJ14,2025-09-23,,,,,
IGTIK228,2025-09-23,,,,,
RAILJ199,2025-09-23,,,,,
BOVAA180,2025-09-23,,,,,
MRVEJ510,2025-09-23,,,,,
USIML120,2025-09-23,,,,,
DXCOA549,2025-09-23,,,,,
LRENL179,2025-09-23,,,,,
ECORL102,2025-09-23,,,,,
WEGEL429,2025-09-23,,,,,
JBSSJ655,2025-09-23,,,,,
BBASS185,2025-09-23,,,,,
RENTW356,2025-09-23,,,,,
ALOSW215,2025-09-23,,,,,
BBASS193,2025-09-23,,,,,
BPACV345,2025-09-23,,,,,
HAPVV317,2025-09-23,,,,,
BBASS245,2025-09-23,,,,,
BOVAM180,2025-09-23,,,,,
VALEX799,2025-09-23,,,,,
PRIOX674,2025-09-23,,,,,
JBSSV655,2025-09-23,,,,,
ASAIW919,2025-09-23,,,,,
WEGES424,2025-09-23,,,,,
WEGEG38,2025-09-23,,,,,
ASAIK109,2025-09-23,,,,,
SLCEK194,2025-09-23,,,,,
RADLW143,2025-09-23,,,,,
ASAIW109,2025-09-23,,,,,
TOTSW433,2025-09-23,,,,,
CSNAW809,2025-09-23,,,,,
EZTCK137,2025-09-23,,,,,
PETRV448,2025-09-23,,,,,
BPANW660,2025-09-23,,,,,
SUZBI550W4,2025-09-23,,,,,
BBASQ228,2025-09-23,,,,,
ELETK443,2025-09-23,,,,,
RADLW123,2025-09-23,,,,,
BBDCJ949,2025-09-23,,,,,
BBASF229,2025-09-23,,,,,
HAPVV305,2025-09-23,,,,,
HAPVJ360,2025-09-23,,,,,
BBASV922,2025-09-23,,,,,
CASHK740,2025-09-23,,,,,
WEGEG429,2025-09-23,,,,,
BBASD228,2025-09-23,,,,,
BBASV962,2025-09-23,,,,,
RENTV616,2025-09-23,,,,,
BBASV902,2025-09-23,,,,,
WEGES474,2025-09-23,,,,,
BRAVJ162,2025-09-23,,,,,
WEGEG454,2025-09-23,,,,,
BBASE213,2025-09-23,,,,,
WEGES494,2025-09-23,,,,,
PETRV458,2025-09-23,,,,,
EZTCW127,2025-09-23,,,,,
SUZBU540W4,2025-09-23,,,,,
CASHW840,2025-09-23,,,,,
BPACV325,2025-09-23,,,,,
VALEV294,2025-09-23,,,,,
MGLUJ144,2025-09-23,,,,,
BPACJ605,2025-09-23,,,,,
BPACJ277,2025-09-23,,,,,
HAPVV157,2025-09-23,,,,,
WEGEG459,2025-09-23,,,,,
CPLEK120,2025-09-23,,,,,
BBASQ213,2025-09-23,,,,,
PETRJ458,2025-09-23,,,,,
MRVEK600,2025-09-23,,,,,
CPLEW110,2025-09-23,,,,,
BBASP226,2025-09-23,,,,,
WEGEV299,2025-09-23,,,,,
WEGEG444,2025-09-23,,,,,
BBASE228,2025-09-23,,,,,
WEGEG479,2025-09-23,,,,,
GGBRI185W4,2025-09-23,,,,,
VALEC726,2025-09-23,,,,,
LWSAL850,2025-09-23,,,,,
SBSPJ112,2025-09-23,,,,,
MELIJ111,2025-09-23,,,,,
MELIJ125,2025-09-23,,,,,
BEEFJ571,2025-09-23,,,,,
WEGEJ489,2025-09-23,,,,,
PRIOJ442,2025-09-23,,,,,
IBOVX41,2025-09-23,,,,,
BBASV652,2025-09-23,,,,,
GGBRV142,2025-09-23,,,,,
BRAVV147,2025-09-23,,,,,
BBASV882,2025-09-23,,,,,
WEGEV454,2025-09-23,,,,,
VALEV284,2025-09-23,,,,,
SUZBV625,2025-09-23,,,,,
WEGEW419,2025-09-23,,,,,
PETRW333,2025-09-23,,,,,
BRAVV157,2025-09-23,,,,,
ITUBJ468,2025-09-23,,,,,
WEGEJ459,2025-09-23,,,,,
BBSEL427,2025-09-23,,,,,
SANBL337,2025-09-23,,,,,
ELETJ416,2025-09-23,,,,,
PRIOK464,2025-09-23,,,,,
SMALA123,2025-09-23,,,,,
VBBRL236,2025-09-23,,,,,
BRAVJ247,2025-09-23,,,,,
VALEJ734,2025-09-23,,,,,
HAPVJ247,2025-09-23,,,,,
HAPVJ55,2025-09-23,,,,,
UNIPX502,2025-09-23,,,,,
ELETV416,2025-09-23,,,,,
MGLUV449,2025-09-23,,,,,
EMBRV594,2025-09-23,,,,,
PETRU290W4,2025-09-23,,,,,
EMBRV574,2025-09-23,,,,,
VBBRW202,2025-09-23,,,,,
BPACV377,2025-09-23,,,,,
PRIOV307,2025-09-23,,,,,
BBASV862,2025-09-23,,,,,
PETRU297W4,2025-09-23,,,,,
PETRU295W4,2025-09-23,,,,,
EMBRV659,2025-09-23,,,,,
VALEV734,2025-09-23,,,,,
PRIOV280,2025-09-23,,,,,
BPACJ377,2025-09-23,,,,,
BPACJ402,2025-09-23,,,,,
BPACJ372,2025-09-23,,,,,
EMBRJ669,2025-09-23,,,,,
BPANK760,2025-09-23,,,,,
EMBRJ594,2025-09-23,,,,,
EMBRJ574,2025-09-23,,,,,
BPACK425,2025-09-23,,,,,
BPACJ412,2025-09-23,,,,,
PETRI295W4,2025-09-23,,,,,
BRAPA193,2025-09-23,,,,,
BBASD186,2025-09-23,,,,,
CSAND710,2025-09-23,,,,,
SUZBG510,2025-09-23,,,,,
SUZBG660,2025-09-23,,,,,
TAEEA334,2025-09-23,,,,,
CPFEA324,2025-09-23,,,,,
VALEV456,2025-09-23,,,,,
BRAVV262,2025-09-23,,,,,
BRAVV247,2025-09-23,,,,,
SUZBV300,2025-09-23,,,,,
PCARW480,2025-09-23,,,,,
IBOVQ124,2025-09-23,,,,,
IBOVQ148,2025-09-23,,,,,
EGIEA413,2025-09-23,,,,,
VBBRL216,2025-09-23,,,,,
QUALK179,2025-09-23,,,,,
JBSSK425,2025-09-23,,,,,
QUALJ149,2025-09-23,,,,,
QUALV159,2025-09-23,,,,,
BPACV570,2025-09-23,,,,,
WEGEV484,2025-09-23,,,,,
BRAVV142,2025-09-23,,,,,
MGLUV211,2025-09-23,,,,,
B3SAM138,2025-09-23,,,,,
BRAVV132,2025-09-23,,,,,
EMBRJ113,2025-09-23,,,,,
BPACJ550,2025-09-23,,,,,
BPACJ570,2025-09-23,,,,,
SUZBJ417,2025-09-23,,,,,
PRIOV452,2025-09-23,,,,,
EMBRV459,2025-09-23,,,,,
BRAVV315,2025-09-23,,,,,
WEGEV324,2025-09-23,,,,,
SUZBV417,2025-09-23,,,,,
ITUBS313,2025-09-23,,,,,
MGLUV419,2025-09-23,,,,,
WEGEV329,2025-09-23,,,,,
WEGEV474,2025-09-23,,,,,
BPACV550,2025-09-23,,,,,
PRIOU440W4,2025-09-23,,,,,
WEGEX329,2025-09-23,,,,,
CSANM24,2025-09-23,,,,,
ELETM661,2025-09-23,,,,,
QUALK169,2025-09-23,,,,,
SUZBJ635,2025-09-23,,,,,
JBSSK695,2025-09-23,,,,,
QUALJ179,2025-09-23,,,,,
QUALJ169,2025-09-23,,,,,
ELETL486,2025-09-23,,,,,
RENTK499,2025-09-23,,,,,
BEEFJ861,2025-09-23,,,,,
SUZBJ655,2025-09-23,,,,,
CSANW780,2025-09-23,,,,,
CSANV840,2025-09-23,,,,,
RENTV591,2025-09-23,,,,,
BRAVV227,2025-09-23,,,,,
VALEV764,2025-09-23,,,,,
B3SAX145,2025-09-23,,,,,
CSANX590,2025-09-23,,,,,
WEGEJ319,2025-09-23,,,,,
PRIOJ457,2025-09-23,,,,,
PETRI340W4,2025-09-23,,,,,
PETRI342W4,2025-09-23,,,,,
BBDCI9,2025-09-23,,,,,
BBDCI21,2025-09-23,,,,,
BBDCI142W4,2025-09-23,,,,,
PRIOV472,2025-09-23,,,,,
MGLUV153,2025-09-23,,,,,
YDUQV723,2025-09-23,,,,,
YDUQK165,2025-09-23,,,,,
MGLUK764,2025-09-23,,,,,
YDUQW195,2025-09-23,,,,,
ALPAW891,2025-09-23,,,,,
MGLUV389,2025-09-23,,,,,
PETRV650,2025-09-23,,,,,
RENTV60,2025-09-23,,,,,
MGLUJ143,2025-09-23,,,,,
RENTK346,2025-09-23,,,,,
PRIOJ482,2025-09-23,,,,,
YDUQW155,2025-09-23,,,,,
RAILW156,2025-09-23,,,,,
YDUQW145,2025-09-23,,,,,
SBSPW111,2025-09-23,,,,,
YDUQW105,2025-09-23,,,,,
BBDCU142W4,2025-09-23,,,,,
ALPAK931,2025-09-23,,,,,
YDUQK135,2025-09-23,,,,,
CMIGJ410,2025-09-23,,,,,
ALPAK891,2025-09-23,,,,,
VALEJ436,2025-09-23,,,,,
PRIOJ472,2025-09-23,,,,,
BPACJ407,2025-09-23,,,,,
RENTL405,2025-09-23,,,,,
BPACJ442,2025-09-23,,,,,
BRAVJ252,2025-09-23,,,,,
BRAVJ257,2025-09-23,,,,,
YDUQV923,2025-09-23,,,,,
BOVAJ122W2,2025-09-23,,,,,
BPACV352,2025-09-23,,,,,
BOVAV125W2,2025-09-23,,,,,
BOVAV149W1,2025-09-23,,,,,
RENTV631,2025-09-23,,,,,
BOVAV150W1,2025-09-23,,,,,
BOVAV129W1,2025-09-23,,,,,
BOVAV132W2,2025-09-23,,,,,
BPACJ352,2025-09-23,,,,,
BPACJ422,2025-09-23,,,,,
HAPVJ287,2025-09-23,,,,,
BPACV515,2025-09-23,,,,,
HAPVV287,2025-09-23,,,,,
HAPVV280,2025-09-23,,,,,
VALEF866,2025-09-23,,,,,
BBDCI23,2025-09-23,,,,,
PETRG401,2025-09-23,,,,,
PETRG450,2025-09-23,,,,,
BOVAG100,2025-09-23,,,,,
ITUBL312,2025-09-23,,,,,
BOVAU115W4,2025-09-23,,,,,
BBDCW160,2025-09-23,,,,,
IBOVL195,2025-09-23,,,,,
B3SAW139,2025-09-23,,,,,
GGBRT167,2025-09-23,,,,,
BOVAV134W4,2025-09-23,,,,,
BBASW154,2025-09-23,,,,,
BBASW149,2025-09-23,,,,,
BBASW104,2025-09-23,,,,,
B3SAW104,2025-09-23,,,,,
BOVAV142W4,2025-09-23,,,,,
BBASW144,2025-09-23,,,,,
BPACV337,2025-09-23,,,,,
BBASK179,2025-09-23,,,,,
B3SAK167,2025-09-23,,,,,
BBASK169,2025-09-23,,,,,
ASAIK129,2025-09-23,,,,,
ALOSK234,2025-09-23,,,,,
BOVAJ131W4,2025-09-23,,,,,
BPACJ452,2025-09-23,,,,,
BOVAJ147W4,2025-09-23,,,,,
VALEJ431,2025-09-23,,,,,
BBDCK135,2025-09-23,,,,,
BOVAJ132W4,2025-09-23,,,,,
ABEVW152,2025-09-23,,,,,
CSANV450,2025-09-23,,,,,
AZZAW302,2025-09-23,,,,,
B3SAW144,2025-09-23,,,,,
BBDCT103,2025-09-23,,,,,
VALEV774,2025-09-23,,,,,
BBASW159,2025-09-23,,,,,
B3SAW169,2025-09-23,,,,,
GGBRV207,2025-09-23,,,,,
AZZAW322,2025-09-23,,,,,
AZZAK392,2025-09-23,,,,,
BOVAJ142W4,2025-09-23,,,,,
ABEVK152,2025-09-23,,,,,
AZZAK372,2025-09-23,,,,,
BBASK114,2025-09-23,,,,,
ABEVK112,2025-09-23,,,,,
BEEFJ431,2025-09-23,,,,,
B3SAK109,2025-09-23,,,,,
BBDCK115,2025-09-23,,,,,
ALPAK117,2025-09-23,,,,,
BPACJ322,2025-09-23,,,,,
BBASK134,2025-09-23,,,,,
ALOSK204,2025-09-23,,,,,
B3SAK169,2025-09-23,,,,,
ALPAK107,2025-09-23,,,,,
ITUBK334,2025-09-23,,,,,
ALPAK102,2025-09-23,,,,,
BBDCK120,2025-09-23,,,,,
ASAIK879,2025-09-23,,,,,
GGBRJ207,2025-09-23,,,,,
ABEVK162,2025-09-23,,,,,
ABEVK167,2025-09-23,,,,,
AZZAK367,2025-09-23,,,,,
BPACJ337,2025-09-23,,,,,
ALOSW249,2025-09-23,,,,,
B3SAW149,2025-09-23,,,,,
BBASW912,2025-09-23,,,,,
BOVAV121W4,2025-09-23,,,,,
AZZAW347,2025-09-23,,,,,
CSANV460,2025-09-23,,,,,
VALEV431,2025-09-23,,,,,
BBDCW155,2025-09-23,,,,,
ASAIW939,2025-09-23,,,,,
PRIOV477,2025-09-23,,,,,
BBASW992,2025-09-23,,,,,
AZZAW337,2025-09-23,,,,,
BOVAV132W4,2025-09-23,,,,,
ALPAW991,2025-09-23,,,,,
NVDCJ227,2025-09-23,,,,,
ABEVL142,2025-09-23,,,,,
PRIOK479,2025-09-23,,,,,
BBDCK119,2025-09-23,,,,,
ITSAK927,2025-09-23,,,,,
SMALB111,2025-09-23,,,,,
BOVAF134,2025-09-23,,,,,
BEEFW575,2025-09-23,,,,,
BBDCW209,2025-09-23,,,,,
BOVAW940,2025-09-23,,,,,
BBSEW282,2025-09-23,,,,,
ITSAW197,2025-09-23,,,,,
ABEVW109,2025-09-23,,,,,
BOVAW158,2025-09-23,,,,,
BOVAW102,2025-09-23,,,,,
ABEVW144,2025-09-23,,,,,
ABEVW169,2025-09-23,,,,,
BOVAW830,2025-09-23,,,,,
ITSAW937,2025-09-23,,,,,
ABEVW154,2025-09-23,,,,,
BOVAW174,2025-09-23,,,,,
ITSAW142,2025-09-23,,,,,
BBDCW119,2025-09-23,,,,,
BBSEK307,2025-09-23,,,,,
BOVAK108,2025-09-23,,,,,
BEEFK555,2025-09-23,,,,,
ITSAK957,2025-09-23,,,,,
BOVAF135,2025-09-23,,,,,
ITSAK887,2025-09-23,,,,,
BEEFK575,2025-09-23,,,,,
BBDCK126,2025-09-23,,,,,
BOVAK180,2025-09-23,,,,,
ITSAK787,2025-09-23,,,,,
BBSEK317,2025-09-23,,,,,
ITSAK977,2025-09-23,,,,,
BOVAF140,2025-09-23,,,,,
ITUBK309,2025-09-23,,,,,
BOVAK102,2025-09-23,,,,,
ITSAK747,2025-09-23,,,,,
BBDCK121,2025-09-23,,,,,
ITSAK807,2025-09-23,,,,,
BOVAW910,2025-09-23,,,,,
BOVAW860,2025-09-23,,,,,
BBSEW312,2025-09-23,,,,,
BBSEW382,2025-09-23,,,,,
ITSAW187,2025-09-23,,,,,
BOVAW890,2025-09-23,,,,,
BOVAW930,2025-09-23,,,,,
BBSEW307,2025-09-23,,,,,
BBDCW116,2025-09-23,,,,,
BBDCW124,2025-09-23,,,,,
BBDCW241,2025-09-23,,,,,
BBSEW297,2025-09-23,,,,,
ABEVW104,2025-09-23,,,,,
BOVAR132,2025-09-23,,,,,
BBSEW397,2025-09-23,,,,,
BOVAW900,2025-09-23,,,,,
BBSEK417,2025-09-23,,,,,
BBSEK407,2025-09-23,,,,,
BOVAK850,2025-09-23,,,,,
ITSAK907,2025-09-23,,,,,
BOVAK230,2025-09-23,,,,,
BBSEK322,2025-09-23,,,,,
BBDCK13,2025-09-23,,,,,
ABEVK104,2025-09-23,,,,,
PRIOI347W4,2025-09-23,,,,,
ELETK408,2025-09-23,,,,,
ITUBA318,2025-09-23,,,,,
ITUBA348,2025-09-23,,,,,
CPFEK427,2025-09-23,,,,,
BPACK415,2025-09-23,,,,,
COGNK278,2025-09-23,,,,,
COGNK193,2025-09-23,,,,,
CPLEK118,2025-09-23,,,,,
CASHK560,2025-09-23,,,,,
GOGLC908,2025-09-23,,,,,
BPANK820,2025-09-23,,,,,
BOVVK155,2025-09-23,,,,,
COGNK238,2025-09-23,,,,,
VLIDS21,2025-09-23,,,,,
TASAT569,2025-09-23,,,,,
ABEVX122,2025-09-23,,,,,
COGNW268,2025-09-23,,,,,
BRAVW205,2025-09-23,,,,,
BRAVW210,2025-09-23,,,,,
TOTSW438,2025-09-23,,,,,
CMINW672,2025-09-23,,,,,
BRAPW135,2025-09-23,,,,,
BRKMW980,2025-09-23,,,,,
KEPLM70,2025-09-23,,,,,
BPACW375,2025-09-23,,,,,
CPLEW113,2025-09-23,,,,,
CPLEW103,2025-09-23,,,,,
BPANW620,2025-09-23,,,,,
BRKMW960,2025-09-23,,,,,
BOVVW137,2025-09-23,,,,,
COGNW313,2025-09-23,,,,,
CASHW490,2025-09-23,,,,,
BRKMW760,2025-09-23,,,,,
CPFEW362,2025-09-23,,,,,
BRKMW780,2025-09-23,,,,,
MOTVW148,2025-09-23,,,,,
CPFEW372,2025-09-23,,,,,
RENTV736,2025-09-23,,,,,
BEEFW450,2025-09-23,,,,,
WEGEW323,2025-09-23,,,,,
CPLEK143,2025-09-23,,,,,
CASHK500,2025-09-23,,,,,
BRAPK205,2025-09-23,,,,,
CPLEK956,2025-09-23,,,,,
SBSPJ107,2025-09-23,,,,,
COGNK288,2025-09-23,,,,,
DXCOK679,2025-09-23,,,,,
COGNK228,2025-09-23,,,,,
BRAPW185,2025-09-23,,,,,
RENTV661,2025-09-23,,,,,
CMINW397,2025-09-23,,,,,
BRAVV282,2025-09-23,,,,,
COGNW333,2025-09-23,,,,,
CMINW417,2025-09-23,,,,,
CPLEW996,2025-09-23,,,,,
BPACJ555,2025-09-23,,,,,
BBDCK214,2025-09-23,,,,,
COGNK283,2025-09-23,,,,,
MOTVK138,2025-09-23,,,,,
CMINK487,2025-09-23,,,,,
BRAPK195,2025-09-23,,,,,
COGNK213,2025-09-23,,,,,
BOVVK129,2025-09-23,,,,,
PRIOK446,2025-09-23,,,,,
COGNK373,2025-09-23,,,,,
HAPVJ310,2025-09-23,,,,,
BPACK405,2025-09-23,,,,,
BPACJ332,2025-09-23,,,,,
BRAVK205,2025-09-23,,,,,
TOTSK438,2025-09-23,,,,,
EMBRK649,2025-09-23,,,,,
BRAVV287,2025-09-23,,,,,
HYPEW265,2025-09-23,,,,,
BRAVV350,2025-09-23,,,,,
BOVVW135,2025-09-23,,,,,
BRAVV292,2025-09-23,,,,,
BRAPW125,2025-09-23,,,,,
HAPVV270,2025-09-23,,,,,
BRAVW250,2025-09-23,,,,,
CASHK520,2025-09-23,,,,,
CASHK700,2025-09-23,,,,,
BOVVK131,2025-09-23,,,,,
BRAPK200,2025-09-23,,,,,
BPACK365,2025-09-23,,,,,
BRKMK780,2025-09-23,,,,,
COGNK258,2025-09-23,,,,,
BRAVK175,2025-09-23,,,,,
MOTVK158,2025-09-23,,,,,
PETRG303,2025-09-23,,,,,
VIVAG260,2025-09-23,,,,,
ITUBB445,2025-09-23,,,,,
BOVAS136,2025-09-23,,,,,
MGLUV796,2025-09-23,,,,,
PRIOG407,2025-09-23,,,,,
CSMGL269,2025-09-23,,,,,
FLRYL156,2025-09-23,,,,,
PRIOJ450W1,2025-09-23,,,,,
RDORJ369,2025-09-23,,,,,
BOVAG135,2025-09-23,,,,,
BOVAG140,2025-09-23,,,,,
BOVAG132,2025-09-23,,,,,
BBASL179,2025-09-23,,,,,
POSIT399,2025-09-23,,,,,
IRBRH499,2025-09-23,,,,,
BBASL18,2025-09-23,,,,,
GGBRH220,2025-09-23,,,,,
POSIH399,2025-09-23,,,,,
BBASK193,2025-09-23,,,,,
CSNAH900,2025-09-23,,,,,
BOVAG133,2025-09-23,,,,,
RAIZT150,2025-09-23,,,,,
BOVAS131,2025-09-23,,,,,
BBASX179,2025-09-23,,,,,
BOVAD800,2025-09-23,,,,,
BOVAG134,2025-09-23,,,,,
VALEK811,2025-09-23,,,,,
BOVAS134,2025-09-23,,,,,
BOVAS132,2025-09-23,,,,,
VBBRV249,2025-09-23,,,,,
ITUBP378,2025-09-23,,,,,
RENTX390,2025-09-23,,,,,
PRION482,2025-09-23,,,,,
KLBNM229,2025-09-23,,,,,
BBASR251,2025-09-23,,,,,
BOVAJ620,2025-09-23,,,,,
ITUBK337,2025-09-23,,,,,
BEEFK45,2025-09-23,,,,,
RAIZA120,2025-09-23,,,,,
RAIZA170,2025-09-23,,,,,
CSANJ430,2025-09-23,,,,,
RAIZA130,2025-09-23,,,,,
CVCBJ360,2025-09-23,,,,,
BRAVK255,2025-09-23,,,,,
RAIZA180,2025-09-23,,,,,
RAIZA900,2025-09-23,,,,,
CSANK540,2025-09-23,,,,,
RENTV746,2025-09-23,,,,,
PRIOW406,2025-09-23,,,,,
MOVIV167,2025-09-23,,,,,
BOVAW770,2025-09-23,,,,,
MRVEV980,2025-09-23,,,,,
ITUBW337,2025-09-23,,,,,
SUZBW485,2025-09-23,,,,,
CSANV400,2025-09-23,,,,,
BOVAV163,2025-09-23,,,,,
CVCBV360,2025-09-23,,,,,
CSANK115,2025-09-23,,,,,
CSANK560,2025-09-23,,,,,
VALEB663,2025-09-23,,,,,
FLRYK150,2025-09-23,,,,,
BBASJ185W4,2025-09-23,,,,,
ENGIK486,2025-09-23,,,,,
BBASJ190W2,2025-09-23,,,,,
RENTW324,2025-09-23,,,,,
RAIZM160,2025-09-23,,,,,
CSANV440,2025-09-23,,,,,
CSANV430,2025-09-23,,,,,
RAIZM110,2025-09-23,,,,,
BBDCW218,2025-09-23,,,,,
GGBRW122,2025-09-23,,,,,
RAIZM99,2025-09-23,,,,,
RENTW526,2025-09-23,,,,,
RENTW311,2025-09-23,,,,,
SLCEX199,2025-09-23,,,,,
BBASR241,2025-09-23,,,,,
BBDCR179,2025-09-23,,,,,
ISAEM211,2025-09-23,,,,,
IVVBX328,2025-09-23,,,,,
IVVBO388,2025-09-23,,,,,
CSNAW559,2025-09-23,,,,,
BBASV165W1,2025-09-23,,,,,
CSNAW519,2025-09-23,,,,,
VALEP548,2025-09-23,,,,,
ENEVW175,2025-09-23,,,,,
VALEP471,2025-09-23,,,,,
ITUBW409,2025-09-23,,,,,
PRIOW344,2025-09-23,,,,,
IRBRW495,2025-09-23,,,,,
KLBNX165,2025-09-23,,,,,
BRAVV317,2025-09-23,,,,,
CSNAW13,2025-09-23,,,,,
VALEV535W2,2025-09-23,,,,,
CSNAW539,2025-09-23,,,,,
VALEV540W2,2025-09-23,,,,,
USIMV477,2025-09-23,,,,,
KLBNW157,2025-09-23,,,,,
ECORW809,2025-09-23,,,,,
PETRP326,2025-09-23,,,,,
HYPEW259,2025-09-23,,,,,
CSNAW619,2025-09-23,,,,,
CYREK234,2025-09-23,,,,,
JHSFJ507,2025-09-23,,,,,
VALEJ520W1,2025-09-23,,,,,
CYREK224,2025-09-23,,,,,
PETRJ312W4,2025-09-23,,,,,
ITUBK325,2025-09-23,,,,,
USIMJ592,2025-09-23,,,,,
BBASJ190W1,2025-09-23,,,,,
IRBRK442,2025-09-23,,,,,
BBASJ175W1,2025-09-23,,,,,
IRBRK465,2025-09-23,,,,,
EGIEK403,2025-09-23,,,,,
SUZBJ51,2025-09-23,,,,,
BBASJ185W1,2025-09-23,,,,,
CYREK314,2025-09-23,,,,,
BBASJ190W4,2025-09-23,,,,,
JHSFK370,2025-09-23,,,,,
VALEJ570W4,2025-09-23,,,,,
VALEJ500W1,2025-09-23,,,,,
USIMK395,2025-09-23,,,,,
GOAUK827,2025-09-23,,,,,
ELETK461,2025-09-23,,,,,
GGBRK147,2025-09-23,,,,,
EQTLK358,2025-09-23,,,,,
ENGIK496,2025-09-23,,,,,
ITUBK372,2025-09-23,,,,,
JHSFJ467,2025-09-23,,,,,
VALEJ585W4,2025-09-23,,,,,
HAPVJ437,2025-09-23,,,,,
GGBRJ667,2025-09-23,,,,,
KLBNL190,2025-09-23,,,,,
ENEVK115,2025-09-23,,,,,
BBASJ210W4,2025-09-23,,,,,
HYPEK245,2025-09-23,,,,,
WEGEK495,2025-09-23,,,,,
ELETK466,2025-09-23,,,,,
GGBRW14,2025-09-23,,,,,
VALEV520W1,2025-09-23,,,,,
EGIEW448,2025-09-23,,,,,
PETRV305W2,2025-09-23,,,,,
VALEV520W2,2025-09-23,,,,,
GGBRW137,2025-09-23,,,,,
CSANV390,2025-09-23,,,,,
JHSFV727,2025-09-23,,,,,
JHSFV767,2025-09-23,,,,,
PETRP353,2025-09-23,,,,,
BBASW166,2025-09-23,,,,,
CSNAW102,2025-09-23,,,,,
USIMV592,2025-09-23,,,,,
GOAUW747,2025-09-23,,,,,
CVCBW230,2025-09-23,,,,,
CSNAW839,2025-09-23,,,,,
ELETX417,2025-09-23,,,,,
VALEV595W2,2025-09-23,,,,,
IBOVB156,2025-09-23,,,,,
VALED553,2025-09-23,,,,,
PETRD321,2025-09-23,,,,,
EZTCK157,2025-09-23,,,,,
ELETK401,2025-09-23,,,,,
JHSFK570,2025-09-23,,,,,
ELETK451,2025-09-23,,,,,
CSNAK619,2025-09-23,,,,,
ENEVK175,2025-09-23,,,,,
CVCBK240,2025-09-23,,,,,
IRBRK355,2025-09-23,,,,,
ELETK426,2025-09-23,,,,,
RENTK374,2025-09-23,,,,,
ITUBK344,2025-09-23,,,,,
GGBRW212,2025-09-23,,,,,
PETRW389,2025-09-23,,,,,
JHSFV517,2025-09-23,,,,,
VALEW846,2025-09-23,,,,,
KLBNX190,2025-09-23,,,,,
VALEP543,2025-09-23,,,,,
SUZBV970,2025-09-23,,,,,
CSNAW117,2025-09-23,,,,,
HYPEW245,2025-09-23,,,,,
CVCBW170,2025-09-23,,,,,
BEEFV731,2025-09-23,,,,,
EGIEW433,2025-09-23,,,,,
VALEP518,2025-09-23,,,,,
JHSFW500,2025-09-23,,,,,
SUZBV51,2025-09-23,,,,,
BBDCH186,2025-09-23,,,,,
JHSFJ527,2025-09-23,,,,,
KLBNL200,2025-09-23,,,,,
PETRD311,2025-09-23,,,,,
IRBRK420,2025-09-23,,,,,
EMBRJ123,2025-09-23,,,,,
JHSFJ422,2025-09-23,,,,,
ITUBK259,2025-09-23,,,,,
CYREK199,2025-09-23,,,,,
ELETK476,2025-09-23,,,,,
CYREW189,2025-09-23,,,,,
IRBRW457,2025-09-23,,,,,
ELETW436,2025-09-23,,,,,
PETRP296,2025-09-23,,,,,
VALEP533,2025-09-23,,,,,
RENTW364,2025-09-23,,,,,
USIMW395,2025-09-23,,,,,
PETRP316,2025-09-23,,,,,
GOAUW627,2025-09-23,,,,,
RENTV756,2025-09-23,,,,,
USIMW540,2025-09-23,,,,,
GOAUW647,2025-09-23,,,,,
CVCBW310,2025-09-23,,,,,
BBASV165W2,2025-09-23,,,,,
HYPEW220,2025-09-23,,,,,
BBASV160W2,2025-09-23,,,,,
PETRP341,2025-09-23,,,,,
JHSFV577,2025-09-23,,,,,
VALEW451,2025-09-23,,,,,
GOAUW105,2025-09-23,,,,,
BBASV170W1,2025-09-23,,,,,
VALEP478,2025-09-23,,,,,
VALEV530W2,2025-09-23,,,,,
VALEV570W4,2025-09-23,,,,,
JHSFV587,2025-09-23,,,,,
PETRP351,2025-09-23,,,,,
VALEP481,2025-09-23,,,,,
PETRP318,2025-09-23,,,,,
GGBRW142,2025-09-23,,,,,
VALEP493,2025-09-23,,,,,
VALEP558,2025-09-23,,,,,
PETRP338,2025-09-23,,,,,
PETRP281,2025-09-23,,,,,
USIMW550,2025-09-23,,,,,
EQTLW313,2025-09-23,,,,,
KLBNX170,2025-09-23,,,,,
GOAUW787,2025-09-23,,,,,
BBASV160W1,2025-09-23,,,,,
VALEV535W4,2025-09-23,,,,,
PETRD296,2025-09-23,,,,,
KLBNK232,2025-09-23,,,,,
ENEVK180,2025-09-23,,,,,
PETRJ302W2,2025-09-23,,,,,
PETRK264,2025-09-23,,,,,
GGBRK197,2025-09-23,,,,,
GGBRK14,2025-09-23,,,,,
IRBRK350,2025-09-23,,,,,
JHSFJ442,2025-09-23,,,,,
EGIEK368,2025-09-23,,,,,
PRIOK491,2025-09-23,,,,,
HAPVK370,2025-09-23,,,,,
ITUBK319,2025-09-23,,,,,
EGIEK413,2025-09-23,,,,,
VALEJ600W4,2025-09-23,,,,,
BBASJ170W1,2025-09-23,,,,,
IBOVB152,2025-09-23,,,,,
CSNAK919,2025-09-23,,,,,
PETRD341,2025-09-23,,,,,
CSANK510,2025-09-23,,,,,
ELETK421,2025-09-23,,,,,
BBASJ200W4,2025-09-23,,,,,
SBSPL112,2025-09-23,,,,,
JHSFJ432,2025-09-23,,,,,
VALED563,2025-09-23,,,,,
USIMJ572,2025-09-23,,,,,
HAPVV437,2025-09-23,,,,,
FLRYW140,2025-09-23,,,,,
IRBRW467,2025-09-23,,,,,
VALEV555W1,2025-09-23,,,,,
IRBRW540,2025-09-23,,,,,
BOVAV290,2025-09-23,,,,,
GGBRW102,2025-09-23,,,,,
KLBNW152,2025-09-23,,,,,
VALEV555W2,2025-09-23,,,,,
PETRP321,2025-09-23,,,,,
ENGIW476,2025-09-23,,,,,
BBDCV362,2025-09-23,,,,,
CYREW249,2025-09-23,,,,,
PETRP343,2025-09-23,,,,,
VALEP573,2025-09-23,,,,,
VALEP513,2025-09-23,,,,,
VALEV525W2,2025-09-23,,,,,
ENGIW421,2025-09-23,,,,,
CSNAW859,2025-09-23,,,,,
VALEV560W2,2025-09-23,,,,,
PETRV310W4,2025-09-23,,,,,
EQTLW318,2025-09-23,,,,,
ELETW451,2025-09-23,,,,,
ELETW401,2025-09-23,,,,,
IBOVN150,2025-09-23,,,,,
ELETW406,2025-09-23,,,,,
ELETX41,2025-09-23,,,,,
VALEV585W4,2025-09-23,,,,,
KLBNX200,2025-09-23,,,,,
BBASV240W4,2025-09-23,,,,,
JHSFV747,2025-09-23,,,,,
VALEP583,2025-09-23,,,,,
GOAUW767,2025-09-23,,,,,
VALEV595W4,2025-09-23,,,,,
HAPVW290,2025-09-23,,,,,
EGIEW358,2025-09-23,,,,,
ELETW416,2025-09-23,,,,,
ENGIW426,2025-09-23,,,,,
BRAVV312,2025-09-23,,,,,
VALEX469,2025-09-23,,,,,
VBBRW227,2025-09-23,,,,,
PETRX278,2025-09-23,,,,,
RENTM521,2025-09-23,,,,,
RADLM293,2025-09-23,,,,,
IRBRV595,2025-09-23,,,,,
BBASJ180W1,2025-09-23,,,,,
HAPVK375,2025-09-23,,,,,
VALED543,2025-09-23,,,,,
JHSFJ382,2025-09-23,,,,,
SBSPL110,2025-09-23,,,,,
FLRYK160,2025-09-23,,,,,
ENGIK471,2025-09-23,,,,,
BBDCJ970,2025-09-23,,,,,
IRBRJ407,2025-09-23,,,,,
PRIOL386,2025-09-23,,,,,
SMALJ995,2025-09-23,,,,,
IRBRJ625,2025-09-23,,,,,
ENEVL165,2025-09-23,,,,,
IBOVB153,2025-09-23,,,,,
SMALJ985,2025-09-23,,,,,
SMALJ905,2025-09-23,,,,,
SMALJ965,2025-09-23,,,,,
IRBRJ575,2025-09-23,,,,,
SMALV117,2025-09-23,,,,,
IRBRV427,2025-09-23,,,,,
SMALV995,2025-09-23,,,,,
ENEVM155,2025-09-23,,,,,
PRIOX396,2025-09-23,,,,,
IRBRV407,2025-09-23,,,,,
SMALV123,2025-09-23,,,,,
MGLUV183,2025-09-23,,,,,
SMALV925,2025-09-23,,,,,
IRBRV585,2025-09-23,,,,,
SMALV965,2025-09-23,,,,,
IRBRJ432,2025-09-23,,,,,
MGLUJ163,2025-09-23,,,,,
INBRL420,2025-09-23,,,,,
IRBRJ492,2025-09-23,,,,,
NATUK880,2025-09-23,,,,,
CSNAK749,2025-09-23,,,,,
QUALK219,2025-09-23,,,,,
SMALV975,2025-09-23,,,,,
IRBRV625,2025-09-23,,,,,
PRIOX389,2025-09-23,,,,,
SMALV905,2025-09-23,,,,,
PRIOX399,2025-09-23,,,,,
RENTW521,2025-09-23,,,,,
VALEX699,2025-09-23,,,,,
PETZX691,2025-09-23,,,,,
RAIZW160,2025-09-23,,,,,
ISAEX234,2025-09-23,,,,,
SUZBX822,2025-09-23,,,,,
BEEFV791,2025-09-23,,,,,
POSIW443,2025-09-23,,,,,
WEGEK465,2025-09-23,,,,,
BBDCK223,2025-09-23,,,,,
RAILK196,2025-09-23,,,,,
TIMSA244,2025-09-23,,,,,
RENTK351,2025-09-23,,,,,
RENTK341,2025-09-23,,,,,
BRAVK247,2025-09-23,,,,,
GGBRW205,2025-09-23,,,,,
BOVAV101,2025-09-23,,,,,
LRENW136,2025-09-23,,,,,
RAIZW290,2025-09-23,,,,,
SUZBW475,2025-09-23,,,,,
GGBRW998,2025-09-23,,,,,
RAILW166,2025-09-23,,,,,
BPACK655,2025-09-23,,,,,
MRVEK640,2025-09-23,,,,,
LWSAK500,2025-09-23,,,,,
RAIZK240,2025-09-23,,,,,
TIMSA219,2025-09-23,,,,,
MRVEK660,2025-09-23,,,,,
BOVAK33,2025-09-23,,,,,
ELETW42,2025-09-23,,,,,
LWSAW720,2025-09-23,,,,,
NATUW134,2025-09-23,,,,,
NATUW680,2025-09-23,,,,,
SUZBW478,2025-09-23,,,,,
PCARW370,2025-09-23,,,,,
RAILW206,2025-09-23,,,,,
BBSET280,2025-09-23,,,,,
PETZW451,2025-09-23,,,,,
MRVEW940,2025-09-23,,,,,
SUZBW520,2025-09-23,,,,,
GGBRV262,2025-09-23,,,,,
SMTOV183,2025-09-23,,,,,
NATUW740,2025-09-23,,,,,
NATUW700,2025-09-23,,,,,
MRVEW740,2025-09-23,,,,,
RADLW223,2025-09-23,,,,,
PETZW381,2025-09-23,,,,,
SUZBW460,2025-09-23,,,,,
RADLW213,2025-09-23,,,,,
BRAVW227,2025-09-23,,,,,
POSIW423,2025-09-23,,,,,
CSANW810,2025-09-23,,,,,
NATUW980,2025-09-23,,,,,
MULTK266,2025-09-23,,,,,
RENTK406,2025-09-23,,,,,
RAIZK700,2025-09-23,,,,,
CSNAK769,2025-09-23,,,,,
LWSAK470,2025-09-23,,,,,
POSIK413,2025-09-23,,,,,
RADLK168,2025-09-23,,,,,
ITUBK252,2025-09-23,,,,,
NATUK134,2025-09-23,,,,,
MRVEW840,2025-09-23,,,,,
MULTW231,2025-09-23,,,,,
BRAVV322,2025-09-23,,,,,
BOVAV161,2025-09-23,,,,,
RAIZW230,2025-09-23,,,,,
PETZW541,2025-09-23,,,,,
NATUW780,2025-09-23,,,,,
RADLW193,2025-09-23,,,,,
ELETW458,2025-09-23,,,,,
BEEFV921,2025-09-23,,,,,
RAIZW320,2025-09-23,,,,,
SUZBW550,2025-09-23,,,,,
SUZBW653,2025-09-23,,,,,
TIMSM219,2025-09-23,,,,,
EQTLM303,2025-09-23,,,,,
TIMSM196,2025-09-23,,,,,
BBDCW233,2025-09-23,,,,,
CSANW830,2025-09-23,,,,,
ELETW413,2025-09-23,,,,,
BPACW422,2025-09-23,,,,,
BRAVW177,2025-09-23,,,,,
ELETW473,2025-09-23,,,,,
BPACM430,2025-09-23,,,,,
CSANV170,2025-09-23,,,,,
RAILW196,2025-09-23,,,,,
RENTK386,2025-09-23,,,,,
POSIK433,2025-09-23,,,,,
ELETK463,2025-09-23,,,,,
RAIZK280,2025-09-23,,,,,
ELETK528,2025-09-23,,,,,
MULTK306,2025-09-23,,,,,
BBSEH280,2025-09-23,,,,,
ELETK508,2025-09-23,,,,,
B3SAK212,2025-09-23,,,,,
NATUK140,2025-09-23,,,,,
RADLK213,2025-09-23,,,,,
PRIOK471,2025-09-23,,,,,
ITUBJ493,2025-09-23,,,,,
SUZBK598,2025-09-23,,,,,
PCARK330,2025-09-23,,,,,
NATUK920,2025-09-23,,,,,
MULTK256,2025-09-23,,,,,
MULTK281,2025-09-23,,,,,
GGBRK150,2025-09-23,,,,,
RAIZK270,2025-09-23,,,,,
RAIZK310,2025-09-23,,,,,
BEEFK625,2025-09-23,,,,,
MRVEW560,2025-09-23,,,,,
NATUW100,2025-09-23,,,,,
EQTLM345,2025-09-23,,,,,
POSIW493,2025-09-23,,,,,
SUZBW430,2025-09-23,,,,,
SUZBW473,2025-09-23,,,,,
LWSAW520,2025-09-23,,,,,
BPACM340,2025-09-23,,,,,
PETZW501,2025-09-23,,,,,
ELETW425,2025-09-23,,,,,
NATUW720,2025-09-23,,,,,
BRAVW222,2025-09-23,,,,,
VALEV416,2025-09-23,,,,,
RAIZW180,2025-09-23,,,,,
RENTW361,2025-09-23,,,,,
MULTW326,2025-09-23,,,,,
SUZBW488,2025-09-23,,,,,
NATUW150,2025-09-23,,,,,
RENTW331,2025-09-23,,,,,
RENTW321,2025-09-23,,,,,
BRAVK265,2025-09-23,,,,,
RAIZK220,2025-09-23,,,,,
NATUK840,2025-09-23,,,,,
RAIZK180,2025-09-23,,,,,
PRIOK456,2025-09-23,,,,,
RAILK101,2025-09-23,,,,,
LWSAK420,2025-09-23,,,,,
RAIZK230,2025-09-23,,,,,
ELETK498,2025-09-23,,,,,
RADLK218,2025-09-23,,,,,
XPBRK114,2025-09-23,,,,,
ITUBK351,2025-09-23,,,,,
USIMK10,2025-09-23,,,,,
RDORJ391,2025-09-23,,,,,
B3SAB133,2025-09-23,,,,,
PETRB143,2025-09-23,,,,,
BOVAA402,2025-09-23,,,,,
EMBRI890W4,2025-09-23,,,,,
LRENI185W4,2025-09-23,,,,,
BBASI185W4,2025-09-23,,,,,
BOVAI116W4,2025-09-23,,,,,
ITUBI375W4,2025-09-23,,,,,
CSANI540W4,2025-09-23,,,,,
SANBK297,2025-09-23,,,,,
PCARJ723,2025-09-23,,,,,
GGBRI190W4,2025-09-23,,,,,
CSNAW167,2025-09-23,,,,,
VALEM448,2025-09-23,,,,,
WEGEU415W4,2025-09-23,,,,,
WEGEW40,2025-09-23,,,,,
SUZBU475W4,2025-09-23,,,,,
USIMU350W4,2025-09-23,,,,,
USIMU450W4,2025-09-23,,,,,
VALEU500W4,2025-09-23,,,,,
BBASU145W4,2025-09-23,,,,,
BRAVU205W4,2025-09-23,,,,,
VALEU670W4,2025-09-23,,,,,
NATUU100W4,2025-09-23,,,,,
ITUBU335W4,2025-09-23,,,,,
TAEEK281,2025-09-23,,,,,
BHIAI310W4,2025-09-23,,,,,
NEOEJ299,2025-09-23,,,,,
NEOEJ277,2025-09-23,,,,,
RENTI365W4,2025-09-23,,,,,
LRENI220W4,2025-09-23,,,,,
WEGEK425,2025-09-23,,,,,
CSNAI860W4,2025-09-23,,,,,
VBBRK177,2025-09-23,,,,,
RENTI360W4,2025-09-23,,,,,
CSANI740W4,2025-09-23,,,,,
PETZJ560,2025-09-23,,,,,
BOVAI156W4,2025-09-23,,,,,
SMALK104,2025-09-23,,,,,
LRENI215W4,2025-09-23,,,,,
BOVAU162W4,2025-09-23,,,,,
CSNAU700W4,2025-09-23,,,,,
USIMW330,2025-09-23,,,,,
BBDCU192W4,2025-09-23,,,,,
CSNAU620W4,2025-09-23,,,,,
CSANU540W4,2025-09-23,,,,,
EMBRU870W4,2025-09-23,,,,,
LRENU145W4,2025-09-23,,,,,
VIVAW288,2025-09-23,,,,,
CVCBV820,2025-09-23,,,,,
HAPVV545,2025-09-23,,,,,
RENTU360W4,2025-09-23,,,,,
SBSPW119,2025-09-23,,,,,
BEEFU700W4,2025-09-23,,,,,
ITUBU355W4,2025-09-23,,,,,
TIMSW246,2025-09-23,,,,,
EMBRU880W4,2025-09-23,,,,,
EMBRU850W4,2025-09-23,,,,,
WEGEU410W4,2025-09-23,,,,,
BRAVU175W4,2025-09-23,,,,,
BBDCU157W4,2025-09-23,,,,,
RENTI340W4,2025-09-23,,,,,
SBSPK127,2025-09-23,,,,,
TIMSK236,2025-09-23,,,,,
NATUI800W4,2025-09-23,,,,,
USIMI420W4,2025-09-23,,,,,
BEEFI700W4,2025-09-23,,,,,
VBBRK212,2025-09-23,,,,,
RENTI385W4,2025-09-23,,,,,
TIMSK221,2025-09-23,,,,,
USIMK340,2025-09-23,,,,,
BRAVI220W4,2025-09-23,,,,,
BRAVI175W4,2025-09-23,,,,,
CASHJ560,2025-09-23,,,,,
VIVTK344,2025-09-23,,,,,
PCARJ763,2025-09-23,,,,,
BBASI170W4,2025-09-23,,,,,
BOVVI144W4,2025-09-23,,,,,
WEGEK460,2025-09-23,,,,,
NATUI960W4,2025-09-23,,,,,
VIVTK314,2025-09-23,,,,,
UGPAW180,2025-09-23,,,,,
SMALW118,2025-09-23,,,,,
GGBRU155W4,2025-09-23,,,,,
QUALV284,2025-09-23,,,,,
SMALU102W4,2025-09-23,,,,,
WEGEW425,2025-09-23,,,,,
B3SAU100W4,2025-09-23,,,,,
B3SAU120W4,2025-09-23,,,,,
ITUBU400W4,2025-09-23,,,,,
USIMU380W4,2025-09-23,,,,,
ABEVU115W4,2025-09-23,,,,,
VBBRW232,2025-09-23,,,,,
ITUBU415W4,2025-09-23,,,,,
HAPVU335W4,2025-09-23,,,,,
CASHV560,2025-09-23,,,,,
USIMU580W4,2025-09-23,,,,,
COGNV933,2025-09-23,,,,,
BEEFU620W4,2025-09-23,,,,,
GGBRU150W4,2025-09-23,,,,,
BBASU185W4,2025-09-23,,,,,
BEEFU580W4,2025-09-23,,,,,
USIMU500W4,2025-09-23,,,,,
WEGEU420W4,2025-09-23,,,,,
NEOEV304,2025-09-23,,,,,
PCARV683,2025-09-23,,,,,
CASHV520,2025-09-23,,,,,
PETZV660,2025-09-23,,,,,
VIVTW324,2025-09-23,,,,,
HAPVU380W4,2025-09-23,,,,,
SLCEW149,2025-09-23,,,,,
CVCBV980,2025-09-23,,,,,
NATUU840W4,2025-09-23,,,,,
SANBW252,2025-09-23,,,,,
COGNU340W4,2025-09-23,,,,,
NEOEV279,2025-09-23,,,,,
USIMW470,2025-09-23,,,,,
NATUU780W4,2025-09-23,,,,,
SMALU106W4,2025-09-23,,,,,
SLCEW154,2025-09-23,,,,,
LRENU185W4,2025-09-23,,,,,
VBBRW212,2025-09-23,,,,,
CASHV580,2025-09-23,,,,,
BOVVU134W4,2025-09-23,,,,,
NEOEV269,2025-09-23,,,,,
PETZV560,2025-09-23,,,,,
ITUBU345W4,2025-09-23,,,,,
USIMK330,2025-09-23,,,,,
NATUI115W4,2025-09-23,,,,,
NEOEJ284,2025-09-23,,,,,
EMBRI700W4,2025-09-23,,,,,
VALEI490W4,2025-09-23,,,,,
USIMI500W4,2025-09-23,,,,,
BOVVI146W4,2025-09-23,,,,,
BBASI145W4,2025-09-23,,,,,
SLCEK149,2025-09-23,,,,,
NATUI110W4,2025-09-23,,,,,
BEEFI600W4,2025-09-23,,,,,
SANBK312,2025-09-23,,,,,
VALEI660W4,2025-09-23,,,,,
BEEFI660W4,2025-09-23,,,,,
USIMK490,2025-09-23,,,,,
BRAVI210W4,2025-09-23,,,,,
BBDCI147W4,2025-09-23,,,,,
VBBRK247,2025-09-23,,,,,
BHIAI380W4,2025-09-23,,,,,
B3SAI120W4,2025-09-23,,,,,
VBBRK257,2025-09-23,,,,,
WEGEK449,2025-09-23,,,,,
SMTOK161,2025-09-23,,,,,
USIMK640,2025-09-23,,,,,
VALEI480W4,2025-09-23,,,,,
TIMSK241,2025-09-23,,,,,
WEGEI400W4,2025-09-23,,,,,
ABEVI140W4,2025-09-23,,,,,
TOTSK448,2025-09-23,,,,,
COGNI360W4,2025-09-23,,,,,
NEOEJ287,2025-09-23,,,,,
SMALW950,2025-09-23,,,,,
LRENU180W4,2025-09-23,,,,,
LRENU140W4,2025-09-23,,,,,
WEGEW445,2025-09-23,,,,,
PETZV840,2025-09-23,,,,,
WEGEW305,2025-09-23,,,,,
USIMU460W4,2025-09-23,,,,,
WEGEW380,2025-09-23,,,,,
BEEFU680W4,2025-09-23,,,,,
SMALU104W4,2025-09-23,,,,,
YDUQW150,2025-09-23,,,,,
VBBRW197,2025-09-23,,,,,
B3SAU115W4,2025-09-23,,,,,
ITUBU330W4,2025-09-23,,,,,
BBDCU152W4,2025-09-23,,,,,
SMTOW201,2025-09-23,,,,,
LRENU175W4,2025-09-23,,,,,
LRENU135W4,2025-09-23,,,,,
CSNAU760W4,2025-09-23,,,,,
WEGEU380W4,2025-09-23,,,,,
USIMK780,2025-09-23,,,,,
COGNI260W4,2025-09-23,,,,,
NATUI125W4,2025-09-23,,,,,
VIVTK254,2025-09-23,,,,,
RENTI355W4,2025-09-23,,,,,
BOVAI164W4,2025-09-23,,,,,
PCARJ663,2025-09-23,,,,,
NEOEJ272,2025-09-23,,,,,
PETZJ490,2025-09-23,,,,,
ITUBI360W4,2025-09-23,,,,,
SMTOK241,2025-09-23,,,,,
UGPAK225,2025-09-23,,,,,
USIMK520,2025-09-23,,,,,
BEEFI680W4,2025-09-23,,,,,
CASHJ520,2025-09-23,,,,,
ITUBI420W4,2025-09-23,,,,,
BOVAI108W4,2025-09-23,,,,,
ITUBI340W4,2025-09-23,,,,,
SUZBU520W4,2025-09-23,,,,,
PCARV623,2025-09-23,,,,,
TAEEW301,2025-09-23,,,,,
ABEVU140W4,2025-09-23,,,,,
BHIAU320W4,2025-09-23,,,,,
BOVAU118W4,2025-09-23,,,,,
PCARV523,2025-09-23,,,,,
WEGEW435,2025-09-23,,,,,
BBASU170W4,2025-09-23,,,,,
USIMW680,2025-09-23,,,,,
BBDCU162W4,2025-09-23,,,,,
BRAVU165W4,2025-09-23,,,,,
HAPVU390W4,2025-09-23,,,,,
SBSPW106,2025-09-23,,,,,
CSNAU680W4,2025-09-23,,,,,
USIMW660,2025-09-23,,,,,
VBBRW182,2025-09-23,,,,,
USIMI520W4,2025-09-23,,,,,
NEOEJ322,2025-09-23,,,,,
BBASI190W4,2025-09-23,,,,,
WEGEI355W4,2025-09-23,,,,,
ITUBI350W4,2025-09-23,,,,,
HAPVI365W4,2025-09-23,,,,,
SUZBI500W4,2025-09-23,,,,,
TOTSK428,2025-09-23,,,,,
BOVVU142W4,2025-09-23,,,,,
AGROP205,2025-09-23,,,,,
HAPVV585,2025-09-23,,,,,
SMTOW131,2025-09-23,,,,,
SMALU100W4,2025-09-23,,,,,
PCARV580,2025-09-23,,,,,
USIMV347,2025-09-23,,,,,
EMBRU890W4,2025-09-23,,,,,
CSNAU720W4,2025-09-23,,,,,
USIMW720,2025-09-23,,,,,
CSNAU840W4,2025-09-23,,,,,
SANBW247,2025-09-23,,,,,
PETZV490,2025-09-23,,,,,
LRENU130W4,2025-09-23,,,,,
CSANU520W4,2025-09-23,,,,,
BEEFU660W4,2025-09-23,,,,,
CSANU500W4,2025-09-23,,,,,
COGNU280W4,2025-09-23,,,,,
ITUBU340W4,2025-09-23,,,,,
SANBW317,2025-09-23,,,,,
YDUQW160,2025-09-23,,,,,
USIMW380,2025-09-23,,,,,
USIMV337,2025-09-23,,,,,
RADLW160,2025-09-23,,,,,
PCARJ743,2025-09-23,,,,,
PRIOI417W4,2025-09-23,,,,,
MGLUI860W4,2025-09-23,,,,,
MGLUI720W4,2025-09-23,,,,,
MGLUI820W4,2025-09-23,,,,,
MGLUI780W4,2025-09-23,,,,,
MGLUI880W4,2025-09-23,,,,,
PRIOI357W4,2025-09-23,,,,,
SUZBI495W4,2025-09-23,,,,,
MOVIK913,2025-09-23,,,,,
PRIOK486,2025-09-23,,,,,
PETRK118,2025-09-23,,,,,
PETRK115,2025-09-23,,,,,
SMFTK263,2025-09-23,,,,,
BRSRK127,2025-09-23,,,,,
ITUBL1,2025-09-23,,,,,
USIMW360,2025-09-23,,,,,
RENTU405W4,2025-09-23,,,,,
PRIOU437W4,2025-09-23,,,,,
PRIOU352W4,2025-09-23,,,,,
PRIOU357W4,2025-09-23,,,,,
PRIOU397W4,2025-09-23,,,,,
CVCBV740,2025-09-23,,,,,
WEGEW325,2025-09-23,,,,,
MGLUU600W4,2025-09-23,,,,,
MGLUU700W4,2025-09-23,,,,,
MGLUU580W4,2025-09-23,,,,,
MGLUU720W4,2025-09-23,,,,,
MGLUU860W4,2025-09-23,,,,,
MGLUU820W4,2025-09-23,,,,,
B3SAU145W4,2025-09-23,,,,,
VALEO630,2025-09-23,,,,,
VALEW806,2025-09-23,,,,,
PETRN243,2025-09-23,,,,,
VALEX694,2025-09-23,,,,,
RENTX349,2025-09-23,,,,,
RDORX366,2025-09-23,,,,,
HAPVX35,2025-09-23,,,,,
CSANX570,2025-09-23,,,,,
VALEN638,2025-09-23,,,,,
BBASM213,2025-09-23,,,,,
BMGBW372,2025-09-23,,,,,
PRIOX379,2025-09-23,,,,,
DIRRW161,2025-09-23,,,,,
PETRU270W4,2025-09-23,,,,,
RAPTW735,2025-09-23,,,,,
DIRRW146,2025-09-23,,,,,
LJQQW249,2025-09-23,,,,,
LWSAX295,2025-09-23,,,,,
MGLUW148,2025-09-23,,,,,
PETRW306,2025-09-23,,,,,
DIRRW131,2025-09-23,,,,,
INTBW130,2025-09-23,,,,,
PETRU280W4,2025-09-23,,,,,
ARMLW324,2025-09-23,,,,,
PETRU385W4,2025-09-23,,,,,
AUREW914,2025-09-23,,,,,
BRAVX202,2025-09-23,,,,,
POMOW910,2025-09-23,,,,,
ABCBW210,2025-09-23,,,,,
INTBW125,2025-09-23,,,,,
CEABW163,2025-09-23,,,,,
ISAEW236,2025-09-23,,,,,
VALEX514,2025-09-23,,,,,
KLBNX184,2025-09-23,,,,,
BHIAW310,2025-09-23,,,,,
PETRI360W4,2025-09-23,,,,,
CEABK203,2025-09-23,,,,,
BOVAJ985,2025-09-23,,,,,
TUPYK150,2025-09-23,,,,,
PETRK135,2025-09-23,,,,,
PETRK163,2025-09-23,,,,,
MGLUK714,2025-09-23,,,,,
BPACI400W4,2025-09-23,,,,,
ANIMJ205,2025-09-23,,,,,
PETRK238,2025-09-23,,,,,
ANIMJ245,2025-09-23,,,,,
BPACI405W4,2025-09-23,,,,,
PETRK148,2025-09-23,,,,,
ITUBK462,2025-09-23,,,,,
CSANL830,2025-09-23,,,,,
CEABK198,2025-09-23,,,,,
PETRK155,2025-09-23,,,,,
SMFTK253,2025-09-23,,,,,
CURYJ238,2025-09-23,,,,,
LJQQK290,2025-09-23,,,,,
IRBRL472,2025-09-23,,,,,
PRIOL376,2025-09-23,,,,,
CURYK343,2025-09-23,,,,,
VLIDK206,2025-09-23,,,,,
NVDCJ160,2025-09-23,,,,,
PETRK368,2025-09-23,,,,,
BPACI390W4,2025-09-23,,,,,
PETRK123,2025-09-23,,,,,
PETRK143,2025-09-23,,,,,
RAPTK675,2025-09-23,,,,,
CSANK480,2025-09-23,,,,,
PETRK243,2025-09-23,,,,,
DIRRK156,2025-09-23,,,,,
INTBK160,2025-09-23,,,,,
DIRRK146,2025-09-23,,,,,
VLIDK231,2025-09-23,,,,,
MDIAK300,2025-09-23,,,,,
CEABK163,2025-09-23,,,,,
BBSEL354,2025-09-23,,,,,
CEABW143,2025-09-23,,,,,
BPACU380W4,2025-09-23,,,,,
BPACU385W4,2025-09-23,,,,,
MRVEV125,2025-09-23,,,,,
BBDCX166,2025-09-23,,,,,
PETRX288,2025-09-23,,,,,
WEGEX378,2025-09-23,,,,,
BRAVW275,2025-09-23,,,,,
BPACU370W4,2025-09-23,,,,,
CSANX760,2025-09-23,,,,,
BPACU420W4,2025-09-23,,,,,
CURYW308,2025-09-23,,,,,
ANIMW305,2025-09-23,,,,,
VAMOW340,2025-09-23,,,,,
MGLUW774,2025-09-23,,,,,
SEERV860,2025-09-23,,,,,
BBSEL364,2025-09-23,,,,,
CEABK178,2025-09-23,,,,,
CBAVK330,2025-09-23,,,,,
PETRK253,2025-09-23,,,,,
SIMHK433,2025-09-23,,,,,
DIRRK151,2025-09-23,,,,,
WEGEK433,2025-09-23,,,,,
SAPRK343,2025-09-23,,,,,
DIRRK166,2025-09-23,,,,,
VALEL584,2025-09-23,,,,,
PETRK188,2025-09-23,,,,,
SEERJ590,2025-09-23,,,,,
GUARJ698,2025-09-23,,,,,
PETRL311,2025-09-23,,,,,
POMOK890,2025-09-23,,,,,
CEABK173,2025-09-23,,,,,
MGLUW744,2025-09-23,,,,,
VLIDW221,2025-09-23,,,,,
SIMHW403,2025-09-23,,,,,
PETRX281,2025-09-23,,,,,
LRENX161,2025-09-23,,,,,
BRAVX197,2025-09-23,,,,,
PETRX291,2025-09-23,,,,,
HAPVX380,2025-09-23,,,,,
MGLUW714,2025-09-23,,,,,
VLIDW181,2025-09-23,,,,,
CURYW348,2025-09-23,,,,,
RENTW359,2025-09-23,,,,,
BRAVV347,2025-09-23,,,,,
BBDCX257,2025-09-23,,,,,
BOVAV540,2025-09-23,,,,,
LJQQW270,2025-09-23,,,,,
MOVIK713,2025-09-23,,,,,
SUZBL527,2025-09-23,,,,,
BRAVL205,2025-09-23,,,,,
CURYJ311,2025-09-23,,,,,
BRAVL202,2025-09-23,,,,,
SMFTK283,2025-09-23,,,,,
CMINL482,2025-09-23,,,,,
ABEVL113,2025-09-23,,,,,
PSSAK581,2025-09-23,,,,,
CSANL780,2025-09-23,,,,,
RENTK359,2025-09-23,,,,,
SIMHK633,2025-09-23,,,,,
SMALL103,2025-09-23,,,,,
BRAPL164,2025-09-23,,,,,
BHIAK320,2025-09-23,,,,,
SEERJ530,2025-09-23,,,,,
MOVIW713,2025-09-23,,,,,
PETRU410W4,2025-09-23,,,,,
BRAVV342,2025-09-23,,,,,
MOVIW873,2025-09-23,,,,,
MOVIW893,2025-09-23,,,,,
VAMOW490,2025-09-23,,,,,
VALEW841,2025-09-23,,,,,
VLIDW191,2025-09-23,,,,,
PETRW178,2025-09-23,,,,,
WEGEW433,2025-09-23,,,,,
RAILX164,2025-09-23,,,,,
PETRW193,2025-09-23,,,,,
PETRU275W4,2025-09-23,,,,,
ELETX439,2025-09-23,,,,,
SAPRX280,2025-09-23,,,,,
PETRW378,2025-09-23,,,,,
VBBRX223,2025-09-23,,,,,
SLCEX177,2025-09-23,,,,,
CEABW158,2025-09-23,,,,,
FLRYX148,2025-09-23,,,,,
PETRU225W4,2025-09-23,,,,,
SIMHW513,2025-09-23,,,,,
PSSAW511,2025-09-23,,,,,
VAMOW440,2025-09-23,,,,,
ELETL437,2025-09-23,,,,,
PETRK245,2025-09-23,,,,,
CSANL760,2025-09-23,,,,,
POMOK107,2025-09-23,,,,,
MOVIK613,2025-09-23,,,,,
ELETL473,2025-09-23,,,,,
LJQQK310,2025-09-23,,,,,
RAPTK735,2025-09-23,,,,,
POMOL840,2025-09-23,,,,,
SAPRK318,2025-09-23,,,,,
PETRI345W4,2025-09-23,,,,,
PETRI375W4,2025-09-23,,,,,
ANIMK375,2025-09-23,,,,,
MOVIK633,2025-09-23,,,,,
BRAVW135,2025-09-23,,,,,
HAPVX370,2025-09-23,,,,,
RAIZX195,2025-09-23,,,,,
GMATW689,2025-09-23,,,,,
RAIZX205,2025-09-23,,,,,
CSANX780,2025-09-23,,,,,
BBSEX352,2025-09-23,,,,,
GMATW629,2025-09-23,,,,,
RENTW296,2025-09-23,,,,,
WEGEW443,2025-09-23,,,,,
CSANW660,2025-09-23,,,,,
CSANW850,2025-09-23,,,,,
LJQQW230,2025-09-23,,,,,
BBDCX143,2025-09-23,,,,,
BBDCW238,2025-09-23,,,,,
PETRK233,2025-09-23,,,,,
BBDCK992,2025-09-23,,,,,
VAMOK420,2025-09-23,,,,,
PETRK240,2025-09-23,,,,,
ITUBL2,2025-09-23,,,,,
BBDCL143,2025-09-23,,,,,
PETRL30,2025-09-23,,,,,
BRAVL197,2025-09-23,,,,,
VAMOK350,2025-09-23,,,,,
MOVIJ780,2025-09-23,,,,,
BBASK161,2025-09-23,,,,,
WEGEK378,2025-09-23,,,,,
BBSEL352,2025-09-23,,,,,
BBASL196,2025-09-23,,,,,
PRIOL404,2025-09-23,,,,,
AUREK914,2025-09-23,,,,,
ITUBX36,2025-09-23,,,,,
MGLUW614,2025-09-23,,,,,
PETRW515,2025-09-23,,,,,
PETRU395W4,2025-09-23,,,,,
SUZBX552,2025-09-23,,,,,
MGLUW604,2025-09-23,,,,,
BHIAW270,2025-09-23,,,,,
SUZBX537,2025-09-23,,,,,
MGLUW694,2025-09-23,,,,,
PETRU425W4,2025-09-23,,,,,
RENTV701,2025-09-23,,,,,
PSSAW541,2025-09-23,,,,,
CBAVX710,2025-09-23,,,,,
BBASX184,2025-09-23,,,,,
WEGEW285,2025-09-23,,,,,
BPACU410W4,2025-09-23,,,,,
FLRYX143,2025-09-23,,,,,
PRIOW306,2025-09-23,,,,,
MGLUW133,2025-09-23,,,,,
BOVAV985,2025-09-23,,,,,
BRSRW102,2025-09-23,,,,,
SUZBX527,2025-09-23,,,,,
MGLUW594,2025-09-23,,,,,
BHIAW230,2025-09-23,,,,,
PCARX175,2025-09-23,,,,,
SMFTW263,2025-09-23,,,,,
BPACU415W4,2025-09-23,,,,,
SUZBX547,2025-09-23,,,,,
BPACU440W4,2025-09-23,,,,,
SANBX275,2025-09-23,,,,,
RAILX166,2025-09-23,,,,,
CURYV311,2025-09-23,,,,,
VALEX624,2025-09-23,,,,,
RAPTW675,2025-09-23,,,,,
PETRL318,2025-09-23,,,,,
VAMOK430,2025-09-23,,,,,
PETRI350W4,2025-09-23,,,,,
BRSRK112,2025-09-23,,,,,
GUARJ858,2025-09-23,,,,,
MGLUK153,2025-09-23,,,,,
ANIMK285,2025-09-23,,,,,
SAPRK328,2025-09-23,,,,,
BPACI445W4,2025-09-23,,,,,
MOVIK833,2025-09-23,,,,,
VALEL574,2025-09-23,,,,,
MGLUK724,2025-09-23,,,,,
PSSAK521,2025-09-23,,,,,
RAILL164,2025-09-23,,,,,
MGLUK784,2025-09-23,,,,,
SEERJ710,2025-09-23,,,,,
COGNL333,2025-09-23,,,,,
CEABK193,2025-09-23,,,,,
POMOK102,2025-09-23,,,,,
MGLUK754,2025-09-23,,,,,
ABEVX126,2025-09-23,,,,,
DIRRW151,2025-09-23,,,,,
POMOW990,2025-09-23,,,,,
IGTIX228,2025-09-23,,,,,
MGLUW128,2025-09-23,,,,,
BEEFW755,2025-09-23,,,,,
PSSAW531,2025-09-23,,,,,
BRSRW112,2025-09-23,,,,,
POMOW930,2025-09-23,,,,,
BBASX361,2025-09-23,,,,,
BBSEL362,2025-09-23,,,,,
SEERJ700,2025-09-23,,,,,
PETRL288,2025-09-23,,,,,
VULCJ177,2025-09-23,,,,,
BPACI415W4,2025-09-23,,,,,
ABEVL118,2025-09-23,,,,,
MDIAK240,2025-09-23,,,,,
PETRK230,2025-09-23,,,,,
MGLUK964,2025-09-23,,,,,
PETRK140,2025-09-23,,,,,
BPACI395W4,2025-09-23,,,,,
ITUBC297,2025-09-23,,,,,
ALOSK256,2025-09-23,,,,,
SAPRK243,2025-09-23,,,,,
PETRB163,2025-09-23,,,,,
BPACK322,2025-09-23,,,,,
ITUBK239,2025-09-23,,,,,
SUZBL582,2025-09-23,,,,,
KLBNH249,2025-09-23,,,,,
KLBNH159,2025-09-23,,,,,
JBSSL545,2025-09-23,,,,,
PRIOA447,2025-09-23,,,,,
WEGEB371,2025-09-23,,,,,
STBPL658,2025-09-23,,,,,
BBSEA334,2025-09-23,,,,,
BPACW35,2025-09-23,,,,,
JALLW290,2025-09-23,,,,,
PRIOW326,2025-09-23,,,,,
ITUBW346,2025-09-23,,,,,
BRAVW207,2025-09-23,,,,,
BRAPN153,2025-09-23,,,,,
MGLUV216,2025-09-23,,,,,
WEGEW388,2025-09-23,,,,,
RENTM296,2025-09-23,,,,,
LEVEW275,2025-09-23,,,,,
BRAVW130,2025-09-23,,,,,
PRIOK341,2025-09-23,,,,,
BOVAJ510,2025-09-23,,,,,
DIRRJ145,2025-09-23,,,,,
BBDCL13,2025-09-23,,,,,
LEVEK280,2025-09-23,,,,,
ABEVA126,2025-09-23,,,,,
BBASK146,2025-09-23,,,,,
MDNEK255,2025-09-23,,,,,
SUZBM510,2025-09-23,,,,,
RAIZX19,2025-09-23,,,,,
PETRX240,2025-09-23,,,,,
HAPVV505,2025-09-23,,,,,
JALLW330,2025-09-23,,,,,
CSANN820,2025-09-23,,,,,
BRAPN145,2025-09-23,,,,,
MILSW113,2025-09-23,,,,,
HAPVW497,2025-09-23,,,,,
ABEVM118,2025-09-23,,,,,
IBOVT5,2025-09-23,,,,,
SUZBA520,2025-09-23,,,,,
BBDCL1,2025-09-23,,,,,
SUZBA510,2025-09-23,,,,,
ITSAA110,2025-09-23,,,,,
VBBRK209,2025-09-23,,,,,
LEVEW260,2025-09-23,,,,,
SUZBT499,2025-09-23,,,,,
BOVAW107,2025-09-23,,,,,
MGLUW334,2025-09-23,,,,,
BOVAW101,2025-09-23,,,,,
B3SAW806,2025-09-23,,,,,
BBDCX13,2025-09-23,,,,,
MGLUV871,2025-09-23,,,,,
BBASM195,2025-09-23,,,,,
KEPLW666,2025-09-23,,,,,
RENTV711,2025-09-23,,,,,
BBSET351,2025-09-23,,,,,
GRNDW470,2025-09-23,,,,,
ABEVM121,2025-09-23,,,,,
IBOVT4,2025-09-23,,,,,
IBOVT6,2025-09-23,,,,,
CSANB820,2025-09-23,,,,,
HAPVJ477,2025-09-23,,,,,
IVVBK423,2025-09-23,,,,,
VBBRA243,2025-09-23,,,,,
WEGEK490,2025-09-23,,,,,
RENTK379,2025-09-23,,,,,
ELETK452,2025-09-23,,,,,
RDORJ380,2025-09-23,,,,,
POMOL84,2025-09-23,,,,,
BBSEA350,2025-09-23,,,,,
BRAVW122,2025-09-23,,,,,
BBDCW953,2025-09-23,,,,,
PETRN311,2025-09-23,,,,,
BBSET36,2025-09-23,,,,,
PETRX243,2025-09-23,,,,,
BBASM190,2025-09-23,,,,,
IBOVT7,2025-09-23,,,,,
ABEVA118,2025-09-23,,,,,
ABCBJ213,2025-09-23,,,,,
BOVAK103,2025-09-23,,,,,
RAIZL204,2025-09-23,,,,,
LEVEK295,2025-09-23,,,,,
SUZBH519,2025-09-23,,,,,
WEGEL308,2025-09-23,,,,,
ITUBJ498,2025-09-23,,,,,
SUZBA525,2025-09-23,,,,,
HBORK250,2025-09-23,,,,,
HAPVV425,2025-09-23,,,,,
RENTW319,2025-09-23,,,,,
RENTV731,2025-09-23,,,,,
LRENM160,2025-09-23,,,,,
QUALV262,2025-09-23,,,,,
JALLW270,2025-09-23,,,,,
BRAVW162,2025-09-23,,,,,
RENTM289,2025-09-23,,,,,
BBASE218,2025-09-23,,,,,
HBORK260,2025-09-23,,,,,
BBSEA341,2025-09-23,,,,,
KEPLK786,2025-09-23,,,,,
IVVBK418,2025-09-23,,,,,
WEGEC583,2025-09-23,,,,,
RENTV721,2025-09-23,,,,,
FESAW598,2025-09-23,,,,,
RENTW426,2025-09-23,,,,,
BPACW464,2025-09-23,,,,,
MILSW108,2025-09-23,,,,,
VALEV915,2025-09-23,,,,,
LRENW326,2025-09-23,,,,,
AZZAX820,2025-09-23,,,,,
NATUX360,2025-09-23,,,,,
CSANX38,2025-09-23,,,,,
UNIPX695,2025-09-23,,,,,
PCARW12,2025-09-23,,,,,
SUZBX607,2025-09-23,,,,,
BBSEX374,2025-09-23,,,,,
ELETX541,2025-09-23,,,,,
ITUBV35,2025-09-23,,,,,
VALEN622,2025-09-23,,,,,
BEEFM861,2025-09-23,,,,,
ELETQ482,2025-09-23,,,,,
BOVAP121,2025-09-23,,,,,
ONCOW890,2025-09-23,,,,,
CBAVM910,2025-09-23,,,,,
CMINM887,2025-09-23,,,,,
GGBRW259,2025-09-23,,,,,
WEGEX475,2025-09-23,,,,,
ELETV431,2025-09-23,,,,,
WEGEX293,2025-09-23,,,,,
CASHV620,2025-09-23,,,,,
BOVAP155,2025-09-23,,,,,
SBSPN108,2025-09-23,,,,,
ENEVX14,2025-09-23,,,,,
BEEFW875,2025-09-23,,,,,
RAPTW133,2025-09-23,,,,,
ENEVL14,2025-09-23,,,,,
EGIEJ385,2025-09-23,,,,,
BOVAA155,2025-09-23,,,,,
VALEX637,2025-09-23,,,,,
WEGEX505,2025-09-23,,,,,
BBSEX377,2025-09-23,,,,,
B3SAX185,2025-09-23,,,,,
VALEN737,2025-09-23,,,,,
RAIZM830,2025-09-23,,,,,
RADLX268,2025-09-23,,,,,
BEEFV951,2025-09-23,,,,,
CBAVM790,2025-09-23,,,,,
ELETQ405,2025-09-23,,,,,
AZULX490,2025-09-23,,,,,
RDORV401,2025-09-23,,,,,
B3SAL185,2025-09-23,,,,,
CSANW80,2025-09-23,,,,,
ROXOK135,2025-09-23,,,,,
UNIPK530,2025-09-23,,,,,
UNIPK600,2025-09-23,,,,,
WIZCK835,2025-09-23,,,,,
SEERK990,2025-09-23,,,,,
RECVK127,2025-09-23,,,,,
TTENK150,2025-09-23,,,,,
VALEK498,2025-09-23,,,,,
WIZCK875,2025-09-23,,,,,
GOAUT139,2025-09-23,,,,,
VALEK740,2025-09-23,,,,,
SLCEL189,2025-09-23,,,,,
RANIK812,2025-09-23,,,,,
TRISK70,2025-09-23,,,,,
VALEM49,2025-09-23,,,,,
ODPVK128,2025-09-23,,,,,
ITUBJ515,2025-09-23,,,,,
VALEK385,2025-09-23,,,,,
NEOEK289,2025-09-23,,,,,
NEOEW289,2025-09-23,,,,,
RENTV751,2025-09-23,,,,,
ROMIW870,2025-09-23,,,,,
XPBRW102,2025-09-23,,,,,
BPACJ559,2025-09-23,,,,,
PNVLK105,2025-09-23,,,,,
ROMIK790,2025-09-23,,,,,
ODPVW128,2025-09-23,,,,,
MYPKW133,2025-09-23,,,,,
CSANV18,2025-09-23,,,,,
ROMIW830,2025-09-23,,,,,
CSANK920,2025-09-23,,,,,
TTENW139,2025-09-23,,,,,
TRISW680,2025-09-23,,,,,
NVDCK205,2025-09-23,,,,,
PTBLK420,2025-09-23,,,,,
RANIK792,2025-09-23,,,,,
VULCW197,2025-09-23,,,,,
WIZCW835,2025-09-23,,,,,
MYPKK138,2025-09-23,,,,,
VULCW185,2025-09-23,,,,,
CSANX33,2025-09-23,,,,,
CSANV190,2025-09-23,,,,,
CYREJ206,2025-09-23,,,,,
CYREJ266,2025-09-23,,,,,
ECORJ589,2025-09-23,,,,,
ECORJ699,2025-09-23,,,,,
MGLUL984,2025-09-23,,,,,
SMFTJ241,2025-09-23,,,,,
BBSEL370,2025-09-23,,,,,
VIVTL330,2025-09-23,,,,,
CBAVJ310,2025-09-23,,,,,
HYPEV24,2025-09-23,,,,,
CYREV206,2025-09-23,,,,,
ECORV699,2025-09-23,,,,,
ITSAO123,2025-09-23,,,,,
RDORV396,2025-09-23,,,,,
BABAW621,2025-09-23,,,,,
IVVBU308,2025-09-23,,,,,
BBDCR161,2025-09-23,,,,,
BBDCO147,2025-09-23,,,,,
BBDCO14,2025-09-23,,,,,
MULTX256,2025-09-23,,,,,
MGLUW304,2025-09-23,,,,,
BOVAV935,2025-09-23,,,,,
WEGEW568,2025-09-23,,,,,
RECVV117,2025-09-23,,,,,
IBOVX42,2025-09-23,,,,,
MULTL276,2025-09-23,,,,,
CPFEL402,2025-09-23,,,,,
HAPVJ402,2025-09-23,,,,,
EZTCL152,2025-09-23,,,,,
YDUQL128,2025-09-23,,,,,
BPACL434,2025-09-23,,,,,
HAPVW357,2025-09-23,,,,,
MGLUX684,2025-09-23,,,,,
HAPVV435,2025-09-23,,,,,
B3SAV141,2025-09-23,,,,,
HAPVW40,2025-09-23,,,,,
HYPEX237,2025-09-23,,,,,
CPLEX130,2025-09-23,,,,,
IRBRX460,2025-09-23,,,,,
EMBRX779,2025-09-23,,,,,
BBASV438,2025-09-23,,,,,
DIRRV138,2025-09-23,,,,,
HYPEX217,2025-09-23,,,,,
BHIAX300,2025-09-23,,,,,
MGLUX784,2025-09-23,,,,,
IRBRX480,2025-09-23,,,,,
HAPVX1,2025-09-23,,,,,
CSANW450,2025-09-23,,,,,
BHIAX400,2025-09-23,,,,,
VBBRX203,2025-09-23,,,,,
SMTOX158,2025-09-23,,,,,
BMGBV462,2025-09-23,,,,,
BBASW106,2025-09-23,,,,,
HAPVV402,2025-09-23,,,,,
CSANV148,2025-09-23,,,,,
BRAPX152,2025-09-23,,,,,
SMTOX178,2025-09-23,,,,,
HAPVV395,2025-09-23,,,,,
YDUQX118,2025-09-23,,,,,
RADLX183,2025-09-23,,,,,
CASHX480,2025-09-23,,,,,
MRVEL780,2025-09-23,,,,,
MGLUK934,2025-09-23,,,,,
POSIL413,2025-09-23,,,,,
ALOSL229,2025-09-23,,,,,
WEGEK313,2025-09-23,,,,,
CVCBL110,2025-09-23,,,,,
HAPVK380,2025-09-23,,,,,
LWSAL495,2025-09-23,,,,,
ALOSL239,2025-09-23,,,,,
MRVEL680,2025-09-23,,,,,
BBDCA181,2025-09-23,,,,,
BOVAB800,2025-09-23,,,,,
BOVAB180,2025-09-23,,,,,
ITUBB350,2025-09-23,,,,,
LWSAX395,2025-09-23,,,,,
SUZBW638,2025-09-23,,,,,
RENTW414,2025-09-23,,,,,
BEEFW585,2025-09-23,,,,,
RDORV385,2025-09-23,,,,,
PRIOW311,2025-09-23,,,,,
RAILX146,2025-09-23,,,,,
MGLUX584,2025-09-23,,,,,
CSANX680,2025-09-23,,,,,
RENTW304,2025-09-23,,,,,
VALEH678,2025-09-23,,,,,
VALEH538,2025-09-23,,,,,
BRSRC112,2025-09-23,,,,,
GGPSL194,2025-09-23,,,,,
PETRH363,2025-09-23,,,,,
PRIOJ372W4,2025-09-23,,,,,
BOVAE200,2025-09-23,,,,,
BOVAG200,2025-09-23,,,,,
PRIOJ387W4,2025-09-23,,,,,
EMBRK629,2025-09-23,,,,,
RENTL420,2025-09-23,,,,,
PRIOJ380W5,2025-09-23,,,,,
RENTL425,2025-09-23,,,,,
RENTL650,2025-09-23,,,,,
BOVAJ915,2025-09-23,,,,,
B3SAC131,2025-09-23,,,,,
PETRK1,2025-09-23,,,,,
WEGEK463,2025-09-23,,,,,
VALEK770,2025-09-23,,,,,
SMALJ113W4,2025-09-23,,,,,
SMALJ115W4,2025-09-23,,,,,
RENTL422,2025-09-23,,,,,
BOVAR20,2025-09-23,,,,,
BBASM280,2025-09-23,,,,,
SMALV102W1,2025-09-23,,,,,
KLBNN207,2025-09-23,,,,,
PRIOW425W1,2025-09-23,,,,,
PRIOV375W5,2025-09-23,,,,,
BBASV102,2025-09-23,,,,,
PRIOV380W5,2025-09-23,,,,,
SMALV100W1,2025-09-23,,,,,
PRIOV415W5,2025-09-23,,,,,
PRIOK415W1,2025-09-23,,,,,
PRIOK385W1,2025-09-23,,,,,
PRIOJ375W5,2025-09-23,,,,,
PRIOJ375W4,2025-09-23,,,,,
SMALJ106W5,2025-09-23,,,,,
EMBRJ654,2025-09-23,,,,,
BBASB235,2025-09-23,,,,,
GOAUL989,2025-09-23,,,,,
SMALJ112W1,2025-09-23,,,,,
CSANW430,2025-09-23,,,,,
PRIOW445W1,2025-09-23,,,,,
CBAVN495,2025-09-23,,,,,
VALEW770,2025-09-23,,,,,
SMALV106W1,2025-09-23,,,,,
EMBRW499,2025-09-23,,,,,
SMALV102W4,2025-09-23,,,,,
CSANW405,2025-09-23,,,,,
SMALV108W2,2025-09-23,,,,,
SMALV101W1,2025-09-23,,,,,
BBASN233,2025-09-23,,,,,
BBDCS114,2025-09-23,,,,,
BPACV49,2025-09-23,,,,,
GGBRN168,2025-09-23,,,,,
MGLUV221,2025-09-23,,,,,
BEEFV110,2025-09-23,,,,,
PRIOW390W1,2025-09-23,,,,,
VBBRX226,2025-09-23,,,,,
PRIOV410W2,2025-09-23,,,,,
WEGEK343,2025-09-23,,,,,
PRIOJ400W5,2025-09-23,,,,,
ASAIL105,2025-09-23,,,,,
PRIOJ385W4,2025-09-23,,,,,
RDORJ354,2025-09-23,,,,,
HAPVJ407,2025-09-23,,,,,
BBDCD142,2025-09-23,,,,,
BBSEA343,2025-09-23,,,,,
PRIOH407,2025-09-23,,,,,
SMALJ115W2,2025-09-23,,,,,
B3SAB113,2025-09-23,,,,,
PRIOJ385W5,2025-09-23,,,,,
RENTL410,2025-09-23,,,,,
PRIOJ380W2,2025-09-23,,,,,
SUZBJ52,2025-09-23,,,,,
SMALJ108W1,2025-09-23,,,,,
PRIOJ400W2,2025-09-23,,,,,
PRIOJ410W5,2025-09-23,,,,,
B3SAB118,2025-09-23,,,,,
BBASB245,2025-09-23,,,,,
POMOL810,2025-09-23,,,,,
SMALJ103W1,2025-09-23,,,,,
SMALJ109W4,2025-09-23,,,,,
BBASA200,2025-09-23,,,,,
HAPVJ487,2025-09-23,,,,,
PRIOV385W4,2025-09-23,,,,,
SMALV111W1,2025-09-23,,,,,
CSANW890,2025-09-23,,,,,
SMALV111W4,2025-09-23,,,,,
PRIOV360W2,2025-09-23,,,,,
RDORW350,2025-09-23,,,,,
SMALV960W1,2025-09-23,,,,,
PRIOW355W1,2025-09-23,,,,,
PRIOT400,2025-09-23,,,,,
PRIOV360W4,2025-09-23,,,,,
BBASN230,2025-09-23,,,,,
PRIOV395W2,2025-09-23,,,,,
PRIOV420W5,2025-09-23,,,,,
PRIOW410W1,2025-09-23,,,,,
HAPVJ525,2025-09-23,,,,,
VBBRL233,2025-09-23,,,,,
PRIOC405,2025-09-23,,,,,
SMALJ102W2,2025-09-23,,,,,
CBAVB480,2025-09-23,,,,,
BPACJ539,2025-09-23,,,,,
BBASA208,2025-09-23,,,,,
SMALJ111W5,2025-09-23,,,,,
GOAUL113,2025-09-23,,,,,
WEGEW343,2025-09-23,,,,,
SMALV920W2,2025-09-23,,,,,
PRIOW360W1,2025-09-23,,,,,
CSANW860,2025-09-23,,,,,
SMALV106W2,2025-09-23,,,,,
SMALV110W5,2025-09-23,,,,,
EMBRV634,2025-09-23,,,,,
SMALC127,2025-09-23,,,,,
ITUBJ355,2025-09-23,,,,,
ITUBH364,2025-09-23,,,,,
SUZBL472,2025-09-23,,,,,
BBDCG132,2025-09-23,,,,,
JBSSB915,2025-09-23,,,,,
POMOB100,2025-09-23,,,,,
CEABJ115,2025-09-23,,,,,
WEGEC318,2025-09-23,,,,,
VBBRJ229,2025-09-23,,,,,
BEEFH701,2025-09-23,,,,,
BBDCK160W1,2025-09-23,,,,,
PETRK340W1,2025-09-23,,,,,
ITSAK991,2025-09-23,,,,,
VALED587,2025-09-23,,,,,
ITUBT364,2025-09-23,,,,,
SMALV870,2025-09-23,,,,,
USIMX919,2025-09-23,,,,,
CURYV328,2025-09-23,,,,,
PETRV285W2,2025-09-23,,,,,
EMBRV564,2025-09-23,,,,,
PRIOX369,2025-09-23,,,,,
RANIV782,2025-09-23,,,,,
PETRW315W1,2025-09-23,,,,,
USIMX309,2025-09-23,,,,,
RADLX120,2025-09-23,,,,,
VALEK555W1,2025-09-23,,,,,
VBBRJ277,2025-09-23,,,,,
RAIZB455,2025-09-23,,,,,
WIZCJ655,2025-09-23,,,,,
DIRRK154,2025-09-23,,,,,
RENTK429,2025-09-23,,,,,
SMALW113,2025-09-23,,,,,
RENTV781,2025-09-23,,,,,
PETRV290W2,2025-09-23,,,,,
PETZV445,2025-09-23,,,,,
PETRW345W1,2025-09-23,,,,,
USIMX929,2025-09-23,,,,,
BBSEN345,2025-09-23,,,,,
VALEW510W1,2025-09-23,,,,,
ELETJ1,2025-09-23,,,,,
RANIJ782,2025-09-23,,,,,
VBBRJ173,2025-09-23,,,,,
VALEC665,2025-09-23,,,,,
BBDCK165W1,2025-09-23,,,,,
VALEC660,2025-09-23,,,,,
ELETK47,2025-09-23,,,,,
VALEK545W1,2025-09-23,,,,,
VBBRJ272,2025-09-23,,,,,
CURYJ331,2025-09-23,,,,,
PRIOK474,2025-09-23,,,,,
BBSEB345,2025-09-23,,,,,
DIRRW154,2025-09-23,,,,,
VALEV100,2025-09-23,,,,,
RENTW419,2025-09-23,,,,,
PRIOX356,2025-09-23,,,,,
RENTV791,2025-09-23,,,,,
VALEX787,2025-09-23,,,,,
BPACW482,2025-09-23,,,,,
ELETN400,2025-09-23,,,,,
VALEM505,2025-09-23,,,,,
VALEW530W1,2025-09-23,,,,,
CURYV333,2025-09-23,,,,,
HYPEW310,2025-09-23,,,,,
CSANV163,2025-09-23,,,,,
TENDV243,2025-09-23,,,,,
WEGEO318,2025-09-23,,,,,
IVVBV388,2025-09-23,,,,,
USIMX324,2025-09-23,,,,,
CASHV490,2025-09-23,,,,,
PETRV275W2,2025-09-23,,,,,
BBSEM313,2025-09-23,,,,,
PRIOX354,2025-09-23,,,,,
RDORW413,2025-09-23,,,,,
BBSEM320,2025-09-23,,,,,
BOVAQ129,2025-09-23,,,,,
USIMX334,2025-09-23,,,,,
MRVEX105,2025-09-23,,,,,
PETRW310W1,2025-09-23,,,,,
ELETW495,2025-09-23,,,,,
VBBRV254,2025-09-23,,,,,
BRAVW267,2025-09-23,,,,,
VALEW565W1,2025-09-23,,,,,
VALEV107,2025-09-23,,,,,
VBBRK322,2025-09-23,,,,,
VALEK600W1,2025-09-23,,,,,
SOJAL110,2025-09-23,,,,,
ITSAB103,2025-09-23,,,,,
PNVLJ915,2025-09-23,,,,,
PETRK330W1,2025-09-23,,,,,
WIZCJ805,2025-09-23,,,,,
DIRRJ803,2025-09-23,,,,,
GOAUL809,2025-09-23,,,,,
ELETJ44,2025-09-23,,,,,
VBBRK179,2025-09-23,,,,,
ELETJ45,2025-09-23,,,,,
BPACK432,2025-09-23,,,,,
BBASK205W1,2025-09-23,,,,,
PETRO278,2025-09-23,,,,,
BRAVW142,2025-09-23,,,,,
ITSAN103,2025-09-23,,,,,
BBASW225W1,2025-09-23,,,,,
PETRV250W2,2025-09-23,,,,,
CURYV321,2025-09-23,,,,,
ITSAN113,2025-09-23,,,,,
ELETW485,2025-09-23,,,,,
VALEW500W1,2025-09-23,,,,,
BOVAQ126,2025-09-23,,,,,
VBBRW244,2025-09-23,,,,,
BBASM210,2025-09-23,,,,,
IVVBO368,2025-09-23,,,,,
BPACL447,2025-09-23,,,,,
VALEK565W1,2025-09-23,,,,,
RENTK231,2025-09-23,,,,,
BBSEB342,2025-09-23,,,,,
XPBRL123,2025-09-23,,,,,
RDORK415,2025-09-23,,,,,
RENTB420,2025-09-23,,,,,
ELETK495,2025-09-23,,,,,
ELETK380,2025-09-23,,,,,
ITUBK453,2025-09-23,,,,,
ITSAB108,2025-09-23,,,,,
BBASB228,2025-09-23,,,,,
RDORK388,2025-09-23,,,,,
GOAUK949,2025-09-23,,,,,
RDORK383,2025-09-23,,,,,
HAPVK440,2025-09-23,,,,,
VBBRJ199,2025-09-23,,,,,
USIMK415,2025-09-23,,,,,
HAPVJ497,2025-09-23,,,,,
CURYV331,2025-09-23,,,,,
SMALV850,2025-09-23,,,,,
PETRV280W2,2025-09-23,,,,,
PETRV255W2,2025-09-23,,,,,
PETRV265W2,2025-09-23,,,,,
BBASW240W1,2025-09-23,,,,,
VALEW780,2025-09-23,,,,,
HAPVW390,2025-09-23,,,,,
AZZAW310,2025-09-23,,,,,
CVCBM155,2025-09-23,,,,,
RAIZW650,2025-09-23,,,,,
PCARW285,2025-09-23,,,,,
CSNAX580,2025-09-23,,,,,
PCARK275,2025-09-23,,,,,
HAPVK415,2025-09-23,,,,,
CYREK231,2025-09-23,,,,,
GOAUK869,2025-09-23,,,,,
HAPVK405,2025-09-23,,,,,
UNIPK585,2025-09-23,,,,,
AZZAK325,2025-09-23,,,,,
LRENK134,2025-09-23,,,,,
SAPRK335,2025-09-23,,,,,
CSANK940,2025-09-23,,,,,
VIVAW270,2025-09-23,,,,,
ONCOW460,2025-09-23,,,,,
CSANW910,2025-09-23,,,,,
BPACW494,2025-09-23,,,,,
RDORW395,2025-09-23,,,,,
HAPVV430,2025-09-23,,,,,
CVCBW155,2025-09-23,,,,,
PCARW255,2025-09-23,,,,,
PRIOW334,2025-09-23,,,,,
PETZW406,2025-09-23,,,,,
ELETW1,2025-09-23,,,,,
EMBRW484,2025-09-23,,,,,
NATUW770,2025-09-23,,,,,
NATUW850,2025-09-23,,,,,
MGLUV246,2025-09-23,,,,,
HAPVJ445,2025-09-23,,,,,
BBSEK295,2025-09-23,,,,,
BRSRK115,2025-09-23,,,,,
ALOSK241,2025-09-23,,,,,
ISAEK229,2025-09-23,,,,,
HAPVV450,2025-09-23,,,,,
CMIGW220,2025-09-23,,,,,
RDORW383,2025-09-23,,,,,
RDORW393,2025-09-23,,,,,
PRIOM555,2025-09-23,,,,,
CBAVW300,2025-09-23,,,,,
ALOSW246,2025-09-23,,,,,
EMBRW754,2025-09-23,,,,,
KLBNW19,2025-09-23,,,,,
ALOSW216,2025-09-23,,,,,
VBBRV199,2025-09-23,,,,,
SAPRW340,2025-09-23,,,,,
HYPEW242,2025-09-23,,,,,
LWSAW41,2025-09-23,,,,,
AUREW100,2025-09-23,,,,,
CMIGW888,2025-09-23,,,,,
BEEFX170,2025-09-23,,,,,
PRIOM620,2025-09-23,,,,,
LWSAW42,2025-09-23,,,,,
VALEW248,2025-09-23,,,,,
ITSAK981,2025-09-23,,,,,
GOAUK889,2025-09-23,,,,,
KLBNK17,2025-09-23,,,,,
PCARK325,2025-09-23,,,,,
ALOSK236,2025-09-23,,,,,
JBSSK785,2025-09-23,,,,,
BBSEK300,2025-09-23,,,,,
EMBRK914,2025-09-23,,,,,
HAPVW440,2025-09-23,,,,,
BEEFM170,2025-09-23,,,,,
HYPEW237,2025-09-23,,,,,
HAPVX157,2025-09-23,,,,,
TAEEW34,2025-09-23,,,,,
BRAVX427,2025-09-23,,,,,
BBSEV405,2025-09-23,,,,,
BRAVX510,2025-09-23,,,,,
CYREW236,2025-09-23,,,,,
ISAEW239,2025-09-23,,,,,
BRSRW105,2025-09-23,,,,,
ELETW492,2025-09-23,,,,,
PCARW305,2025-09-23,,,,,
BRAVM510,2025-09-23,,,,,
CSANW940,2025-09-23,,,,,
ELETW415,2025-09-23,,,,,
CYREW241,2025-09-23,,,,,
BBASW902,2025-09-23,,,,,
CMIGW908,2025-09-23,,,,,
BRSRW110,2025-09-23,,,,,
USIMV982,2025-09-23,,,,,
CYREW256,2025-09-23,,,,,
ALOSW236,2025-09-23,,,,,
MRVEW750,2025-09-23,,,,,
BEEFX150,2025-09-23,,,,,
CSNAX600,2025-09-23,,,,,
ELETW410,2025-09-23,,,,,
MGLUV236,2025-09-23,,,,,
BBASQ235,2025-09-23,,,,,
VALEO570,2025-09-23,,,,,
BOVAW139W1,2025-09-23,,,,,
WEGEW308,2025-09-23,,,,,
LWSAV41,2025-09-23,,,,,
AZZAV475,2025-09-23,,,,,
ROXOK117,2025-09-23,,,,,
BOVAK131W1,2025-09-23,,,,,
TOTSJ400,2025-09-23,,,,,
BBDCA174,2025-09-23,,,,,
ITUBA392,2025-09-23,,,,,
AZZAJ292,2025-09-23,,,,,
ELETJ42,2025-09-23,,,,,
CSANA810,2025-09-23,,,,,
LRENA150,2025-09-23,,,,,
ITUBD406,2025-09-23,,,,,
BBDCA176,2025-09-23,,,,,
VBBRW194,2025-09-23,,,,,
BOVAM121,2025-09-23,,,,,
ITUBN362,2025-09-23,,,,,
BBDCM146,2025-09-23,,,,,
ENGIV408,2025-09-23,,,,,
BBASM185,2025-09-23,,,,,
ITSAV136,2025-09-23,,,,,
ITUBM354,2025-09-23,,,,,
PRIOM345,2025-09-23,,,,,
ITUBM392,2025-09-23,,,,,
PRIOW291,2025-09-23,,,,,
BBSEM344,2025-09-23,,,,,
ENGIV458,2025-09-23,,,,,
BOVAK133W1,2025-09-23,,,,,
SLCEJ185,2025-09-23,,,,,
RDORK303,2025-09-23,,,,,
FLRYJ13,2025-09-23,,,,,
TOTSK330,2025-09-23,,,,,
BOVAA143,2025-09-23,,,,,
BBASM170,2025-09-23,,,,,
RENTV796,2025-09-23,,,,,
ITUBN322,2025-09-23,,,,,
ELETW48,2025-09-23,,,,,
PRIOA405,2025-09-23,,,,,
BBASA230,2025-09-23,,,,,
VALEA525,2025-09-23,,,,,
ITUBA369,2025-09-23,,,,,
BBDCA18,2025-09-23,,,,,
ITUBA299,2025-09-23,,,,,
ITUBA354,2025-09-23,,,,,
VALEA515,2025-09-23,,,,,
MRVEJ690,2025-09-23,,,,,
BBDCA151,2025-09-23,,,,,
BOVAJ885,2025-09-23,,,,,
BBDCA124,2025-09-23,,,,,
PRIOA397,2025-09-23,,,,,
VALEA725,2025-09-23,,,,,
VBBRK219,2025-09-23,,,,,
BOVAK153W1,2025-09-23,,,,,
ELETK478,2025-09-23,,,,,
VBBRJ204,2025-09-23,,,,,
B3SAH140,2025-09-23,,,,,
TOTSJ325,2025-09-23,,,,,
BBASA235,2025-09-23,,,,,
VBBRW174,2025-09-23,,,,,
SMALT150,2025-09-23,,,,,
BBDCM151,2025-09-23,,,,,
BOVAM118,2025-09-23,,,,,
AZZAV455,2025-09-23,,,,,
ITUBM379,2025-09-23,,,,,
RENTM349,2025-09-23,,,,,
ITUBM359,2025-09-23,,,,,
LWSAV37,2025-09-23,,,,,
FLRYV144,2025-09-23,,,,,
BBDCM154,2025-09-23,,,,,
PRIOM390,2025-09-23,,,,,
VALEM515,2025-09-23,,,,,
ITUBP324,2025-09-23,,,,,
VBBRV287,2025-09-23,,,,,
LWSAJ37,2025-09-23,,,,,
CSANK930,2025-09-23,,,,,
FLRYJ14,2025-09-23,,,,,
TOTSJ430,2025-09-23,,,,,
NATUK115W1,2025-09-23,,,,,
RENTM256,2025-09-23,,,,,
BBSEM310,2025-09-23,,,,,
SLCEV185,2025-09-23,,,,,
ITUBM367,2025-09-23,,,,,
ITUBM34,2025-09-23,,,,,
AZZAV510,2025-09-23,,,,,
BBASM173,2025-09-23,,,,,
BOVAW135W1,2025-09-23,,,,,
BBASM163,2025-09-23,,,,,
ENGIJ383,2025-09-23,,,,,
BBDCA191,2025-09-23,,,,,
ITSAK461,2025-09-23,,,,,
ITSAJ14,2025-09-23,,,,,
BOVAA146,2025-09-23,,,,,
ITSAD115,2025-09-23,,,,,
BRAVG261,2025-09-23,,,,,
ROMIJ899,2025-09-23,,,,,
CPLEA140,2025-09-23,,,,,
TRISJ690,2025-09-23,,,,,
PRIOJ357W1,2025-09-23,,,,,
HAPVJ385W1,2025-09-23,,,,,
ITSAA1,2025-09-23,,,,,
JBSSA800,2025-09-23,,,,,
LRENJ190W1,2025-09-23,,,,,
BBDCJ214W1,2025-09-23,,,,,
BRAVJ205W1,2025-09-23,,,,,
BPACA442,2025-09-23,,,,,
CSANJ720W1,2025-09-23,,,,,
HBORJ185,2025-09-23,,,,,
BRAVS181,2025-09-23,,,,,
GGBRO198,2025-09-23,,,,,
BEEFO800,2025-09-23,,,,,
PRION455,2025-09-23,,,,,
ITUBO404,2025-09-23,,,,,
BOVAU31,2025-09-23,,,,,
BBASP211,2025-09-23,,,,,
BPACU490W4,2025-09-23,,,,,
ITUBX333,2025-09-23,,,,,
BPACM447,2025-09-23,,,,,
NATUV980W1,2025-09-23,,,,,
COGNV340W1,2025-09-23,,,,,
POSIV413,2025-09-23,,,,,
CSANV720W1,2025-09-23,,,,,
USIMV440W1,2025-09-23,,,,,
ITUBV340W1,2025-09-23,,,,,
PRIOV342W1,2025-09-23,,,,,
BBDCV154W1,2025-09-23,,,,,
RENTV330W1,2025-09-23,,,,,
AZZAM315,2025-09-23,,,,,
CPLEV14,2025-09-23,,,,,
CSANV680W1,2025-09-23,,,,,
CSANV520W1,2025-09-23,,,,,
HAPVV385W1,2025-09-23,,,,,
SMALA102,2025-09-23,,,,,
EMBRJ730W1,2025-09-23,,,,,
HAPVJ400W1,2025-09-23,,,,,
SUZBJ490W1,2025-09-23,,,,,
BRAVJ225W1,2025-09-23,,,,,
TAEEA331,2025-09-23,,,,,
BPACJ440W1,2025-09-23,,,,,
B3SAA140,2025-09-23,,,,,
PRIOJ367W1,2025-09-23,,,,,
BBDCV209W1,2025-09-23,,,,,
PETRV239W1,2025-09-23,,,,,
WEGEM388,2025-09-23,,,,,
POSIV453,2025-09-23,,,,,
GOAUM879,2025-09-23,,,,,
BBDCV139W1,2025-09-23,,,,,
PRIOV427W1,2025-09-23,,,,,
CSANV500W1,2025-09-23,,,,,
POSIV463,2025-09-23,,,,,
LRENV130W1,2025-09-23,,,,,
LRENV190W1,2025-09-23,,,,,
MGLUV680W1,2025-09-23,,,,,
GOAUM909,2025-09-23,,,,,
ITSAV960W1,2025-09-23,,,,,
B3SAV100W1,2025-09-23,,,,,
CSNAV620W1,2025-09-23,,,,,
USIMV390W1,2025-09-23,,,,,
NATUV820W1,2025-09-23,,,,,
BBDCV164W1,2025-09-23,,,,,
BRAVM195,2025-09-23,,,,,
COGNJ300W1,2025-09-23,,,,,
NATUJ960W1,2025-09-23,,,,,
GGBRJ190W1,2025-09-23,,,,,
BPACJ460W1,2025-09-23,,,,,
BPACJ420W1,2025-09-23,,,,,
WEGEJ400W1,2025-09-23,,,,,
PETRJ289W1,2025-09-23,,,,,
ISAEA241,2025-09-23,,,,,
TRISJ650,2025-09-23,,,,,
B3SAJ120W1,2025-09-23,,,,,
WEGEJ405W1,2025-09-23,,,,,
RADLA205,2025-09-23,,,,,
ROMIJ860,2025-09-23,,,,,
DIRRI172,2025-09-23,,,,,
WEGEM378,2025-09-23,,,,,
USIMV470W1,2025-09-23,,,,,
PRIOV442W1,2025-09-23,,,,,
HAPVV370W1,2025-09-23,,,,,
BPACV380W1,2025-09-23,,,,,
ROMIV899,2025-09-23,,,,,
VALEV653W1,2025-09-23,,,,,
BRSRM99,2025-09-23,,,,,
CSNAV760W1,2025-09-23,,,,,
PETRV359W1,2025-09-23,,,,,
NATUV720W1,2025-09-23,,,,,
ROMIV770,2025-09-23,,,,,
NATUV940W1,2025-09-23,,,,,
MGLUV880W1,2025-09-23,,,,,
ITUBV320W1,2025-09-23,,,,,
RENTV315W1,2025-09-23,,,,,
PRIOV337W1,2025-09-23,,,,,
CSANV540W1,2025-09-23,,,,,
BRAVV170W1,2025-09-23,,,,,
VALEV468W1,2025-09-23,,,,,
B3SAV110W1,2025-09-23,,,,,
HBORJ205,2025-09-23,,,,,
CSNAJ720W1,2025-09-23,,,,,
WEGEJ355W1,2025-09-23,,,,,
ROMIJ720,2025-09-23,,,,,
MGLUJ840W1,2025-09-23,,,,,
B3SAJ145W1,2025-09-23,,,,,
WEGEA386,2025-09-23,,,,,
NATUV700W1,2025-09-23,,,,,
SUZBV520W1,2025-09-23,,,,,
PETRV249W1,2025-09-23,,,,,
ITUBV325W1,2025-09-23,,,,,
BBDCV149W1,2025-09-23,,,,,
LRENV115W1,2025-09-23,,,,,
LRENV140W1,2025-09-23,,,,,
USIMV420W1,2025-09-23,,,,,
ROMIV860,2025-09-23,,,,,
BBDCV134W1,2025-09-23,,,,,
PETRV244W1,2025-09-23,,,,,
USIMV400W1,2025-09-23,,,,,
CSNAV660W1,2025-09-23,,,,,
ELETM510,2025-09-23,,,,,
SUZBM495,2025-09-23,,,,,
WEGEV395W1,2025-09-23,,,,,
HAPVV360W1,2025-09-23,,,,,
TAEEM331,2025-09-23,,,,,
USIMV480W1,2025-09-23,,,,,
CSANV470W1,2025-09-23,,,,,
BOVAV160W1,2025-09-23,,,,,
SUZBV480W1,2025-09-23,,,,,
VALEJ643W1,2025-09-23,,,,,
USIMJ420W1,2025-09-23,,,,,
EMBRJ880W1,2025-09-23,,,,,
BBDCJ134W1,2025-09-23,,,,,
SMALJ120W1,2025-09-23,,,,,
BBDCJ204W1,2025-09-23,,,,,
ITUBJ415W1,2025-09-23,,,,,
WEGEA388,2025-09-23,,,,,
ALPAJ841,2025-09-23,,,,,
LRENJ175W1,2025-09-23,,,,,
EMBRJ720W1,2025-09-23,,,,,
B3SAM120,2025-09-23,,,,,
MGLUV600W1,2025-09-23,,,,,
BPACM437,2025-09-23,,,,,
PCARM350,2025-09-23,,,,,
MGLUV860W1,2025-09-23,,,,,
SUZBM50,2025-09-23,,,,,
BBASV155W1,2025-09-23,,,,,
AZZAM312,2025-09-23,,,,,
PETRV379W1,2025-09-23,,,,,
RENTV285W1,2025-09-23,,,,,
WEGEV345W1,2025-09-23,,,,,
PRIOV367W1,2025-09-23,,,,,
VALEV633W1,2025-09-23,,,,,
TAEEM323,2025-09-23,,,,,
BOVAV114W1,2025-09-23,,,,,
GGBRM168,2025-09-23,,,,,
USIMM417,2025-09-23,,,,,
HAPVV350W1,2025-09-23,,,,,
WEGEV330W1,2025-09-23,,,,,
BBASV150W1,2025-09-23,,,,,
POMOM760,2025-09-23,,,,,
NATUV780W1,2025-09-23,,,,,
LRENV110W1,2025-09-23,,,,,
RENTV370W1,2025-09-23,,,,,
USIMV360W1,2025-09-23,,,,,
USIMV410W1,2025-09-23,,,,,
BEEFV600W1,2025-09-23,,,,,
BRSRJ115,2025-09-23,,,,,
BPACA437,2025-09-23,,,,,
BPACJ415W1,2025-09-23,,,,,
HBORJ285,2025-09-23,,,,,
B3SAA130,2025-09-23,,,,,
BPACJ445W1,2025-09-23,,,,,
MDIAJ232,2025-09-23,,,,,
EVENJ730,2025-09-23,,,,,
COGNJ190W1,2025-09-23,,,,,
ELETA470,2025-09-23,,,,,
PETRJ274W1,2025-09-23,,,,,
WEGEA408,2025-09-23,,,,,
BBDCJ144W1,2025-09-23,,,,,
USIMJ360W1,2025-09-23,,,,,
BEEFJ640W1,2025-09-23,,,,,
BEEFJ680W1,2025-09-23,,,,,
BEEFJ700W1,2025-09-23,,,,,
BEEFJ600W1,2025-09-23,,,,,
MRVEA130,2025-09-23,,,,,
BOVAH136,2025-09-23,,,,,
BBDCJ180W4,2025-09-23,,,,,
BOVAH137,2025-09-23,,,,,
BBDCJ152W4,2025-09-23,,,,,
RAIZM135,2025-09-23,,,,,
MRVEM130,2025-09-23,,,,,
TTENN125,2025-09-23,,,,,
RAPTX683,2025-09-23,,,,,
PETRT410,2025-09-23,,,,,
KLBNO194,2025-09-23,,,,,
BBSEO307,2025-09-23,,,,,
ITUBO264,2025-09-23,,,,,
MGLUW168,2025-09-23,,,,,
VALEW880,2025-09-23,,,,,
MGLUV281,2025-09-23,,,,,
BOVAT131,2025-09-23,,,,,
BBDCV175W4,2025-09-23,,,,,
BBASV458,2025-09-23,,,,,
BBDCJ109W2,2025-09-23,,,,,
BBDCK142W1,2025-09-23,,,,,
BBDCK127W1,2025-09-23,,,,,
BPACK487,2025-09-23,,,,,
HAPVJ422,2025-09-23,,,,,
BBDCJ150W4,2025-09-23,,,,,
BBDCJ169W2,2025-09-23,,,,,
BBDCJ172W4,2025-09-23,,,,,
HAPVJ460,2025-09-23,,,,,
BBDCV162W4,2025-09-23,,,,,
HAPVW412,2025-09-23,,,,,
BBDCV125W4,2025-09-23,,,,,
HAPVV460,2025-09-23,,,,,
BBDCV157W2,2025-09-23,,,,,
BBDCV149W2,2025-09-23,,,,,
BRAVW277,2025-09-23,,,,,
COGNV408,2025-09-23,,,,,
BOVAX199,2025-09-23,,,,,
HAPVK412,2025-09-23,,,,,
HAPVK620,2025-09-23,,,,,
MGLUK168,2025-09-23,,,,,
BBDCJ160W4,2025-09-23,,,,,
MGLUJ17,2025-09-23,,,,,
BPACK319,2025-09-23,,,,,
BBDCK177W1,2025-09-23,,,,,
RENTW506,2025-09-23,,,,,
RENTV811,2025-09-23,,,,,
BRKMV380,2025-09-23,,,,,
BRAVW282,2025-09-23,,,,,
BEEFW895,2025-09-23,,,,,
SMALW115,2025-09-23,,,,,
BRAVW302,2025-09-23,,,,,
BBSEV415,2025-09-23,,,,,
LWSAA400,2025-09-23,,,,,
SUZBJ550W5,2025-09-23,,,,,
EQTLB360,2025-09-23,,,,,
SUZBB505,2025-09-23,,,,,
ELETL461,2025-09-23,,,,,
ITSAJ469,2025-09-23,,,,,
EQTLJ395,2025-09-23,,,,,
BOVAK169,2025-09-23,,,,,
BMGBG382,2025-09-23,,,,,
SMALK105,2025-09-23,,,,,
CSNAI804,2025-09-23,,,,,
IBOVT150,2025-09-23,,,,,
BOVAW169,2025-09-23,,,,,
EQTLW360,2025-09-23,,,,,
ITUBV207W2,2025-09-23,,,,,
ITSAV146,2025-09-23,,,,,
BBSEJ237,2025-09-23,,,,,
ITSAJ499,2025-09-23,,,,,
ITSAK901,2025-09-23,,,,,
ELETK454,2025-09-23,,,,,
ITSAJ146,2025-09-23,,,,,
BBSEK235,2025-09-23,,,,,
BRAPG185,2025-09-23,,,,,
BBSEK40,2025-09-23,,,,,
ONCOI365,2025-09-23,,,,,
CPFEL429,2025-09-23,,,,,
VBBRF307,2025-09-23,,,,,
UGPAJ174,2025-09-23,,,,,
VBBRA210,2025-09-23,,,,,
SUZBD605,2025-09-23,,,,,
HAPVK397,2025-09-23,,,,,
HAPVJ492,2025-09-23,,,,,
CASHJ460,2025-09-23,,,,,
POMOJ725,2025-09-23,,,,,
BMGBS382,2025-09-23,,,,,
GGBRW124,2025-09-23,,,,,
ITSAV17,2025-09-23,,,,,
VBBRR224,2025-09-23,,,,,
RENTV836,2025-09-23,,,,,
BRAVW342,2025-09-23,,,,,
IBOVC155,2025-09-23,,,,,
IBOVD160,2025-09-23,,,,,
RENTW581,2025-09-23,,,,,
VIVAV255,2025-09-23,,,,,
RENTV831,2025-09-23,,,,,
PRIOW584,2025-09-23,,,,,
SMTOV276,2025-09-23,,,,,
EZTCV136,2025-09-23,,,,,
HAPVW432,2025-09-23,,,,,
HAPVW417,2025-09-23,,,,,
MGLUW125,2025-09-23,,,,,
ASAIV779,2025-09-23,,,,,
EZTCJ14,2025-09-23,,,,,
POMOJ925,2025-09-23,,,,,
HAPVJ482,2025-09-23,,,,,
SIMHJ478,2025-09-23,,,,,
VIVAJ235,2025-09-23,,,,,
HAPVJ470,2025-09-23,,,,,
GFSAJ10,2025-09-23,,,,,
SUZBL495,2025-09-23,,,,,
VIVAJ275,2025-09-23,,,,,
VIVAJ255,2025-09-23,,,,,
HAPVK432,2025-09-23,,,,,
VBBRF324,2025-09-23,,,,,
BRKMJ107,2025-09-23,,,,,
CPLEJ111,2025-09-23,,,,,
PETRU10,2025-09-23,,,,,
MGLUV286,2025-09-23,,,,,
ITUBN512,2025-09-23,,,,,
MGLUW115,2025-09-23,,,,,
SUZBX495,2025-09-23,,,,,
RENTV821,2025-09-23,,,,,
NATUX920,2025-09-23,,,,,
BOVAX33,2025-09-23,,,,,
CSANW970,2025-09-23,,,,,
BOVAX910,2025-09-23,,,,,
PRIOT397,2025-09-23,,,,,
IBOVT141,2025-09-23,,,,,
ELETB445,2025-09-23,,,,,
ITSAB10,2025-09-23,,,,,
ITUBJ420W2,2025-09-23,,,,,
BBSEB325,2025-09-23,,,,,
ABEVX111,2025-09-23,,,,,
BRKMV102,2025-09-23,,,,,
ELETN445,2025-09-23,,,,,
ITUBV385W5,2025-09-23,,,,,
ITUBV435W2,2025-09-23,,,,,
BRSRM112,2025-09-23,,,,,
BEEFW975,2025-09-23,,,,,
BPANV809,2025-09-23,,,,,
ITUBV395W2,2025-09-23,,,,,
MGLUX854,2025-09-23,,,,,
BOVAX940,2025-09-23,,,,,
MGLUX714,2025-09-23,,,,,
UGPAX181,2025-09-23,,,,,
ITUBV410W2,2025-09-23,,,,,
VALEX757,2025-09-23,,,,,
WEGEM413,2025-09-23,,,,,
MGLUX764,2025-09-23,,,,,
JBSSF105,2025-09-23,,,,,
ITUBJ385W5,2025-09-23,,,,,
MGLUL824,2025-09-23,,,,,
GGBRK476,2025-09-23,,,,,
ITUBJ435W2,2025-09-23,,,,,
BOVAE117,2025-09-23,,,,,
MGLUL974,2025-09-23,,,,,
BOVAL35,2025-09-23,,,,,
UNIPJ630,2025-09-23,,,,,
PETRL15,2025-09-23,,,,,
MGLUL764,2025-09-23,,,,,
ITUBI421W4,2025-09-23,,,,,
BEEFW745,2025-09-23,,,,,
BBASX171,2025-09-23,,,,,
CSNAX720,2025-09-23,,,,,
BBDCX182,2025-09-23,,,,,
BBASX126,2025-09-23,,,,,
MGLUX734,2025-09-23,,,,,
ITUBV350W2,2025-09-23,,,,,
AZZAO60,2025-09-23,,,,,
ITUBV360W2,2025-09-23,,,,,
VALEX737,2025-09-23,,,,,
ITUBV405W2,2025-09-23,,,,,
UNIPV620,2025-09-23,,,,,
BBASN210,2025-09-23,,,,,
CURYV343,2025-09-23,,,,,
MGLUX874,2025-09-23,,,,,
BBASX166,2025-09-23,,,,,
RAILX136,2025-09-23,,,,,
DIRRJ171,2025-09-23,,,,,
PETRL355,2025-09-23,,,,,
VALEC635,2025-09-23,,,,,
ITUBJ375W5,2025-09-23,,,,,
MGLUX804,2025-09-23,,,,,
BEEFW995,2025-09-23,,,,,
EMBRX759,2025-09-23,,,,,
PETRX225,2025-09-23,,,,,
ITUBV380W4,2025-09-23,,,,,
BOVAQ118,2025-09-23,,,,,
ITUBJ405W4,2025-09-23,,,,,
MGLUL874,2025-09-23,,,,,
VALEL627,2025-09-23,,,,,
ITUBJ435W1,2025-09-23,,,,,
VALEC63,2025-09-23,,,,,
BOVAL800,2025-09-23,,,,,
CSANK970,2025-09-23,,,,,
PETRL409,2025-09-23,,,,,
ELETK5,2025-09-23,,,,,
BBASB218,2025-09-23,,,,,
ITUBJ445W2,2025-09-23,,,,,
MGLUL100,2025-09-23,,,,,
MGLUL914,2025-09-23,,,,,
ELETB388,2025-09-23,,,,,
CYREL274,2025-09-23,,,,,
BBASL126,2025-09-23,,,,,
AUREJ117,2025-09-23,,,,,
ITUBJ440W2,2025-09-23,,,,,
ITUBJ425W2,2025-09-23,,,,,
ITUBU421W4,2025-09-23,,,,,
BBSEN325,2025-09-23,,,,,
BOVAX920,2025-09-23,,,,,
PETRX195,2025-09-23,,,,,
ITUBV375W5,2025-09-23,,,,,
PETRX335,2025-09-23,,,,,
WEGEX36,2025-09-23,,,,,
ITUBU446W4,2025-09-23,,,,,
ELETW470,2025-09-23,,,,,
CSANW107,2025-09-23,,,,,
MGLUX100,2025-09-23,,,,,
MGLUL884,2025-09-23,,,,,
BOVAL162,2025-09-23,,,,,
PETRL115,2025-09-23,,,,,
JBSSL100,2025-09-23,,,,,
ITUBJ395W2,2025-09-23,,,,,
MGLUX724,2025-09-23,,,,,
MGLUX12,2025-09-23,,,,,
JBSSV870,2025-09-23,,,,,
GGBRX143,2025-09-23,,,,,
PETRX370,2025-09-23,,,,,
ITUBW307,2025-09-23,,,,,
AUREV117,2025-09-23,,,,,
BOVAQ117,2025-09-23,,,,,
ITUBT380,2025-09-23,,,,,
WIZCH130,2025-09-23,,,,,
WEGEL388,2025-09-23,,,,,
MGLUL894,2025-09-23,,,,,
ITUBB217,2025-09-23,,,,,
ITUBJ450W2,2025-09-23,,,,,
CSANK107,2025-09-23,,,,,
ITUBJ400W4,2025-09-23,,,,,
EMBRL759,2025-09-23,,,,,
ITUBI426W4,2025-09-23,,,,,
ITUBI431W4,2025-09-23,,,,,
PETRL200,2025-09-23,,,,,
ITUBJ507,2025-09-23,,,,,
VALED597,2025-09-23,,,,,
PETRI11,2025-09-23,,,,,
GUARG818,2025-09-23,,,,,
BBDCB191,2025-09-23,,,,,
BPACJ415W2,2025-09-23,,,,,
SUZBJ510W2,2025-09-23,,,,,
IBOVI151W4,2025-09-23,,,,,
WEGEJ365W2,2025-09-23,,,,,
BOVVJ154W2,2025-09-23,,,,,
PETRK264W1,2025-09-23,,,,,
RENTJ375W2,2025-09-23,,,,,
BPACJ445W2,2025-09-23,,,,,
LRENJ195W2,2025-09-23,,,,,
LRENJ205W2,2025-09-23,,,,,
ECORJ86,2025-09-23,,,,,
SUZBJ520W2,2025-09-23,,,,,
RENTV385W2,2025-09-23,,,,,
CSANV500W2,2025-09-23,,,,,
LRENV125W2,2025-09-23,,,,,
GGBRV125W2,2025-09-23,,,,,
BPACV445W2,2025-09-23,,,,,
ABEVV130W2,2025-09-23,,,,,
USIMV430W2,2025-09-23,,,,,
USIMV520W2,2025-09-23,,,,,
USIMV400W2,2025-09-23,,,,,
BPACV470W2,2025-09-23,,,,,
WEGEV390W2,2025-09-23,,,,,
BEEFJ580W2,2025-09-23,,,,,
GGBRJ170W2,2025-09-23,,,,,
ABEVJ135W2,2025-09-23,,,,,
B3SAJ145W2,2025-09-23,,,,,
BHIAJ440W2,2025-09-23,,,,,
BPACJ475W2,2025-09-23,,,,,
RAIZG100,2025-09-23,,,,,
WEGEJ350W2,2025-09-23,,,,,
USIMV580W2,2025-09-23,,,,,
EMBRV740W2,2025-09-23,,,,,
WEGEV420W2,2025-09-23,,,,,
CSNAV600W2,2025-09-23,,,,,
COGNV360W2,2025-09-23,,,,,
PETRW284W1,2025-09-23,,,,,
RAIZS170,2025-09-23,,,,,
BOVVV142W2,2025-09-23,,,,,
USIMV390W2,2025-09-23,,,,,
BOVVV138W2,2025-09-23,,,,,
MGLUV980W2,2025-09-23,,,,,
EMBRV730W2,2025-09-23,,,,,
HAPVV410W2,2025-09-23,,,,,
B3SAV125W2,2025-09-23,,,,,
CSANV760W2,2025-09-23,,,,,
GGBRV160W2,2025-09-23,,,,,
VALEV653W2,2025-09-23,,,,,
LRENV140W2,2025-09-23,,,,,
WEGEV365W2,2025-09-23,,,,,
CSNAV820W2,2025-09-23,,,,,
RENTV310W2,2025-09-23,,,,,
ABEVV125W2,2025-09-23,,,,,
PETRW264W1,2025-09-23,,,,,
NATUJ940W2,2025-09-23,,,,,
SUZBJ490W2,2025-09-23,,,,,
COGNJ320W2,2025-09-23,,,,,
VALEJ653W2,2025-09-23,,,,,
JBSSK100,2025-09-23,,,,,
PETRJ354W2,2025-09-23,,,,,
NATUJ920W2,2025-09-23,,,,,
BOVVJ146W2,2025-09-23,,,,,
ELETJ3,2025-09-23,,,,,
NATUJ900W2,2025-09-23,,,,,
RENTJ335W2,2025-09-23,,,,,
EMBRJ740W2,2025-09-23,,,,,
EMBRV720W2,2025-09-23,,,,,
RENTV370W2,2025-09-23,,,,,
WEGEV380W2,2025-09-23,,,,,
WEGEV340W2,2025-09-23,,,,,
CSNAV620W2,2025-09-23,,,,,
CSANO650,2025-09-23,,,,,
USIMO115,2025-09-23,,,,,
BBSEX30,2025-09-23,,,,,
BOVAU32,2025-09-23,,,,,
BHIAV650,2025-09-23,,,,,
CYREM274,2025-09-23,,,,,
BOVAX123,2025-09-23,,,,,
BOVAX113,2025-09-23,,,,,
BHIAV500,2025-09-23,,,,,
YDUQC175,2025-09-23,,,,,
POMOL885,2025-09-23,,,,,
PETRJ792,2025-09-23,,,,,
BOVAL113,2025-09-23,,,,,
BHIAJ400,2025-09-23,,,,,
PETRL117,2025-09-23,,,,,
BRAVD201,2025-09-23,,,,,
BHIAJ800,2025-09-23,,,,,
BHIAJ650,2025-09-23,,,,,
UNIPL710,2025-09-23,,,,,
ITUBE380,2025-09-23,,,,,
PETRK952,2025-09-23,,,,,
CYREA294,2025-09-23,,,,,
PETRK872,2025-09-23,,,,,
BBDCB181,2025-09-23,,,,,
ITSAL902,2025-09-23,,,,,
ELETH405,2025-09-23,,,,,
BHIAV550,2025-09-23,,,,,
WEGEX470,2025-09-23,,,,,
KLBNO207,2025-09-23,,,,,
GGBRM188,2025-09-23,,,,,
CBAVN550,2025-09-23,,,,,
CSNAP190,2025-09-23,,,,,
ASAIV115,2025-09-23,,,,,
NATUX910,2025-09-23,,,,,
IBOVR155,2025-09-23,,,,,
RENTB435,2025-09-23,,,,,
BHIAK540,2025-09-23,,,,,
SANBL310,2025-09-23,,,,,
VALEC615,2025-09-23,,,,,
SANBX210,2025-09-23,,,,,
ITUBX421,2025-09-23,,,,,
UNIPW700,2025-09-23,,,,,
VALEU50,2025-09-23,,,,,
ITUBN391,2025-09-23,,,,,
CASHV425,2025-09-23,,,,,
CASHV670,2025-09-23,,,,,
WEGEO341,2025-09-23,,,,,
WEGEP368,2025-09-23,,,,,
IBOVV140W4,2025-09-23,,,,,
PETRA139,2025-09-23,,,,,
BHIAK550,2025-09-23,,,,,
BBDCK4,2025-09-23,,,,,
BHIAK560,2025-09-23,,,,,
SUZBA575,2025-09-23,,,,,
QUALL224,2025-09-23,,,,,
JBSSJ880,2025-09-23,,,,,
BBDCB164,2025-09-23,,,,,
BHIAW780,2025-09-23,,,,,
USIMX304,2025-09-23,,,,,
LWSAO700,2025-09-23,,,,,
BHIAW720,2025-09-23,,,,,
RAIZN495,2025-09-23,,,,,
CVCBW440,2025-09-23,,,,,
WEGEP381,2025-09-23,,,,,
SUZBO530,2025-09-23,,,,,
RAIZX125,2025-09-23,,,,,
NATUX600,2025-09-23,,,,,
CASHV435,2025-09-23,,,,,
NATUM100,2025-09-23,,,,,
WEGEP378,2025-09-23,,,,,
CASHV475,2025-09-23,,,,,
NATUX105,2025-09-23,,,,,
VULCW234,2025-09-23,,,,,
BHIAW540,2025-09-23,,,,,
SLCEX159,2025-09-23,,,,,
NATUX140,2025-09-23,,,,,
NATUX115,2025-09-23,,,,,
TAEEX346,2025-09-23,,,,,
BHIAW740,2025-09-23,,,,,
SLCEX164,2025-09-23,,,,,
CASHV445,2025-09-23,,,,,
RAIZL135,2025-09-23,,,,,
UNIPK720,2025-09-23,,,,,
NATUL125,2025-09-23,,,,,
RAIZL140,2025-09-23,,,,,
CASHJ690,2025-09-23,,,,,
QUALL234,2025-09-23,,,,,
SANBL298,2025-09-23,,,,,
ITSAL892,2025-09-23,,,,,
RAIZL155,2025-09-23,,,,,
IBOVU142W4,2025-09-23,,,,,
IBOVJ147W4,2025-09-23,,,,,
CASHJ550,2025-09-23,,,,,
BHIAK510,2025-09-23,,,,,
UNIPA675,2025-09-23,,,,,
UGPAL206,2025-09-23,,,,,
UGPAL211,2025-09-23,,,,,
BHIAK580,2025-09-23,,,,,
JBSSJ875,2025-09-23,,,,,
ELETL434,2025-09-23,,,,,
BHIAW550,2025-09-23,,,,,
RENTX307,2025-09-23,,,,,
CASHV465,2025-09-23,,,,,
IBOVU143W4,2025-09-23,,,,,
IBOVI143W4,2025-09-23,,,,,
USIMX979,2025-09-23,,,,,
CBAVX990,2025-09-23,,,,,
ELETX474,2025-09-23,,,,,
RADLX198,2025-09-23,,,,,
SMTOX148,2025-09-23,,,,,
RAIZX105,2025-09-23,,,,,
RENTX305,2025-09-23,,,,,
SUZBC565,2025-09-23,,,,,
BBSEA355,2025-09-23,,,,,
BOVAJ47,2025-09-23,,,,,
RAILL151,2025-09-23,,,,,
BEEFB691,2025-09-23,,,,,
PETRA137,2025-09-23,,,,,
USIMN703,2025-09-23,,,,,
RAILX149,2025-09-23,,,,,
QUALX169,2025-09-23,,,,,
CASHV355,2025-09-23,,,,,
BHIAW500,2025-09-23,,,,,
CASHV495,2025-09-23,,,,,
NATUM990,2025-09-23,,,,,
ISAEM246,2025-09-23,,,,,
VALEP663,2025-09-23,,,,,
BBDCC186,2025-09-23,,,,,
CASHJ415,2025-09-23,,,,,
CASHJ510,2025-09-23,,,,,
SBSPL991,2025-09-23,,,,,
WEGEA42,2025-09-23,,,,,
CURYJ336,2025-09-23,,,,,
SBSPL130,2025-09-23,,,,,
IBOVU137W4,2025-09-23,,,,,
CASHV385,2025-09-23,,,,,
VALEV975,2025-09-23,,,,,
VULCW219,2025-09-23,,,,,
BBASQ200,2025-09-23,,,,,
BHIAW880,2025-09-23,,,,,
PCARX880,2025-09-23,,,,,
RAIZN500,2025-09-23,,,,,
BBASR231,2025-09-23,,,,,
BEEFB661,2025-09-23,,,,,
UGPAL236,2025-09-23,,,,,
ITUBC311,2025-09-23,,,,,
CASHJ385,2025-09-23,,,,,
RAILL181,2025-09-23,,,,,
CASHJ610,2025-09-23,,,,,
WEGEB413,2025-09-23,,,,,
SUZBC535,2025-09-23,,,,,
BEEFA711,2025-09-23,,,,,
IBOVJ143W4,2025-09-23,,,,,
CVCBW500,2025-09-23,,,,,
SMTOX188,2025-09-23,,,,,
LWSAV900,2025-09-23,,,,,
ELETN455,2025-09-23,,,,,
BEEFN661,2025-09-23,,,,,
MILSU12,2025-09-23,,,,,
SOJAL120,2025-09-23,,,,,
MILSI163,2025-09-23,,,,,
BBASC215,2025-09-23,,,,,
VALEC585,2025-09-23,,,,,
BBSEL327,2025-09-23,,,,,
CPFEL414,2025-09-23,,,,,
AURAL618,2025-09-23,,,,,
IBOVI140W4,2025-09-23,,,,,
AURAX528,2025-09-23,,,,,
LRENX154,2025-09-23,,,,,
SUZBX490,2025-09-23,,,,,
COGNX363,2025-09-23,,,,,
BOVBB152,2025-09-23,,,,,
VBBRK277,2025-09-23,,,,,
BBDCL165,2025-09-23,,,,,
WEGEL438,2025-09-23,,,,,
MGLUL103,2025-09-23,,,,,
MRVEL820,2025-09-23,,,,,
COGNX403,2025-09-23,,,,,
ITSAV115W2,2025-09-23,,,,,
BRAVX185,2025-09-23,,,,,
ITSAV100W2,2025-09-23,,,,,
TUPYX143,2025-09-23,,,,,
EQTLX250,2025-09-23,,,,,
COGNX273,2025-09-23,,,,,
BBSEX315,2025-09-23,,,,,
BRAVV427,2025-09-23,,,,,
EQTLX333,2025-09-23,,,,,
CYREL294,2025-09-23,,,,,
COGNL233,2025-09-23,,,,,
MRVEL620,2025-09-23,,,,,
PETRJ992,2025-09-23,,,,,
VBBRK304,2025-09-23,,,,,
VBBRJ209,2025-09-23,,,,,
BBSEL295,2025-09-23,,,,,
CYREL299,2025-09-23,,,,,
PETRK912,2025-09-23,,,,,
CPLEL97,2025-09-23,,,,,
BRAPL179,2025-09-23,,,,,
MGLUL944,2025-09-23,,,,,
COGNL313,2025-09-23,,,,,
HAPVJ462,2025-09-23,,,,,
HAPVK55,2025-09-23,,,,,
VBBRK297,2025-09-23,,,,,
LRENL211,2025-09-23,,,,,
RENTW626,2025-09-23,,,,,
TUPYX140,2025-09-23,,,,,
SUZBX567,2025-09-23,,,,,
LRENX191,2025-09-23,,,,,
MGLUV296,2025-09-23,,,,,
MULTX248,2025-09-23,,,,,
SIMHX583,2025-09-23,,,,,
CPLEL134,2025-09-23,,,,,
MGLUK178,2025-09-23,,,,,
VBBRK287,2025-09-23,,,,,
VBBRJ292,2025-09-23,,,,,
WEGEL403,2025-09-23,,,,,
COGNL253,2025-09-23,,,,,
ITSAJ125W2,2025-09-23,,,,,
CPLEL84,2025-09-23,,,,,
BBSEX410,2025-09-23,,,,,
BBDCX20,2025-09-23,,,,,
BBSEX295,2025-09-23,,,,,
TUPYX120,2025-09-23,,,,,
EQTLX318,2025-09-23,,,,,
BRAPX239,2025-09-23,,,,,
VAMOX375,2025-09-23,,,,,
VAMOX340,2025-09-23,,,,,
VAMOX365,2025-09-23,,,,,
BOVAW191,2025-09-23,,,,,
PETRJ642,2025-09-23,,,,,
BBSEL325,2025-09-23,,,,,
HAPVJ485,2025-09-23,,,,,
VALEJ48,2025-09-23,,,,,
LRENL156,2025-09-23,,,,,
WEGEX403,2025-09-23,,,,,
ITSAV105W2,2025-09-23,,,,,
BBSEX290,2025-09-23,,,,,
B3SAX155,2025-09-23,,,,,
SUZBX475,2025-09-23,,,,,
MGLUJ173,2025-09-23,,,,,
MRVEL730,2025-09-23,,,,,
CSMGK449,2025-09-23,,,,,
CSMGJ449,2025-09-23,,,,,
CSMGB449,2025-09-23,,,,,
CSMGL449,2025-09-23,,,,,
CSMGA449,2025-09-23,,,,,
BOVAA158,2025-09-23,,,,,
TSLAJ660,2025-09-23,,,,,
IBOVU136W4,2025-09-23,,,,,
SUZBL480,2025-09-23,,,,,
BBDCL128,2025-09-23,,,,,
BPANL620,2025-09-23,,,,,
ISAEL104,2025-09-23,,,,,
BBSEJ315,2025-09-23,,,,,
PRIOL424,2025-09-23,,,,,
AZZAX300,2025-09-23,,,,,
AZZAX310,2025-09-23,,,,,
IBOVJ148W1,2025-09-23,,,,,
BRAVL265,2025-09-23,,,,,
VALEK280,2025-09-23,,,,,
VBBRL271,2025-09-23,,,,,
YDUQL143,2025-09-23,,,,,
DIRRL122,2025-09-23,,,,,
BRSRX112,2025-09-23,,,,,
IBOVV140W2,2025-09-23,,,,,
IBOVV147W1,2025-09-23,,,,,
PETRK812,2025-09-23,,,,,
YDUQL163,2025-09-23,,,,,
PETRK632,2025-09-23,,,,,
BBDCJ420,2025-09-23,,,,,
IBOVJ143W1,2025-09-23,,,,,
SUZBX455,2025-09-23,,,,,
PRIOX496,2025-09-23,,,,,
SBFGV122,2025-09-23,,,,,
SUZBX480,2025-09-23,,,,,
SUZBX517,2025-09-23,,,,,
SBFGJ122,2025-09-23,,,,,
DIRRX147,2025-09-23,,,,,
MDIAX275,2025-09-23,,,,,
BOVAX760,2025-09-23,,,,,
BOVAW885,2025-09-23,,,,,
ITSAA103,2025-09-23,,,,,
ALOSL253,2025-09-23,,,,,
LJQQL274,2025-09-23,,,,,
BBASL169,2025-09-23,,,,,
BPANL940,2025-09-23,,,,,
ELETJ40,2025-09-23,,,,,
IBOVV140W1,2025-09-23,,,,,
SUZBX512,2025-09-23,,,,,
KLBNV191,2025-09-23,,,,,
LJQQV275,2025-09-23,,,,,
ITSAX127,2025-09-23,,,,,
BOVAN160,2025-09-23,,,,,
HAPVI415W4,2025-09-23,,,,,
VBBRJ274,2025-09-23,,,,,
ELETK520,2025-09-23,,,,,
SUZBL512,2025-09-23,,,,,
BRAVL180,2025-09-23,,,,,
B3SAL138,2025-09-23,,,,,
VBBRL196,2025-09-23,,,,,
HAPVI420W4,2025-09-23,,,,,
SUZBL48,2025-09-23,,,,,
SMALW109,2025-09-23,,,,,
BRAVX187,2025-09-23,,,,,
MDIAX285,2025-09-23,,,,,
AZZAX295,2025-09-23,,,,,
VBBRX243,2025-09-23,,,,,
MULTV283,2025-09-23,,,,,
AURAX563,2025-09-23,,,,,
CSMGX26,2025-09-23,,,,,
UGPAW174,2025-09-23,,,,,
NATUV880W4,2025-09-23,,,,,
EMBRV820W4,2025-09-23,,,,,
ALOSL268,2025-09-23,,,,,
PETRK832,2025-09-23,,,,,
AURAL608,2025-09-23,,,,,
ELETL5,2025-09-23,,,,,
BBDCB189,2025-09-23,,,,,
GGPSL211,2025-09-23,,,,,
CYREA389,2025-09-23,,,,,
LRENB194,2025-09-23,,,,,
VALED707,2025-09-23,,,,,
MGLUA258,2025-09-23,,,,,
ITUBE240,2025-09-23,,,,,
UGPAA190,2025-09-23,,,,,
SAPRK383,2025-09-23,,,,,
HYPEK212,2025-09-23,,,,,
IBOVJ147W1,2025-09-23,,,,,
PETRJ364W4,2025-09-23,,,,,
SBSPI126W4,2025-09-23,,,,,
CSNAJ800W4,2025-09-23,,,,,
ELETJ445W1,2025-09-23,,,,,
PETZI390W4,2025-09-23,,,,,
LRENJ210W4,2025-09-23,,,,,
MGLUJ860W4,2025-09-23,,,,,
VALEJ613W4,2025-09-23,,,,,
MOVIJ820,2025-09-23,,,,,
GGBRJ180W4,2025-09-23,,,,,
IRBRU450W4,2025-09-23,,,,,
ELETU460W4,2025-09-23,,,,,
ALOSU235W4,2025-09-23,,,,,
BBSEU305W4,2025-09-23,,,,,
IRBRU445W4,2025-09-23,,,,,
BBSEV320W1,2025-09-23,,,,,
WEGEV365W4,2025-09-23,,,,,
ELETU465W4,2025-09-23,,,,,
ELETV470W2,2025-09-23,,,,,
BBSEV315W1,2025-09-23,,,,,
EQTLV355W2,2025-09-23,,,,,
ECORW889,2025-09-23,,,,,
EQTLV355W1,2025-09-23,,,,,
SBSPV128W2,2025-09-23,,,,,
EMBRV780W4,2025-09-23,,,,,
SBSPV116W4,2025-09-23,,,,,
ALOSV240W1,2025-09-23,,,,,
SBSPV124W2,2025-09-23,,,,,
BRAVV145W4,2025-09-23,,,,,
IRBRU465W4,2025-09-23,,,,,
EMBRV770W4,2025-09-23,,,,,
EQTLU380W4,2025-09-23,,,,,
PRIOV330W4,2025-09-23,,,,,
CSNAJ840W4,2025-09-23,,,,,
WEGEJ370W4,2025-09-23,,,,,
ABEVJ125W4,2025-09-23,,,,,
SAPRL377,2025-09-23,,,,,
BBSEJ325W4,2025-09-23,,,,,
WEGEJ390W4,2025-09-23,,,,,
BRKMJ880W1,2025-09-23,,,,,
MOTVK159,2025-09-23,,,,,
IRBRJ475W1,2025-09-23,,,,,
MOTVK149,2025-09-23,,,,,
ELETJ450W1,2025-09-23,,,,,
BBSEJ335W2,2025-09-23,,,,,
BOVVJ154W4,2025-09-23,,,,,
BRKMJ860W2,2025-09-23,,,,,
JBSSJ904,2025-09-23,,,,,
ALOSJ255W1,2025-09-23,,,,,
BRAVJ215W4,2025-09-23,,,,,
BRKMU920W4,2025-09-23,,,,,
ITSAV120W4,2025-09-23,,,,,
IRBRU470W4,2025-09-23,,,,,
BBSEU325W4,2025-09-23,,,,,
IRBRV465W1,2025-09-23,,,,,
WEGEV375W4,2025-09-23,,,,,
ELETU450W4,2025-09-23,,,,,
IRBRV470W1,2025-09-23,,,,,
USIMJ460W4,2025-09-23,,,,,
SBSPI124W4,2025-09-23,,,,,
LRENJ165W4,2025-09-23,,,,,
ELETI465W4,2025-09-23,,,,,
EQTLJ390W1,2025-09-23,,,,,
SUZBJ520W4,2025-09-23,,,,,
ALPAJ120,2025-09-23,,,,,
USIMJ540W4,2025-09-23,,,,,
SBSPI122W4,2025-09-23,,,,,
SBSPI128W4,2025-09-23,,,,,
SAPRK398,2025-09-23,,,,,
IRBRI455W4,2025-09-23,,,,,
PCARI430W4,2025-09-23,,,,,
ASAIK739,2025-09-23,,,,,
IRBRV470W2,2025-09-23,,,,,
PCARV340W2,2025-09-23,,,,,
SBSPU112W4,2025-09-23,,,,,
GGBRV160W4,2025-09-23,,,,,
CSNAV740W4,2025-09-23,,,,,
VALEV663W4,2025-09-23,,,,,
PCARU370W4,2025-09-23,,,,,
CSANV660W4,2025-09-23,,,,,
CSANV620W4,2025-09-23,,,,,
CSANV560W4,2025-09-23,,,,,
CSANV580W4,2025-09-23,,,,,
IRBRJ460W1,2025-09-23,,,,,
BOVVJ166W4,2025-09-23,,,,,
BRKMI980W4,2025-09-23,,,,,
BOVVJ144W4,2025-09-23,,,,,
EQTLJ380W4,2025-09-23,,,,,
BRKMK890,2025-09-23,,,,,
CSNAJ820W4,2025-09-23,,,,,
PCARJ420W1,2025-09-23,,,,,
LRENJ185W4,2025-09-23,,,,,
ABEVJ140W4,2025-09-23,,,,,
MGLUI940W4,2025-09-23,,,,,
NATUV720W4,2025-09-23,,,,,
WEGEV370W4,2025-09-23,,,,,
ELETU445W4,2025-09-23,,,,,
ELETU455W4,2025-09-23,,,,,
LRENV140W4,2025-09-23,,,,,
IRBRV460W1,2025-09-23,,,,,
ALOSU240W4,2025-09-23,,,,,
BPACV425W4,2025-09-23,,,,,
MOVIV820,2025-09-23,,,,,
IRBRV485W1,2025-09-23,,,,,
BOVVV130W4,2025-09-23,,,,,
MOVIV840,2025-09-23,,,,,
UGPAK18,2025-09-23,,,,,
EQTLJ380W2,2025-09-23,,,,,
ELETI445W4,2025-09-23,,,,,
EQTLJ375W4,2025-09-23,,,,,
ELETI455W4,2025-09-23,,,,,
BBSEJ310W1,2025-09-23,,,,,
IRBRJ490W1,2025-09-23,,,,,
IRBRI470W4,2025-09-23,,,,,
SUZBJ510W4,2025-09-23,,,,,
CSANJ880W4,2025-09-23,,,,,
RENTJ400W4,2025-09-23,,,,,
RENTJ405W4,2025-09-23,,,,,
RENTJ420W4,2025-09-23,,,,,
BOVAJ154W4,2025-09-23,,,,,
BOVAJ160W4,2025-09-23,,,,,
ALOSI245W4,2025-09-23,,,,,
B3SAJ150W4,2025-09-23,,,,,
USIMV360W4,2025-09-23,,,,,
JBSSV904,2025-09-23,,,,,
ALOSV245W1,2025-09-23,,,,,
RENTV360W4,2025-09-23,,,,,
RENTV415W4,2025-09-23,,,,,
RENTV365W4,2025-09-23,,,,,
PETRN195,2025-09-23,,,,,
BHIAX500,2025-09-23,,,,,
PRIOM41,2025-09-23,,,,,
BRAVX132,2025-09-23,,,,,
DXCOL699,2025-09-23,,,,,
CMINL657,2025-09-23,,,,,
IRBRL520,2025-09-23,,,,,
CSNAL920,2025-09-23,,,,,
PETRJ972,2025-09-23,,,,,
RENTW606,2025-09-23,,,,,
WEGEX320,2025-09-23,,,,,
VALEW124,2025-09-23,,,,,
CMINX637,2025-09-23,,,,,
CVCBX125,2025-09-23,,,,,
PRIOX326,2025-09-23,,,,,
CMINX487,2025-09-23,,,,,
CSANX710,2025-09-23,,,,,
RENTV856,2025-09-23,,,,,
WEGEV638,2025-09-23,,,,,
CVCBX265,2025-09-23,,,,,
CSANW122,2025-09-23,,,,,
CSANX102,2025-09-23,,,,,
BOVAS180,2025-09-23,,,,,
ELETW555,2025-09-23,,,,,
PRIOX301,2025-09-23,,,,,
CSANX890,2025-09-23,,,,,
CVCBX185,2025-09-23,,,,,
ELETV553,2025-09-23,,,,,
CBAVV400,2025-09-23,,,,,
USIMX484,2025-09-23,,,,,
IRBRL510,2025-09-23,,,,,
WEGEL390,2025-09-23,,,,,
MOVIJ82,2025-09-23,,,,,
CASHL500,2025-09-23,,,,,
ELETL567,2025-09-23,,,,,
WEGEL38,2025-09-23,,,,,
GGBRX131,2025-09-23,,,,,
RENTV846,2025-09-23,,,,,
CSANW117,2025-09-23,,,,,
EGIEX413,2025-09-23,,,,,
VALEX487,2025-09-23,,,,,
VALEN285,2025-09-23,,,,,
CSNAL410,2025-09-23,,,,,
USIML464,2025-09-23,,,,,
CSNAL880,2025-09-23,,,,,
COGNL258,2025-09-23,,,,,
CSANK112,2025-09-23,,,,,
ECORL909,2025-09-23,,,,,
JHSFL629,2025-09-23,,,,,
CSANL990,2025-09-23,,,,,
MOVIV82,2025-09-23,,,,,
ELETX52,2025-09-23,,,,,
BRAVX355,2025-09-23,,,,,
WEGEX350,2025-09-23,,,,,
USIMX509,2025-09-23,,,,,
BRAVX117,2025-09-23,,,,,
COGNX318,2025-09-23,,,,,
BRAPW173,2025-09-23,,,,,
COGNW218,2025-09-23,,,,,
CVCBO249,2025-09-23,,,,,
RAILN181,2025-09-23,,,,,
MGLUV311,2025-09-23,,,,,
MGLUX113,2025-09-23,,,,,
RENTV861,2025-09-23,,,,,
BHIAW380,2025-09-23,,,,,
RAILO151,2025-09-23,,,,,
FLRYL185,2025-09-23,,,,,
BHIAX430,2025-09-23,,,,,
RAILM169,2025-09-23,,,,,
PCARU450W4,2025-09-23,,,,,
BRAVX170,2025-09-23,,,,,
MGLUW170,2025-09-23,,,,,
EZTCL189,2025-09-23,,,,,
BOVAL161,2025-09-23,,,,,
EZTCL164,2025-09-23,,,,,
BOVAL985,2025-09-23,,,,,
EMBRL819,2025-09-23,,,,,
B3SAL135,2025-09-23,,,,,
ENEVL99,2025-09-23,,,,,
BRAVL217,2025-09-23,,,,,
BHIAX610,2025-09-23,,,,,
ITUBV352,2025-09-23,,,,,
HAPVW60,2025-09-23,,,,,
VALEX852,2025-09-23,,,,,
BRAVX172,2025-09-23,,,,,
EZTCX174,2025-09-23,,,,,
BHIAV520,2025-09-23,,,,,
BHIAW450,2025-09-23,,,,,
ABEVN138,2025-09-23,,,,,
GGBRO205,2025-09-23,,,,,
BBDCO169,2025-09-23,,,,,
BHIAX870,2025-09-23,,,,,
RAILB151,2025-09-23,,,,,
BHIAL445,2025-09-23,,,,,
IBOVR162,2025-09-23,,,,,
PSSAL531,2025-09-23,,,,,
BOVAF120,2025-09-23,,,,,
PETRL6,2025-09-23,,,,,
ABCBL218,2025-09-23,,,,,
GUARX110,2025-09-23,,,,,
BHIAX450,2025-09-23,,,,,
GOAUX909,2025-09-23,,,,,
ARMLX357,2025-09-23,,,,,
ITSAM100,2025-09-23,,,,,
AUREX128,2025-09-23,,,,,
LEVEX271,2025-09-23,,,,,
WEGEV535,2025-09-23,,,,,
GOAUL929,2025-09-23,,,,,
BMGBX372,2025-09-23,,,,,
BHIAX440,2025-09-23,,,,,
GUARX888,2025-09-23,,,,,
MGLUV188,2025-09-23,,,,,
LWSAL435,2025-09-23,,,,,
RDORL391,2025-09-23,,,,,
BOVAF130,2025-09-23,,,,,
ABCBL213,2025-09-23,,,,,
BBDCB214,2025-09-23,,,,,
PETZX371,2025-09-23,,,,,
AUREX103,2025-09-23,,,,,
BOVAR110,2025-09-23,,,,,
GUARX868,2025-09-23,,,,,
IBOVJ145W5,2025-09-23,,,,,
IBOVV146W5,2025-09-23,,,,,
IBOVT131,2025-09-23,,,,,
IBOVT133,2025-09-23,,,,,
IBOVT155,2025-09-23,,,,,
IBOVT157,2025-09-23,,,,,
BMGBX342,2025-09-23,,,,,
MRVEW670,2025-09-23,,,,,
EQTLW355,2025-09-23,,,,,
POSIL403,2025-09-23,,,,,
RAPTL733,2025-09-23,,,,,
PSSAL486,2025-09-23,,,,,
VALEE727,2025-09-23,,,,,
TOTSA402,2025-09-23,,,,,
SIMHI655,2025-09-23,,,,,
MRVEI890,2025-09-23,,,,,
BEEFI695,2025-09-23,,,,,
INBRI530,2025-09-23,,,,,
MDNEI282,2025-09-23,,,,,
COGNI33,2025-09-23,,,,,
MTREI42,2025-09-23,,,,,
TTENI162,2025-09-23,,,,,
BRAVI201,2025-09-23,,,,,
IBOVC154,2025-09-23,,,,,
VALEK52,2025-09-23,,,,,
EMBRB809,2025-09-23,,,,,
SEERL137,2025-09-23,,,,,
COGNV105,2025-09-23,,,,,
BOVAX975,2025-09-23,,,,,
ELETL637,2025-09-23,,,,,
EMBRB669,2025-09-23,,,,,
VBBRK319,2025-09-23,,,,,
FLRYW14,2025-09-23,,,,,
CYREW296,2025-09-23,,,,,
RENTW741,2025-09-23,,,,,
CSANV760W1,2025-09-23,,,,,
MYPKX165,2025-09-23,,,,,
ITSAJ897,2025-09-23,,,,,
MGLUJ100W1,2025-09-23,,,,,
SBSPJ132W1,2025-09-23,,,,,
VBBRK309,2025-09-23,,,,,
BEEFW153,2025-09-23,,,,,
ELETU475W4,2025-09-23,,,,,
PETZV110,2025-09-23,,,,,
MYPKX120,2025-09-23,,,,,
COGNV993,2025-09-23,,,,,
SUZBW963,2025-09-23,,,,,
ROMIX790,2025-09-23,,,,,
RENTV390W1,2025-09-23,,,,,
VBBRK317,2025-09-23,,,,,
IBOVK154,2025-09-23,,,,,
VALEK250,2025-09-23,,,,,
VBBRK314,2025-09-23,,,,,
ELETL542,2025-09-23,,,,,
ELETV415,2025-09-23,,,,,
ELETW514,2025-09-23,,,,,
PETZV102,2025-09-23,,,,,
PETZV980,2025-09-23,,,,,
PETZV100,2025-09-23,,,,,
RENTV871,2025-09-23,,,,,
SMALW985,2025-09-23,,,,,
COGNV100,2025-09-23,,,,,
RENTV385W1,2025-09-23,,,,,
PETRK49,2025-09-23,,,,,
RENTV876,2025-09-23,,,,,
AGROO205,2025-09-23,,,,,
AZZAW495,2025-09-23,,,,,
AZZAW695,2025-09-23,,,,,
BBSEX332,2025-09-23,,,,,
CSMGL461,2025-09-23,,,,,
PETRJ320W5,2025-09-23,,,,,
VALEL583,2025-09-23,,,,,
PCARK810,2025-09-23,,,,,
MRVEJ730,2025-09-23,,,,,
PETRJ350W5,2025-09-23,,,,,
RENTJ425W5,2025-09-23,,,,,
BOVAJ148W5,2025-09-23,,,,,
PCARK800,2025-09-23,,,,,
USIMJ500W5,2025-09-23,,,,,
PETRJ360W5,2025-09-23,,,,,
PNVLC110,2025-09-23,,,,,
RDORJ409,2025-09-23,,,,,
ELETJ47W1,2025-09-23,,,,,
BRAXC130,2025-09-23,,,,,
RDORV394,2025-09-23,,,,,
BOVVV138W5,2025-09-23,,,,,
AZZAV342,2025-09-23,,,,,
PETZW346,2025-09-23,,,,,
WEGEV350W5,2025-09-23,,,,,
B3SAJ135W5,2025-09-23,,,,,
BOVAJ122W5,2025-09-23,,,,,
VALEL573,2025-09-23,,,,,
BOVVJ168W5,2025-09-23,,,,,
ASAIJ809,2025-09-23,,,,,
RDORJ314,2025-09-23,,,,,
RDORJ384,2025-09-23,,,,,
RENTJ385W5,2025-09-23,,,,,
HYPEJ212,2025-09-23,,,,,
BOVVJ142W5,2025-09-23,,,,,
GGBRJ170W5,2025-09-23,,,,,
ALOSL300,2025-09-23,,,,,
GGBRV180W5,2025-09-23,,,,,
RENTV355W5,2025-09-23,,,,,
PCARW640,2025-09-23,,,,,
ELETV47W1,2025-09-23,,,,,
NATUV740W5,2025-09-23,,,,,
BOVVV130W5,2025-09-23,,,,,
VIVAV280,2025-09-23,,,,,
HYPEV23,2025-09-23,,,,,
CSANV560W5,2025-09-23,,,,,
LRENV165W5,2025-09-23,,,,,
CVCBW480,2025-09-23,,,,,
BBASV235W5,2025-09-23,,,,,
PETRV305W5,2025-09-23,,,,,
CVCBW150,2025-09-23,,,,,
PCARW400,2025-09-23,,,,,
RDORV384,2025-09-23,,,,,
WEGEJ410W5,2025-09-23,,,,,
ITUBJ344W5,2025-09-23,,,,,
IGTIJ230,2025-09-23,,,,,
HYPEJ21,2025-09-23,,,,,
PETRJ330W5,2025-09-23,,,,,
CASHK450,2025-09-23,,,,,
PETRJ315W5,2025-09-23,,,,,
ITSAJ125W5,2025-09-23,,,,,
VALEJ580W5,2025-09-23,,,,,
VALEL693,2025-09-23,,,,,
VALEJ540W5,2025-09-23,,,,,
VIVAJ270,2025-09-23,,,,,
ECORK869,2025-09-23,,,,,
BBASV230W5,2025-09-23,,,,,
BRAVV185W5,2025-09-23,,,,,
CASHW440,2025-09-23,,,,,
LRENV160W5,2025-09-23,,,,,
VIVAV310,2025-09-23,,,,,
BOVAV126W5,2025-09-23,,,,,
VIVAV290,2025-09-23,,,,,
VIVAV305,2025-09-23,,,,,
CSANJ900W5,2025-09-23,,,,,
CASHK460,2025-09-23,,,,,
USIMJ580W5,2025-09-23,,,,,
IGTIJ235,2025-09-23,,,,,
RENTJ405W5,2025-09-23,,,,,
ELETV5,2025-09-23,,,,,
RENTV360W5,2025-09-23,,,,,
WEGEV360W5,2025-09-23,,,,,
NATUV720W5,2025-09-23,,,,,
RDORV389,2025-09-23,,,,,
IGTIV225,2025-09-23,,,,,
PCARW800,2025-09-23,,,,,
USIMV480W5,2025-09-23,,,,,
BPACV450W5,2025-09-23,,,,,
CASHW460,2025-09-23,,,,,
IGTIV230,2025-09-23,,,,,
EMBRV790W5,2025-09-23,,,,,
VALEL543,2025-09-23,,,,,
ELETJ5,2025-09-23,,,,,
PCARJ440W1,2025-09-23,,,,,
BOVVJ138W5,2025-09-23,,,,,
COGNW130,2025-09-23,,,,,
BRAVV145W5,2025-09-23,,,,,
BOVAN139,2025-09-23,,,,,
CSANX700,2025-09-23,,,,,
MULTJ298,2025-09-23,,,,,
AZZAJ332,2025-09-23,,,,,
COGNJ320W5,2025-09-23,,,,,
B3SAK163,2025-09-23,,,,,
EZTCL137,2025-09-23,,,,,
BBDCE140,2025-09-23,,,,,
SUZBC520,2025-09-23,,,,,
BRAVI209,2025-09-23,,,,,
BOVAB139,2025-09-23,,,,,
HBORL540,2025-09-23,,,,,
WEGEL188,2025-09-23,,,,,
ITUBI379W4,2025-09-23,,,,,
VALEK540W4,2025-09-23,,,,,
ITUBU399W4,2025-09-23,,,,,
ITUBT399,2025-09-23,,,,,
ELETI490W4,2025-09-23,,,,,
ENGIK49,2025-09-23,,,,,
ELETJ480W1,2025-09-23,,,,,
WEGEX520,2025-09-23,,,,,
WEGEX265,2025-09-23,,,,,
ELETU480W4,2025-09-23,,,,,
RENTW751,2025-09-23,,,,,
RENTV881,2025-09-23,,,,,
MGLUJ115W1,2025-09-23,,,,,
BOVAK146W4,2025-09-23,,,,,
VIVTK348,2025-09-23,,,,,
ELETL522,2025-09-23,,,,,
RENTV886,2025-09-23,,,,,
ITUBU394W4,2025-09-23,,,,,
COGNO293,2025-09-23,,,,,
ARMLV762,2025-09-23,,,,,
CSNAV162,2025-09-23,,,,,
MDIAV325,2025-09-23,,,,,
NATUV125,2025-09-23,,,,,
RAILV149,2025-09-23,,,,,
ECORX229,2025-09-23,,,,,
BOVAO152,2025-09-23,,,,,
VALER490,2025-09-23,,,,,
TENDW275,2025-09-23,,,,,
CASHW420,2025-09-23,,,,,
ITUBI359W4,2025-09-23,,,,,
CVCBJ265,2025-09-23,,,,,
PETZK436,2025-09-23,,,,,
CVCBJ245,2025-09-23,,,,,
ENGIK500,2025-09-23,,,,,
SEERK120,2025-09-23,,,,,
B3SAK170,2025-09-23,,,,,
ITUBK216,2025-09-23,,,,,
CVCBV305,2025-09-23,,,,,
TENDW243,2025-09-23,,,,,
PETZW466,2025-09-23,,,,,
CASHV430,2025-09-23,,,,,
COGNV623,2025-09-23,,,,,
PETZV465,2025-09-23,,,,,
CSANJ820W1,2025-09-23,,,,,
POSIK458,2025-09-23,,,,,
SMALL156,2025-09-23,,,,,
JBSSL899,2025-09-23,,,,,
MELIA109,2025-09-23,,,,,
ITUBG377,2025-09-23,,,,,
RDORL373,2025-09-23,,,,,
SUZBD555,2025-09-23,,,,,
CYREA346,2025-09-23,,,,,
BOVAC164,2025-09-23,,,,,
PRIOA430,2025-09-23,,,,,
TENDK218,2025-09-23,,,,,
EZTCK185,2025-09-23,,,,,
ELETI495W4,2025-09-23,,,,,
CASHV145,2025-09-23,,,,,
NATUW500,2025-09-23,,,,,
RDORV420,2025-09-23,,,,,
VALEV132,2025-09-23,,,,,
NATUW730,2025-09-23,,,,,
BRSRL126,2025-09-23,,,,,
CSANI500,2025-09-23,,,,,
COGNL358,2025-09-23,,,,,
ABCBL260,2025-09-23,,,,,
CMINK227,2025-09-23,,,,,
RAILK154,2025-09-23,,,,,
NATUK122,2025-09-23,,,,,
CSANI840W4,2025-09-23,,,,,
CBAVJ435,2025-09-23,,,,,
MRVEI120,2025-09-23,,,,,
RAILK164,2025-09-23,,,,,
MRVEI77,2025-09-23,,,,,
BPACJ480W1,2025-09-23,,,,,
BRKMF110,2025-09-23,,,,,
ABCBL250,2025-09-23,,,,,
MRVEI75,2025-09-23,,,,,
NATUW490,2025-09-23,,,,,
BRAVX127,2025-09-23,,,,,
WEGEW365W1,2025-09-23,,,,,
RAILW159,2025-09-23,,,,,
CSNAW869,2025-09-23,,,,,
VAMOI40,2025-09-23,,,,,
ITSAC126,2025-09-23,,,,,
GOGLL121,2025-09-23,,,,,
CPLED132,2025-09-23,,,,,
JBSSL920,2025-09-23,,,,,
ELETC430,2025-09-23,,,,,
JBSSL91,2025-09-23,,,,,
BBDCL190W1,2025-09-23,,,,,
ITUBK507,2025-09-23,,,,,
TENDJ270,2025-09-23,,,,,
ONCOC640,2025-09-23,,,,,
BBDCK208,2025-09-23,,,,,
BBDCE194,2025-09-23,,,,,
ITUBH258,2025-09-23,,,,,
BPACJ370W4,2025-09-23,,,,,
SBSPJ134W1,2025-09-23,,,,,
RAPTX663,2025-09-23,,,,,
PCARX105,2025-09-23,,,,,
LRENW812,2025-09-23,,,,,
SIMHJ468,2025-09-23,,,,,
CASHK405,2025-09-23,,,,,
CVCBW185,2025-09-23,,,,,
USIMK485,2025-09-23,,,,,
USIMW485,2025-09-23,,,,,
CASHW415,2025-09-23,,,,,
BOVAD15,2025-09-23,,,,,
USIMV612,2025-09-23,,,,,
CASHK385,2025-09-23,,,,,
QUALK339,2025-09-23,,,,,
IBOVC156,2025-09-23,,,,,
CVCBK245,2025-09-23,,,,,
BOVAD160,2025-09-23,,,,,
EMBRW784,2025-09-23,,,,,
WEGEV510,2025-09-23,,,,,
NVDCU260,2025-09-23,,,,,
PETRS365,2025-09-23,,,,,
ELETC557,2025-09-23,,,,,
IBOVD168,2025-09-23,,,,,
IBOVP151,2025-09-23,,,,,
CASHV420,2025-09-23,,,,,
VIVAK220,2025-09-23,,,,,
SIMHK663,2025-09-23,,,,,
TIMSK239,2025-09-23,,,,,
ENGIW386,2025-09-23,,,,,
CASHA430,2025-09-23,,,,,
B3SAC151,2025-09-23,,,,,
TTENL213,2025-09-23,,,,,
BBDCI201,2025-09-23,,,,,
ELETL432,2025-09-23,,,,,
VALEC565,2025-09-23,,,,,
ELETC480,2025-09-23,,,,,
CSANE700,2025-09-23,,,,,
M1TAK161,2025-09-23,,,,,
MELIK117,2025-09-23,,,,,
BOVAH200,2025-09-23,,,,,
ITSAA984,2025-09-23,,,,,
BBDCI134,2025-09-23,,,,,
CSANL620,2025-09-23,,,,,
VALEC605,2025-09-23,,,,,
CVCBM310,2025-09-23,,,,,
IBOVP147,2025-09-23,,,,,
MBRFK207,2025-09-23,,,,,
MBRFL28,2025-09-23,,,,,
MBRFK215,2025-09-23,,,,,
MBRFL159,2025-09-23,,,,,
MBRFL200,2025-09-23,,,,,
MBRFJ20,2025-09-23,,,,,
MBRFJ252,2025-09-23,,,,,
MBRFB139,2025-09-23,,,,,
MBRFH26,2025-09-23,,,,,
MBRFB229,2025-09-23,,,,,
MBRFH24,2025-09-23,,,,,
MBRFK190,2025-09-23,,,,,
MBRFK260,2025-09-23,,,,,
MBRFB25,2025-09-23,,,,,
MBRFA230,2025-09-23,,,,,
MBRFK235,2025-09-23,,,,,
MBRFL259,2025-09-23,,,,,
MBRFJ22,2025-09-23,,,,,
MBRFB160,2025-09-23,,,,,
MBRFL224,2025-09-23,,,,,
MBRFW24,2025-09-23,,,,,
MBRFX160,2025-09-23,,,,,
MBRFN200,2025-09-23,,,,,
MBRFR207,2025-09-23,,,,,
MBRFN216,2025-09-23,,,,,
MBRFS20,2025-09-23,,,,,
MBRFV245,2025-09-23,,,,,
MBRFV100,2025-09-23,,,,,
MBRFO180,2025-09-23,,,,,
MBRFV240,2025-09-23,,,,,
MBRFW160,2025-09-23,,,,,
MBRFW270,2025-09-23,,,,,
MBRFM16,2025-09-23,,,,,
MBRFW165,2025-09-23,,,,,
MBRFN16,2025-09-23,,,,,
MBRFP19,2025-09-23,,,,,
MBRFP18,2025-09-23,,,,,
MBRFN25,2025-09-23,,,,,
MBRFS139,2025-09-23,,,,,
MBRFO172,2025-09-23,,,,,
MBRFV191,2025-09-23,,,,,
MBRFV26,2025-09-23,,,,,
MBRFV153,2025-09-23,,,,,
MBRFT190,2025-09-23,,,,,
MBRFS22,2025-09-23,,,,,
MBRFX167,2025-09-23,,,,,
MBRFV175,2025-09-23,,,,,
MBRFX162,2025-09-23,,,,,
MBRFV20,2025-09-23,,,,,
MBRFV163,2025-09-23,,,,,
MBRFV185,2025-09-23,,,,,
MBRFO160,2025-09-23,,,,,
MBRFV168,2025-09-23,,,,,
MBRFW220,2025-09-23,,,,,
MBRFW229,2025-09-23,,,,,
MBRFW235,2025-09-23,,,,,
MBRFV410,2025-09-23,,,,,
MBRFS179,2025-09-23,,,,,
MBRFX155,2025-09-23,,,,,
MBRFW285,2025-09-23,,,,,
MBRFW20,2025-09-23,,,,,
MBRFV178,2025-09-23,,,,,
MBRFX28,2025-09-23,,,,,
MBRFW297,2025-09-23,,,,,
MBRFW187,2025-09-23,,,,,
MBRFO175,2025-09-23,,,,,
MBRFN250,2025-09-23,,,,,
MBRFK26,2025-09-23,,,,,
MBRFL18,2025-09-23,,,,,
MBRFK245,2025-09-23,,,,,
MBRFK240,2025-09-23,,,,,
MBRFE230,2025-09-23,,,,,
MBRFL22,2025-09-23,,,,,
MBRFK255,2025-09-23,,,,,
MBRFB190,2025-09-23,,,,,
MBRFA220,2025-09-23,,,,,
MBRFA210,2025-09-23,,,,,
MBRFK275,2025-09-23,,,,,
MBRFB119,2025-09-23,,,,,
MBRFK20,2025-09-23,,,,,
MBRFJ208,2025-09-23,,,,,
MBRFJ26,2025-09-23,,,,,
MBRFH28,2025-09-23,,,,,
ITSAV110,2025-09-23,,,,,
BOVAV170,2025-09-23,,,,,
BHIAV129,2025-09-23,,,,,
BHIAV20,2025-09-23,,,,,
CSNAV17,2025-09-23,,,,,
LRENV24,2025-09-23,,,,,
CVCBV60,2025-09-23,,,,,
BHIAJ129,2025-09-23,,,,,
BHIAJ20,2025-09-23,,,,,
USIMJ900,2025-09-23,,,,,
CSNAJ16,2025-09-23,,,,,
CVCBJ60,2025-09-23,,,,,
GGBRJ194,2025-09-23,,,,,
GGBRV194,2025-09-23,,,,,
B3SAV17,2025-09-23,,,,,
CSANV235,2025-09-23,,,,,
ELETV392,2025-09-23,,,,,
PETRW38,2025-09-23,,,,,
PETRW455,2025-09-23,,,,,
BOVAK116,2025-09-23,,,,,
AMARJ400,2025-09-23,,,,,
AMARJ300,2025-09-23,,,,,
CSANJ235,2025-09-23,,,,,
ABCBJ250,2025-09-23,,,,,
SUZBK770,2025-09-23,,,,,
RDORK232,2025-09-23,,,,,
RDORW232,2025-09-23,,,,,
BBASV660,2025-09-23,,,,,
MGLUW26,2025-09-23,,,,,
BOVAW160,2025-09-23,,,,,
ENEVX12,2025-09-23,,,,,
INBRW158,2025-09-23,,,,,
ITUBX401,2025-09-23,,,,,
ENEVL12,2025-09-23,,,,,
VBBRL204,2025-09-23,,,,,
UGPAL305,2025-09-23,,,,,
PCARX50,2025-09-23,,,,,
IRBRX700,2025-09-23,,,,,
GFSAX900,2025-09-23,,,,,
BHIAX101,2025-09-23,,,,,
MGLUX25,2025-09-23,,,,,
PETZX700,2025-09-23,,,,,
WEGEW317,2025-09-23,,,,,
IRBRX499,2025-09-23,,,,,
IRBRX600,2025-09-23,,,,,
MGLUX500,2025-09-23,,,,,
MGLUX40,2025-09-23,,,,,
MGLUX30,2025-09-23,,,,,
PCARL800,2025-09-23,,,,,
PETZL600,2025-09-23,,,,,
GFSAL100,2025-09-23,,,,,
MGLUL30,2025-09-23,,,,,
PETZL800,2025-09-23,,,,,
BHIAL101,2025-09-23,,,,,
MGLUL45,2025-09-23,,,,,
WEGEK317,2025-09-23,,,,,
BBASW710,2025-09-23,,,,,
RANIX11,2025-09-23,,,,,
PRIOX55,2025-09-23,,,,,
ABEVX14,2025-09-23,,,,,
ABEVX17,2025-09-23,,,,,
AUREX243,2025-09-23,,,,,
BRSRX146,2025-09-23,,,,,
RAPTX149,2025-09-23,,,,,
AUREX173,2025-09-23,,,,,
PRIOL360,2025-09-23,,,,,
PRIOL590,2025-09-23,,,,,
ABEVL200,2025-09-23,,,,,
ABEVL18,2025-09-23,,,,,
ABEVL15,2025-09-23,,,,,
LEVEL506,2025-09-23,,,,,
RAPTL149,2025-09-23,,,,,
RAPTL214,2025-09-23,,,,,
GRNDL780,2025-09-23,,,,,
RAPTL184,2025-09-23,,,,,
MILSL143,2025-09-23,,,,,
RAPTL259,2025-09-23,,,,,
LEVEL404,2025-09-23,,,,,
AUREL243,2025-09-23,,,,,
XPBRL125,2025-09-23,,,,,
AUREX283,2025-09-23,,,,,
LEVEX404,2025-09-23,,,,,
RAPTX259,2025-09-23,,,,,
COGNX334,2025-09-23,,,,,
PETRL340,2025-09-23,,,,,
PETRL35,2025-09-23,,,,,
SUZBL400,2025-09-23,,,,,
BBDCM200,2025-09-23,,,,,
PETZM650,2025-09-23,,,,,
PETZM700,2025-09-23,,,,,
BHIAM22,2025-09-23,,,,,
BHIAM25,2025-09-23,,,,,
BBDCM220,2025-09-23,,,,,
BHIAM150,2025-09-23,,,,,
LRENM1,2025-09-23,,,,,
CVCBA70,2025-09-23,,,,,
LRENA260,2025-09-23,,,,,
PETZA700,2025-09-23,,,,,
LJQQA900,2025-09-23,,,,,
LJQQL800,2025-09-23,,,,,
CBAVL700,2025-09-23,,,,,
MRVEL120,2025-09-23,,,,,
LJQQX800,2025-09-23,,,,,
CBAVM800,2025-09-23,,,,,
MRVEX10,2025-09-23,,,,,
MRVEX120,2025-09-23,,,,,
MRVEX110,2025-09-23,,,,,
BBASB738,2025-09-23,,,,,
BBSEA830,2025-09-23,,,,,
PETRM474,2025-09-23,,,,,
BBASN738,2025-09-23,,,,,
BBASN683,2025-09-23,,,,,
IBOVL13,2025-09-23,,,,,
IBOVX13,2025-09-23,,,,,
BHIAN100,2025-09-23,,,,,
GGBRN240,2025-09-23,,,,,
PETZN60,2025-09-23,,,,,
GGBRB260,2025-09-23,,,,,
AMARB30,2025-09-23,,,,,
PCARB60,2025-09-23,,,,,
IRBRB50,2025-09-23,,,,,
BHIAB100,2025-09-23,,,,,
BHIAB139,2025-09-23,,,,,
IRBRB40,2025-09-23,,,,,
B3SAB180,2025-09-23,,,,,
BHIAB119,2025-09-23,,,,,
BHIAN139,2025-09-23,,,,,
BHIAN179,2025-09-23,,,,,
B3SAN180,2025-09-23,,,,,
IRBRN50,2025-09-23,,,,,
IBOVL16,2025-09-23,,,,,
HAPVM400,2025-09-23,,,,,
BRAPX250,2025-09-23,,,,,
USIMB701,2025-09-23,,,,,
HAPVB40,2025-09-23,,,,,
BBDCB119,2025-09-23,,,,,
BBASC781,2025-09-23,,,,,
QUALA700,2025-09-23,,,,,
PETRB400,2025-09-23,,,,,
BOVAB140,2025-09-23,,,,,
SBSPC110,2025-09-23,,,,,
ROXOB100,2025-09-23,,,,,
BBASO781,2025-09-23,,,,,
BBASO720,2025-09-23,,,,,
QUALM100,2025-09-23,,,,,
BOVAN163,2025-09-23,,,,,
SBSPO935,2025-09-23,,,,,
RADLN330,2025-09-23,,,,,
BBASC810,2025-09-23,,,,,
BBASO810,2025-09-23,,,,,
BBASO700,2025-09-23,,,,,
BBASO630,2025-09-23,,,,,
COGNO45,2025-09-23,,,,,
MGLUO300,2025-09-23,,,,,
PETRC360,2025-09-23,,,,,
CSNAC160,2025-09-23,,,,,
CSNAC20,2025-09-23,,,,,
MGLUC250,2025-09-23,,,,,
MGLUC350,2025-09-23,,,,,
MGLUC200,2025-09-23,,,,,
MGLUO200,2025-09-23,,,,,
BBDCO19,2025-09-23,,,,,
MGLUO350,2025-09-23,,,,,
BOVAO16,2025-09-23,,,,,
IBOVC170,2025-09-23,,,,,
IBOVC220,2025-09-23,,,,,
GGBRO175,2025-09-23,,,,,
VALEA750,2025-09-23,,,,,
VALEA620,2025-09-23,,,,,
VALEA710,2025-09-23,,,,,
VALEA550,2025-09-23,,,,,
VALEM650,2025-09-23,,,,,
VALEM750,2025-09-23,,,,,
VALEM550,2025-09-23,,,,,
PETRL310,2025-09-23,,,,,
VIVAO37,2025-09-23,,,,,
VIVAC37,2025-09-23,,,,,
PETRN360,2025-09-23,,,,,
TASAL170,2025-09-23,,,,,
MRVEP10,2025-09-23,,,,,
GFSAP799,2025-09-23,,,,,
PETRP48,2025-09-23,,,,,
BBDCP20,2025-09-23,,,,,
GFSAD11,2025-09-23,,,,,
GFSAD799,2025-09-23,,,,,
MRVED10,2025-09-23,,,,,
MGLUD250,2025-09-23,,,,,
GFSAD899,2025-09-23,,,,,
PETRD48,2025-09-23,,,,,
BBDCD4,2025-09-23,,,,,
PETRD449,2025-09-23,,,,,
PETRP50,2025-09-23,,,,,
PETRP449,2025-09-23,,,,,
BBDCP140,2025-09-23,,,,,
ITSAE900,2025-09-23,,,,,
BBDCD150,2025-09-23,,,,,
MGLUQ200,2025-09-23,,,,,
USIMQ109,2025-09-23,,,,,
CVCBQ400,2025-09-23,,,,,
MRVEQ77,2025-09-23,,,,,
PETZE60,2025-09-23,,,,,
PETZE70,2025-09-23,,,,,
LRENE260,2025-09-23,,,,,
MGLUE349,2025-09-23,,,,,
MGLUE30,2025-09-23,,,,,
GGBRE176,2025-09-23,,,,,
MGLUE16,2025-09-23,,,,,
B3SAE140,2025-09-23,,,,,
B3SAE160,2025-09-23,,,,,
PETZQ60,2025-09-23,,,,,
USIMQ90,2025-09-23,,,,,
GGBRQ176,2025-09-23,,,,,
LRENQ260,2025-09-23,,,,,
B3SAQ15,2025-09-23,,,,,
VALEX872,2025-09-23,,,,,
BOVVX14,2025-09-23,,,,,
PETRX1,2025-09-23,,,,,
PETRX48,2025-09-23,,,,,
PETRX43,2025-09-23,,,,,
PETRX47,2025-09-23,,,,,
PETRX46,2025-09-23,,,,,
PETRX465,2025-09-23,,,,,
BOVVL14,2025-09-23,,,,,
BOVVL138,2025-09-23,,,,,
BOVVL143,2025-09-23,,,,,
BOVVL142,2025-09-23,,,,,
PETRL47,2025-09-23,,,,,
ITUBQ550,2025-09-23,,,,,
BBDCP342,2025-09-23,,,,,
ODPVD190,2025-09-23,,,,,
WIZCD200,2025-09-23,,,,,
ITUBE550,2025-09-23,,,,,
CVCBX200,2025-09-23,,,,,
B3SAP185,2025-09-23,,,,,
EGIEX380,2025-09-23,,,,,
EGIEP480,2025-09-23,,,,,
MOVIX800,2025-09-23,,,,,
EGIEP380,2025-09-23,,,,,
EGIEX480,2025-09-23,,,,,
MOVIX900,2025-09-23,,,,,
MOVIM800,2025-09-23,,,,,
GGBRX185,2025-09-23,,,,,
GGBRX19,2025-09-23,,,,,
GGBRX18,2025-09-23,,,,,
GGBRX182,2025-09-23,,,,,
GGBRX225,2025-09-23,,,,,
ITSAE190,2025-09-23,,,,,
EGIEL500,2025-09-23,,,,,
MOVID800,2025-09-23,,,,,
MOVID400,2025-09-23,,,,,
MOVID100,2025-09-23,,,,,
EGIED440,2025-09-23,,,,,
MOVIA900,2025-09-23,,,,,
MOVID900,2025-09-23,,,,,
EGIED480,2025-09-23,,,,,
MOVIL400,2025-09-23,,,,,
MOVIL800,2025-09-23,,,,,
GGBRL19,2025-09-23,,,,,
GGBRL156,2025-09-23,,,,,
GGBRL207,2025-09-23,,,,,
GGBRX165,2025-09-23,,,,,
GGBRX158,2025-09-23,,,,,
GGBRX17,2025-09-23,,,,,
GGBRX153,2025-09-23,,,,,
GGBRX21,2025-09-23,,,,,
GGBRL165,2025-09-23,,,,,
GGBRL238,2025-09-23,,,,,
GGBRL162,2025-09-23,,,,,
MRVEQ500,2025-09-23,,,,,
ITSAX908,2025-09-23,,,,,
MRVEQ520,2025-09-23,,,,,
MRVEQ550,2025-09-23,,,,,
MRVEE560,2025-09-23,,,,,
MRVEE570,2025-09-23,,,,,
MRVEE540,2025-09-23,,,,,
MRVEE500,2025-09-23,,,,,
MRVEE550,2025-09-23,,,,,
PETZK110,2025-09-23,,,,,
PETZE120,2025-09-23,,,,,
ABEVC224,2025-09-23,,,,,
CSNAR857,2025-09-23,,,,,
PRIOR57,2025-09-23,,,,,
YDUQF860,2025-09-23,,,,,
IBOVQ122,2025-09-23,,,,,
HAPVJ570,2025-09-23,,,,,
HAPVB610,2025-09-23,,,,,
COGNF35,2025-09-23,,,,,
COGNF30,2025-09-23,,,,,
MRVEF90,2025-09-23,,,,,
MRVEF120,2025-09-23,,,,,
BOVAL175,2025-09-23,,,,,
CSNAF16,2025-09-23,,,,,
B3SAF14,2025-09-23,,,,,
B3SAF15,2025-09-23,,,,,
SUZBF580,2025-09-23,,,,,
MRVEF110,2025-09-23,,,,,
IRBRF400,2025-09-23,,,,,
MRVEF100,2025-09-23,,,,,
CSNAF20,2025-09-23,,,,,
BBDCF200,2025-09-23,,,,,
COGNF20,2025-09-23,,,,,
SUZBF560,2025-09-23,,,,,
BBDCE222,2025-09-23,,,,,
CPLEF927,2025-09-23,,,,,
CPLEF847,2025-09-23,,,,,
BRSRF234,2025-09-23,,,,,
RENTB430,2025-09-23,,,,,
BBDCQ220,2025-09-23,,,,,
BBDCQ900,2025-09-23,,,,,
HAPVN610,2025-09-23,,,,,
IRBRR500,2025-09-23,,,,,
CSNAR20,2025-09-23,,,,,
SUZBR540,2025-09-23,,,,,
MRVER90,2025-09-23,,,,,
COGNR30,2025-09-23,,,,,
COGNR35,2025-09-23,,,,,
IRBRR600,2025-09-23,,,,,
B3SAR15,2025-09-23,,,,,
BOVAX175,2025-09-23,,,,,
COGNR250,2025-09-23,,,,,
BBDCR180,2025-09-23,,,,,
CSNAR16,2025-09-23,,,,,
CPLER847,2025-09-23,,,,,
CPLER767,2025-09-23,,,,,
CPLER927,2025-09-23,,,,,
RENTN430,2025-09-23,,,,,
PCARL180,2025-09-23,,,,,
ECORL700,2025-09-23,,,,,
ECORL900,2025-09-23,,,,,
ECORX80,2025-09-23,,,,,
BRAPL18,2025-09-23,,,,,
INBRL350,2025-09-23,,,,,
BRSRF1,2025-09-23,,,,,
BRSRF5,2025-09-23,,,,,
CSMGL197,2025-09-23,,,,,
NEOEL220,2025-09-23,,,,,
BOVAE125,2025-09-23,,,,,
BRSRR5,2025-09-23,,,,,
INBRX400,2025-09-23,,,,,
TUPYX240,2025-09-23,,,,,
NEOEX220,2025-09-23,,,,,
BOVAQ125,2025-09-23,,,,,
INBRF750,2025-09-23,,,,,
RAPTL100,2025-09-23,,,,,
INBRL352,2025-09-23,,,,,
INBRX352,2025-09-23,,,,,
LAVVX890,2025-09-23,,,,,
SBSPF410,2025-09-23,,,,,
ITUBX350,2025-09-23,,,,,
SBSPX410,2025-09-23,,,,,
PETZX580,2025-09-23,,,,,
COGNG350,2025-09-23,,,,,
MGLUG22,2025-09-23,,,,,
MGLUG200,2025-09-23,,,,,
MGLUG18,2025-09-23,,,,,
MGLUG24,2025-09-23,,,,,
GFSAD35,2025-09-23,,,,,
PCARG550,2025-09-23,,,,,
MRVEG110,2025-09-23,,,,,
MRVEG900,2025-09-23,,,,,
MRVEG100,2025-09-23,,,,,
PCARG50,2025-09-23,,,,,
GFSAG600,2025-09-23,,,,,
BMGBR24,2025-09-23,,,,,
MRVES900,2025-09-23,,,,,
BBASS144,2025-09-23,,,,,
MRVES120,2025-09-23,,,,,
GFSAX35,2025-09-23,,,,,
MGLUS18,2025-09-23,,,,,
BPACF350,2025-09-23,,,,,
LRENC137,2025-09-23,,,,,
BPACR350,2025-09-23,,,,,
PCARO230,2025-09-23,,,,,
LRENO137,2025-09-23,,,,,
SAPRD268,2025-09-23,,,,,
VBBRA250,2025-09-23,,,,,
VBBRM250,2025-09-23,,,,,
PETRG440,2025-09-23,,,,,
ODPVC870,2025-09-23,,,,,
AERIC250,2025-09-23,,,,,
BBSEF440,2025-09-23,,,,,
ITUBG825,2025-09-23,,,,,
PETRB20,2025-09-23,,,,,
AERIO350,2025-09-23,,,,,
TTENL135,2025-09-23,,,,,
TTENL130,2025-09-23,,,,,
TTENX130,2025-09-23,,,,,
TTENX135,2025-09-23,,,,,
WEGEK542,2025-09-23,,,,,
CSNAH762,2025-09-23,,,,,
AZZAF1,2025-09-23,,,,,
WEGEX600,2025-09-23,,,,,
AZZAR1,2025-09-23,,,,,
CSNAT762,2025-09-23,,,,,
WEGEW562,2025-09-23,,,,,
BHIAH110,2025-09-23,,,,,
BHIAH12,2025-09-23,,,,,
CVCBH500,2025-09-23,,,,,
LRENH260,2025-09-23,,,,,
USIMH800,2025-09-23,,,,,
BHIAH100,2025-09-23,,,,,
IRBRH399,2025-09-23,,,,,
LRENH220,2025-09-23,,,,,
CVCBH400,2025-09-23,,,,,
IRBRH600,2025-09-23,,,,,
USIMH10,2025-09-23,,,,,
BBASH266,2025-09-23,,,,,
BOVAG150,2025-09-23,,,,,
LRENT240,2025-09-23,,,,,
CVCBT30,2025-09-23,,,,,
CVCBT450,2025-09-23,,,,,
IRBRT399,2025-09-23,,,,,
BBAST266,2025-09-23,,,,,
SANBL312,2025-09-23,,,,,
VIVAD23,2025-09-23,,,,,
BOVAT99,2025-09-23,,,,,
KEPLT120,2025-09-23,,,,,
HAPVD40,2025-09-23,,,,,
BHIAH60,2025-09-23,,,,,
SANBH365,2025-09-23,,,,,
BHIAH700,2025-09-23,,,,,
BOVAG125,2025-09-23,,,,,
BOVAH4,2025-09-23,,,,,
HAPVP47,2025-09-23,,,,,
HAPVP40,2025-09-23,,,,,
ITSAS600,2025-09-23,,,,,
ITUBS190,2025-09-23,,,,,
SANBO230,2025-09-23,,,,,
BOVAT4,2025-09-23,,,,,
ITUBS240,2025-09-23,,,,,
BOVAH7,2025-09-23,,,,,
BRSRH78,2025-09-23,,,,,
ITUBG240,2025-09-23,,,,,
PETZH38,2025-09-23,,,,,
RENTG510,2025-09-23,,,,,
RANIL773,2025-09-23,,,,,
VLIDG250,2025-09-23,,,,,
AZZAW490,2025-09-23,,,,,
RANIT750,2025-09-23,,,,,
QUALT15,2025-09-23,,,,,
PETRM305,2025-09-23,,,,,
BOVAB118,2025-09-23,,,,,
BOVAC118,2025-09-23,,,,,
ITUBS355,2025-09-23,,,,,
IBOVX110,2025-09-23,,,,,
IBOVX30,2025-09-23,,,,,
IBOVX12,2025-09-23,,,,,
RDORX450,2025-09-23,,,,,
SIMHU70,2025-09-23,,,,,
EMBRV540,2025-09-23,,,,,
ITUBT360,2025-09-23,,,,,
VLIDS280,2025-09-23,,,,,
VBBRX260,2025-09-23,,,,,
RDORT245,2025-09-23,,,,,
AZZAT640,2025-09-23,,,,,
AZZAT610,2025-09-23,,,,,
GUARH850,2025-09-23,,,,,
SIMHI70,2025-09-23,,,,,
VLIDG280,2025-09-23,,,,,
VBBRL260,2025-09-23,,,,,
MGLUH120,2025-09-23,,,,,
QUALH295,2025-09-23,,,,,
RDORH250,2025-09-23,,,,,
COGNH400,2025-09-23,,,,,
AZZAH120,2025-09-23,,,,,
JHSFG310,2025-09-23,,,,,
EQTLR375,2025-09-23,,,,,
ITUBT362,2025-09-23,,,,,
VALER110,2025-09-23,,,,,
ITSAS130,2025-09-23,,,,,
GFSAS250,2025-09-23,,,,,
EQTLF375,2025-09-23,,,,,
ITSAG130,2025-09-23,,,,,
ITSAG110,2025-09-23,,,,,
VALEF897,2025-09-23,,,,,
AMBPL14,2025-09-23,,,,,
GFSAG350,2025-09-23,,,,,
GFSAG250,2025-09-23,,,,,
BBASH260,2025-09-23,,,,,
ITSAB106,2025-09-23,,,,,
ITUBT365,2025-09-23,,,,,
PETRU32,2025-09-23,,,,,
ALPAL880,2025-09-23,,,,,
VALEH760,2025-09-23,,,,,
MGLUI1,2025-09-23,,,,,
VALER752,2025-09-23,,,,,
GGBRI142,2025-09-23,,,,,
CPFEP330,2025-09-23,,,,,
GGBRU142,2025-09-23,,,,,
AZULG800,2025-09-23,,,,,
ITUBI37,2025-09-23,,,,,
AZULS600,2025-09-23,,,,,
AZULS100,2025-09-23,,,,,
ALOSI145,2025-09-23,,,,,
CSNAI990,2025-09-23,,,,,
FLRYH360,2025-09-23,,,,,
FLRYO190,2025-09-23,,,,,
CURYN290,2025-09-23,,,,,
IBOVL7,2025-09-23,,,,,
CSNAI980,2025-09-23,,,,,
ITUBC375,2025-09-23,,,,,
BRAVD336,2025-09-23,,,,,
CURYB290,2025-09-23,,,,,
YDUQL11,2025-09-23,,,,,
SANBI23,2025-09-23,,,,,
CSNAI102,2025-09-23,,,,,
CSNAU980,2025-09-23,,,,,
BRAVP286,2025-09-23,,,,,
ITSAU192,2025-09-23,,,,,
BRAVP296,2025-09-23,,,,,
BRAVP45,2025-09-23,,,,,
CSNAU105,2025-09-23,,,,,
BRAVM400,2025-09-23,,,,,
BMGBU290,2025-09-23,,,,,
SMFTU170,2025-09-23,,,,,
CSANU16,2025-09-23,,,,,
DIRRI365,2025-09-23,,,,,
BMGBI290,2025-09-23,,,,,
VALEJ490,2025-09-23,,,,,
LRENJ270,2025-09-23,,,,,
IBOVX3,2025-09-23,,,,,
IBOVL4,2025-09-23,,,,,
CYRED24,2025-09-23,,,,,
CYRED300,2025-09-23,,,,,
SBSPB120,2025-09-23,,,,,
SBSPB110,2025-09-23,,,,,
CYREB24,2025-09-23,,,,,
SBSPB100,2025-09-23,,,,,
BOVVL147,2025-09-23,,,,,
BOVVL1,2025-09-23,,,,,
BRAVL300,2025-09-23,,,,,
BRAVL290,2025-09-23,,,,,
CYREP270,2025-09-23,,,,,
CYREN24,2025-09-23,,,,,
CYREN300,2025-09-23,,,,,
AZULX220,2025-09-23,,,,,
BRAVX310,2025-09-23,,,,,
VALEF702,2025-09-23,,,,,
BBASV260,2025-09-23,,,,,
BBASV280,2025-09-23,,,,,
BBASV270,2025-09-23,,,,,
RENTB40,2025-09-23,,,,,
BBASJ290,2025-09-23,,,,,
TTENJ11,2025-09-23,,,,,
CPLEV967,2025-09-23,,,,,
POSIX750,2025-09-23,,,,,
CPLEJ967,2025-09-23,,,,,
POSIL650,2025-09-23,,,,,
POSIL60,2025-09-23,,,,,
GOAUJ974,2025-09-23,,,,,
POSIL750,2025-09-23,,,,,
TTENV13,2025-09-23,,,,,
GOAUV974,2025-09-23,,,,,
MGLUV219,2025-09-23,,,,,
PCARV60,2025-09-23,,,,,
PETZV60,2025-09-23,,,,,
B3SAV16,2025-09-23,,,,,
MGLUV2,2025-09-23,,,,,
B3SAV868,2025-09-23,,,,,
PETZV80,2025-09-23,,,,,
GGBRV239,2025-09-23,,,,,
B3SAJ945,2025-09-23,,,,,
B3SAJ15,2025-09-23,,,,,
MGLUJ159,2025-09-23,,,,,
GGBRJ20,2025-09-23,,,,,
PETZJ60,2025-09-23,,,,,
PETZJ80,2025-09-23,,,,,
MGLUJ199,2025-09-23,,,,,
MGLUJ219,2025-09-23,,,,,
PETZJ70,2025-09-23,,,,,
MGLUJ179,2025-09-23,,,,,
MGLUJ460,2025-09-23,,,,,
ITUBL29,2025-09-23,,,,,
SLCEJ168,2025-09-23,,,,,
SLCEI169,2025-09-23,,,,,
USIMI70,2025-09-23,,,,,
USIMU70,2025-09-23,,,,,
DIRRV220,2025-09-23,,,,,
USIMU710,2025-09-23,,,,,
PRIOL445,2025-09-23,,,,,
CMINJ710,2025-09-23,,,,,
PRIOL443,2025-09-23,,,,,
PRIOL44,2025-09-23,,,,,
CMINJ699,2025-09-23,,,,,
SAPRH20,2025-09-23,,,,,
BBDCV180,2025-09-23,,,,,
SAPRT20,2025-09-23,,,,,
SAPRX201,2025-09-23,,,,,
BRAVX200,2025-09-23,,,,,
PRIOX45,2025-09-23,,,,,
PRIOX43,2025-09-23,,,,,
PRIOX445,2025-09-23,,,,,
ELETL400,2025-09-23,,,,,
VALEV902,2025-09-23,,,,,
B3SAX130,2025-09-23,,,,,
BBSER431,2025-09-23,,,,,
BHIAV399,2025-09-23,,,,,
PRIOX639,2025-09-23,,,,,
BOVAV70,2025-09-23,,,,,
BHIAJ399,2025-09-23,,,,,
MGLUJ15,2025-09-23,,,,,
CSNAK132,2025-09-23,,,,,
WEGEJ630,2025-09-23,,,,,
HYPEU285,2025-09-23,,,,,
SAPRU280,2025-09-23,,,,,
BBASV388,2025-09-23,,,,,
NVDCR170,2025-09-23,,,,,
CSNAJ169,2025-09-23,,,,,
PETZI620,2025-09-23,,,,,
PETZI640,2025-09-23,,,,,
HYPEI285,2025-09-23,,,,,
ITUBJ325,2025-09-23,,,,,
PETRJ271,2025-09-23,,,,,
PETRH500,2025-09-23,,,,,
BBDCM278,2025-09-23,,,,,
PETRV512,2025-09-23,,,,,
VALEV812,2025-09-23,,,,,
VALEV807,2025-09-23,,,,,
NVDCL200,2025-09-23,,,,,
VALEJ108,2025-09-23,,,,,
BRAVQ190,2025-09-23,,,,,
BRAVV20,2025-09-23,,,,,
BRAVQ210,2025-09-23,,,,,
MOVIT600,2025-09-23,,,,,
BRAVV23,2025-09-23,,,,,
BRAVR200,2025-09-23,,,,,
SIMHT540,2025-09-23,,,,,
BRAVT180,2025-09-23,,,,,
SIMHS510,2025-09-23,,,,,
BRAVT190,2025-09-23,,,,,
BRAVR210,2025-09-23,,,,,
SIMHQ510,2025-09-23,,,,,
SIMHR510,2025-09-23,,,,,
BRAVR230,2025-09-23,,,,,
BRAVT170,2025-09-23,,,,,
BRAVS190,2025-09-23,,,,,
SIMHV510,2025-09-23,,,,,
BRAVJ20,2025-09-23,,,,,
BRAVJ22,2025-09-23,,,,,
BRAVJ23,2025-09-23,,,,,
BRAVH200,2025-09-23,,,,,
BRAVH230,2025-09-23,,,,,
MOVIF600,2025-09-23,,,,,
BRAVJ19,2025-09-23,,,,,
BRAVF170,2025-09-23,,,,,
BRAVF200,2025-09-23,,,,,
SIMHE530,2025-09-23,,,,,
BRAVF190,2025-09-23,,,,,
MOVIJ620,2025-09-23,,,,,
BRAVF220,2025-09-23,,,,,
PETRJ502,2025-09-23,,,,,
VALEH800,2025-09-23,,,,,
BOVVL131,2025-09-23,,,,,
WEGEJ600,2025-09-23,,,,,
WEGEJ580,2025-09-23,,,,,
BOVVL129,2025-09-23,,,,,
BHIAJ350,2025-09-23,,,,,
WEGEG610,2025-09-23,,,,,
WEGEJ590,2025-09-23,,,,,
WEGEH580,2025-09-23,,,,,
WEGEG580,2025-09-23,,,,,
WEGEJ610,2025-09-23,,,,,
PETRV502,2025-09-23,,,,,
BBASW260,2025-09-23,,,,,
BOVVX129,2025-09-23,,,,,
BBASX30,2025-09-23,,,,,
IBOVL6,2025-09-23,,,,,
IBOVL145,2025-09-23,,,,,
BOVAJ200,2025-09-23,,,,,
BOVAV200,2025-09-23,,,,,
BBASU260,2025-09-23,,,,,
BBASU360,2025-09-23,,,,,
PETRX155,2025-09-23,,,,,
ITUBP340,2025-09-23,,,,,
ITUBJ359,2025-09-23,,,,,
BEEFW444,2025-09-23,,,,,
BBASW200,2025-09-23,,,,,
BEEFK444,2025-09-23,,,,,
VALEH700,2025-09-23,,,,,
CVCBK449,2025-09-23,,,,,
MRVEK100,2025-09-23,,,,,
USIMK799,2025-09-23,,,,,
USIMK899,2025-09-23,,,,,
AMARK20,2025-09-23,,,,,
MRVEK11,2025-09-23,,,,,
COGNW2,2025-09-23,,,,,
MGLUW1,2025-09-23,,,,,
COGNW300,2025-09-23,,,,,
COGNW35,2025-09-23,,,,,
COGNW3,2025-09-23,,,,,
USIMW799,2025-09-23,,,,,
PETRV492,2025-09-23,,,,,
BBASV358,2025-09-23,,,,,
GFSAK30,2025-09-23,,,,,
PETRJ352,2025-09-23,,,,,
BOVVB142,2025-09-23,,,,,
CSANW12,2025-09-23,,,,,
CURYQ320,2025-09-23,,,,,
CURYF340,2025-09-23,,,,,
BOVVC150,2025-09-23,,,,,
SBSPF130,2025-09-23,,,,,
IFCMK150,2025-09-23,,,,,
SBSPF125,2025-09-23,,,,,
BHIAK850,2025-09-23,,,,,
TOTSQ420,2025-09-23,,,,,
CURYR330,2025-09-23,,,,,
COGNW5,2025-09-23,,,,,
BOVAX110,2025-09-23,,,,,
BOVAJ60,2025-09-23,,,,,
BOVAK600,2025-09-23,,,,,
COGNJ500,2025-09-23,,,,,
TOTSE320,2025-09-23,,,,,
COGNJ50,2025-09-23,,,,,
VALEL69,2025-09-23,,,,,
SMALH100,2025-09-23,,,,,
COGNV500,2025-09-23,,,,,
BOVAV500,2025-09-23,,,,,
BOVAW600,2025-09-23,,,,,
VALEX70,2025-09-23,,,,,
BOVAV600,2025-09-23,,,,,
TOTSQ320,2025-09-23,,,,,
TOTSQ300,2025-09-23,,,,,
VALEX689,2025-09-23,,,,,
ITUBR375,2025-09-23,,,,,
EZTCL225,2025-09-23,,,,,
EZTCJ205,2025-09-23,,,,,
RENTJ610,2025-09-23,,,,,
RENTX426,2025-09-23,,,,,
BBDCX2,2025-09-23,,,,,
BBSEM337,2025-09-23,,,,,
PETRA479,2025-09-23,,,,,
BBSEA335,2025-09-23,,,,,
BBSEM33,2025-09-23,,,,,
BBSEA347,2025-09-23,,,,,
BOVAK70,2025-09-23,,,,,
BBSEM335,2025-09-23,,,,,
PETRV201,2025-09-23,,,,,
ISAEF600,2025-09-23,,,,,
ISAEC190,2025-09-23,,,,,
ISAEB332,2025-09-23,,,,,
BOVAL2,2025-09-23,,,,,
VALEL75,2025-09-23,,,,,
VALEL72,2025-09-23,,,,,
VALEL77,2025-09-23,,,,,
PETRL18,2025-09-23,,,,,
VALEL710,2025-09-23,,,,,
WEGEJ670,2025-09-23,,,,,
VALEX72,2025-09-23,,,,,
BBASX280,2025-09-23,,,,,
VALEX800,2025-09-23,,,,,
ITUBL360,2025-09-23,,,,,
VALEX65,2025-09-23,,,,,
ITUBX360,2025-09-23,,,,,
PETRW450,2025-09-23,,,,,
PETRW340,2025-09-23,,,,,
BBSEA36,2025-09-23,,,,,
ITUBB375,2025-09-23,,,,,
TTENL170,2025-09-23,,,,,
RAPTL15,2025-09-23,,,,,
ECORL920,2025-09-23,,,,,
ECORX650,2025-09-23,,,,,
INBRX265,2025-09-23,,,,,
PCARX500,2025-09-23,,,,,
AZULX10,2025-09-23,,,,,
PETZX60,2025-09-23,,,,,
USIMX800,2025-09-23,,,,,
CSNAX170,2025-09-23,,,,,
INBRL265,2025-09-23,,,,,
MYPKL21,2025-09-23,,,,,
INBRL36,2025-09-23,,,,,
LRENL220,2025-09-23,,,,,
CSNAL170,2025-09-23,,,,,
PETZL60,2025-09-23,,,,,
CVCBL400,2025-09-23,,,,,
PCARL500,2025-09-23,,,,,
LRENX260,2025-09-23,,,,,
CSNAX1,2025-09-23,,,,,
AZULX80,2025-09-23,,,,,
MRVEX77,2025-09-23,,,,,
MGLUX150,2025-09-23,,,,,
PETZL70,2025-09-23,,,,,
LRENL27,2025-09-23,,,,,
POSIL699,2025-09-23,,,,,
MGLUL140,2025-09-23,,,,,
MGLUL150,2025-09-23,,,,,
POSIL599,2025-09-23,,,,,
ITUBV316,2025-09-23,,,,,
ITUBW264,2025-09-23,,,,,
LEVEL350,2025-09-23,,,,,
BOVAL9,2025-09-23,,,,,
B3SAL160,2025-09-23,,,,,
B3SAL13,2025-09-23,,,,,
SIMHE710,2025-09-23,,,,,
SIMHF740,2025-09-23,,,,,
SIMHH720,2025-09-23,,,,,
LEVEL400,2025-09-23,,,,,
SIMHJ730,2025-09-23,,,,,
BHIAL600,2025-09-23,,,,,
BOVAL8,2025-09-23,,,,,
COGNJ130,2025-09-23,,,,,
BHIAX399,2025-09-23,,,,,
B3SAX160,2025-09-23,,,,,
BBDCX190,2025-09-23,,,,,
IBOVA14,2025-09-23,,,,,
IBOVA1,2025-09-23,,,,,
IBOVM14,2025-09-23,,,,,
PETRS425,2025-09-23,,,,,
BBDCX170,2025-09-23,,,,,
COGNV120,2025-09-23,,,,,
BBDCL18,2025-09-23,,,,,
PETRA20,2025-09-23,,,,,
KLBNL220,2025-09-23,,,,,
SUZBL68,2025-09-23,,,,,
BBASL365,2025-09-23,,,,,
ELETL1,2025-09-23,,,,,
ELETL340,2025-09-23,,,,,
BBASX365,2025-09-23,,,,,
WEGEX457,2025-09-23,,,,,
ELETX390,2025-09-23,,,,,
ELETX360,2025-09-23,,,,,
BOVAJ16,2025-09-23,,,,,
BPANH950,2025-09-23,,,,,
ELETX330,2025-09-23,,,,,
ITUBW219,2025-09-23,,,,,
BPANX800,2025-09-23,,,,,
PRIOL49,2025-09-23,,,,,
BPANH100,2025-09-23,,,,,
PRIOX46,2025-09-23,,,,,
BPANL950,2025-09-23,,,,,
BPANJ110,2025-09-23,,,,,
BPANL110,2025-09-23,,,,,
PRIOL475,2025-09-23,,,,,
BPANJ100,2025-09-23,,,,,
BOVAX17,2025-09-23,,,,,
PETRX68,2025-09-23,,,,,
IRBRX599,2025-09-23,,,,,
IRBRL599,2025-09-23,,,,,
PETRL53,2025-09-23,,,,,
IRBRL50,2025-09-23,,,,,
PETRL52,2025-09-23,,,,,
PETRL68,2025-09-23,,,,,
PETRL28,2025-09-23,,,,,
IRBRL399,2025-09-23,,,,,
BRAVQ320,2025-09-23,,,,,
ABEVX195,2025-09-23,,,,,
IBOVX8,2025-09-23,,,,,
TAEEX33,2025-09-23,,,,,
TAEEL33,2025-09-23,,,,,
ABEVL185,2025-09-23,,,,,
PETRX271,2025-09-23,,,,,
TSLAX60,2025-09-23,,,,,
PETRX275,2025-09-23,,,,,
CXSEM137,2025-09-23,,,,,
PETRL232,2025-09-23,,,,,
VAMOJ2,2025-09-23,,,,,
VAMOF3,2025-09-23,,,,,
VAMOJ1,2025-09-23,,,,,
VAMOJ3,2025-09-23,,,,,
VAMOE7,2025-09-23,,,,,
VAMOA18,2025-09-23,,,,,
VAMOW1,2025-09-23,,,,,
VAMOV1,2025-09-23,,,,,
VAMOM18,2025-09-23,,,,,
VAMOQ8,2025-09-23,,,,,
BOVAX19,2025-09-23,,,,,
BOVAX20,2025-09-23,,,,,
IBOVX9,2025-09-23,,,,,
BOVAX21,2025-09-23,,,,,
BOVAX29,2025-09-23,,,,,
BOVAL23,2025-09-23,,,,,
WEGEX380,2025-09-23,,,,,
BOVAX31,2025-09-23,,,,,
BOVAL28,2025-09-23,,,,,
BOVAL25,2025-09-23,,,,,
MOVIJ300,2025-09-23,,,,,
VALEA612,2025-09-23,,,,,
VALEM612,2025-09-23,,,,,
VALEM587,2025-09-23,,,,,
VALEM567,2025-09-23,,,,,
VALEM637,2025-09-23,,,,,
VALEM592,2025-09-23,,,,,
VALEM617,2025-09-23,,,,,
VALEM582,2025-09-23,,,,,
MOVIV400,2025-09-23,,,,,
BOVAX80,2025-09-23,,,,,
VALEA587,2025-09-23,,,,,
VALEA607,2025-09-23,,,,,
VALEA577,2025-09-23,,,,,
SUZBX682,2025-09-23,,,,,
VALEX859,2025-09-23,,,,,
CSANX18,2025-09-23,,,,,
IBOVX18,2025-09-23,,,,,
BBSEL200,2025-09-23,,,,,
IBOVW118,2025-09-23,,,,,
IBOVK140,2025-09-23,,,,,
PRIOX550,2025-09-23,,,,,
ECORX699,2025-09-23,,,,,
PRIOX450,2025-09-23,,,,,
AZZAX35,2025-09-23,,,,,
MGLUL10,2025-09-23,,,,,
PRIOL550,2025-09-23,,,,,
AZZAL40,2025-09-23,,,,,
AZZAL45,2025-09-23,,,,,
PRIOL500,2025-09-23,,,,,
SIMHX50,2025-09-23,,,,,
AMBPL20,2025-09-23,,,,,
SIMHL65,2025-09-23,,,,,
AMBPL350,2025-09-23,,,,,
BEEFL680,2025-09-23,,,,,
BEEFL660,2025-09-23,,,,,
BEEFX660,2025-09-23,,,,,
BOVAT2,2025-09-23,,,,,
BOVAF149,2025-09-23,,,,,
BOVAH2,2025-09-23,,,,,
BOVAH148,2025-09-23,,,,,
BOVAF144,2025-09-23,,,,,
BOVAG145,2025-09-23,,,,,
BOVAG151,2025-09-23,,,,,
BOVAG155,2025-09-23,,,,,
BOVAR144,2025-09-23,,,,,
BOVAS142,2025-09-23,,,,,
BOVAT148,2025-09-23,,,,,
IRBRX160,2025-09-23,,,,,
BBDCM723,2025-09-23,,,,,
CSNAM681,2025-09-23,,,,,
CSNAA681,2025-09-23,,,,,
PETRX194,2025-09-23,,,,,
GFSAA300,2025-09-23,,,,,
AZULA499,2025-09-23,,,,,
GGBRA240,2025-09-23,,,,,
MGLUM80,2025-09-23,,,,,
GGBRM240,2025-09-23,,,,,
MGLUA90,2025-09-23,,,,,
HYPEA240,2025-09-23,,,,,
GGBRA220,2025-09-23,,,,,
HYPEM280,2025-09-23,,,,,
BOVAA10,2025-09-23,,,,,
BOVAM10,2025-09-23,,,,,
PRIOX436,2025-09-23,,,,,
RAILE15,2025-09-23,,,,,
PRIOX416,2025-09-23,,,,,
CSNAA14,2025-09-23,,,,,
ITUBL309,2025-09-23,,,,,
VALEL560,2025-09-23,,,,,
ITUBL364,2025-09-23,,,,,
VALEL570,2025-09-23,,,,,
PSSAE400,2025-09-23,,,,,
VALEL550,2025-09-23,,,,,
PSSAE450,2025-09-23,,,,,
ITUBL354,2025-09-23,,,,,
CSNAA13,2025-09-23,,,,,
VALEX530,2025-09-23,,,,,
ITUBX354,2025-09-23,,,,,
PETRV431,2025-09-23,,,,,
VALEV465,2025-09-23,,,,,
VALEV450,2025-09-23,,,,,
VALEV455,2025-09-23,,,,,
PETRJ436,2025-09-23,,,,,
VALEJ475,2025-09-23,,,,,
VALEJ455,2025-09-23,,,,,
EMBRV580,2025-09-23,,,,,
EMBRV610,2025-09-23,,,,,
VALEV495,2025-09-23,,,,,
VALEV415,2025-09-23,,,,,
VALEV470,2025-09-23,,,,,
VALEV445,2025-09-23,,,,,
EMBRV560,2025-09-23,,,,,
VALEV410,2025-09-23,,,,,
VALEJ760,2025-09-23,,,,,
VALEJ480,2025-09-23,,,,,
EMBRJ550,2025-09-23,,,,,
PETRJ406,2025-09-23,,,,,
PETRJ441,2025-09-23,,,,,
VALEJ465,2025-09-23,,,,,
PETRJ421,2025-09-23,,,,,
VALEV770,2025-09-23,,,,,
VALEV480,2025-09-23,,,,,
EMBRV590,2025-09-23,,,,,
VALEV440,2025-09-23,,,,,
VALEV49,2025-09-23,,,,,
VALEV425,2025-09-23,,,,,
LWSAM335,2025-09-23,,,,,
VALEJ740,2025-09-23,,,,,
PETRJ411,2025-09-23,,,,,
LWSAA375,2025-09-23,,,,,
VALEX760,2025-09-23,,,,,
BBDCL135,2025-09-23,,,,,
VALEF647,2025-09-23,,,,,
BBASX293,2025-09-23,,,,,
BRAPR195,2025-09-23,,,,,
BRAVL330,2025-09-23,,,,,
BOVAX128,2025-09-23,,,,,
B3SAR115,2025-09-23,,,,,
PRIOA30,2025-09-23,,,,,
PETRW196,2025-09-23,,,,,
B3SAR112,2025-09-23,,,,,
B3SAX111,2025-09-23,,,,,
PRIOM314,2025-09-23,,,,,
PRIOM30,2025-09-23,,,,,
B3SAL111,2025-09-23,,,,,
PRIOM31,2025-09-23,,,,,
BPACN280,2025-09-23,,,,,
PRIOA314,2025-09-23,,,,,
ELETJ350,2025-09-23,,,,,
ALPAX175,2025-09-23,,,,,
BBASW320,2025-09-23,,,,,
BPACX500,2025-09-23,,,,,
BPACL500,2025-09-23,,,,,
BRAVA190,2025-09-23,,,,,
BRAVM140,2025-09-23,,,,,
BRAVM200,2025-09-23,,,,,
BRAVM160,2025-09-23,,,,,
BRAVM150,2025-09-23,,,,,
VIVAJ197,2025-09-23,,,,,
VIVAJ207,2025-09-23,,,,,
TOTSV290,2025-09-23,,,,,
TOTSW313,2025-09-23,,,,,
TAEEX365,2025-09-23,,,,,
TAEEA330,2025-09-23,,,,,
TAEEL345,2025-09-23,,,,,
TOTSK313,2025-09-23,,,,,
TAEEL355,2025-09-23,,,,,
TAEEL375,2025-09-23,,,,,
TAEEX375,2025-09-23,,,,,
TAEEW330,2025-09-23,,,,,
TAEEM330,2025-09-23,,,,,
TAEEL365,2025-09-23,,,,,
TAEEL360,2025-09-23,,,,,
SMTOL230,2025-09-23,,,,,
SMTOW230,2025-09-23,,,,,
SMTOA230,2025-09-23,,,,,
BBASA281,2025-09-23,,,,,
TAEEX380,2025-09-23,,,,,
TAEEX340,2025-09-23,,,,,
PRIOW549,2025-09-23,,,,,
PRIOW481,2025-09-23,,,,,
BBASX281,2025-09-23,,,,,
BBASL301,2025-09-23,,,,,
IBOVX126,2025-09-23,,,,,
BBASA301,2025-09-23,,,,,
BBASM281,2025-09-23,,,,,
BBASA181,2025-09-23,,,,,
BBASL211,2025-09-23,,,,,
BBASX211,2025-09-23,,,,,
CSANL180,2025-09-23,,,,,
CSANX120,2025-09-23,,,,,
CSANM180,2025-09-23,,,,,
AUREX100,2025-09-23,,,,,
CSANL160,2025-09-23,,,,,
CSANA135,2025-09-23,,,,,
AUREA100,2025-09-23,,,,,
VBBRL300,2025-09-23,,,,,
CSANA120,2025-09-23,,,,,
CSANM120,2025-09-23,,,,,
CSANX160,2025-09-23,,,,,
CSANX135,2025-09-23,,,,,
SMALL120,2025-09-23,,,,,
VBBRX215,2025-09-23,,,,,
CSANX180,2025-09-23,,,,,
SMALX120,2025-09-23,,,,,
BPACV310,2025-09-23,,,,,
ABEVV110,2025-09-23,,,,,
IBOVX125,2025-09-23,,,,,
EGIEV350,2025-09-23,,,,,
BRAPJ160,2025-09-23,,,,,
ABEVJ110,2025-09-23,,,,,
FLRYV120,2025-09-23,,,,,
LWSAV300,2025-09-23,,,,,
HYPEV180,2025-09-23,,,,,
CYREV190,2025-09-23,,,,,
KLBNV220,2025-09-23,,,,,
RADLV210,2025-09-23,,,,,
ASAIV600,2025-09-23,,,,,
HYPEJ180,2025-09-23,,,,,
ASAIJ600,2025-09-23,,,,,
BOVVV125,2025-09-23,,,,,
EZTCV110,2025-09-23,,,,,
EMBRL610,2025-09-23,,,,,
ROMIJ900,2025-09-23,,,,,
AZZAL320,2025-09-23,,,,,
BEEFA400,2025-09-23,,,,,
RADLA210,2025-09-23,,,,,
ITSAW900,2025-09-23,,,,,
VAMOM500,2025-09-23,,,,,
CVCBN200,2025-09-23,,,,,
MYPKM130,2025-09-23,,,,,
ALOSM180,2025-09-23,,,,,
RAILX170,2025-09-23,,,,,
VULCV170,2025-09-23,,,,,
BPACM310,2025-09-23,,,,,
MRVEW500,2025-09-23,,,,,
POMOM800,2025-09-23,,,,,
ODPVX110,2025-09-23,,,,,
CSNAM800,2025-09-23,,,,,
SOJAM100,2025-09-23,,,,,
ESPAL100,2025-09-23,,,,,
POMOA800,2025-09-23,,,,,
INTBJ140,2025-09-23,,,,,
POMOJ800,2025-09-23,,,,,
IFCML100,2025-09-23,,,,,
CAMLJ500,2025-09-23,,,,,
GOGLJ990,2025-09-23,,,,,
SBSPA930,2025-09-23,,,,,
CPLEK900,2025-09-23,,,,,
CXSEL150,2025-09-23,,,,,
SAPRM250,2025-09-23,,,,,
VBBRV180,2025-09-23,,,,,
MDIAX200,2025-09-23,,,,,
BBDCM100,2025-09-23,,,,,
RAIZX200,2025-09-23,,,,,
ELETM350,2025-09-23,,,,,
QUALX200,2025-09-23,,,,,
SOJAV100,2025-09-23,,,,,
AZULN499,2025-09-23,,,,,
EGIEN35,2025-09-23,,,,,
CMINM500,2025-09-23,,,,,
DXCOW600,2025-09-23,,,,,
EZTCW110,2025-09-23,,,,,
ABEVN11,2025-09-23,,,,,
BBDCV100,2025-09-23,,,,,
RAIZM200,2025-09-23,,,,,
CBAVV500,2025-09-23,,,,,
MULTW210,2025-09-23,,,,,
SANBM250,2025-09-23,,,,,
YDUQV900,2025-09-23,,,,,
VAMOX500,2025-09-23,,,,,
RENTM300,2025-09-23,,,,,
DXCOM600,2025-09-23,,,,,
HYPEX180,2025-09-23,,,,,
ELETX39,2025-09-23,,,,,
RANIM700,2025-09-23,,,,,
ROMIW900,2025-09-23,,,,,
CEABV900,2025-09-23,,,,,
SBSPV930,2025-09-23,,,,,
COGNW100,2025-09-23,,,,,
ARMLX500,2025-09-23,,,,,
POSIW600,2025-09-23,,,,,
AZZAX320,2025-09-23,,,,,
MDIAW200,2025-09-23,,,,,
TENDV120,2025-09-23,,,,,
SMALW880,2025-09-23,,,,,
GFSAW100,2025-09-23,,,,,
QUALL200,2025-09-23,,,,,
CBAVJ500,2025-09-23,,,,,
SLCEL180,2025-09-23,,,,,
ROMIA900,2025-09-23,,,,,
WIZCA600,2025-09-23,,,,,
AMZOK690,2025-09-23,,,,,
SANBK250,2025-09-23,,,,,
SLCEK180,2025-09-23,,,,,
VAMOA500,2025-09-23,,,,,
ROXOJ120,2025-09-23,,,,,
CASHL300,2025-09-23,,,,,
BRSRA100,2025-09-23,,,,,
IFCMK100,2025-09-23,,,,,
VAMOL500,2025-09-23,,,,,
SUZBJ630,2025-09-23,,,,,
BHIAK300,2025-09-23,,,,,
UGPAA160,2025-09-23,,,,,
ANIMA200,2025-09-23,,,,,
PSSAL380,2025-09-23,,,,,
CSNAL800,2025-09-23,,,,,
INTBA140,2025-09-23,,,,,
RAILL170,2025-09-23,,,,,
WIZCK600,2025-09-23,,,,,
QUALK200,2025-09-23,,,,,
CMINL500,2025-09-23,,,,,
GRNDA600,2025-09-23,,,,,
DXCOK600,2025-09-23,,,,,
BMGBL400,2025-09-23,,,,,
MOVIW400,2025-09-23,,,,,
CSMGV210,2025-09-23,,,,,
BPANM700,2025-09-23,,,,,
ITUBM320,2025-09-23,,,,,
LJQQW200,2025-09-23,,,,,
VLIDM230,2025-09-23,,,,,
ROMIM900,2025-09-23,,,,,
AZULM500,2025-09-23,,,,,
VLIDW230,2025-09-23,,,,,
KLBNM220,2025-09-23,,,,,
SBSPM930,2025-09-23,,,,,
SANBW250,2025-09-23,,,,,
PSSAW380,2025-09-23,,,,,
MULTX210,2025-09-23,,,,,
EMBRM610,2025-09-23,,,,,
BRKMW140,2025-09-23,,,,,
TRISM500,2025-09-23,,,,,
UGPAV160,2025-09-23,,,,,
CMIGV100,2025-09-23,,,,,
FESAV800,2025-09-23,,,,,
SMALV880,2025-09-23,,,,,
CASHW300,2025-09-23,,,,,
IVVBW403,2025-09-23,,,,,
RADLX210,2025-09-23,,,,,
CBAVW500,2025-09-23,,,,,
ANIML200,2025-09-23,,,,,
CSNAA800,2025-09-23,,,,,
SOJAL100,2025-09-23,,,,,
ARMLK500,2025-09-23,,,,,
ODPVJ110,2025-09-23,,,,,
ABEVA110,2025-09-23,,,,,
RECVJ160,2025-09-23,,,,,
AGROJ220,2025-09-23,,,,,
RENTK300,2025-09-23,,,,,
SOJAA100,2025-09-23,,,,,
WEGEA580,2025-09-23,,,,,
BRKMA140,2025-09-23,,,,,
ITSAK900,2025-09-23,,,,,
FESAJ800,2025-09-23,,,,,
GOAUB10,2025-09-23,,,,,
BRKMK140,2025-09-23,,,,,
GFSAA100,2025-09-23,,,,,
TUPYA220,2025-09-23,,,,,
NVDCA225,2025-09-23,,,,,
ITSAC900,2025-09-23,,,,,
UGPAB16,2025-09-23,,,,,
PRIOC410,2025-09-23,,,,,
MRVEC50,2025-09-23,,,,,
AZULC500,2025-09-23,,,,,
VALEB530,2025-09-23,,,,,
FLRYW120,2025-09-23,,,,,
ALUPV270,2025-09-23,,,,,
POMOW800,2025-09-23,,,,,
KEPLV100,2025-09-23,,,,,
PSSAM380,2025-09-23,,,,,
ODPVV110,2025-09-23,,,,,
AZZAM320,2025-09-23,,,,,
ELETW350,2025-09-23,,,,,
TASAM800,2025-09-23,,,,,
SUZBN63,2025-09-23,,,,,
CXSEO150,2025-09-23,,,,,
IBOVX147,2025-09-23,,,,,
USIMC500,2025-09-23,,,,,
SMTOB220,2025-09-23,,,,,
WEGEA599,2025-09-23,,,,,
WEGEB58,2025-09-23,,,,,
BPACO310,2025-09-23,,,,,
EMBRX650,2025-09-23,,,,,
BRKMO14,2025-09-23,,,,,
BMOBO13,2025-09-23,,,,,
FESAN80,2025-09-23,,,,,
BPANO70,2025-09-23,,,,,
SLCEO180,2025-09-23,,,,,
ITSAO900,2025-09-23,,,,,
EMBRA600,2025-09-23,,,,,
TAEEB320,2025-09-23,,,,,
WEGEA609,2025-09-23,,,,,
RAILN17,2025-09-23,,,,,
VBBRO180,2025-09-23,,,,,
ELETO39,2025-09-23,,,,,
SANBN25,2025-09-23,,,,,
HYPEN18,2025-09-23,,,,,
MRVEO50,2025-09-23,,,,,
VAMON500,2025-09-23,,,,,
RENTO300,2025-09-23,,,,,
SMTOC220,2025-09-23,,,,,
PRIOB410,2025-09-23,,,,,
RENTC300,2025-09-23,,,,,
POMOC80,2025-09-23,,,,,
CSMGB210,2025-09-23,,,,,
EMBRC61,2025-09-23,,,,,
POSIB599,2025-09-23,,,,,
MGLUB599,2025-09-23,,,,,
CVCBC200,2025-09-23,,,,,
VAMOB500,2025-09-23,,,,,
BRAPO16,2025-09-23,,,,,
MULTN21,2025-09-23,,,,,
CASHO300,2025-09-23,,,,,
WEGEM609,2025-09-23,,,,,
EZTCC110,2025-09-23,,,,,
ANIMB20,2025-09-23,,,,,
GFSAB100,2025-09-23,,,,,
AUREC80,2025-09-23,,,,,
ANIMC200,2025-09-23,,,,,
CVCBO200,2025-09-23,,,,,
HAPVO200,2025-09-23,,,,,
KLBNN22,2025-09-23,,,,,
POMOO80,2025-09-23,,,,,
WEGEX609,2025-09-23,,,,,
VLIDN23,2025-09-23,,,,,
QUALO200,2025-09-23,,,,,
QUALN20,2025-09-23,,,,,
BOVAF200,2025-09-23,,,,,
RAIZF200,2025-09-23,,,,,
BRKMF14,2025-09-23,,,,,
LREND130,2025-09-23,,,,,
BOVAF100,2025-09-23,,,,,
ITSAD900,2025-09-23,,,,,
ODPVQ11,2025-09-23,,,,,
PRIOS410,2025-09-23,,,,,
RDORP28,2025-09-23,,,,,
CSNAQ800,2025-09-23,,,,,
TTENO140,2025-09-23,,,,,
TUPYQ220,2025-09-23,,,,,
SMTOP22,2025-09-23,,,,,
BRAPS16,2025-09-23,,,,,
BOVAP7,2025-09-23,,,,,
RECVP160,2025-09-23,,,,,
RECVS16,2025-09-23,,,,,
COGNQ100,2025-09-23,,,,,
BHIAR30,2025-09-23,,,,,
POSIR60,2025-09-23,,,,,
BBDCG110,2025-09-23,,,,,
AZULH50,2025-09-23,,,,,
TAEEE32,2025-09-23,,,,,
AUREE800,2025-09-23,,,,,
CPLEG90,2025-09-23,,,,,
LJQQD200,2025-09-23,,,,,
POMOG80,2025-09-23,,,,,
ARMLD500,2025-09-23,,,,,
BOVAA100,2025-09-23,,,,,
FLRYD120,2025-09-23,,,,,
ODPVE11,2025-09-23,,,,,
AGROG22,2025-09-23,,,,,
KLBNG220,2025-09-23,,,,,
DXCOD600,2025-09-23,,,,,
ABCBD200,2025-09-23,,,,,
RAPTF900,2025-09-23,,,,,
BOVAL100,2025-09-23,,,,,
AZULD500,2025-09-23,,,,,
CSANF800,2025-09-23,,,,,
CBAVE500,2025-09-23,,,,,
CMING50,2025-09-23,,,,,
SUZBD630,2025-09-23,,,,,
ELETG350,2025-09-23,,,,,
SMALP880,2025-09-23,,,,,
RADLP21,2025-09-23,,,,,
BRAPT16,2025-09-23,,,,,
BOVAX100,2025-09-23,,,,,
POMOR800,2025-09-23,,,,,
KLBNS220,2025-09-23,,,,,
ALPAP600,2025-09-23,,,,,
RAIZR200,2025-09-23,,,,,
DIRRQ27,2025-09-23,,,,,
RAIZP200,2025-09-23,,,,,
SMALS88,2025-09-23,,,,,
VALES530,2025-09-23,,,,,
EMBRR610,2025-09-23,,,,,
BOVAX300,2025-09-23,,,,,
AZULQ499,2025-09-23,,,,,
TAEER320,2025-09-23,,,,,
TAEEP320,2025-09-23,,,,,
ABEVS110,2025-09-23,,,,,
BPACS310,2025-09-23,,,,,
CSNAD800,2025-09-23,,,,,
QUALE20,2025-09-23,,,,,
RECVD160,2025-09-23,,,,,
IGTID170,2025-09-23,,,,,
JALLG50,2025-09-23,,,,,
BOVAL400,2025-09-23,,,,,
AZULE499,2025-09-23,,,,,
CSAND80,2025-09-23,,,,,
TASAF80,2025-09-23,,,,,
BHIAG299,2025-09-23,,,,,
VAMOF50,2025-09-23,,,,,
MGLUF600,2025-09-23,,,,,
RENTF30,2025-09-23,,,,,
EZTCQ11,2025-09-23,,,,,
ELETR350,2025-09-23,,,,,
POMOP80,2025-09-23,,,,,
SLCEP18,2025-09-23,,,,,
EMBRP61,2025-09-23,,,,,
CVCBP200,2025-09-23,,,,,
RAIZS20,2025-09-23,,,,,
WEGER580,2025-09-23,,,,,
EMBRS61,2025-09-23,,,,,
EMBRT61,2025-09-23,,,,,
BOVAX200,2025-09-23,,,,,
UGPAQ160,2025-09-23,,,,,
AZULR500,2025-09-23,,,,,
RDORQ280,2025-09-23,,,,,
TUPYO22,2025-09-23,,,,,
CYREE19,2025-09-23,,,,,
VALED53,2025-09-23,,,,,
VALEE530,2025-09-23,,,,,
AZULP500,2025-09-23,,,,,
BBDCS110,2025-09-23,,,,,
RAILP17,2025-09-23,,,,,
ODPVS11,2025-09-23,,,,,
QUALS20,2025-09-23,,,,,
RENTR30,2025-09-23,,,,,
RAILS170,2025-09-23,,,,,
LEVEP270,2025-09-23,,,,,
SANBS250,2025-09-23,,,,,
BRAPP160,2025-09-23,,,,,
RAPTG90,2025-09-23,,,,,
ANIMG20,2025-09-23,,,,,
MLASE10,2025-09-23,,,,,
AZZAE320,2025-09-23,,,,,
BOVAA20,2025-09-23,,,,,
DXCOE600,2025-09-23,,,,,
ODPVF110,2025-09-23,,,,,
VAMOG50,2025-09-23,,,,,
ABEVG110,2025-09-23,,,,,
AMZOG69,2025-09-23,,,,,
PETZF500,2025-09-23,,,,,
BOVAA300,2025-09-23,,,,,
ELETQ35,2025-09-23,,,,,
ITSAT900,2025-09-23,,,,,
SANBP25,2025-09-23,,,,,
USIMN675,2025-09-23,,,,,
ECORR500,2025-09-23,,,,,
ABEVR11,2025-09-23,,,,,
BOVAM20,2025-09-23,,,,,
ALOSP180,2025-09-23,,,,,
WEGEP580,2025-09-23,,,,,
BBDCN11,2025-09-23,,,,,
BBSES38,2025-09-23,,,,,
BBSEE380,2025-09-23,,,,,
SLCEG18,2025-09-23,,,,,
INTBE140,2025-09-23,,,,,
CPLED900,2025-09-23,,,,,
BRKMH14,2025-09-23,,,,,
ARMLE50,2025-09-23,,,,,
CSNAS800,2025-09-23,,,,,
SUZBQ63,2025-09-23,,,,,
RDORR280,2025-09-23,,,,,
ISAES24,2025-09-23,,,,,
KLBNU22,2025-09-23,,,,,
IRBRN699,2025-09-23,,,,,
POMOV80,2025-09-23,,,,,
AZZAW320,2025-09-23,,,,,
CYREX257,2025-09-23,,,,,
PRION450,2025-09-23,,,,,
PRIOI41,2025-09-23,,,,,
PSSAH38,2025-09-23,,,,,
WEGEI58,2025-09-23,,,,,
MRVEB120,2025-09-23,,,,,
RAIZB250,2025-09-23,,,,,
AZZAJ320,2025-09-23,,,,,
POMOJ80,2025-09-23,,,,,
RAIZJ200,2025-09-23,,,,,
PRIOB41,2025-09-23,,,,,
RAPTI90,2025-09-23,,,,,
MRVEB80,2025-09-23,,,,,
PRIOB450,2025-09-23,,,,,
HYPEJ18,2025-09-23,,,,,
ITSAV900,2025-09-23,,,,,
RAILT17,2025-09-23,,,,,
PRION41,2025-09-23,,,,,
RAIZN20,2025-09-23,,,,,
PRION440,2025-09-23,,,,,
QUALU20,2025-09-23,,,,,
LRENN260,2025-09-23,,,,,
CXSEU15,2025-09-23,,,,,
INBRV29,2025-09-23,,,,,
AZULI50,2025-09-23,,,,,
PRIOB330,2025-09-23,,,,,
ABEVK11,2025-09-23,,,,,
BMGBJ40,2025-09-23,,,,,
USIMJ500,2025-09-23,,,,,
CYREL257,2025-09-23,,,,,
BHIAB399,2025-09-23,,,,,
SMTOJ220,2025-09-23,,,,,
PRIOB400,2025-09-23,,,,,
SIMHB600,2025-09-23,,,,,
BEEFK400,2025-09-23,,,,,
YDUQT90,2025-09-23,,,,,
RAIZV200,2025-09-23,,,,,
IRBRN599,2025-09-23,,,,,
SMTOT220,2025-09-23,,,,,
B3SAN140,2025-09-23,,,,,
COGNN300,2025-09-23,,,,,
VALEV53,2025-09-23,,,,,
PRION480,2025-09-23,,,,,
B3SAN160,2025-09-23,,,,,
BRAPU16,2025-09-23,,,,,
PETRU41,2025-09-23,,,,,
PRIOT41,2025-09-23,,,,,
MRVEN120,2025-09-23,,,,,
TAEET320,2025-09-23,,,,,
BRAVK23,2025-09-23,,,,,
SMTOH220,2025-09-23,,,,,
AZULB1,2025-09-23,,,,,
JALLI50,2025-09-23,,,,,
PRIOB480,2025-09-23,,,,,
HAPVJ200,2025-09-23,,,,,
CVCBB45,2025-09-23,,,,,
ANIMH20,2025-09-23,,,,,
PRION400,2025-09-23,,,,,
BHIAN499,2025-09-23,,,,,
RAIZI20,2025-09-23,,,,,
COGNI100,2025-09-23,,,,,
AZULB90,2025-09-23,,,,,
VALEI530,2025-09-23,,,,,
BRAVI23,2025-09-23,,,,,
IRBRB699,2025-09-23,,,,,
IRBRB399,2025-09-23,,,,,
INTBJ14,2025-09-23,,,,,
LEVEH27,2025-09-23,,,,,
B3SAB15,2025-09-23,,,,,
JALLH50,2025-09-23,,,,,
ISAEV24,2025-09-23,,,,,
USIMV500,2025-09-23,,,,,
COGNN350,2025-09-23,,,,,
PSSAV38,2025-09-23,,,,,
ITUBV320,2025-09-23,,,,,
PRION300,2025-09-23,,,,,
AZZAI320,2025-09-23,,,,,
COGNB25,2025-09-23,,,,,
PRIOB380,2025-09-23,,,,,
HYPEH18,2025-09-23,,,,,
CVCBB40,2025-09-23,,,,,
PCARB500,2025-09-23,,,,,
VIVTI50,2025-09-23,,,,,
EQTLL392,2025-09-23,,,,,
SEERV50,2025-09-23,,,,,
ISAEU24,2025-09-23,,,,,
IBOVX142,2025-09-23,,,,,
IBOVL142,2025-09-23,,,,,
UNIPL575,2025-09-23,,,,,
B3SAB121,2025-09-23,,,,,
B3SAB111,2025-09-23,,,,,
PRIOM480,2025-09-23,,,,,
MGLUB140,2025-09-23,,,,,
BBDCN168,2025-09-23,,,,,
WEGEM685,2025-09-23,,,,,
SUZBM755,2025-09-23,,,,,
EGIEX383,2025-09-23,,,,,
BBSEX415,2025-09-23,,,,,
PSSAN380,2025-09-23,,,,,
BBDCB15,2025-09-23,,,,,
WEGEA685,2025-09-23,,,,,
SUZBA755,2025-09-23,,,,,
CSMGL242,2025-09-23,,,,,
CPFEL357,2025-09-23,,,,,
CXSEA150,2025-09-23,,,,,
VIVAL200,2025-09-23,,,,,
SMTOL220,2025-09-23,,,,,
RDORB279,2025-09-23,,,,,
SBFGL110,2025-09-23,,,,,
IFCML10,2025-09-23,,,,,
RANIB699,2025-09-23,,,,,
PSSAL38,2025-09-23,,,,,
FLRYB1,2025-09-23,,,,,
CSMGB21,2025-09-23,,,,,
ITSAB90,2025-09-23,,,,,
RAIZA20,2025-09-23,,,,,
LJQQB20,2025-09-23,,,,,
ASAIB60,2025-09-23,,,,,
MYPKK13,2025-09-23,,,,,
FESAB799,2025-09-23,,,,,
MILSB90,2025-09-23,,,,,
BBSEN38,2025-09-23,,,,,
USIMN500,2025-09-23,,,,,
TAEEN32,2025-09-23,,,,,
LRENW13,2025-09-23,,,,,
SIMHM30,2025-09-23,,,,,
CMINN50,2025-09-23,,,,,
ZAMPW30,2025-09-23,,,,,
WEGEN579,2025-09-23,,,,,
RADLX21,2025-09-23,,,,,
RDORW280,2025-09-23,,,,,
POSIN1,2025-09-23,,,,,
ABEVN109,2025-09-23,,,,,
ALPAX600,2025-09-23,,,,,
LWSAM300,2025-09-23,,,,,
IFCMX10,2025-09-23,,,,,
CYREA19,2025-09-23,,,,,
VALEB53,2025-09-23,,,,,
IFCMB99,2025-09-23,,,,,
ISAEL24,2025-09-23,,,,,
ANIML20,2025-09-23,,,,,
SLCEA18,2025-09-23,,,,,
ELETA35,2025-09-23,,,,,
NVDCB179,2025-09-23,,,,,
AZZAB319,2025-09-23,,,,,
MGLUB1,2025-09-23,,,,,
ANIMA20,2025-09-23,,,,,
RAILA17,2025-09-23,,,,,
CMINA50,2025-09-23,,,,,
KLBNK22,2025-09-23,,,,,
POSIA60,2025-09-23,,,,,
RADLK21,2025-09-23,,,,,
VIVTB499,2025-09-23,,,,,
PETZK500,2025-09-23,,,,,
GMATB60,2025-09-23,,,,,
EGIEB349,2025-09-23,,,,,
WIZCA60,2025-09-23,,,,,
ONCOA20,2025-09-23,,,,,
GGBRB180,2025-09-23,,,,,
BRAVM230,2025-09-23,,,,,
CXSEM150,2025-09-23,,,,,
LRENM130,2025-09-23,,,,,
QUALM200,2025-09-23,,,,,
CBAVX500,2025-09-23,,,,,
HAPVM200,2025-09-23,,,,,
PSSAX38,2025-09-23,,,,,
BEEFX400,2025-09-23,,,,,
ARMLN50,2025-09-23,,,,,
KLBNM22,2025-09-23,,,,,
RENTN300,2025-09-23,,,,,
SBSPN93,2025-09-23,,,,,
BPACN310,2025-09-23,,,,,
ELETN1,2025-09-23,,,,,
CPFEN329,2025-09-23,,,,,
ALPAB60,2025-09-23,,,,,
WEGEB579,2025-09-23,,,,,
RECVL160,2025-09-23,,,,,
PETZB500,2025-09-23,,,,,
GGBRL180,2025-09-23,,,,,
JALLB499,2025-09-23,,,,,
VAMOA50,2025-09-23,,,,,
EQTLB279,2025-09-23,,,,,
SLCEB18,2025-09-23,,,,,
VIVAB20,2025-09-23,,,,,
PRIOK410,2025-09-23,,,,,
SAPRB249,2025-09-23,,,,,
CYREB19,2025-09-23,,,,,
CBAVA500,2025-09-23,,,,,
TENDB12,2025-09-23,,,,,
MYPKL130,2025-09-23,,,,,
DXCOB599,2025-09-23,,,,,
CAMLB50,2025-09-23,,,,,
INTBA14,2025-09-23,,,,,
FLRYN1,2025-09-23,,,,,
DXCON599,2025-09-23,,,,,
COGNX100,2025-09-23,,,,,
IRBRM49,2025-09-23,,,,,
GFSAX10,2025-09-23,,,,,
CPLEN90,2025-09-23,,,,,
RENTM30,2025-09-23,,,,,
KLBNX22,2025-09-23,,,,,
DIRRB27,2025-09-23,,,,,
ODPVA11,2025-09-23,,,,,
ABEVA11,2025-09-23,,,,,
ALOSB179,2025-09-23,,,,,
CPLEA90,2025-09-23,,,,,
QUALB199,2025-09-23,,,,,
POMOL80,2025-09-23,,,,,
CSANK800,2025-09-23,,,,,
SAPRA25,2025-09-23,,,,,
RAIZK20,2025-09-23,,,,,
BRKMB139,2025-09-23,,,,,
MYPKB129,2025-09-23,,,,,
TAEEA320,2025-09-23,,,,,
VAMOL50,2025-09-23,,,,,
SIMHL300,2025-09-23,,,,,
BBASB270,2025-09-23,,,,,
CAMLL50,2025-09-23,,,,,
KLBNB219,2025-09-23,,,,,
SMTOK220,2025-09-23,,,,,
GRNDA60,2025-09-23,,,,,
CEABB90,2025-09-23,,,,,
EZTCA11,2025-09-23,,,,,
VALEA530,2025-09-23,,,,,
RAPTL900,2025-09-23,,,,,
BRAVA230,2025-09-23,,,,,
IRBRK49,2025-09-23,,,,,
CURYL20,2025-09-23,,,,,
TIMSN149,2025-09-23,,,,,
VIVTN499,2025-09-23,,,,,
SMALX880,2025-09-23,,,,,
SUZBW630,2025-09-23,,,,,
UGPAM16,2025-09-23,,,,,
ITSAN90,2025-09-23,,,,,
POSIB1,2025-09-23,,,,,
SBSPA93,2025-09-23,,,,,
RENTB300,2025-09-23,,,,,
BMGBB399,2025-09-23,,,,,
ARMLB50,2025-09-23,,,,,
VALEB69,2025-09-23,,,,,
GOAUK10,2025-09-23,,,,,
BOVAN1,2025-09-23,,,,,
BBDCN109,2025-09-23,,,,,
BMGBN399,2025-09-23,,,,,
COGNM10,2025-09-23,,,,,
RECVN16,2025-09-23,,,,,
EQTLV325,2025-09-23,,,,,
IBOVX128,2025-09-23,,,,,
TUPYB22,2025-09-23,,,,,
VULCB169,2025-09-23,,,,,
TUPYN22,2025-09-23,,,,,
GOAUD10,2025-09-23,,,,,
VLIDB229,2025-09-23,,,,,
BBDCM10,2025-09-23,,,,,
BBDCN10,2025-09-23,,,,,
CMIGB2,2025-09-23,,,,,
GOAUC10,2025-09-23,,,,,
GOAUO10,2025-09-23,,,,,
CMIGS10,2025-09-23,,,,,
CMIGL100,2025-09-23,,,,,
BRSRQ100,2025-09-23,,,,,
BRSRB99,2025-09-23,,,,,
SOJAF10,2025-09-23,,,,,
B3SAI100,2025-09-23,,,,,
CMIGH100,2025-09-23,,,,,
SOJAC100,2025-09-23,,,,,
KEPLD100,2025-09-23,,,,,
WIZCB599,2025-09-23,,,,,
BBDCH100,2025-09-23,,,,,
RDORL407,2025-09-23,,,,,
WEGED46,2025-09-23,,,,,
SOJAO100,2025-09-23,,,,,
BRSRP100,2025-09-23,,,,,
WEGEP46,2025-09-23,,,,,
EQTLX300,2025-09-23,,,,,
GGBRV199,2025-09-23,,,,,
HAPVL349,2025-09-23,,,,,
HAPVX375,2025-09-23,,,,,
HAPVL249,2025-09-23,,,,,
HAPVX349,2025-09-23,,,,,
HAPVX275,2025-09-23,,,,,
BOVAV136,2025-09-23,,,,,
VBBRX180,2025-09-23,,,,,
IBOVJ124,2025-09-23,,,,,
IBOVV120,2025-09-23,,,,,
IBOVV124,2025-09-23,,,,,
IBOVV122,2025-09-23,,,,,
IBOVJ142,2025-09-23,,,,,
IBOVV134,2025-09-23,,,,,
IBOVV117,2025-09-23,,,,,
IBOVV137,2025-09-23,,,,,
IBOVV136,2025-09-23,,,,,
IBOVJ109,2025-09-23,,,,,
IBOVJ123,2025-09-23,,,,,
IBOVJ129,2025-09-23,,,,,
IBOVJ120,2025-09-23,,,,,
IBOVJ130,2025-09-23,,,,,
IBOVJ140,2025-09-23,,,,,
IBOVJ125,2025-09-23,,,,,
IBOVJ122,2025-09-23,,,,,
IBOVJ128,2025-09-23,,,,,
IBOVJ157,2025-09-23,,,,,
IBOVV100,2025-09-23,,,,,
IBOVV152,2025-09-23,,,,,
IBOVV111,2025-09-23,,,,,
IBOVV129,2025-09-23,,,,,
IBOVV128,2025-09-23,,,,,
IBOVV118,2025-09-23,,,,,
BBASJ172,2025-09-23,,,,,
B3SAB992,2025-09-23,,,,,
BBDCO13,2025-09-23,,,,,
BBDCC13,2025-09-23,,,,,
AZULN2,2025-09-23,,,,,
ELETL418,2025-09-23,,,,,
ELETX396,2025-09-23,,,,,
ELETX413,2025-09-23,,,,,
ELETX418,2025-09-23,,,,,
ELETL393,2025-09-23,,,,,
BBDCB13,2025-09-23,,,,,
AZULB2,2025-09-23,,,,,
LRENA169,2025-09-23,,,,,
FLRYA147,2025-09-23,,,,,
BBDCB133,2025-09-23,,,,,
FLRYM14,2025-09-23,,,,,
BBDCT134,2025-09-23,,,,,
BBDCN133,2025-09-23,,,,,
FLRYM147,2025-09-23,,,,,
LRENG170,2025-09-23,,,,,
FLRYG147,2025-09-23,,,,,
USIMX679,2025-09-23,,,,,
CXSEV164,2025-09-23,,,,,
ITSAM159,2025-09-23,,,,,
RAIZB460,2025-09-23,,,,,
BBSEL38,2025-09-23,,,,,
USIML679,2025-09-23,,,,,
CXSEJ141,2025-09-23,,,,,
CXSEK145,2025-09-23,,,,,
ITSAA150,2025-09-23,,,,,
VAMOG170,2025-09-23,,,,,
CXSEJ169,2025-09-23,,,,,
ITSAG160,2025-09-23,,,,,
CXSEV196,2025-09-23,,,,,
BBDCT137,2025-09-23,,,,,
VAMOS170,2025-09-23,,,,,
CXSEV161,2025-09-23,,,,,
CXSEV134,2025-09-23,,,,,
CXSEL147,2025-09-23,,,,,
VAMOA120,2025-09-23,,,,,
CXSEL167,2025-09-23,,,,,
ODPVB180,2025-09-23,,,,,
INTBK150,2025-09-23,,,,,
WIZCB110,2025-09-23,,,,,
CXSEJ171,2025-09-23,,,,,
CXSEW137,2025-09-23,,,,,
CXSEV131,2025-09-23,,,,,
CXSEX140,2025-09-23,,,,,
CXSEW157,2025-09-23,,,,,
CXSEW130,2025-09-23,,,,,
CXSEW135,2025-09-23,,,,,
CXSEV126,2025-09-23,,,,,
ITSAM160,2025-09-23,,,,,
CXSEX147,2025-09-23,,,,,
LRENA172,2025-09-23,,,,,
LRENH16,2025-09-23,,,,,
CXSEJ13,2025-09-23,,,,,
CXSEK170,2025-09-23,,,,,
CXSEP148,2025-09-23,,,,,
CXSEN136,2025-09-23,,,,,
CXSED136,2025-09-23,,,,,
CXSEP14,2025-09-23,,,,,
CXSEN144,2025-09-23,,,,,
CXSEP15,2025-09-23,,,,,
CXSEB146,2025-09-23,,,,,
CXSES144,2025-09-23,,,,,
CXSEL17,2025-09-23,,,,,
CXSEI144,2025-09-23,,,,,
CXSET131,2025-09-23,,,,,
CXSER167,2025-09-23,,,,,
CXSES136,2025-09-23,,,,,
CXSEE162,2025-09-23,,,,,
CXSEO145,2025-09-23,,,,,
CXSEQ145,2025-09-23,,,,,
CXSEH174,2025-09-23,,,,,
BPACL20,2025-09-23,,,,,
BBDCB143,2025-09-23,,,,,
GGBRB199,2025-09-23,,,,,
BRAVN24,2025-09-23,,,,,
LRENN140,2025-09-23,,,,,
BOVAN120,2025-09-23,,,,,
BOVAN122,2025-09-23,,,,,
BOVAN124,2025-09-23,,,,,
BOVAN129,2025-09-23,,,,,
BBDCW127,2025-09-23,,,,,
BMGBN650,2025-09-23,,,,,
BOVAB119,2025-09-23,,,,,
BOVAB121,2025-09-23,,,,,
BOVAB124,2025-09-23,,,,,
BOVAB129,2025-09-23,,,,,
BOVAB133,2025-09-23,,,,,
B3SAJ163,2025-09-23,,,,,
HBORB400,2025-09-23,,,,,
RANIA120,2025-09-23,,,,,
ROMIK150,2025-09-23,,,,,
INTBL230,2025-09-23,,,,,
SMALL112,2025-09-23,,,,,
HBORW300,2025-09-23,,,,,
HAPVW450,2025-09-23,,,,,
SMALL108,2025-09-23,,,,,
VAMOB130,2025-09-23,,,,,
HAPVB450,2025-09-23,,,,,
CASHL100,2025-09-23,,,,,
DXCOB140,2025-09-23,,,,,
CASHK900,2025-09-23,,,,,
MRVEL900,2025-09-23,,,,,
SMALL105,2025-09-23,,,,,
MRVEA900,2025-09-23,,,,,
SMALL115,2025-09-23,,,,,
HBORK400,2025-09-23,,,,,
CASHL900,2025-09-23,,,,,
MGLUA650,2025-09-23,,,,,
SMALL114,2025-09-23,,,,,
INTBK240,2025-09-23,,,,,
RANIL120,2025-09-23,,,,,
ANIMK450,2025-09-23,,,,,
HAPVK550,2025-09-23,,,,,
RANIB130,2025-09-23,,,,,
DASAB130,2025-09-23,,,,,
DXCOB150,2025-09-23,,,,,
HAPVB550,2025-09-23,,,,,
CASHB100,2025-09-23,,,,,
SMALX115,2025-09-23,,,,,
SMALX112,2025-09-23,,,,,
ANIMB450,2025-09-23,,,,,
SMALL106,2025-09-23,,,,,
MGLUB700,2025-09-23,,,,,
VAMOK130,2025-09-23,,,,,
SMALL110,2025-09-23,,,,,
VAMOL120,2025-09-23,,,,,
QUALM600,2025-09-23,,,,,
CASHN900,2025-09-23,,,,,
USIML699,2025-09-23,,,,,
USIMX719,2025-09-23,,,,,
USIML759,2025-09-23,,,,,
USIMX539,2025-09-23,,,,,
USIMX899,2025-09-23,,,,,
GGBRN167,2025-09-23,,,,,
WEGER49,2025-09-23,,,,,
GGBRB167,2025-09-23,,,,,
BRKML122,2025-09-23,,,,,
SUZBC382,2025-09-23,,,,,
YDUQO860,2025-09-23,,,,,
MRVEX490,2025-09-23,,,,,
MGLUC1,2025-09-23,,,,,
MGLUC11,2025-09-23,,,,,
PETZC700,2025-09-23,,,,,
PETZC50,2025-09-23,,,,,
MGLUO15,2025-09-23,,,,,
MGLUC13,2025-09-23,,,,,
FLRYH200,2025-09-23,,,,,
CMINO600,2025-09-23,,,,,
CMINQ600,2025-09-23,,,,,
ELETH540,2025-09-23,,,,,
CMINA600,2025-09-23,,,,,
ELETB560,2025-09-23,,,,,
BPACX427,2025-09-23,,,,,
CMIGL963,2025-09-23,,,,,
CMIGL813,2025-09-23,,,,,
BPACL427,2025-09-23,,,,,
CMIGX883,2025-09-23,,,,,
PETRG289,2025-09-23,,,,,
PETRS289,2025-09-23,,,,,
BHIAS500,2025-09-23,,,,,
IBOVX123,2025-09-23,,,,,
BPACX360,2025-09-23,,,,,
IBOVN140,2025-09-23,,,,,
IBOVA138,2025-09-23,,,,,
IBOVM118,2025-09-23,,,,,
IBOVM138,2025-09-23,,,,,
IBOVN118,2025-09-23,,,,,
IBOVN138,2025-09-23,,,,,
IBOVO122,2025-09-23,,,,,
IBOVO144,2025-09-23,,,,,
IBOVX121,2025-09-23,,,,,
BBDCM696,2025-09-23,,,,,
ASAIV157,2025-09-23,,,,,
RADLX230,2025-09-23,,,,,
IRBRB200,2025-09-23,,,,,
IRBRN200,2025-09-23,,,,,
SLCEV253,2025-09-23,,,,,
PRIOV595,2025-09-23,,,,,
IRBRE775,2025-09-23,,,,,
IRBRE560,2025-09-23,,,,,
IRBRE850,2025-09-23,,,,,
IRBRE100,2025-09-23,,,,,
EMBRA850,2025-09-23,,,,,
IRBRE760,2025-09-23,,,,,
IRBRQ650,2025-09-23,,,,,
EMBRM800,2025-09-23,,,,,
EMBRX850,2025-09-23,,,,,
IRBRE550,2025-09-23,,,,,
IRBRE570,2025-09-23,,,,,
IRBRQ580,2025-09-23,,,,,
IRBRE70,2025-09-23,,,,,
IBOVL190,2025-09-23,,,,,
IRBRE740,2025-09-23,,,,,
EMBRL900,2025-09-23,,,,,
ITSAX904,2025-09-23,,,,,
EMBRA800,2025-09-23,,,,,
IRBRE615,2025-09-23,,,,,
IRBRE800,2025-09-23,,,,,
IRBRE680,2025-09-23,,,,,
IRBRE930,2025-09-23,,,,,
ITSAL904,2025-09-23,,,,,
BRKMK230,2025-09-23,,,,,
BRKML230,2025-09-23,,,,,
ITUBX395,2025-09-23,,,,,
BRKMM230,2025-09-23,,,,,
BRKMX250,2025-09-23,,,,,
BRKMB250,2025-09-23,,,,,
VAMOB150,2025-09-23,,,,,
BRKMJ130,2025-09-23,,,,,
B3SAK108,2025-09-23,,,,,
BMGBN530,2025-09-23,,,,,
BRKMV160,2025-09-23,,,,,
BRKMV180,2025-09-23,,,,,
BRKMV200,2025-09-23,,,,,
BRKMV220,2025-09-23,,,,,
BRKMV260,2025-09-23,,,,,
BRKMV280,2025-09-23,,,,,
BBASO272,2025-09-23,,,,,
VALEJ816,2025-09-23,,,,,
B3SAC130,2025-09-23,,,,,
GMATL730,2025-09-23,,,,,
WEGEK366,2025-09-23,,,,,
B3SAO130,2025-09-23,,,,,
CYREL510,2025-09-23,,,,,
CMINX570,2025-09-23,,,,,
CYREV510,2025-09-23,,,,,
BRKMX290,2025-09-23,,,,,
IBOVN130,2025-09-23,,,,,
BBDCV222,2025-09-23,,,,,
GOLDL211,2025-09-23,,,,,
ITSAL100,2025-09-23,,,,,
ITSAX110,2025-09-23,,,,,
ITSAL954,2025-09-23,,,,,
B3SAO930,2025-09-23,,,,,
B3SAO157,2025-09-23,,,,,
VALEX659,2025-09-23,,,,,
VALEX669,2025-09-23,,,,,
BBDCW101,2025-09-23,,,,,
SUZBO55,2025-09-23,,,,,
SUZBC55,2025-09-23,,,,,
SBFGW600,2025-09-23,,,,,
IBOVF170,2025-09-23,,,,,
BOVAV114,2025-09-23,,,,,
GGBRD171,2025-09-23,,,,,
BBDCO164,2025-09-23,,,,,
GGBRP171,2025-09-23,,,,,
BOVAC120,2025-09-23,,,,,
BOVAO119,2025-09-23,,,,,
KLBNP154,2025-09-23,,,,,
BOVAO121,2025-09-23,,,,,
KLBNP192,2025-09-23,,,,,
BOVAO129,2025-09-23,,,,,
BBDCO134,2025-09-23,,,,,
BOVAO133,2025-09-23,,,,,
BEEFX800,2025-09-23,,,,,
KLBND154,2025-09-23,,,,,
KLBND237,2025-09-23,,,,,
BBDCC134,2025-09-23,,,,,
BOVAC132,2025-09-23,,,,,
BOVAC128,2025-09-23,,,,,
VALEL749,2025-09-23,,,,,
BBDCB299,2025-09-23,,,,,
BOVAO125,2025-09-23,,,,,
PETRX334,2025-09-23,,,,,
ITUBX352,2025-09-23,,,,,
BBDCN299,2025-09-23,,,,,
ITUBX353,2025-09-23,,,,,
QUALC120,2025-09-23,,,,,
QUALC100,2025-09-23,,,,,
CXSEV111,2025-09-23,,,,,
VALER60,2025-09-23,,,,,
BBDCR1,2025-09-23,,,,,
BBASX258,2025-09-23,,,,,
BRAVB300,2025-09-23,,,,,
ITUBL361,2025-09-23,,,,,
VALEF60,2025-09-23,,,,,
BBDCF1,2025-09-23,,,,,
BBDCC144,2025-09-23,,,,,
BBASJ291,2025-09-23,,,,,
BBASJ284,2025-09-23,,,,,
BBASL278,2025-09-23,,,,,
BBASL310,2025-09-23,,,,,
BBASJ281,2025-09-23,,,,,
BBASW270,2025-09-23,,,,,
BBASW257,2025-09-23,,,,,
BBASX255,2025-09-23,,,,,
BBASX305,2025-09-23,,,,,
BBASV266,2025-09-23,,,,,
BBASX245,2025-09-23,,,,,
BOVAV300,2025-09-23,,,,,
BBASV304,2025-09-23,,,,,
BBASK317,2025-09-23,,,,,
BBASK302,2025-09-23,,,,,
BBASL28,2025-09-23,,,,,
BBASJ289,2025-09-23,,,,,
BBASL356,2025-09-23,,,,,
BBASL303,2025-09-23,,,,,
BBASW282,2025-09-23,,,,,
BBASV299,2025-09-23,,,,,
BBASL336,2025-09-23,,,,,
BBASJ309,2025-09-23,,,,,
BBASL263,2025-09-23,,,,,
BBASJ304,2025-09-23,,,,,
BBASW300,2025-09-23,,,,,
BBASX253,2025-09-23,,,,,
BBASW317,2025-09-23,,,,,
BBASV286,2025-09-23,,,,,
BBASX263,2025-09-23,,,,,
BBASJ279,2025-09-23,,,,,
BBASL286,2025-09-23,,,,,
BBASX323,2025-09-23,,,,,
BBASW310,2025-09-23,,,,,
BBASX336,2025-09-23,,,,,
BBASX265,2025-09-23,,,,,
BBASX306,2025-09-23,,,,,
BBASV276,2025-09-23,,,,,
BBASL299,2025-09-23,,,,,
BBASK307,2025-09-23,,,,,
PETRK231,2025-09-23,,,,,
CMINL700,2025-09-23,,,,,
EGIEN400,2025-09-23,,,,,
EGIET400,2025-09-23,,,,,
EGIES40,2025-09-23,,,,,
CXSEL21,2025-09-23,,,,,
CMINA70,2025-09-23,,,,,
CXSEC144,2025-09-23,,,,,
CMINS700,2025-09-23,,,,,
CXSEP2,2025-09-23,,,,,
CMINN700,2025-09-23,,,,,
CXSEC154,2025-09-23,,,,,
EGIEB400,2025-09-23,,,,,
CXSED5,2025-09-23,,,,,
BHIAB110,2025-09-23,,,,,
CXSED300,2025-09-23,,,,,
CXSEO164,2025-09-23,,,,,
RDORL228,2025-09-23,,,,,
BHIAA350,2025-09-23,,,,,
BBDCO160,2025-09-23,,,,,
ENEVV127,2025-09-23,,,,,
RDORX383,2025-09-23,,,,,
RAILM210,2025-09-23,,,,,
RDORX370,2025-09-23,,,,,
IBOVO130,2025-09-23,,,,,
IBOVO152,2025-09-23,,,,,
B3SAN795,2025-09-23,,,,,
B3SAN845,2025-09-23,,,,,
RDORW282,2025-09-23,,,,,
B3SAA895,2025-09-23,,,,,
AZZAC700,2025-09-23,,,,,
BHIAB280,2025-09-23,,,,,
IBOVW130,2025-09-23,,,,,
RDORL423,2025-09-23,,,,,
RDORL370,2025-09-23,,,,,
KEPLB500,2025-09-23,,,,,
RDORJ241,2025-09-23,,,,,
KEPLB600,2025-09-23,,,,,
RAILA240,2025-09-23,,,,,
RANIB621,2025-09-23,,,,,
RDORX343,2025-09-23,,,,,
RDORW237,2025-09-23,,,,,
RDORW327,2025-09-23,,,,,
RAILW210,2025-09-23,,,,,
RDORW300,2025-09-23,,,,,
RDORX330,2025-09-23,,,,,
RAILK240,2025-09-23,,,,,
HYPEC360,2025-09-23,,,,,
BBDCG131,2025-09-23,,,,,
ABEVX141,2025-09-23,,,,,
ABEVX341,2025-09-23,,,,,
B3SAX141,2025-09-23,,,,,
PCARW375,2025-09-23,,,,,
BBDCS131,2025-09-23,,,,,
BBDCO155,2025-09-23,,,,,
CMIGX109,2025-09-23,,,,,
CMIGX114,2025-09-23,,,,,
CMIGL114,2025-09-23,,,,,
CMIGL99,2025-09-23,,,,,
SMALN124,2025-09-23,,,,,
CMIGL109,2025-09-23,,,,,
ITUBX247,2025-09-23,,,,,
POSIP1,2025-09-23,,,,,
POSID70,2025-09-23,,,,,
AZULD499,2025-09-23,,,,,
USIMP90,2025-09-23,,,,,
USIMD10,2025-09-23,,,,,
AZULD599,2025-09-23,,,,,
AZULD40,2025-09-23,,,,,
BBASP275,2025-09-23,,,,,
ABEVV153,2025-09-23,,,,,
MGLUD114,2025-09-23,,,,,
MGLUP12,2025-09-23,,,,,
MGLUO110,2025-09-23,,,,,
MGLUC110,2025-09-23,,,,,
MGLUE10,2025-09-23,,,,,
MGLUQ12,2025-09-23,,,,,
BRAVX337,2025-09-23,,,,,
ITUBX284,2025-09-23,,,,,
LEVEV257,2025-09-23,,,,,
B3SAP142,2025-09-23,,,,,
BBDCO135,2025-09-23,,,,,
BRAPX226,2025-09-23,,,,,
PETRM308,2025-09-23,,,,,
MGLUC120,2025-09-23,,,,,
LEVEJ287,2025-09-23,,,,,
PETRA406,2025-09-23,,,,,
CMIGK164,2025-09-23,,,,,
VALEJ494,2025-09-23,,,,,
PETRA326,2025-09-23,,,,,
CMIGJ138,2025-09-23,,,,,
PETRA453,2025-09-23,,,,,
CMIGL131,2025-09-23,,,,,
PETRA346,2025-09-23,,,,,
PETRA413,2025-09-23,,,,,
CMIGM110,2025-09-23,,,,,
CMIGW144,2025-09-23,,,,,
PETRM356,2025-09-23,,,,,
CMIGM102,2025-09-23,,,,,
PETRM408,2025-09-23,,,,,
CMIGJ854,2025-09-23,,,,,
PETRA416,2025-09-23,,,,,
CMIGK139,2025-09-23,,,,,
PETRA386,2025-09-23,,,,,
CMIGJ99,2025-09-23,,,,,
CMIGK104,2025-09-23,,,,,
PETRA328,2025-09-23,,,,,
CMIGM105,2025-09-23,,,,,
CMIGV974,2025-09-23,,,,,
PETRM318,2025-09-23,,,,,
CMIGW186,2025-09-23,,,,,
PETRA273,2025-09-23,,,,,
CMIGJ804,2025-09-23,,,,,
PETRA411,2025-09-23,,,,,
PETRA256,2025-09-23,,,,,
PETRA338,2025-09-23,,,,,
CMIGJ140,2025-09-23,,,,,
CMIGL11,2025-09-23,,,,,
CMIGW139,2025-09-23,,,,,
PETRM258,2025-09-23,,,,,
PETRM301,2025-09-23,,,,,
CMIGV954,2025-09-23,,,,,
CMIGX156,2025-09-23,,,,,
CMIGV208,2025-09-23,,,,,
CMIGV168,2025-09-23,,,,,
CMIGV190,2025-09-23,,,,,
CMIGJ145,2025-09-23,,,,,
PETRA321,2025-09-23,,,,,
PETRA378,2025-09-23,,,,,
CMIGK109,2025-09-23,,,,,
CMIGW209,2025-09-23,,,,,
CMIGV133,2025-09-23,,,,,
CMIGW982,2025-09-23,,,,,
CMIGW196,2025-09-23,,,,,
PETRM351,2025-09-23,,,,,
PETRM291,2025-09-23,,,,,
CMIGJ135,2025-09-23,,,,,
CMIGA110,2025-09-23,,,,,
CMIGJ110,2025-09-23,,,,,
PETRA418,2025-09-23,,,,,
CMIGJ924,2025-09-23,,,,,
CMIGA115,2025-09-23,,,,,
CMIGV163,2025-09-23,,,,,
PETRM261,2025-09-23,,,,,
PETRM328,2025-09-23,,,,,
CMIGV155,2025-09-23,,,,,
CMIGM107,2025-09-23,,,,,
PETRM273,2025-09-23,,,,,
CMIGJ954,2025-09-23,,,,,
PETRA323,2025-09-23,,,,,
CMIGJ105,2025-09-23,,,,,
CMIGA99,2025-09-23,,,,,
PETRM256,2025-09-23,,,,,
CMIGM142,2025-09-23,,,,,
CMIGV188,2025-09-23,,,,,
CMIGE65,2025-09-23,,,,,
IBOVP13,2025-09-23,,,,,
IBOVJ169,2025-09-23,,,,,
CMIGN107,2025-09-23,,,,,
CMIGB130,2025-09-23,,,,,
CMIGH754,2025-09-23,,,,,
IBOVJ163,2025-09-23,,,,,
CMIGN105,2025-09-23,,,,,
CMIGN212,2025-09-23,,,,,
CMIGR120,2025-09-23,,,,,
CMIGS116,2025-09-23,,,,,
CMIGP142,2025-09-23,,,,,
CMIGB127,2025-09-23,,,,,
CMIGG12,2025-09-23,,,,,
IBOVJ930,2025-09-23,,,,,
BRKMX26,2025-09-23,,,,,
CMIGR11,2025-09-23,,,,,
CMIGR102,2025-09-23,,,,,
CMIGR904,2025-09-23,,,,,
CMIGT504,2025-09-23,,,,,
CMIGN115,2025-09-23,,,,,
CMIGP120,2025-09-23,,,,,
CMIGT474,2025-09-23,,,,,
CMIGN102,2025-09-23,,,,,
CMIGG135,2025-09-23,,,,,
CMIGG132,2025-09-23,,,,,
CMIGD117,2025-09-23,,,,,
CMIGF125,2025-09-23,,,,,
CMIGC10,2025-09-23,,,,,
CMIGG13,2025-09-23,,,,,
CMIGG104,2025-09-23,,,,,
CMIGF117,2025-09-23,,,,,
CMIGC115,2025-09-23,,,,,
CMIGF120,2025-09-23,,,,,
CMIGF1,2025-09-23,,,,,
CMIGP105,2025-09-23,,,,,
CMIGO110,2025-09-23,,,,,
CMIGP112,2025-09-23,,,,,
CMIGS12,2025-09-23,,,,,
CMIGS111,2025-09-23,,,,,
CMIGN110,2025-09-23,,,,,
BRAVP188,2025-09-23,,,,,
BBASM286,2025-09-23,,,,,
SBSPV101,2025-09-23,,,,,
CSMGN310,2025-09-23,,,,,
CSMGW240,2025-09-23,,,,,
CSMGV265,2025-09-23,,,,,
CSMGX225,2025-09-23,,,,,
CMIGG116,2025-09-23,,,,,
SUZBL100,2025-09-23,,,,,
CSMGJ250,2025-09-23,,,,,
CSMGJ270,2025-09-23,,,,,
CSMGO330,2025-09-23,,,,,
VALEW300,2025-09-23,,,,,
CSMGQ19,2025-09-23,,,,,
CSMGV275,2025-09-23,,,,,
CSMGX260,2025-09-23,,,,,
CSMGG345,2025-09-23,,,,,
CSMGJ225,2025-09-23,,,,,
CSMGK325,2025-09-23,,,,,
VIVTC800,2025-09-23,,,,,
CSMGJ235,2025-09-23,,,,,
VALEX297,2025-09-23,,,,,
CSMGM225,2025-09-23,,,,,
VALEV280,2025-09-23,,,,,
CSMGN305,2025-09-23,,,,,
CSMGR240,2025-09-23,,,,,
CSMGX330,2025-09-23,,,,,
CSMGD260,2025-09-23,,,,,
CSMGF285,2025-09-23,,,,,
CSMGC305,2025-09-23,,,,,
CSMGD375,2025-09-23,,,,,
CSMGK140,2025-09-23,,,,,
CSMGL320,2025-09-23,,,,,
CSMGJ195,2025-09-23,,,,,
CSMGW300,2025-09-23,,,,,
CSMGV250,2025-09-23,,,,,
CSMGV290,2025-09-23,,,,,
CSMGV285,2025-09-23,,,,,
CSMGS290,2025-09-23,,,,,
CSMGV235,2025-09-23,,,,,
CSMGK260,2025-09-23,,,,,
CSMGJ395,2025-09-23,,,,,
CSMGK335,2025-09-23,,,,,
CSMGJ245,2025-09-23,,,,,
CSMGK240,2025-09-23,,,,,
CSMGG355,2025-09-23,,,,,
CSMGF275,2025-09-23,,,,,
CSMGL300,2025-09-23,,,,,
CSMGE38,2025-09-23,,,,,
CSMGK340,2025-09-23,,,,,
CSMGJ320,2025-09-23,,,,,
CSMGL305,2025-09-23,,,,,
CSMGL335,2025-09-23,,,,,
CSMGL340,2025-09-23,,,,,
BPACG357,2025-09-23,,,,,
CSMGN325,2025-09-23,,,,,
CSMGV270,2025-09-23,,,,,
CSMGV245,2025-09-23,,,,,
CSMGS405,2025-09-23,,,,,
WEGEX503,2025-09-23,,,,,
BEEFT660,2025-09-23,,,,,
PRIOV330,2025-09-23,,,,,
ELETN432,2025-09-23,,,,,
CASHD20,2025-09-23,,,,,
CASHD150,2025-09-23,,,,,
BBASP335,2025-09-23,,,,,
ELETL495,2025-09-23,,,,,
PRIOB290,2025-09-23,,,,,
RDORL333,2025-09-23,,,,,
PRIOB240,2025-09-23,,,,,
ITUBW315,2025-09-23,,,,,
PETRL319,2025-09-23,,,,,
BOVAP8,2025-09-23,,,,,
BRKMX180,2025-09-23,,,,,
BRKMX170,2025-09-23,,,,,
BRKMX120,2025-09-23,,,,,
BRKMX220,2025-09-23,,,,,
BRKMX200,2025-09-23,,,,,
BRKML280,2025-09-23,,,,,
BRKML110,2025-09-23,,,,,
BRKMX23,2025-09-23,,,,,
BRKML900,2025-09-23,,,,,
BRKMX310,2025-09-23,,,,,
BPACW352,2025-09-23,,,,,
PRIOV455,2025-09-23,,,,,
HAPVB350,2025-09-23,,,,,
HAPVK400,2025-09-23,,,,,
HYPEB162,2025-09-23,,,,,
ELETV441,2025-09-23,,,,,
HAPVX350,2025-09-23,,,,,
PRIOJ325,2025-09-23,,,,,
EQTLL385,2025-09-23,,,,,
EQTLL372,2025-09-23,,,,,
SLCEL370,2025-09-23,,,,,
IBOVM130,2025-09-23,,,,,
PETRP370,2025-09-23,,,,,
MGLUP675,2025-09-23,,,,,
ASAIV167,2025-09-23,,,,,
WEGEX433,2025-09-23,,,,,
ASAIV177,2025-09-23,,,,,
BRAVV405,2025-09-23,,,,,
VALEP699,2025-09-23,,,,,
BOVAW415,2025-09-23,,,,,
EQTLX387,2025-09-23,,,,,
WEGEW415,2025-09-23,,,,,
SLCEV370,2025-09-23,,,,,
EQTLX375,2025-09-23,,,,,
EQTLL375,2025-09-23,,,,,
PRIOJ355,2025-09-23,,,,,
IRBRL490,2025-09-23,,,,,
EQTLL365,2025-09-23,,,,,
WEGEK550,2025-09-23,,,,,
BOVAC159,2025-09-23,,,,,
MGLUJ382,2025-09-23,,,,,
VALEE43,2025-09-23,,,,,
PETRJ184,2025-09-23,,,,,
WEGEW500,2025-09-23,,,,,
BOVAO159,2025-09-23,,,,,
VALEQ43,2025-09-23,,,,,
IBOVL132,2025-09-23,,,,,
AZULV400,2025-09-23,,,,,
PETRE24,2025-09-23,,,,,
PRIOE23,2025-09-23,,,,,
BEEFL750,2025-09-23,,,,,
PRIOQ23,2025-09-23,,,,,
BEEFX750,2025-09-23,,,,,
ANIMV370,2025-09-23,,,,,
IBOVX103,2025-09-23,,,,,
IBOVX112,2025-09-23,,,,,
CSAND799,2025-09-23,,,,,
VALEB448,2025-09-23,,,,,
USIMD500,2025-09-23,,,,,
ITSAB110,2025-09-23,,,,,
VALEB398,2025-09-23,,,,,
ITSAN110,2025-09-23,,,,,
USIMP400,2025-09-23,,,,,
USIMP500,2025-09-23,,,,,
VALEN398,2025-09-23,,,,,
SIMHK600,2025-09-23,,,,,
VALEB548,2025-09-23,,,,,
CSAND90,2025-09-23,,,,,
VALEN348,2025-09-23,,,,,
BOVAQ70,2025-09-23,,,,,
BOVAQ17,2025-09-23,,,,,
ITUBX330,2025-09-23,,,,,
PETRP309,2025-09-23,,,,,
BRAVL33,2025-09-23,,,,,
ITUBK355,2025-09-23,,,,,
XPBRJ115,2025-09-23,,,,,
PETRD261,2025-09-23,,,,,
PETRD394,2025-09-23,,,,,
ABEVA163,2025-09-23,,,,,
BOVAD149,2025-09-23,,,,,
B3SAM156,2025-09-23,,,,,
GOLDL223,2025-09-23,,,,,
B3SAL151,2025-09-23,,,,,
MILSO110,2025-09-23,,,,,
MILSX113,2025-09-23,,,,,
MILSJ110,2025-09-23,,,,,
MILSK115,2025-09-23,,,,,
MILSJ130,2025-09-23,,,,,
MILSV130,2025-09-23,,,,,
BOVAD175,2025-09-23,,,,,
MGLUW399,2025-09-23,,,,,
PETRL306,2025-09-23,,,,,
SMALL960,2025-09-23,,,,,
CSANL140,2025-09-23,,,,,
LRENL165,2025-09-23,,,,,
WEGEL553,2025-09-23,,,,,
SMALX960,2025-09-23,,,,,
IBOVE190,2025-09-23,,,,,
BBASQ13,2025-09-23,,,,,
CPLEL139,2025-09-23,,,,,
CYREX249,2025-09-23,,,,,
ELETX436,2025-09-23,,,,,
SBSPW955,2025-09-23,,,,,
TAEET352,2025-09-23,,,,,
ABEVX161,2025-09-23,,,,,
BEEFW874,2025-09-23,,,,,
SBSPV105,2025-09-23,,,,,
IBOVO147,2025-09-23,,,,,
IBOVO123,2025-09-23,,,,,
EMBRL645,2025-09-23,,,,,
ITUBL413,2025-09-23,,,,,
ITUBX40,2025-09-23,,,,,
ITUBX390,2025-09-23,,,,,
ITUBX375,2025-09-23,,,,,
ITUBX300,2025-09-23,,,,,
ITUBL380,2025-09-23,,,,,
ITUBL390,2025-09-23,,,,,
EMBRX63,2025-09-23,,,,,
BBASL343,2025-09-23,,,,,
ITUBL393,2025-09-23,,,,,
ITUBX39,2025-09-23,,,,,
EMBRX615,2025-09-23,,,,,
ELETP452,2025-09-23,,,,,
ITUBL418,2025-09-23,,,,,
IRBRL470,2025-09-23,,,,,
ITUBV294,2025-09-23,,,,,
BOVAW131,2025-09-23,,,,,
BBASP264,2025-09-23,,,,,
BBDCN135,2025-09-23,,,,,
ABEVV161,2025-09-23,,,,,
BBASM276,2025-09-23,,,,,
BBASP269,2025-09-23,,,,,
WEGEX518,2025-09-23,,,,,
BOVAK131,2025-09-23,,,,,
SANBL321,2025-09-23,,,,,
RDORL350,2025-09-23,,,,,
RDORJ351,2025-09-23,,,,,
RDORV351,2025-09-23,,,,,
MOTVM125,2025-09-23,,,,,
MOTVA125,2025-09-23,,,,,
IBOVK135,2025-09-23,,,,,
IBOVW153,2025-09-23,,,,,
PETRD301,2025-09-23,,,,,
PETRV300,2025-09-23,,,,,
ABEVX151,2025-09-23,,,,,
ITUBX272,2025-09-23,,,,,
VALEQ65,2025-09-23,,,,,
BRAVQ24,2025-09-23,,,,,
WEGEL365,2025-09-23,,,,,
BOVAI128,2025-09-23,,,,,
BOVAL125,2025-09-23,,,,,
PETRX901,2025-09-23,,,,,
MULTU260,2025-09-23,,,,,
ASAIX779,2025-09-23,,,,,
IBOVW126,2025-09-23,,,,,
IBOVK106,2025-09-23,,,,,
BOVAV7,2025-09-23,,,,,
BOVAL26,2025-09-23,,,,,
BOVAJ150,2025-09-23,,,,,
BOVAJ7,2025-09-23,,,,,
IBOVW107,2025-09-23,,,,,
IBOVW136,2025-09-23,,,,,
IBOVW141,2025-09-23,,,,,
BOVAX147,2025-09-23,,,,,
BOVAW129,2025-09-23,,,,,
BOVAX26,2025-09-23,,,,,
IBOVK146,2025-09-23,,,,,
BOVAJ130,2025-09-23,,,,,
BOVAI130,2025-09-23,,,,,
IBOVW149,2025-09-23,,,,,
IBOVW150,2025-09-23,,,,,
PETRX32,2025-09-23,,,,,
BOVAV10,2025-09-23,,,,,
BOVAX145,2025-09-23,,,,,
BOVAX142,2025-09-23,,,,,
BOVAK130,2025-09-23,,,,,
IBOVW132,2025-09-23,,,,,
IBOVW129,2025-09-23,,,,,
IBOVW123,2025-09-23,,,,,
IBOVK147,2025-09-23,,,,,
IBOVK137,2025-09-23,,,,,
BOVAV143,2025-09-23,,,,,
BOVAU10,2025-09-23,,,,,
BOVAL144,2025-09-23,,,,,
BOVAL148,2025-09-23,,,,,
BOVAI1,2025-09-23,,,,,
BOVAK135,2025-09-23,,,,,
BOVAL109,2025-09-23,,,,,
IBOVK133,2025-09-23,,,,,
IBOVK121,2025-09-23,,,,,
IBOVW137,2025-09-23,,,,,
IBOVW125,2025-09-23,,,,,
IBOVW131,2025-09-23,,,,,
IBOVW106,2025-09-23,,,,,
IBOVW139,2025-09-23,,,,,
BOVAX18,2025-09-23,,,,,
BOVAU130,2025-09-23,,,,,
BOVAV140,2025-09-23,,,,,
EMBRQ60,2025-09-23,,,,,
EMBRP670,2025-09-23,,,,,
EMBRP730,2025-09-23,,,,,
RENTV496,2025-09-23,,,,,
BPACL402,2025-09-23,,,,,
RENTJ493,2025-09-23,,,,,
ENEVJ187,2025-09-23,,,,,
ENEVJ185,2025-09-23,,,,,
EMBRE780,2025-09-23,,,,,
EMBRE65,2025-09-23,,,,,
GFSAE200,2025-09-23,,,,,
IBOVK151,2025-09-23,,,,,
IBOVK141,2025-09-23,,,,,
IBOVK124,2025-09-23,,,,,
IBOVK134,2025-09-23,,,,,
RENTJ463,2025-09-23,,,,,
USIME900,2025-09-23,,,,,
ENEVJ155,2025-09-23,,,,,
GGBRE200,2025-09-23,,,,,
GFSAE300,2025-09-23,,,,,
GGBRE220,2025-09-23,,,,,
ENEVJ150,2025-09-23,,,,,
AZULE25,2025-09-23,,,,,
AZULE20,2025-09-23,,,,,
ENEVJ142,2025-09-23,,,,,
USIME700,2025-09-23,,,,,
ENEVJ162,2025-09-23,,,,,
RENTV416,2025-09-23,,,,,
ENEVV137,2025-09-23,,,,,
ENEVV135,2025-09-23,,,,,
AZULQ20,2025-09-23,,,,,
AZULQ25,2025-09-23,,,,,
USIMQ700,2025-09-23,,,,,
RENTV488,2025-09-23,,,,,
ENEVV170,2025-09-23,,,,,
USIMQ900,2025-09-23,,,,,
ENEVV140,2025-09-23,,,,,
RENTV491,2025-09-23,,,,,
EMBRP71,2025-09-23,,,,,
AZULQ30,2025-09-23,,,,,
ENEVV152,2025-09-23,,,,,
ENEVV167,2025-09-23,,,,,
EMBRP580,2025-09-23,,,,,
RENTV451,2025-09-23,,,,,
ENEVV130,2025-09-23,,,,,
RENTV458,2025-09-23,,,,,
PRIOQ45,2025-09-23,,,,,
RENTV498,2025-09-23,,,,,
PETRX962,2025-09-23,,,,,
IBOVO124,2025-09-23,,,,,
RENTJ461,2025-09-23,,,,,
ENEVJ140,2025-09-23,,,,,
ENEVJ182,2025-09-23,,,,,
RENTJ498,2025-09-23,,,,,
ENEVJ175,2025-09-23,,,,,
EMBRE790,2025-09-23,,,,,
USIME800,2025-09-23,,,,,
RENTJ458,2025-09-23,,,,,
RENTJ326,2025-09-23,,,,,
RENTJ308,2025-09-23,,,,,
RENTJ336,2025-09-23,,,,,
RENTV333,2025-09-23,,,,,
RENTV326,2025-09-23,,,,,
RENTV303,2025-09-23,,,,,
PETRO136,2025-09-23,,,,,
RENTJ321,2025-09-23,,,,,
RENTJ323,2025-09-23,,,,,
RENTJ316,2025-09-23,,,,,
RENTJ363,2025-09-23,,,,,
PETRV280,2025-09-23,,,,,
PETRO146,2025-09-23,,,,,
RENTJ328,2025-09-23,,,,,
RENTJ333,2025-09-23,,,,,
ABEVW158,2025-09-23,,,,,
PETRN146,2025-09-23,,,,,
ITUBV292,2025-09-23,,,,,
RDORM498,2025-09-23,,,,,
BBASX353,2025-09-23,,,,,
GGBRN181,2025-09-23,,,,,
PETRC126,2025-09-23,,,,,
PETRB129,2025-09-23,,,,,
RDORA498,2025-09-23,,,,,
IBOVX127,2025-09-23,,,,,
MELIL165,2025-09-23,,,,,
MELIX102,2025-09-23,,,,,
IBOVI150,2025-09-23,,,,,
MELIX960,2025-09-23,,,,,
PETRB341,2025-09-23,,,,,
BBDCL151,2025-09-23,,,,,
BBDCL134,2025-09-23,,,,,
BBDCW150,2025-09-23,,,,,
ITUBX378,2025-09-23,,,,,
SLCEV180,2025-09-23,,,,,
GGBRO169,2025-09-23,,,,,
BRAVN270,2025-09-23,,,,,
BEEFX801,2025-09-23,,,,,
EQTLV320,2025-09-23,,,,,
EQTLV385,2025-09-23,,,,,
EQTLV308,2025-09-23,,,,,
EQTLJ343,2025-09-23,,,,,
XPBRJ120,2025-09-23,,,,,
EQTLV330,2025-09-23,,,,,
EQTLJ348,2025-09-23,,,,,
EQTLJ338,2025-09-23,,,,,
EQTLJ305,2025-09-23,,,,,
EQTLJ335,2025-09-23,,,,,
BEEFX901,2025-09-23,,,,,
EQTLJ313,2025-09-23,,,,,
EQTLJ32,2025-09-23,,,,,
EQTLV335,2025-09-23,,,,,
EQTLV355,2025-09-23,,,,,
EQTLV345,2025-09-23,,,,,
EQTLV388,2025-09-23,,,,,
EQTLJ340,2025-09-23,,,,,
EQTLJ320,2025-09-23,,,,,
EQTLV303,2025-09-23,,,,,
BEEFX701,2025-09-23,,,,,
EQTLV313,2025-09-23,,,,,
EQTLJ300,2025-09-23,,,,,
EQTLJ353,2025-09-23,,,,,
CPLEL119,2025-09-23,,,,,
EQTLV305,2025-09-23,,,,,
CPLEX106,2025-09-23,,,,,
ITUBW297,2025-09-23,,,,,
BEEFL80,2025-09-23,,,,,
BEEFL70,2025-09-23,,,,,
BEEFX70,2025-09-23,,,,,
BEEFL12,2025-09-23,,,,,
BEEFL11,2025-09-23,,,,,
BEEFL10,2025-09-23,,,,,
CPLEX121,2025-09-23,,,,,
ITUBV313,2025-09-23,,,,,
IBOVX146,2025-09-23,,,,,
ITUBK274,2025-09-23,,,,,
PETRL364,2025-09-23,,,,,
SMALK990,2025-09-23,,,,,
IBOVL143,2025-09-23,,,,,
SMALW101,2025-09-23,,,,,
SMALW900,2025-09-23,,,,,
IBOVX134,2025-09-23,,,,,
FLRYD240,2025-09-23,,,,,
MILSR875,2025-09-23,,,,,
IBOVV900,2025-09-23,,,,,
IBOVL154,2025-09-23,,,,,
IBOVL133,2025-09-23,,,,,
IBOVL134,2025-09-23,,,,,
FLRYD200,2025-09-23,,,,,
PETRL354,2025-09-23,,,,,
MILSR10,2025-09-23,,,,,
IBOVX141,2025-09-23,,,,,
PETRX364,2025-09-23,,,,,
SMALK980,2025-09-23,,,,,
SMALK101,2025-09-23,,,,,
WIZCD120,2025-09-23,,,,,
IBOVX129,2025-09-23,,,,,
IBOVX148,2025-09-23,,,,,
MILSF10,2025-09-23,,,,,
MILSF14,2025-09-23,,,,,
SMALW890,2025-09-23,,,,,
SMALW980,2025-09-23,,,,,
IBOVL149,2025-09-23,,,,,
IBOVL148,2025-09-23,,,,,
IBOVX143,2025-09-23,,,,,
BBDCK136,2025-09-23,,,,,
TIMSA136,2025-09-23,,,,,
ABEVK161,2025-09-23,,,,,
ELETW403,2025-09-23,,,,,
IBOVX153,2025-09-23,,,,,
IBOVX133,2025-09-23,,,,,
BBASH27,2025-09-23,,,,,
BBDCE15,2025-09-23,,,,,
ITUBB371,2025-09-23,,,,,
VALEB573,2025-09-23,,,,,
ITUBJ248,2025-09-23,,,,,
VBBRK224,2025-09-23,,,,,
SIMHJ673,2025-09-23,,,,,
BBDCQ15,2025-09-23,,,,,
SIMHV723,2025-09-23,,,,,
SIMHV713,2025-09-23,,,,,
SIMHV773,2025-09-23,,,,,
SIMHJ643,2025-09-23,,,,,
BBDCL156,2025-09-23,,,,,
SIMHV663,2025-09-23,,,,,
FLRYX146,2025-09-23,,,,,
ITUBW323,2025-09-23,,,,,
IBOVQ139,2025-09-23,,,,,
ITUBV296,2025-09-23,,,,,
WEGER458,2025-09-23,,,,,
WEGEF458,2025-09-23,,,,,
WEGER498,2025-09-23,,,,,
WEGEQ450,2025-09-23,,,,,
WEGEF488,2025-09-23,,,,,
XPBRV995,2025-09-23,,,,,
MGLUW458,2025-09-23,,,,,
PETRX259,2025-09-23,,,,,
PETRX449,2025-09-23,,,,,
KEPLW770,2025-09-23,,,,,
LRENX190,2025-09-23,,,,,
CSANW740,2025-09-23,,,,,
BRKMW102,2025-09-23,,,,,
PETRL399,2025-09-23,,,,,
SMFTL234,2025-09-23,,,,,
MELIN103,2025-09-23,,,,,
AGROW212,2025-09-23,,,,,
MELIN121,2025-09-23,,,,,
SMFTX234,2025-09-23,,,,,
XPBRJ950,2025-09-23,,,,,
GOAUK927,2025-09-23,,,,,
CASHX425,2025-09-23,,,,,
RAPTV835,2025-09-23,,,,,
ELETV403,2025-09-23,,,,,
DXCOV529,2025-09-23,,,,,
IBOVW26,2025-09-23,,,,,
BPACL405,2025-09-23,,,,,
IBOVW36,2025-09-23,,,,,
ITUBM373,2025-09-23,,,,,
IBOVW28,2025-09-23,,,,,
SMALJ950,2025-09-23,,,,,
CYREJ236,2025-09-23,,,,,
SMALV950,2025-09-23,,,,,
BOVAP110,2025-09-23,,,,,
BBASX939,2025-09-23,,,,,
IBOVR16,2025-09-23,,,,,
KLBNQ170,2025-09-23,,,,,
BOVAC110,2025-09-23,,,,,
BOVAA132,2025-09-23,,,,,
BOVAM132,2025-09-23,,,,,
BOVAO140,2025-09-23,,,,,
BBASJ941,2025-09-23,,,,,
PSSAJ320,2025-09-23,,,,,
BOVAA136,2025-09-23,,,,,
BRAVR304,2025-09-23,,,,,
BOVAM131,2025-09-23,,,,,
BOVAO110,2025-09-23,,,,,
KLBNE265,2025-09-23,,,,,
BRAVF309,2025-09-23,,,,,
ABEVX132,2025-09-23,,,,,
EQTLV34,2025-09-23,,,,,
PRIOS416,2025-09-23,,,,,
EQTLR30,2025-09-23,,,,,
VIVAX248,2025-09-23,,,,,
HYPEQ210,2025-09-23,,,,,
PRIOM387,2025-09-23,,,,,
BPACP370,2025-09-23,,,,,
SBSPQ966,2025-09-23,,,,,
PRIOM382,2025-09-23,,,,,
PETRV197,2025-09-23,,,,,
BEEFB416,2025-09-23,,,,,
PRIOK489,2025-09-23,,,,,
ELETJ440,2025-09-23,,,,,
CPFEH382,2025-09-23,,,,,
PRIOL381,2025-09-23,,,,,
ELETC403,2025-09-23,,,,,
B3SAD120,2025-09-23,,,,,
PETRW187,2025-09-23,,,,,
BOVAK187,2025-09-23,,,,,
MOTVN133,2025-09-23,,,,,
MELIN119,2025-09-23,,,,,
MOTVB175,2025-09-23,,,,,
MELIB161,2025-09-23,,,,,
ASAIE110,2025-09-23,,,,,
BOVAW134,2025-09-23,,,,,
BOVAW16,2025-09-23,,,,,
SUZBK495,2025-09-23,,,,,
GOAUK837,2025-09-23,,,,,
ITUBK172,2025-09-23,,,,,
POMOL850,2025-09-23,,,,,
PRIOA422,2025-09-23,,,,,
ALOSL206,2025-09-23,,,,,
GGBRW190,2025-09-23,,,,,
BOVAW17,2025-09-23,,,,,
ELETV373,2025-09-23,,,,,
KLBNV199,2025-09-23,,,,,
NASDU167,2025-09-23,,,,,
CSNAR681,2025-09-23,,,,,
BOVAQ137,2025-09-23,,,,,
IBOVN120,2025-09-23,,,,,
BOVAQ132,2025-09-23,,,,,
BOVAE135,2025-09-23,,,,,
BOVAE133,2025-09-23,,,,,
CSNAF681,2025-09-23,,,,,
IBOVB175,2025-09-23,,,,,
BPACL392,2025-09-23,,,,,
BEEFE510,2025-09-23,,,,,
VAMOE160,2025-09-23,,,,,
CSNAL135,2025-09-23,,,,,
CSNAE850,2025-09-23,,,,,
CSNAE120,2025-09-23,,,,,
CSNAL900,2025-09-23,,,,,
CSNAE950,2025-09-23,,,,,
CSNAE115,2025-09-23,,,,,
IBOVO145,2025-09-23,,,,,
CSNAO998,2025-09-23,,,,,
VAMOQ120,2025-09-23,,,,,
AZZAW49,2025-09-23,,,,,
CSNAX105,2025-09-23,,,,,
CSNAX950,2025-09-23,,,,,
CSNAX125,2025-09-23,,,,,
CSNAC858,2025-09-23,,,,,
CSNAL105,2025-09-23,,,,,
CSNAE140,2025-09-23,,,,,
CSNAC908,2025-09-23,,,,,
CSNAC958,2025-09-23,,,,,
CSNAE100,2025-09-23,,,,,
CSNAQ900,2025-09-23,,,,,
SMALX900,2025-09-23,,,,,
CSANX115,2025-09-23,,,,,
CSNAL125,2025-09-23,,,,,
BEEFK511,2025-09-23,,,,,
SMALL900,2025-09-23,,,,,
EQTLK340,2025-09-23,,,,,
IBOVF180,2025-09-23,,,,,
IBOVR14,2025-09-23,,,,,
PETRD336,2025-09-23,,,,,
CSANE100,2025-09-23,,,,,
CSANE120,2025-09-23,,,,,
BBDCB174,2025-09-23,,,,,
CSANQ900,2025-09-23,,,,,
CSANX130,2025-09-23,,,,,
CSANL10,2025-09-23,,,,,
CSANL110,2025-09-23,,,,,
CSANX850,2025-09-23,,,,,
CSANO140,2025-09-23,,,,,
MELIX120,2025-09-23,,,,,
CSANQ140,2025-09-23,,,,,
PETRR430,2025-09-23,,,,,
CSANL950,2025-09-23,,,,,
ORVRJ570,2025-09-23,,,,,
FLRYC141,2025-09-23,,,,,
RAILM190,2025-09-23,,,,,
PRIOQ480,2025-09-23,,,,,
BBASC269,2025-09-23,,,,,
FLRYO141,2025-09-23,,,,,
BEEFK955,2025-09-23,,,,,
RAILQ185,2025-09-23,,,,,
FLRYR142,2025-09-23,,,,,
FLRYW142,2025-09-23,,,,,
PETRL299,2025-09-23,,,,,
PETRL359,2025-09-23,,,,,
PRIOA372,2025-09-23,,,,,
RENTA601,2025-09-23,,,,,
IBOVR13,2025-09-23,,,,,
PETRX279,2025-09-23,,,,,
PETRX359,2025-09-23,,,,,
BBSEV394,2025-09-23,,,,,
LRENF230,2025-09-23,,,,,
MGLUG136,2025-09-23,,,,,
LRENF250,2025-09-23,,,,,
CSNAR10,2025-09-23,,,,,
VALEM520,2025-09-23,,,,,
B3SAR159,2025-09-23,,,,,
MGLUR1,2025-09-23,,,,,
TOTSR401,2025-09-23,,,,,
MGLUS156,2025-09-23,,,,,
IRBRF399,2025-09-23,,,,,
BRAVL240,2025-09-23,,,,,
B3SAF13,2025-09-23,,,,,
IRBRF599,2025-09-23,,,,,
CSNAF140,2025-09-23,,,,,
CVCBF399,2025-09-23,,,,,
MGLUF315,2025-09-23,,,,,
MGLUG166,2025-09-23,,,,,
MGLUF154,2025-09-23,,,,,
LRENR210,2025-09-23,,,,,
BRAVX210,2025-09-23,,,,,
MGLUS206,2025-09-23,,,,,
CSNAR110,2025-09-23,,,,,
IRBRR499,2025-09-23,,,,,
RAIZR300,2025-09-23,,,,,
MGLUF11,2025-09-23,,,,,
BRAVL210,2025-09-23,,,,,
CVCBF299,2025-09-23,,,,,
PRIOL409,2025-09-23,,,,,
IBOVM134,2025-09-23,,,,,
IBOVN144,2025-09-23,,,,,
IBOVN133,2025-09-23,,,,,
IBOVB142,2025-09-23,,,,,
IBOVB141,2025-09-23,,,,,
IBOVA141,2025-09-23,,,,,
IBOVC151,2025-09-23,,,,,
IBOVA133,2025-09-23,,,,,
IBOVA135,2025-09-23,,,,,
IBOVN141,2025-09-23,,,,,
IBOVO139,2025-09-23,,,,,
IBOVM131,2025-09-23,,,,,
IBOVN145,2025-09-23,,,,,
IBOVN132,2025-09-23,,,,,
SBSPL118,2025-09-23,,,,,
TOTSX401,2025-09-23,,,,,
IBOVA137,2025-09-23,,,,,
IBOVB137,2025-09-23,,,,,
IBOVA147,2025-09-23,,,,,
IBOVM143,2025-09-23,,,,,
IBOVO126,2025-09-23,,,,,
IBOVA143,2025-09-23,,,,,
IBOVA139,2025-09-23,,,,,
IBOVN142,2025-09-23,,,,,
IBOVN126,2025-09-23,,,,,
IBOVM133,2025-09-23,,,,,
IBOVO143,2025-09-23,,,,,
IBOVN127,2025-09-23,,,,,
IBOVN137,2025-09-23,,,,,
PRIOW454,2025-09-23,,,,,
B3SAX149,2025-09-23,,,,,
VALEV533,2025-09-23,,,,,
SBSPL116,2025-09-23,,,,,
PETRJ305,2025-09-23,,,,,
PETRJ315,2025-09-23,,,,,
IBOVL172,2025-09-23,,,,,
BBDCJ204,2025-09-23,,,,,
BBASJ20,2025-09-23,,,,,
ITUBJ201,2025-09-23,,,,,
BBASJ22,2025-09-23,,,,,
ITUBV186,2025-09-23,,,,,
VALEV548,2025-09-23,,,,,
PETRV302,2025-09-23,,,,,
VALEJ573,2025-09-23,,,,,
WEGEJ430,2025-09-23,,,,,
VALEJ548,2025-09-23,,,,,
BRKMR20,2025-09-23,,,,,
VALEV573,2025-09-23,,,,,
ITUBV166,2025-09-23,,,,,
BBASJ225,2025-09-23,,,,,
HYPEE390,2025-09-23,,,,,
BRKMR11,2025-09-23,,,,,
WEGEV435,2025-09-23,,,,,
PETRV315,2025-09-23,,,,,
WEGEV430,2025-09-23,,,,,
BBASJ211,2025-09-23,,,,,
BBASV20,2025-09-23,,,,,
ITUBV176,2025-09-23,,,,,
PETRJ153,2025-09-23,,,,,
VALEH644,2025-09-23,,,,,
BBSEL299,2025-09-23,,,,,
HYPEB280,2025-09-23,,,,,
ITUBA328,2025-09-23,,,,,
AMZOK675,2025-09-23,,,,,
PETRJ50,2025-09-23,,,,,
ITUBL368,2025-09-23,,,,,
BRAVC280,2025-09-23,,,,,
BBSEX359,2025-09-23,,,,,
BRAVM280,2025-09-23,,,,,
BRAVM300,2025-09-23,,,,,
BRAVN280,2025-09-23,,,,,
ELETX383,2025-09-23,,,,,
CMINX517,2025-09-23,,,,,
BBASL210,2025-09-23,,,,,
ABEVW147,2025-09-23,,,,,
USIMV602,2025-09-23,,,,,
SUZBV600,2025-09-23,,,,,
VALEF251,2025-09-23,,,,,
JBSSK960,2025-09-23,,,,,
JBSSJ905,2025-09-23,,,,,
JBSSX910,2025-09-23,,,,,
JBSSV917,2025-09-23,,,,,
JBSSE910,2025-09-23,,,,,
JBSSL900,2025-09-23,,,,,
JBSSD700,2025-09-23,,,,,
JBSSL930,2025-09-23,,,,,
JBSSA980,2025-09-23,,,,,
JBSSL960,2025-09-23,,,,,
JBSSJ94,2025-09-23,,,,,
JBSSL905,2025-09-23,,,,,
JBSSA960,2025-09-23,,,,,
JBSSJ920,2025-09-23,,,,,
JBSSX960,2025-09-23,,,,,
JBSSM900,2025-09-23,,,,,
JBSSR730,2025-09-23,,,,,
JBSSM980,2025-09-23,,,,,
JBSSV965,2025-09-23,,,,,
WEGEL533,2025-09-23,,,,,
CPFEJ342,2025-09-23,,,,,
SUZBV580,2025-09-23,,,,,
ABEVV139,2025-09-23,,,,,
EQTLR299,2025-09-23,,,,,
EQTLR42,2025-09-23,,,,,
USIMW700,2025-09-23,,,,,
VALER25,2025-09-23,,,,,
CPFEJ359,2025-09-23,,,,,
CPFEV352,2025-09-23,,,,,
CPFEV397,2025-09-23,,,,,
CPFEV382,2025-09-23,,,,,
CPFEV357,2025-09-23,,,,,
CPFEV384,2025-09-23,,,,,
CPFEJ394,2025-09-23,,,,,
CPFEJ429,2025-09-23,,,,,
CPFEJ384,2025-09-23,,,,,
CPFEJ327,2025-09-23,,,,,
CPFEJ427,2025-09-23,,,,,
CPFEJ417,2025-09-23,,,,,
CPFEJ354,2025-09-23,,,,,
CPFEV364,2025-09-23,,,,,
ITUBL308,2025-09-23,,,,,
BBDCL142,2025-09-23,,,,,
PRIOK484,2025-09-23,,,,,
UNIPA542,2025-09-23,,,,,
B3SAL144,2025-09-23,,,,,
CPFEV304,2025-09-23,,,,,
MELIX110,2025-09-23,,,,,
MELIX940,2025-09-23,,,,,
ITUBV315,2025-09-23,,,,,
ELETV406,2025-09-23,,,,,
ITUBK316,2025-09-23,,,,,
ITUBL322,2025-09-23,,,,,
GOAUA927,2025-09-23,,,,,
GOAUA99,2025-09-23,,,,,
GOAUA108,2025-09-23,,,,,
MOVIF140,2025-09-23,,,,,
UGPAK185,2025-09-23,,,,,
GOAUM947,2025-09-23,,,,,
GOAUM967,2025-09-23,,,,,
BHIAW870,2025-09-23,,,,,
CSANW102,2025-09-23,,,,,
B3SAN143,2025-09-23,,,,,
RADLW248,2025-09-23,,,,,
PRIOV317,2025-09-23,,,,,
VALEX604,2025-09-23,,,,,
PETRX598,2025-09-23,,,,,
PRIOW439,2025-09-23,,,,,
BEEFX771,2025-09-23,,,,,
AZZAX845,2025-09-23,,,,,
ASAIX149,2025-09-23,,,,,
UGPAV168,2025-09-23,,,,,
BBDCM189,2025-09-23,,,,,
TSLAR43,2025-09-23,,,,,
TIMSX178,2025-09-23,,,,,
PETRJ32,2025-09-23,,,,,
MOVIE150,2025-09-23,,,,,
MOVIJ800,2025-09-23,,,,,
IBOVX40,2025-09-23,,,,,
PETRL668,2025-09-23,,,,,
TIMSL208,2025-09-23,,,,,
PETRJ357,2025-09-23,,,,,
PETRI35,2025-09-23,,,,,
PETRI356,2025-09-23,,,,,
PETRV32,2025-09-23,,,,,
PETRU380,2025-09-23,,,,,
GOLLX104,2025-09-23,,,,,
GOLLX124,2025-09-23,,,,,
PETRJ33,2025-09-23,,,,,
GOLLL124,2025-09-23,,,,,
ITUBL226,2025-09-23,,,,,
CSANK110,2025-09-23,,,,,
ITUBE542,2025-09-23,,,,,
IBOVC160,2025-09-23,,,,,
ITUBQ362,2025-09-23,,,,,
TOTSV388,2025-09-23,,,,,
ITUBN37,2025-09-23,,,,,
ITSAN917,2025-09-23,,,,,
ITSAB917,2025-09-23,,,,,
PETRF400,2025-09-23,,,,,
BBASD256,2025-09-23,,,,,
PETRL186,2025-09-23,,,,,
PRIOB395,2025-09-23,,,,,
PETRL193,2025-09-23,,,,,
SLCEL239,2025-09-23,,,,,
EMBRX209,2025-09-23,,,,,
LRENO191,2025-09-23,,,,,
ELETV411,2025-09-23,,,,,
ITUBX327,2025-09-23,,,,,
USIMV130,2025-09-23,,,,,
USIMW130,2025-09-23,,,,,
ONCOR540,2025-09-23,,,,,
COGNJ713,2025-09-23,,,,,
VBBRL246,2025-09-23,,,,,
GGBRB192,2025-09-23,,,,,
ITSAL99,2025-09-23,,,,,
VALEL824,2025-09-23,,,,,
PETRL498,2025-09-23,,,,,
ELETL459,2025-09-23,,,,,
SBSPJ871,2025-09-23,,,,,
B3SAJ658,2025-09-23,,,,,
SBFGB149,2025-09-23,,,,,
LRENW203,2025-09-23,,,,,
LRENW180,2025-09-23,,,,,
PETRJ174,2025-09-23,,,,,
LRENW238,2025-09-23,,,,,
LRENK223,2025-09-23,,,,,
LRENK143,2025-09-23,,,,,
LRENW205,2025-09-23,,,,,
MGLUX635,2025-09-23,,,,,
MOVIX185,2025-09-23,,,,,
CSANX215,2025-09-23,,,,,
BBDCX159,2025-09-23,,,,,
BBDCX110,2025-09-23,,,,,
VALEV724,2025-09-23,,,,,
ITUBX289,2025-09-23,,,,,
SBFGB159,2025-09-23,,,,,
BRAVB330,2025-09-23,,,,,
ITUBW301,2025-09-23,,,,,
VALEM485,2025-09-23,,,,,
VALEL349,2025-09-23,,,,,
USIML399,2025-09-23,,,,,
ISAEK216,2025-09-23,,,,,
BBDCL220,2025-09-23,,,,,
PETRJ440,2025-09-23,,,,,
ITUBL239,2025-09-23,,,,,
ITSAL945,2025-09-23,,,,,
B3SAA259,2025-09-23,,,,,
VALEX120,2025-09-23,,,,,
BBDCX752,2025-09-23,,,,,
BBDCX220,2025-09-23,,,,,
VALEX524,2025-09-23,,,,,
B3SAM259,2025-09-23,,,,,
BBDCV310,2025-09-23,,,,,
RENTV581,2025-09-23,,,,,
AZZAV660,2025-09-23,,,,,
CSANV175,2025-09-23,,,,,
UGPAV278,2025-09-23,,,,,
RAILV254,2025-09-23,,,,,
LWSAX710,2025-09-23,,,,,
PETRV423,2025-09-23,,,,,
CSANX147,2025-09-23,,,,,
GGBRV132,2025-09-23,,,,,
ECORV115,2025-09-23,,,,,
CSANJ920,2025-09-23,,,,,
CASHJ900,2025-09-23,,,,,
IRBRV510,2025-09-23,,,,,
BRAPJ215,2025-09-23,,,,,
ALPAV811,2025-09-23,,,,,
BHIAV880,2025-09-23,,,,,
GGBRV122,2025-09-23,,,,,
ECORV960,2025-09-23,,,,,
CASHV500,2025-09-23,,,,,
BBDCV128,2025-09-23,,,,,
EZTCV152,2025-09-23,,,,,
ELETJ430,2025-09-23,,,,,
CVCBV840,2025-09-23,,,,,
CVCBJ330,2025-09-23,,,,,
BHIAJ780,2025-09-23,,,,,
BRAPJ145,2025-09-23,,,,,
ELETJ400,2025-09-23,,,,,
KLBNJ169,2025-09-23,,,,,
CSANV143,2025-09-23,,,,,
EZTCV142,2025-09-23,,,,,
ELETJ410,2025-09-23,,,,,
PCARJ208,2025-09-23,,,,,
CSNAJ319,2025-09-23,,,,,
ASAIJ699,2025-09-23,,,,,
KLBNJ119,2025-09-23,,,,,
CASHV120,2025-09-23,,,,,
ECORJ560,2025-09-23,,,,,
HYPEJ337,2025-09-23,,,,,
EZTCJ152,2025-09-23,,,,,
BBDCJ218,2025-09-23,,,,,
BRKMV105,2025-09-23,,,,,
ELETV420,2025-09-23,,,,,
CSNAV999,2025-09-23,,,,,
MGLUJ729,2025-09-23,,,,,
ELETJ466,2025-09-23,,,,,
EZTCJ132,2025-09-23,,,,,
HYPEV327,2025-09-23,,,,,
ELETV400,2025-09-23,,,,,
CASHV100,2025-09-23,,,,,
HYPEJ317,2025-09-23,,,,,
BRAPV205,2025-09-23,,,,,
ELETV410,2025-09-23,,,,,
CVCBV330,2025-09-23,,,,,
CYREV214,2025-09-23,,,,,
ELETV460,2025-09-23,,,,,
CVCBV130,2025-09-23,,,,,
BHIAV580,2025-09-23,,,,,
HYPEV337,2025-09-23,,,,,
CASHJ110,2025-09-23,,,,,
CSANJ103,2025-09-23,,,,,
ALPAJ711,2025-09-23,,,,,
ASAIV799,2025-09-23,,,,,
DXCOV749,2025-09-23,,,,,
CYREV204,2025-09-23,,,,,
BHIAV700,2025-09-23,,,,,
CSANJ113,2025-09-23,,,,,
BBDCV218,2025-09-23,,,,,
BBDCJ128,2025-09-23,,,,,
ECORJ660,2025-09-23,,,,,
ELETJ456,2025-09-23,,,,,
ECORV860,2025-09-23,,,,,
IRBRJ460,2025-09-23,,,,,
BRKMV520,2025-09-23,,,,,
ECORJ760,2025-09-23,,,,,
ABEVV112,2025-09-23,,,,,
CSANV920,2025-09-23,,,,,
ASAIJ899,2025-09-23,,,,,
ECORJ960,2025-09-23,,,,,
LRENJ131,2025-09-23,,,,,
CSNAV619,2025-09-23,,,,,
DXCOV949,2025-09-23,,,,,
CASHJ800,2025-09-23,,,,,
CYREV244,2025-09-23,,,,,
ELETV356,2025-09-23,,,,,
CYREJ224,2025-09-23,,,,,
CASHV900,2025-09-23,,,,,
CSANJ520,2025-09-23,,,,,
IRBRJ430,2025-09-23,,,,,
KLBNV229,2025-09-23,,,,,
BRAPV125,2025-09-23,,,,,
HYPEJ297,2025-09-23,,,,,
CYREJ204,2025-09-23,,,,,
CSNAV519,2025-09-23,,,,,
EZTCV122,2025-09-23,,,,,
BRAPV195,2025-09-23,,,,,
COGNV393,2025-09-23,,,,,
HYPEV257,2025-09-23,,,,,
HYPEV297,2025-09-23,,,,,
MGLUV439,2025-09-23,,,,,
ELETJ490,2025-09-23,,,,,
HYPEJ287,2025-09-23,,,,,
ABEVV172,2025-09-23,,,,,
PCARV208,2025-09-23,,,,,
CASHV600,2025-09-23,,,,,
ASAIV999,2025-09-23,,,,,
IRBRV530,2025-09-23,,,,,
BOVAR11,2025-09-23,,,,,
BHIAJ680,2025-09-23,,,,,
BRAVL275,2025-09-23,,,,,
SMALL970,2025-09-23,,,,,
SMALL140,2025-09-23,,,,,
BRAVK270,2025-09-23,,,,,
PSSAK440,2025-09-23,,,,,
BBDCL161,2025-09-23,,,,,
BBDCX154,2025-09-23,,,,,
BBDCR160,2025-09-23,,,,,
VALEM475,2025-09-23,,,,,
VALEH614,2025-09-23,,,,,
VBBRL231,2025-09-23,,,,,
VBBRJ214,2025-09-23,,,,,
BBASM228,2025-09-23,,,,,
GOGLV908,2025-09-23,,,,,
AMZOV640,2025-09-23,,,,,
BOVAO145,2025-09-23,,,,,
VBBRV179,2025-09-23,,,,,
BBDCV1,2025-09-23,,,,,
BBDCV124,2025-09-23,,,,,
SBSPV102,2025-09-23,,,,,
RDORV399,2025-09-23,,,,,
PETRS44,2025-09-23,,,,,
TAEEM384,2025-09-23,,,,,
SUZBX562,2025-09-23,,,,,
BBASQ243,2025-09-23,,,,,
BBASM232,2025-09-23,,,,,
SIMHJ503,2025-09-23,,,,,
BBASE233,2025-09-23,,,,,
BRKMF900,2025-09-23,,,,,
BBASE253,2025-09-23,,,,,
BRKMR950,2025-09-23,,,,,
SIMHV973,2025-09-23,,,,,
SIMHV503,2025-09-23,,,,,
EZTCR137,2025-09-23,,,,,
SIMHV633,2025-09-23,,,,,
CSANR750,2025-09-23,,,,,
CSANF160,2025-09-23,,,,,
SIMHJ523,2025-09-23,,,,,
SIMHJ563,2025-09-23,,,,,
BBASE243,2025-09-23,,,,,
SIMHV513,2025-09-23,,,,,
SIMHV583,2025-09-23,,,,,
BBASQ233,2025-09-23,,,,,
SIMHV623,2025-09-23,,,,,
SIMHV833,2025-09-23,,,,,
SIMHV983,2025-09-23,,,,,
SIMHV923,2025-09-23,,,,,
SIMHV873,2025-09-23,,,,,
CMIGO11,2025-09-23,,,,,
SIMHV813,2025-09-23,,,,,
BPACW377,2025-09-23,,,,,
LJQQW265,2025-09-23,,,,,
BBDCN197,2025-09-23,,,,,
BBDCV181,2025-09-23,,,,,
BBASV325,2025-09-23,,,,,
BBASV972,2025-09-23,,,,,
B3SAV179,2025-09-23,,,,,
ALPAV891,2025-09-23,,,,,
ABEVV142,2025-09-23,,,,,
EZTCF132,2025-09-23,,,,,
SMALF146,2025-09-23,,,,,
SMALF148,2025-09-23,,,,,
SMALF157,2025-09-23,,,,,
BOVAB156,2025-09-23,,,,,
PNVLF943,2025-09-23,,,,,
ALOSJ211,2025-09-23,,,,,
ASAIJ919,2025-09-23,,,,,
ASAIJ123,2025-09-23,,,,,
AZULJ800,2025-09-23,,,,,
ABEVJ164,2025-09-23,,,,,
BBASJ165,2025-09-23,,,,,
AZZAJ425,2025-09-23,,,,,
BBASJ115,2025-09-23,,,,,
ALOSV236,2025-09-23,,,,,
ABEVV207,2025-09-23,,,,,
B3SAV189,2025-09-23,,,,,
B3SAV882,2025-09-23,,,,,
B3SAV982,2025-09-23,,,,,
BBASV105,2025-09-23,,,,,
AZULV230,2025-09-23,,,,,
ABEVV164,2025-09-23,,,,,
ABEVV157,2025-09-23,,,,,
BBASV125,2025-09-23,,,,,
AZULV190,2025-09-23,,,,,
AZULV199,2025-09-23,,,,,
SIMHV127,2025-09-23,,,,,
BBDCV127,2025-09-23,,,,,
BBDCJ122,2025-09-23,,,,,
ABEVJ147,2025-09-23,,,,,
ALPAJ931,2025-09-23,,,,,
B3SAJ922,2025-09-23,,,,,
B3SAJ102,2025-09-23,,,,,
AZZAJ440,2025-09-23,,,,,
ALPAJ871,2025-09-23,,,,,
AZULV170,2025-09-23,,,,,
ALOSV201,2025-09-23,,,,,
B3SAV942,2025-09-23,,,,,
AZZAV380,2025-09-23,,,,,
ABEVV167,2025-09-23,,,,,
AZULV900,2025-09-23,,,,,
AZZAV390,2025-09-23,,,,,
ABEVJ989,2025-09-23,,,,,
ALOSJ221,2025-09-23,,,,,
ABEVJ909,2025-09-23,,,,,
ABEVJ104,2025-09-23,,,,,
ABEVJ149,2025-09-23,,,,,
AZZAJ405,2025-09-23,,,,,
BBDCJ102,2025-09-23,,,,,
ASAIJ879,2025-09-23,,,,,
B3SAJ107,2025-09-23,,,,,
B3SAJ177,2025-09-23,,,,,
B3SAJ109,2025-09-23,,,,,
AZZAJ395,2025-09-23,,,,,
ABEVJ869,2025-09-23,,,,,
B3SAJ179,2025-09-23,,,,,
ALOSV221,2025-09-23,,,,,
AZZAV355,2025-09-23,,,,,
RENTV601,2025-09-23,,,,,
ASAIV128,2025-09-23,,,,,
ALOSV196,2025-09-23,,,,,
AZZAV430,2025-09-23,,,,,
B3SAV922,2025-09-23,,,,,
ABEVV149,2025-09-23,,,,,
B3SAJ174,2025-09-23,,,,,
ALPAJ791,2025-09-23,,,,,
ALOSJ216,2025-09-23,,,,,
ALPAJ831,2025-09-23,,,,,
B3SAJ962,2025-09-23,,,,,
ALOSJ201,2025-09-23,,,,,
ABEVJ889,2025-09-23,,,,,
AZZAJ380,2025-09-23,,,,,
ALPAJ112,2025-09-23,,,,,
AZZAJ365,2025-09-23,,,,,
B3SAJ112,2025-09-23,,,,,
ABEVJ979,2025-09-23,,,,,
ABEVJ829,2025-09-23,,,,,
ABEVJ939,2025-09-23,,,,,
ALPAJ107,2025-09-23,,,,,
AZZAJ370,2025-09-23,,,,,
AZZAJ435,2025-09-23,,,,,
BOVAC180,2025-09-23,,,,,
BOVAC800,2025-09-23,,,,,
BBDCL164,2025-09-23,,,,,
USIML409,2025-09-23,,,,,
ITUBC233,2025-09-23,,,,,
ABEVC122,2025-09-23,,,,,
ITSAK102,2025-09-23,,,,,
BBASV155,2025-09-23,,,,,
ARMLW619,2025-09-23,,,,,
BBDCX164,2025-09-23,,,,,
BEEFV511,2025-09-23,,,,,
BBDCW134,2025-09-23,,,,,
IBOVM152,2025-09-23,,,,,
IBOVJ220,2025-09-23,,,,,
QUALV700,2025-09-23,,,,,
BBASX190,2025-09-23,,,,,
MOVIV105,2025-09-23,,,,,
BOVAW133,2025-09-23,,,,,
BBASL180,2025-09-23,,,,,
BBASX185,2025-09-23,,,,,
MOVIV135,2025-09-23,,,,,
HAPVV685,2025-09-23,,,,,
HAPVV630,2025-09-23,,,,,
BBASO188,2025-09-23,,,,,
QUALV690,2025-09-23,,,,,
HAPVV845,2025-09-23,,,,,
BBASO193,2025-09-23,,,,,
QUALV650,2025-09-23,,,,,
QUALV890,2025-09-23,,,,,
QUALV420,2025-09-23,,,,,
QUALV295,2025-09-23,,,,,
QUALV620,2025-09-23,,,,,
QUALV830,2025-09-23,,,,,
BEEFF525,2025-09-23,,,,,
BBASC188,2025-09-23,,,,,
BBASC198,2025-09-23,,,,,
QUALV920,2025-09-23,,,,,
MOVIV120,2025-09-23,,,,,
HAPVV107,2025-09-23,,,,,
ITUBJ220,2025-09-23,,,,,
BPACK417,2025-09-23,,,,,
INBRW310,2025-09-23,,,,,
ITUBS362,2025-09-23,,,,,
CSANW182,2025-09-23,,,,,
SAPRV318,2025-09-23,,,,,
VALEM461,2025-09-23,,,,,
SAPRJ303,2025-09-23,,,,,
BPACJ400,2025-09-23,,,,,
BPACK402,2025-09-23,,,,,
VALEM436,2025-09-23,,,,,
BPACW417,2025-09-23,,,,,
SAPRK320,2025-09-23,,,,,
SAPRW320,2025-09-23,,,,,
BPACK412,2025-09-23,,,,,
VALEA466,2025-09-23,,,,,
DIRRV400,2025-09-23,,,,,
VIVAV258,2025-09-23,,,,,
BPACW410,2025-09-23,,,,,
ITSAO108,2025-09-23,,,,,
BEEFV456,2025-09-23,,,,,
BBSEV292,2025-09-23,,,,,
SAPRJ318,2025-09-23,,,,,
BPACK317,2025-09-23,,,,,
DIRRJ350,2025-09-23,,,,,
BRAPJ155,2025-09-23,,,,,
RAILL186,2025-09-23,,,,,
BOVAG18,2025-09-23,,,,,
NVDCK192,2025-09-23,,,,,
BBSEJ302,2025-09-23,,,,,
BBSEJ412,2025-09-23,,,,,
BEEFJ476,2025-09-23,,,,,
BEEFJ541,2025-09-23,,,,,
BEEFV476,2025-09-23,,,,,
BBSEV392,2025-09-23,,,,,
BBSEV307,2025-09-23,,,,,
BEEFV446,2025-09-23,,,,,
BBSEV412,2025-09-23,,,,,
BBSEV407,2025-09-23,,,,,
BBSEV277,2025-09-23,,,,,
BBSEJ307,2025-09-23,,,,,
BBSEJ297,2025-09-23,,,,,
CMIGL155,2025-09-23,,,,,
ENGIJ551,2025-09-23,,,,,
MDIAJ273,2025-09-23,,,,,
CPLEJ996,2025-09-23,,,,,
JBSSK820,2025-09-23,,,,,
VALEE693,2025-09-23,,,,,
ITUBF305,2025-09-23,,,,,
ITUBF430,2025-09-23,,,,,
BRAPV953,2025-09-23,,,,,
MOTVV113,2025-09-23,,,,,
COGNV453,2025-09-23,,,,,
JBSSW820,2025-09-23,,,,,
ITUBR367,2025-09-23,,,,,
SUZBX522,2025-09-23,,,,,
ABEVX129,2025-09-23,,,,,
ITUBR472,2025-09-23,,,,,
IGTIX230,2025-09-23,,,,,
BPACX332,2025-09-23,,,,,
MRVES109,2025-09-23,,,,,
MGLUS90,2025-09-23,,,,,
BOVAV106,2025-09-23,,,,,
INBRV337,2025-09-23,,,,,
ITSAV152,2025-09-23,,,,,
RAIZS199,2025-09-23,,,,,
ITUBF537,2025-09-23,,,,,
PRIOJ470,2025-09-23,,,,,
PETRA233,2025-09-23,,,,,
ITUBK329,2025-09-23,,,,,
SUZBL622,2025-09-23,,,,,
VALEL419,2025-09-23,,,,,
B3SAG150,2025-09-23,,,,,
ITSAJ705,2025-09-23,,,,,
MGLUG110,2025-09-23,,,,,
SIMHG500,2025-09-23,,,,,
BOVAJ104,2025-09-23,,,,,
BOVAV102,2025-09-23,,,,,
USIMS60,2025-09-23,,,,,
BOVAV162,2025-09-23,,,,,
BOVAV910,2025-09-23,,,,,
INBRV387,2025-09-23,,,,,
ITSAV945,2025-09-23,,,,,
ITSAV925,2025-09-23,,,,,
BOVAV810,2025-09-23,,,,,
BOVVV127,2025-09-23,,,,,
BOVVV135,2025-09-23,,,,,
BOVAV194,2025-09-23,,,,,
ITSAV965,2025-09-23,,,,,
BOVAV830,2025-09-23,,,,,
BOVVV131,2025-09-23,,,,,
ITSAV147,2025-09-23,,,,,
ITSAV885,2025-09-23,,,,,
PCARG499,2025-09-23,,,,,
ITSAJ745,2025-09-23,,,,,
ITSAJ805,2025-09-23,,,,,
VIVTK270,2025-09-23,,,,,
PETZG800,2025-09-23,,,,,
VIVTJ274,2025-09-23,,,,,
BOVAJ780,2025-09-23,,,,,
BOVVJ127,2025-09-23,,,,,
AMARG25,2025-09-23,,,,,
MRVEG70,2025-09-23,,,,,
BOVVJ145,2025-09-23,,,,,
ITSAJ137,2025-09-23,,,,,
BOVAJ190,2025-09-23,,,,,
MGLUG120,2025-09-23,,,,,
MGLUG130,2025-09-23,,,,,
BOVAJ800,2025-09-23,,,,,
RAIZG250,2025-09-23,,,,,
ITSAJ725,2025-09-23,,,,,
BOVVJ131,2025-09-23,,,,,
BOVAJ970,2025-09-23,,,,,
BOVAJ174,2025-09-23,,,,,
BOVAJ890,2025-09-23,,,,,
USIMG70,2025-09-23,,,,,
ITSAJ685,2025-09-23,,,,,
ITSAJ885,2025-09-23,,,,,
ITSAJ905,2025-09-23,,,,,
ITSAJ102,2025-09-23,,,,,
VIVTJ279,2025-09-23,,,,,
PCARG60,2025-09-23,,,,,
VIVTJ289,2025-09-23,,,,,
BOVAJ850,2025-09-23,,,,,
VIVTK280,2025-09-23,,,,,
ITSAJ965,2025-09-23,,,,,
BOVAJ860,2025-09-23,,,,,
RAIZG199,2025-09-23,,,,,
ITSAJ765,2025-09-23,,,,,
BOVAJ940,2025-09-23,,,,,
BOVAJ980,2025-09-23,,,,,
MRVEG109,2025-09-23,,,,,
COGNG449,2025-09-23,,,,,
POSIG599,2025-09-23,,,,,
BOVAJ172,2025-09-23,,,,,
COGNG2,2025-09-23,,,,,
BOVVJ135,2025-09-23,,,,,
BOVAV870,2025-09-23,,,,,
BOVAV158,2025-09-23,,,,,
BOVAV820,2025-09-23,,,,,
PETZS400,2025-09-23,,,,,
ITSAV137,2025-09-23,,,,,
RAIZS250,2025-09-23,,,,,
USIMS80,2025-09-23,,,,,
MGLUS130,2025-09-23,,,,,
VIVTV279,2025-09-23,,,,,
BOVVV123,2025-09-23,,,,,
KLBNS24,2025-09-23,,,,,
LRENS20,2025-09-23,,,,,
BOVAV980,2025-09-23,,,,,
COGNS449,2025-09-23,,,,,
VIVTV289,2025-09-23,,,,,
ITSAV805,2025-09-23,,,,,
BOVAV108,2025-09-23,,,,,
NATUW270,2025-09-23,,,,,
NATUV192,2025-09-23,,,,,
NATUX950,2025-09-23,,,,,
NATUM120,2025-09-23,,,,,
NATUN190,2025-09-23,,,,,
NATUN12,2025-09-23,,,,,
NATUW120,2025-09-23,,,,,
NATUM12,2025-09-23,,,,,
NATUN14,2025-09-23,,,,,
NATUW170,2025-09-23,,,,,
NATUM190,2025-09-23,,,,,
NATUN119,2025-09-23,,,,,
ITSAV935,2025-09-23,,,,,
PETZS800,2025-09-23,,,,,
NATUB950,2025-09-23,,,,,
NATUJ19,2025-09-23,,,,,
NATUJ16,2025-09-23,,,,,
NATUK130,2025-09-23,,,,,
NATUK124,2025-09-23,,,,,
NATUK120,2025-09-23,,,,,
EQTLJ398,2025-09-23,,,,,
ELETJ383,2025-09-23,,,,,
ITUBJ334,2025-09-23,,,,,
VALER540,2025-09-23,,,,,
SUZBW545,2025-09-23,,,,,
SUZBW583,2025-09-23,,,,,
PRIOX584,2025-09-23,,,,,
GGBRR171,2025-09-23,,,,,
PRIOV450,2025-09-23,,,,,
PRIOX544,2025-09-23,,,,,
ITUBV431,2025-09-23,,,,,
ITUBJ476,2025-09-23,,,,,
SMALC130,2025-09-23,,,,,
ITUBJ471,2025-09-23,,,,,
ITUBJ481,2025-09-23,,,,,
ITUBJ456,2025-09-23,,,,,
CSNAJ589,2025-09-23,,,,,
KLBNJ212,2025-09-23,,,,,
COGNJ133,2025-09-23,,,,,
GOAUJ887,2025-09-23,,,,,
CMINJ469,2025-09-23,,,,,
ITUBJ34,2025-09-23,,,,,
CVCBJ270,2025-09-23,,,,,
CYREJ259,2025-09-23,,,,,
ECORV740,2025-09-23,,,,,
BOVAU121W4,2025-09-23,,,,,
ENGIV496,2025-09-23,,,,,
ECORV680,2025-09-23,,,,,
CASHV720,2025-09-23,,,,,
IRBRJ415,2025-09-23,,,,,
GOAUJ827,2025-09-23,,,,,
ELETJ378,2025-09-23,,,,,
CYREJ249,2025-09-23,,,,,
CYREJ229,2025-09-23,,,,,
ITUBJ262,2025-09-23,,,,,
MRVEJ410,2025-09-23,,,,,
CSNAJ709,2025-09-23,,,,,
FLRYJ135,2025-09-23,,,,,
ENGIJ496,2025-09-23,,,,,
GGBRJ225,2025-09-23,,,,,
EGIEJ471,2025-09-23,,,,,
ITUBJ283,2025-09-23,,,,,
FLRYV170,2025-09-23,,,,,
INBRV340,2025-09-23,,,,,
COGNV443,2025-09-23,,,,,
LRENV105,2025-09-23,,,,,
COGNV433,2025-09-23,,,,,
MOTVV198,2025-09-23,,,,,
ITUBV433,2025-09-23,,,,,
COGNV423,2025-09-23,,,,,
CSNAV989,2025-09-23,,,,,
BPANV959,2025-09-23,,,,,
CPLEV103,2025-09-23,,,,,
CPLEV108,2025-09-23,,,,,
MGLUV529,2025-09-23,,,,,
ELETV368,2025-09-23,,,,,
GGBRV120,2025-09-23,,,,,
CPLEV138,2025-09-23,,,,,
EGIEV456,2025-09-23,,,,,
CMINV724,2025-09-23,,,,,
BPANV699,2025-09-23,,,,,
CSNAV529,2025-09-23,,,,,
BPANJ719,2025-09-23,,,,,
MGLUJ176,2025-09-23,,,,,
KLBNJ172,2025-09-23,,,,,
LRENJ228,2025-09-23,,,,,
MGLUJ609,2025-09-23,,,,,
LRENJ255,2025-09-23,,,,,
IRBRJ457,2025-09-23,,,,,
ENGIJ481,2025-09-23,,,,,
ELETJ398,2025-09-23,,,,,
ELETJ448,2025-09-23,,,,,
CVCBJ190,2025-09-23,,,,,
ENGIJ441,2025-09-23,,,,,
LWSAJ390,2025-09-23,,,,,
MGLUJ166,2025-09-23,,,,,
CSNAJ649,2025-09-23,,,,,
CSNAJ989,2025-09-23,,,,,
ECORJ680,2025-09-23,,,,,
IGTIJ213,2025-09-23,,,,,
BPACJ370,2025-09-23,,,,,
ENGIJ531,2025-09-23,,,,,
BOVAU125W4,2025-09-23,,,,,
MGLUV749,2025-09-23,,,,,
CSNAV549,2025-09-23,,,,,
KLBNV262,2025-09-23,,,,,
COGNV253,2025-09-23,,,,,
BRAPV225,2025-09-23,,,,,
MOTVV138,2025-09-23,,,,,
KLBNV272,2025-09-23,,,,,
KLBNV202,2025-09-23,,,,,
CSNAV484,2025-09-23,,,,,
ITUBV283,2025-09-23,,,,,
ITUBV299,2025-09-23,,,,,
CSNAV109,2025-09-23,,,,,
ELETV363,2025-09-23,,,,,
LRENV228,2025-09-23,,,,,
DXCOV619,2025-09-23,,,,,
MGLUV589,2025-09-23,,,,,
COGNV233,2025-09-23,,,,,
EZTCV157,2025-09-23,,,,,
GGBRV200,2025-09-23,,,,,
EZTCV117,2025-09-23,,,,,
GOAUV747,2025-09-23,,,,,
MRVEV580,2025-09-23,,,,,
IRBRV472,2025-09-23,,,,,
HYPEV290,2025-09-23,,,,,
BPACV370,2025-09-23,,,,,
MOTVV153,2025-09-23,,,,,
LRENV204,2025-09-23,,,,,
MOTVV183,2025-09-23,,,,,
BPACV415,2025-09-23,,,,,
ELETV348,2025-09-23,,,,,
GOAUV767,2025-09-23,,,,,
EZTCV167,2025-09-23,,,,,
CSANV830,2025-09-23,,,,,
CSANV120,2025-09-23,,,,,
ENGIV541,2025-09-23,,,,,
LRENV115,2025-09-23,,,,,
IGTIV193,2025-09-23,,,,,
BOVAU124W4,2025-09-23,,,,,
CSNAV119,2025-09-23,,,,,
ENGIV441,2025-09-23,,,,,
MDIAV283,2025-09-23,,,,,
ITUBV329,2025-09-23,,,,,
CVCBV220,2025-09-23,,,,,
DXCOJ539,2025-09-23,,,,,
GGBRJ150,2025-09-23,,,,,
ELETJ468,2025-09-23,,,,,
BPACJ420,2025-09-23,,,,,
CYREJ234,2025-09-23,,,,,
MRVEJ660,2025-09-23,,,,,
BPACJ385,2025-09-23,,,,,
BRAVJ165,2025-09-23,,,,,
BEEFG525,2025-09-23,,,,,
BBDCJ206,2025-09-23,,,,,
LWSAJ330,2025-09-23,,,,,
DXCOJ559,2025-09-23,,,,,
IGTIJ228,2025-09-23,,,,,
BPANJ959,2025-09-23,,,,,
ENGIJ461,2025-09-23,,,,,
IRBRJ435,2025-09-23,,,,,
MGLUJ529,2025-09-23,,,,,
MRVEJ600,2025-09-23,,,,,
CPLEJ148,2025-09-23,,,,,
COGNJ103,2025-09-23,,,,,
CASHJ760,2025-09-23,,,,,
CSANJ100,2025-09-23,,,,,
ECORJ700,2025-09-23,,,,,
MGLUJ689,2025-09-23,,,,,
CMINJ459,2025-09-23,,,,,
CSNAJ969,2025-09-23,,,,,
MOTVJ158,2025-09-23,,,,,
CPLEJ956,2025-09-23,,,,,
CSANJ110,2025-09-23,,,,,
MOTVJ128,2025-09-23,,,,,
CASHJ740,2025-09-23,,,,,
BBDCJ216,2025-09-23,,,,,
CASHJ720,2025-09-23,,,,,
CSNAJ104,2025-09-23,,,,,
BPANJ759,2025-09-23,,,,,
ECORJ740,2025-09-23,,,,,
HYPEJ290,2025-09-23,,,,,
HYPEJ300,2025-09-23,,,,,
MDIAJ270,2025-09-23,,,,,
MDIAJ278,2025-09-23,,,,,
MDIAJ268,2025-09-23,,,,,
IRBRJ610,2025-09-23,,,,,
MGLUJ181,2025-09-23,,,,,
EQTLJ408,2025-09-23,,,,,
GOAUJ847,2025-09-23,,,,,
ECORJ720,2025-09-23,,,,,
COGNV213,2025-09-23,,,,,
MOTVV118,2025-09-23,,,,,
IRBRV560,2025-09-23,,,,,
IGTIV218,2025-09-23,,,,,
ELETV393,2025-09-23,,,,,
BBDCV119,2025-09-23,,,,,
CVCBV270,2025-09-23,,,,,
BBDCV11,2025-09-23,,,,,
EQTLV398,2025-09-23,,,,,
BOVAU122W4,2025-09-23,,,,,
EMBRV869,2025-09-23,,,,,
GOAUV115,2025-09-23,,,,,
ECORV780,2025-09-23,,,,,
HYPEV300,2025-09-23,,,,,
ITUBV314,2025-09-23,,,,,
CVCBV299,2025-09-23,,,,,
CSNAV949,2025-09-23,,,,,
KLBNV207,2025-09-23,,,,,
IRBRV390,2025-09-23,,,,,
CYREV239,2025-09-23,,,,,
CYREV229,2025-09-23,,,,,
CASHV840,2025-09-23,,,,,
ELETV383,2025-09-23,,,,,
BPANV679,2025-09-23,,,,,
FLRYV135,2025-09-23,,,,,
CSANV810,2025-09-23,,,,,
BRAPV130,2025-09-23,,,,,
IRBRV370,2025-09-23,,,,,
CSNAV104,2025-09-23,,,,,
CSANV435,2025-09-23,,,,,
ITUBJ304,2025-09-23,,,,,
LWSAJ340,2025-09-23,,,,,
LRENJ213,2025-09-23,,,,,
ELETJ493,2025-09-23,,,,,
GOAUJ767,2025-09-23,,,,,
BRAVJ215,2025-09-23,,,,,
BPACJ415,2025-09-23,,,,,
EGIEJ476,2025-09-23,,,,,
EZTCJ137,2025-09-23,,,,,
COGNJ403,2025-09-23,,,,,
MGLUJ589,2025-09-23,,,,,
CPLEJ153,2025-09-23,,,,,
LRENJ218,2025-09-23,,,,,
LWSAJ320,2025-09-23,,,,,
IRBRJ487,2025-09-23,,,,,
MRVEJ560,2025-09-23,,,,,
GGBRJ210,2025-09-23,,,,,
MGLUJ484,2025-09-23,,,,,
BRAVJ150,2025-09-23,,,,,
ELETJ433,2025-09-23,,,,,
ELETJ423,2025-09-23,,,,,
BRAPJ200,2025-09-23,,,,,
ITUBJ33,2025-09-23,,,,,
MOTVJ984,2025-09-23,,,,,
FLRYJ130,2025-09-23,,,,,
COGNJ453,2025-09-23,,,,,
EZTCJ147,2025-09-23,,,,,
MRVEJ520,2025-09-23,,,,,
GOAUJ787,2025-09-23,,,,,
GOAUV687,2025-09-23,,,,,
IRBRV385,2025-09-23,,,,,
BRAPV120,2025-09-23,,,,,
CVCBV249,2025-09-23,,,,,
BBDCV12,2025-09-23,,,,,
ITUBV428,2025-09-23,,,,,
MDIAV280,2025-09-23,,,,,
CASHV680,2025-09-23,,,,,
IRBRV415,2025-09-23,,,,,
ENGIV446,2025-09-23,,,,,
GGBRV255,2025-09-23,,,,,
IRBRV405,2025-09-23,,,,,
ELETV433,2025-09-23,,,,,
CMINV449,2025-09-23,,,,,
CSNAV144,2025-09-23,,,,,
ITUBV277,2025-09-23,,,,,
BRAPV235,2025-09-23,,,,,
ELETV333,2025-09-23,,,,,
BRAPV200,2025-09-23,,,,,
CYREV219,2025-09-23,,,,,
BRAVV135,2025-09-23,,,,,
CSANV870,2025-09-23,,,,,
MOTVV123,2025-09-23,,,,,
MGLUV709,2025-09-23,,,,,
EGIEV466,2025-09-23,,,,,
MGLUV474,2025-09-23,,,,,
CSNAV589,2025-09-23,,,,,
COGNV193,2025-09-23,,,,,
BPANV939,2025-09-23,,,,,
LWSAV350,2025-09-23,,,,,
BBDCV116,2025-09-23,,,,,
ENGIV451,2025-09-23,,,,,
ITUBJ299,2025-09-23,,,,,
FLRYJ150,2025-09-23,,,,,
ITUBJ458,2025-09-23,,,,,
BRAVJ160,2025-09-23,,,,,
MRVEJ50,2025-09-23,,,,,
MOTVJ133,2025-09-23,,,,,
GGBRJ145,2025-09-23,,,,,
BRAVJ145,2025-09-23,,,,,
KLBNJ177,2025-09-23,,,,,
CSANJ105,2025-09-23,,,,,
IRBRJ447,2025-09-23,,,,,
MRVEJ470,2025-09-23,,,,,
ITUBJ309,2025-09-23,,,,,
CVCBJ280,2025-09-23,,,,,
GGBRV265,2025-09-23,,,,,
BBDCV106,2025-09-23,,,,,
LRENV245,2025-09-23,,,,,
DXCOV579,2025-09-23,,,,,
CSNAV158,2025-09-23,,,,,
CMINV429,2025-09-23,,,,,
MRVEV50,2025-09-23,,,,,
BBDCV252,2025-09-23,,,,,
GGBRV195,2025-09-23,,,,,
MGLUV191,2025-09-23,,,,,
GOAUW210,2025-09-23,,,,,
SUZBM515,2025-09-23,,,,,
MULTJ251,2025-09-23,,,,,
ELETJ457,2025-09-23,,,,,
MULTJ246,2025-09-23,,,,,
ELETJ487,2025-09-23,,,,,
ISAER209,2025-09-23,,,,,
ELETV447,2025-09-23,,,,,
ELETV427,2025-09-23,,,,,
ELETV432,2025-09-23,,,,,
B3SAS12,2025-09-23,,,,,
MULTJ331,2025-09-23,,,,,
PCARJ233,2025-09-23,,,,,
MULTJ276,2025-09-23,,,,,
ELETJ462,2025-09-23,,,,,
NATUJ157,2025-09-23,,,,,
ELETJ437,2025-09-23,,,,,
PCARV223,2025-09-23,,,,,
ELETV457,2025-09-23,,,,,
ELETV437,2025-09-23,,,,,
ELETV402,2025-09-23,,,,,
PETRV384,2025-09-23,,,,,
MULTV326,2025-09-23,,,,,
ELETV407,2025-09-23,,,,,
NATUJ152,2025-09-23,,,,,
ELETJ472,2025-09-23,,,,,
ELETJ467,2025-09-23,,,,,
ELETJ407,2025-09-23,,,,,
ELETJ397,2025-09-23,,,,,
PCARJ323,2025-09-23,,,,,
ELETJ417,2025-09-23,,,,,
NATUJ756,2025-09-23,,,,,
ELETV412,2025-09-23,,,,,
ELETV417,2025-09-23,,,,,
NATUV182,2025-09-23,,,,,
NATUV127,2025-09-23,,,,,
PCARV293,2025-09-23,,,,,
IBOVM125,2025-09-23,,,,,
MULTV301,2025-09-23,,,,,
NATUV167,2025-09-23,,,,,
NATUV157,2025-09-23,,,,,
PCARV243,2025-09-23,,,,,
NATUV152,2025-09-23,,,,,
PETRJ384,2025-09-23,,,,,
PCARJ273,2025-09-23,,,,,
IBOVM124,2025-09-23,,,,,
MULTJ241,2025-09-23,,,,,
PCARJ253,2025-09-23,,,,,
MULTJ271,2025-09-23,,,,,
ITUBK322,2025-09-23,,,,,
BPACK397,2025-09-23,,,,,
RAILJ191,2025-09-23,,,,,
POSIJ418,2025-09-23,,,,,
RDORJ371,2025-09-23,,,,,
IBOVM123,2025-09-23,,,,,
MULTV236,2025-09-23,,,,,
PCARV233,2025-09-23,,,,,
NATUV172,2025-09-23,,,,,
B3SAS178,2025-09-23,,,,,
CSANW147,2025-09-23,,,,,
PETRV195,2025-09-23,,,,,
SANBJ331,2025-09-23,,,,,
PETZJ310,2025-09-23,,,,,
NATUG14,2025-09-23,,,,,
SUZBJ640,2025-09-23,,,,,
RAILJ211,2025-09-23,,,,,
PETRJ150,2025-09-23,,,,,
SUZBJ650,2025-09-23,,,,,
VIVTA288,2025-09-23,,,,,
PETRJ190,2025-09-23,,,,,
GRNDJ590,2025-09-23,,,,,
GRNDJ530,2025-09-23,,,,,
RAILJ221,2025-09-23,,,,,
SUZBJ482,2025-09-23,,,,,
PRIOJ465,2025-09-23,,,,,
SUZBJ585,2025-09-23,,,,,
RDORJ346,2025-09-23,,,,,
PETRJ185,2025-09-23,,,,,
PETRJ210,2025-09-23,,,,,
PETRJ205,2025-09-23,,,,,
RDORJ341,2025-09-23,,,,,
SANBJ361,2025-09-23,,,,,
RADLJ163,2025-09-23,,,,,
RAILV116,2025-09-23,,,,,
RDORV376,2025-09-23,,,,,
PETRV435,2025-09-23,,,,,
POSIV458,2025-09-23,,,,,
POSIV368,2025-09-23,,,,,
RAIZV760,2025-09-23,,,,,
PETRV210,2025-09-23,,,,,
SBSPV951,2025-09-23,,,,,
RADLV138,2025-09-23,,,,,
PETRV150,2025-09-23,,,,,
SUZBV560,2025-09-23,,,,,
RADLV213,2025-09-23,,,,,
RAILV246,2025-09-23,,,,,
NATUS119,2025-09-23,,,,,
POSIV438,2025-09-23,,,,,
RAILV121,2025-09-23,,,,,
PRIOV465,2025-09-23,,,,,
POSIV513,2025-09-23,,,,,
RAILV206,2025-09-23,,,,,
PRIOV460,2025-09-23,,,,,
SBSPV138,2025-09-23,,,,,
PETZV440,2025-09-23,,,,,
RAIZV266,2025-09-23,,,,,
PETRV430,2025-09-23,,,,,
CSANW172,2025-09-23,,,,,
RAIZV166,2025-09-23,,,,,
SBSPV108,2025-09-23,,,,,
RADLV123,2025-09-23,,,,,
RAIZV256,2025-09-23,,,,,
PRIOV440,2025-09-23,,,,,
RADLV128,2025-09-23,,,,,
RAILV171,2025-09-23,,,,,
PETZV310,2025-09-23,,,,,
SBSPV991,2025-09-23,,,,,
SANBV251,2025-09-23,,,,,
RAIZV216,2025-09-23,,,,,
SANBV256,2025-09-23,,,,,
RADLV218,2025-09-23,,,,,
RDORV336,2025-09-23,,,,,
RAILV211,2025-09-23,,,,,
SUZBV595,2025-09-23,,,,,
SBSPV961,2025-09-23,,,,,
PETRV230,2025-09-23,,,,,
POSIV428,2025-09-23,,,,,
SUZBV457,2025-09-23,,,,,
PETRV200,2025-09-23,,,,,
RAIZV306,2025-09-23,,,,,
RADLV198,2025-09-23,,,,,
RAILV201,2025-09-23,,,,,
SUZBV650,2025-09-23,,,,,
RAILV226,2025-09-23,,,,,
SANBV226,2025-09-23,,,,,
POSIV533,2025-09-23,,,,,
RDORV331,2025-09-23,,,,,
RAIZV286,2025-09-23,,,,,
RAILV126,2025-09-23,,,,,
RAIZJ960,2025-09-23,,,,,
POSIJ438,2025-09-23,,,,,
RADLJ921,2025-09-23,,,,,
PETRJ200,2025-09-23,,,,,
SBSPJ114,2025-09-23,,,,,
PETZJ440,2025-09-23,,,,,
NATUG13,2025-09-23,,,,,
SANBJ256,2025-09-23,,,,,
SUZBJ470,2025-09-23,,,,,
RAILJ126,2025-09-23,,,,,
PETRJ230,2025-09-23,,,,,
RADLJ138,2025-09-23,,,,,
PETRJ450,2025-09-23,,,,,
VIVTA285,2025-09-23,,,,,
SBSPJ981,2025-09-23,,,,,
SBSPJ116,2025-09-23,,,,,
RADLJ133,2025-09-23,,,,,
POSIJ448,2025-09-23,,,,,
PETRJ225,2025-09-23,,,,,
POSIJ428,2025-09-23,,,,,
RAILJ196,2025-09-23,,,,,
SUZBJ595,2025-09-23,,,,,
VIVTA275,2025-09-23,,,,,
PETRV220,2025-09-23,,,,,
SUZBV482,2025-09-23,,,,,
PETZV300,2025-09-23,,,,,
RDORV346,2025-09-23,,,,,
SUZBV720,2025-09-23,,,,,
RAIZV156,2025-09-23,,,,,
SBSPV110,2025-09-23,,,,,
SUZBV450,2025-09-23,,,,,
RAILV196,2025-09-23,,,,,
RAIZV236,2025-09-23,,,,,
VIVTX271,2025-09-23,,,,,
PETRV215,2025-09-23,,,,,
PETRV225,2025-09-23,,,,,
RAILV111,2025-09-23,,,,,
SUZBV565,2025-09-23,,,,,
PETZV480,2025-09-23,,,,,
SUZBV575,2025-09-23,,,,,
SMALW830,2025-09-23,,,,,
SMALW930,2025-09-23,,,,,
WEGEN400,2025-09-23,,,,,
ABEVW139,2025-09-23,,,,,
SUZBJ565,2025-09-23,,,,,
SANBJ266,2025-09-23,,,,,
RAILJ216,2025-09-23,,,,,
PETRJ215,2025-09-23,,,,,
RAIZJ216,2025-09-23,,,,,
RAIZJ360,2025-09-23,,,,,
RDORJ326,2025-09-23,,,,,
SUZBJ680,2025-09-23,,,,,
PETRJ485,2025-09-23,,,,,
PETRJ155,2025-09-23,,,,,
RADLJ123,2025-09-23,,,,,
RADLJ143,2025-09-23,,,,,
GRNDJ510,2025-09-23,,,,,
RDORJ35,2025-09-23,,,,,
RAIZJ226,2025-09-23,,,,,
BBDCG16,2025-09-23,,,,,
PRIOJ340,2025-09-23,,,,,
RDORJ376,2025-09-23,,,,,
PETRJ180,2025-09-23,,,,,
RDORJ356,2025-09-23,,,,,
SANBJ271,2025-09-23,,,,,
VIVTK305,2025-09-23,,,,,
BEEFK525,2025-09-23,,,,,
PSSAJ411,2025-09-23,,,,,
PSSAJ426,2025-09-23,,,,,
PSSAK421,2025-09-23,,,,,
BRAVL192,2025-09-23,,,,,
ECORJ405,2025-09-23,,,,,
PSSAJ571,2025-09-23,,,,,
TIMSJ263,2025-09-23,,,,,
TAEEJ396,2025-09-23,,,,,
SAPRJ346,2025-09-23,,,,,
SMFTJ278,2025-09-23,,,,,
RAPTJ815,2025-09-23,,,,,
SMTOJ165,2025-09-23,,,,,
SAPRJ336,2025-09-23,,,,,
QUALJ74,2025-09-23,,,,,
UGPAJ190,2025-09-23,,,,,
PSSAJ591,2025-09-23,,,,,
WEGEL334,2025-09-23,,,,,
UGPAJ250,2025-09-23,,,,,
POMOJ750,2025-09-23,,,,,
SAPRJ431,2025-09-23,,,,,
PETZJ305,2025-09-23,,,,,
CVCBJ950,2025-09-23,,,,,
PSSAJ476,2025-09-23,,,,,
ITSAX102,2025-09-23,,,,,
PETRM493,2025-09-23,,,,,
POMOW820,2025-09-23,,,,,
CBAVV520,2025-09-23,,,,,
JBSSN870,2025-09-23,,,,,
UGPAV175,2025-09-23,,,,,
WEGEX314,2025-09-23,,,,,
CVCBV225,2025-09-23,,,,,
RAPTV113,2025-09-23,,,,,
VAMOV330,2025-09-23,,,,,
SAPRV376,2025-09-23,,,,,
RAPTV935,2025-09-23,,,,,
TUPYV210,2025-09-23,,,,,
SIMHV403,2025-09-23,,,,,
TOTSV402,2025-09-23,,,,,
QUALV164,2025-09-23,,,,,
COGNV228,2025-09-23,,,,,
SMFTV283,2025-09-23,,,,,
TIMSV208,2025-09-23,,,,,
TIMSV253,2025-09-23,,,,,
VAMOV440,2025-09-23,,,,,
UGPAV180,2025-09-23,,,,,
RAPTV915,2025-09-23,,,,,
TIMSV218,2025-09-23,,,,,
WEGEX334,2025-09-23,,,,,
PSSAV541,2025-09-23,,,,,
VAMOV450,2025-09-23,,,,,
CVCBV165,2025-09-23,,,,,
SIMHV463,2025-09-23,,,,,
SBFGV199,2025-09-23,,,,,
PCARV278,2025-09-23,,,,,
SBFGV149,2025-09-23,,,,,
RAPTV995,2025-09-23,,,,,
UGPAV250,2025-09-23,,,,,
SBFGV109,2025-09-23,,,,,
TOTSV397,2025-09-23,,,,,
RAPTV143,2025-09-23,,,,,
PETZV305,2025-09-23,,,,,
WEGEX344,2025-09-23,,,,,
VLIDV226,2025-09-23,,,,,
SMFTV218,2025-09-23,,,,,
SMTOV145,2025-09-23,,,,,
SLCEV112,2025-09-23,,,,,
TUPYV120,2025-09-23,,,,,
SIMHJ453,2025-09-23,,,,,
COGNJ228,2025-09-23,,,,,
SIMHJ423,2025-09-23,,,,,
QUALJ194,2025-09-23,,,,,
COGNJ178,2025-09-23,,,,,
TIMSJ218,2025-09-23,,,,,
CVCBJ115,2025-09-23,,,,,
POMOJ122,2025-09-23,,,,,
PCARJ288,2025-09-23,,,,,
PETZJ285,2025-09-23,,,,,
SAPRJ281,2025-09-23,,,,,
RAPTJ755,2025-09-23,,,,,
SAPRJ321,2025-09-23,,,,,
TOTSJ442,2025-09-23,,,,,
TIMSJ203,2025-09-23,,,,,
TAEEV301,2025-09-23,,,,,
SLCEV222,2025-09-23,,,,,
SAPRV421,2025-09-23,,,,,
TAEEV326,2025-09-23,,,,,
MOVIV60,2025-09-23,,,,,
SMTOV155,2025-09-23,,,,,
SIMHV433,2025-09-23,,,,,
MOVIV58,2025-09-23,,,,,
SBFGV935,2025-09-23,,,,,
TIMSV233,2025-09-23,,,,,
POMOV910,2025-09-23,,,,,
SLCEV182,2025-09-23,,,,,
PCARV228,2025-09-23,,,,,
PCARV188,2025-09-23,,,,,
SAPRV396,2025-09-23,,,,,
TAEEJ336,2025-09-23,,,,,
PSSAJ466,2025-09-23,,,,,
POMOJ107,2025-09-23,,,,,
VLIDJ201,2025-09-23,,,,,
CVCBJ105,2025-09-23,,,,,
COGNJ980,2025-09-23,,,,,
CVCBJ500,2025-09-23,,,,,
COGNJ258,2025-09-23,,,,,
TOTSJ412,2025-09-23,,,,,
TIMSJ193,2025-09-23,,,,,
VAMOJ340,2025-09-23,,,,,
TAEEJ281,2025-09-23,,,,,
UGPAJ175,2025-09-23,,,,,
SAPRJ421,2025-09-23,,,,,
QUALJ184,2025-09-23,,,,,
TUPYJ155,2025-09-23,,,,,
TAEEJ321,2025-09-23,,,,,
PETZJ135,2025-09-23,,,,,
SAPRJ316,2025-09-23,,,,,
TOTSJ427,2025-09-23,,,,,
SLCEJ202,2025-09-23,,,,,
SMFTJ248,2025-09-23,,,,,
SBFGJ119,2025-09-23,,,,,
SMFTJ253,2025-09-23,,,,,
MOVIJ540,2025-09-23,,,,,
VAMOJ330,2025-09-23,,,,,
MOVIJ58,2025-09-23,,,,,
PETZJ325,2025-09-23,,,,,
PCARJ148,2025-09-23,,,,,
SMTOJ215,2025-09-23,,,,,
CVCBJ135,2025-09-23,,,,,
TUPYJ175,2025-09-23,,,,,
SMTOJ195,2025-09-23,,,,,
SIMHJ383,2025-09-23,,,,,
TUPYJ170,2025-09-23,,,,,
SMTOJ210,2025-09-23,,,,,
SBFGJ995,2025-09-23,,,,,
CVCBJ185,2025-09-23,,,,,
SMFTJ258,2025-09-23,,,,,
QUALJ64,2025-09-23,,,,,
CVCBJ450,2025-09-23,,,,,
SMALC108,2025-09-23,,,,,
POMOV990,2025-09-23,,,,,
RAPTV148,2025-09-23,,,,,
QUALV184,2025-09-23,,,,,
RAPTV158,2025-09-23,,,,,
PSSAV671,2025-09-23,,,,,
SBFGV134,2025-09-23,,,,,
UGPAV240,2025-09-23,,,,,
TOTSV422,2025-09-23,,,,,
QUALV194,2025-09-23,,,,,
SIMHV398,2025-09-23,,,,,
SIMHV423,2025-09-23,,,,,
RAPTV133,2025-09-23,,,,,
SMFTV208,2025-09-23,,,,,
SBFGV119,2025-09-23,,,,,
RAPTV163,2025-09-23,,,,,
RAPTV128,2025-09-23,,,,,
RAPTV715,2025-09-23,,,,,
PCARV258,2025-09-23,,,,,
SIMHV443,2025-09-23,,,,,
TAEEV311,2025-09-23,,,,,
RAPTV118,2025-09-23,,,,,
TAEEV396,2025-09-23,,,,,
SMTOV215,2025-09-23,,,,,
TUPYV170,2025-09-23,,,,,
COGNV248,2025-09-23,,,,,
UGPAV135,2025-09-23,,,,,
CVCBV235,2025-09-23,,,,,
TAEEV306,2025-09-23,,,,,
TUPYV175,2025-09-23,,,,,
PCARV218,2025-09-23,,,,,
VAMOV490,2025-09-23,,,,,
SIMHV413,2025-09-23,,,,,
SBFGV975,2025-09-23,,,,,
SBFGV129,2025-09-23,,,,,
SAPRV406,2025-09-23,,,,,
RAPTV138,2025-09-23,,,,,
TUPYV225,2025-09-23,,,,,
UGPAV230,2025-09-23,,,,,
SMTOV185,2025-09-23,,,,,
SBFGV124,2025-09-23,,,,,
POMOV830,2025-09-23,,,,,
TAEEV386,2025-09-23,,,,,
VAMOV460,2025-09-23,,,,,
TIMSJ223,2025-09-23,,,,,
TIMSJ178,2025-09-23,,,,,
TOTSJ417,2025-09-23,,,,,
SMALG146,2025-09-23,,,,,
SMFTJ238,2025-09-23,,,,,
SIMHJ483,2025-09-23,,,,,
SAPRJ326,2025-09-23,,,,,
PETZJ315,2025-09-23,,,,,
PSSAJ496,2025-09-23,,,,,
TIMSJ213,2025-09-23,,,,,
CVCBJ235,2025-09-23,,,,,
SIMHJ443,2025-09-23,,,,,
SMFTJ268,2025-09-23,,,,,
TIMSJ248,2025-09-23,,,,,
TUPYJ160,2025-09-23,,,,,
QUALJ174,2025-09-23,,,,,
PCARJ248,2025-09-23,,,,,
COGNJ128,2025-09-23,,,,,
CVCBJ175,2025-09-23,,,,,
TUPYJ165,2025-09-23,,,,,
TOTSJ402,2025-09-23,,,,,
CVCBJ550,2025-09-23,,,,,
POMOJ870,2025-09-23,,,,,
POMOJ910,2025-09-23,,,,,
DXCOJ589,2025-09-23,,,,,
TIMSJ183,2025-09-23,,,,,
SMTOV150,2025-09-23,,,,,
PCARV248,2025-09-23,,,,,
UGPAV159,2025-09-23,,,,,
PRIOW461,2025-09-23,,,,,
PSSAJ481,2025-09-23,,,,,
BBDCA121,2025-09-23,,,,,
ITUBL231,2025-09-23,,,,,
ELETL442,2025-09-23,,,,,
ITUBK273,2025-09-23,,,,,
ALOSV219,2025-09-23,,,,,
BOVAS19,2025-09-23,,,,,
HAPVV420,2025-09-23,,,,,
RENTV244,2025-09-23,,,,,
VIVAV278,2025-09-23,,,,,
VIVTV291,2025-09-23,,,,,
VIVAV218,2025-09-23,,,,,
VIVAV163,2025-09-23,,,,,
CSANV385,2025-09-23,,,,,
INTBJ152,2025-09-23,,,,,
CEABJ168,2025-09-23,,,,,
BRSRJ993,2025-09-23,,,,,
RENTJ506,2025-09-23,,,,,
VALEJ496,2025-09-23,,,,,
USIMJ307,2025-09-23,,,,,
VIVTV306,2025-09-23,,,,,
VIVAV293,2025-09-23,,,,,
BPACV365,2025-09-23,,,,,
SMALV910,2025-09-23,,,,,
VIVAV268,2025-09-23,,,,,
YDUQV195,2025-09-23,,,,,
VBBRV252,2025-09-23,,,,,
PETRV243,2025-09-23,,,,,
SMALV120,2025-09-23,,,,,
YDUQV180,2025-09-23,,,,,
ANIMV355,2025-09-23,,,,,
RENTV284,2025-09-23,,,,,
INTBV252,2025-09-23,,,,,
SMALV940,2025-09-23,,,,,
ANIMV590,2025-09-23,,,,,
CSANV405,2025-09-23,,,,,
VBBRV202,2025-09-23,,,,,
BEEFV531,2025-09-23,,,,,
SMALV118,2025-09-23,,,,,
USIMV467,2025-09-23,,,,,
VIVTV351,2025-09-23,,,,,
PRIOJ312,2025-09-23,,,,,
SMALJ980,2025-09-23,,,,,
CEABJ208,2025-09-23,,,,,
BBDCJ999,2025-09-23,,,,,
VBBRJ197,2025-09-23,,,,,
VIVAJ263,2025-09-23,,,,,
VIVTJ306,2025-09-23,,,,,
YDUQJ195,2025-09-23,,,,,
YDUQJ120,2025-09-23,,,,,
PRIOJ335,2025-09-23,,,,,
ANIMJ285,2025-09-23,,,,,
ANIMJ445,2025-09-23,,,,,
HAPVJ452,2025-09-23,,,,,
BRSRJ147,2025-09-23,,,,,
BOVAJ760,2025-09-23,,,,,
BRSRJ112,2025-09-23,,,,,
SMALJ990,2025-09-23,,,,,
VIVTJ286,2025-09-23,,,,,
CMIGJ940,2025-09-23,,,,,
VIVTJ301,2025-09-23,,,,,
COGNJ108,2025-09-23,,,,,
GMATJ689,2025-09-23,,,,,
VBBRJ207,2025-09-23,,,,,
CEABJ148,2025-09-23,,,,,
VIVAJ233,2025-09-23,,,,,
BPACJ365,2025-09-23,,,,,
ANIMJ465,2025-09-23,,,,,
SMALJ930,2025-09-23,,,,,
GMATJ789,2025-09-23,,,,,
ANIMJ395,2025-09-23,,,,,
USIMJ252,2025-09-23,,,,,
YDUQV185,2025-09-23,,,,,
GMATV669,2025-09-23,,,,,
GMATV729,2025-09-23,,,,,
USIMV312,2025-09-23,,,,,
CSANV970,2025-09-23,,,,,
BRSRV853,2025-09-23,,,,,
YDUQV200,2025-09-23,,,,,
SMALV126,2025-09-23,,,,,
VIVTV296,2025-09-23,,,,,
SMALV890,2025-09-23,,,,,
GMATV649,2025-09-23,,,,,
VIVAV238,2025-09-23,,,,,
INTBV212,2025-09-23,,,,,
ANIMV405,2025-09-23,,,,,
MGLUV559,2025-09-23,,,,,
GMATV709,2025-09-23,,,,,
YDUQV190,2025-09-23,,,,,
VIVTV286,2025-09-23,,,,,
USIMV282,2025-09-23,,,,,
VIVAV273,2025-09-23,,,,,
BEEFV100,2025-09-23,,,,,
USIMV302,2025-09-23,,,,,
CEABV193,2025-09-23,,,,,
INTBV177,2025-09-23,,,,,
BRSRV107,2025-09-23,,,,,
INTBV112,2025-09-23,,,,,
CEABV203,2025-09-23,,,,,
RENTV281,2025-09-23,,,,,
INTBV147,2025-09-23,,,,,
VBBRV167,2025-09-23,,,,,
YDUQV150,2025-09-23,,,,,
VIVTV341,2025-09-23,,,,,
B3SAJ182,2025-09-23,,,,,
BOVAJ770,2025-09-23,,,,,
VBBRJ212,2025-09-23,,,,,
VBBRJ167,2025-09-23,,,,,
GMATJ809,2025-09-23,,,,,
VIVTJ291,2025-09-23,,,,,
BRAVJ235,2025-09-23,,,,,
HAPVJ560,2025-09-23,,,,,
INTBJ132,2025-09-23,,,,,
INTBJ162,2025-09-23,,,,,
BPACJ680,2025-09-23,,,,,
ANIMJ335,2025-09-23,,,,,
YDUQJ190,2025-09-23,,,,,
BOVAJ109,2025-09-23,,,,,
INTBJ157,2025-09-23,,,,,
VBBRJ202,2025-09-23,,,,,
CEABJ158,2025-09-23,,,,,
ANIMV345,2025-09-23,,,,,
RENTV289,2025-09-23,,,,,
USIMV292,2025-09-23,,,,,
BBDCV267,2025-09-23,,,,,
CEABV148,2025-09-23,,,,,
B3SAV187,2025-09-23,,,,,
ANIMV385,2025-09-23,,,,,
ORVRV470,2025-09-23,,,,,
ITUBX338,2025-09-23,,,,,
GGBRW195,2025-09-23,,,,,
ITUBW306,2025-09-23,,,,,
VAMOV395,2025-09-23,,,,,
PETRN168,2025-09-23,,,,,
ANIMJ305,2025-09-23,,,,,
INTBJ147,2025-09-23,,,,,
VBBRJ257,2025-09-23,,,,,
ITUBK296,2025-09-23,,,,,
VALEB603,2025-09-23,,,,,
SUZBG49,2025-09-23,,,,,
SUZBG670,2025-09-23,,,,,
MDIAJ305,2025-09-23,,,,,
ESPAJ120,2025-09-23,,,,,
WEGEV447,2025-09-23,,,,,
WEGEV472,2025-09-23,,,,,
MOVIV730,2025-09-23,,,,,
ALUPV310,2025-09-23,,,,,
RENTV50,2025-09-23,,,,,
CBAVV440,2025-09-23,,,,,
MDIAV245,2025-09-23,,,,,
BEEFV386,2025-09-23,,,,,
HAPVV212,2025-09-23,,,,,
AMZOJ650,2025-09-23,,,,,
PCARJ853,2025-09-23,,,,,
WEGEJ477,2025-09-23,,,,,
GGPSJ186,2025-09-23,,,,,
PETRJ382,2025-09-23,,,,,
FESAJ638,2025-09-23,,,,,
WEGEJ432,2025-09-23,,,,,
ABCBJ206,2025-09-23,,,,,
BMGBJ362,2025-09-23,,,,,
JBSSJ610,2025-09-23,,,,,
USIMV322,2025-09-23,,,,,
JBSSX700,2025-09-23,,,,,
BBDCV230,2025-09-23,,,,,
PCARV783,2025-09-23,,,,,
WEGEV497,2025-09-23,,,,,
USIMV562,2025-09-23,,,,,
AERIV410,2025-09-23,,,,,
USIMV482,2025-09-23,,,,,
BMGBV362,2025-09-23,,,,,
MOVIV530,2025-09-23,,,,,
HAPVV307,2025-09-23,,,,,
CPLEV115,2025-09-23,,,,,
JBSSL850,2025-09-23,,,,,
JBSSK720,2025-09-23,,,,,
CBAVJ470,2025-09-23,,,,,
ABCBJ201,2025-09-23,,,,,
LJQQJ240,2025-09-23,,,,,
ISAEJ221,2025-09-23,,,,,
PCARJ823,2025-09-23,,,,,
AMZOJ670,2025-09-23,,,,,
ABCBJ211,2025-09-23,,,,,
BMOBJ233,2025-09-23,,,,,
WEGEJ442,2025-09-23,,,,,
MOVIJ690,2025-09-23,,,,,
EVENV700,2025-09-23,,,,,
ABCBV206,2025-09-23,,,,,
WEGEV462,2025-09-23,,,,,
WEGEV337,2025-09-23,,,,,
BOVAV730,2025-09-23,,,,,
JBSSV730,2025-09-23,,,,,
JBSSV760,2025-09-23,,,,,
USIMV702,2025-09-23,,,,,
MGLUV424,2025-09-23,,,,,
BBASV992,2025-09-23,,,,,
JBSSX690,2025-09-23,,,,,
PRIOV490,2025-09-23,,,,,
MOVIV770,2025-09-23,,,,,
MOVIV630,2025-09-23,,,,,
ALUPJ290,2025-09-23,,,,,
PCARJ833,2025-09-23,,,,,
CBAVJ480,2025-09-23,,,,,
USIMJ622,2025-09-23,,,,,
CBAVJ440,2025-09-23,,,,,
HAPVJ202,2025-09-23,,,,,
FESAJ678,2025-09-23,,,,,
ALUPJ300,2025-09-23,,,,,
JBSSJ590,2025-09-23,,,,,
WEGEJ472,2025-09-23,,,,,
MOVIJ810,2025-09-23,,,,,
MOVIJ570,2025-09-23,,,,,
BMOBJ223,2025-09-23,,,,,
CURYJ283,2025-09-23,,,,,
WEGEJ462,2025-09-23,,,,,
CMIGJ880,2025-09-23,,,,,
CPLEJ120,2025-09-23,,,,,
USIMJ367,2025-09-23,,,,,
USIMJ642,2025-09-23,,,,,
RENTV271,2025-09-23,,,,,
CBAVV540,2025-09-23,,,,,
ALUPV305,2025-09-23,,,,,
PCARV833,2025-09-23,,,,,
AGROV200,2025-09-23,,,,,
CBAVV460,2025-09-23,,,,,
CBAVV480,2025-09-23,,,,,
USIMV662,2025-09-23,,,,,
EVENV760,2025-09-23,,,,,
ARMLV384,2025-09-23,,,,,
LJQQV220,2025-09-23,,,,,
PCARV863,2025-09-23,,,,,
JBSSV700,2025-09-23,,,,,
WEGEV312,2025-09-23,,,,,
JBSSL760,2025-09-23,,,,,
JBSSK730,2025-09-23,,,,,
MDIAJ250,2025-09-23,,,,,
USIMJ342,2025-09-23,,,,,
AUREJ954,2025-09-23,,,,,
BPACJ355,2025-09-23,,,,,
ABEVJ999,2025-09-23,,,,,
ISAEJ211,2025-09-23,,,,,
ISAEJ216,2025-09-23,,,,,
EVENJ820,2025-09-23,,,,,
AUREJ994,2025-09-23,,,,,
AGROJ205,2025-09-23,,,,,
JBSSJ840,2025-09-23,,,,,
ABCBV216,2025-09-23,,,,,
BBDCV240,2025-09-23,,,,,
BMGBV382,2025-09-23,,,,,
CURYV313,2025-09-23,,,,,
MDIAV290,2025-09-23,,,,,
PRIOV555,2025-09-23,,,,,
ARMLV434,2025-09-23,,,,,
MOVIV670,2025-09-23,,,,,
WEGEV322,2025-09-23,,,,,
WEGEV327,2025-09-23,,,,,
USIMV332,2025-09-23,,,,,
AUREV102,2025-09-23,,,,,
AGROV205,2025-09-23,,,,,
VALEJ491,2025-09-23,,,,,
BOVAJ730,2025-09-23,,,,,
WEGEJ457,2025-09-23,,,,,
EVENJ760,2025-09-23,,,,,
USIMJ362,2025-09-23,,,,,
BRAVJ240,2025-09-23,,,,,
EMBRJ684,2025-09-23,,,,,
PCARJ863,2025-09-23,,,,,
EVENJ800,2025-09-23,,,,,
BMGBJ322,2025-09-23,,,,,
PCARJ783,2025-09-23,,,,,
AGROJ195,2025-09-23,,,,,
JBSSJ620,2025-09-23,,,,,
PRIOJ490,2025-09-23,,,,,
MOVIJ670,2025-09-23,,,,,
LJQQJ330,2025-09-23,,,,,
LJQQJ290,2025-09-23,,,,,
JBSSJ650,2025-09-23,,,,,
USIMJ352,2025-09-23,,,,,
MDIAJ310,2025-09-23,,,,,
AMARJ150,2025-09-23,,,,,
AUREJ974,2025-09-23,,,,,
PCARJ883,2025-09-23,,,,,
WEGEJ347,2025-09-23,,,,,
ALUPJ295,2025-09-23,,,,,
LJQQJ320,2025-09-23,,,,,
ISAEJ181,2025-09-23,,,,,
JBSSJ640,2025-09-23,,,,,
JBSSL710,2025-09-23,,,,,
LJQQV320,2025-09-23,,,,,
LJQQV330,2025-09-23,,,,,
CMIGV880,2025-09-23,,,,,
EVENV660,2025-09-23,,,,,
USIMV352,2025-09-23,,,,,
JBSSV770,2025-09-23,,,,,
JBSSV840,2025-09-23,,,,,
PCARV843,2025-09-23,,,,,
PCARV993,2025-09-23,,,,,
WEGEV432,2025-09-23,,,,,
ISAEV221,2025-09-23,,,,,
WEGEV457,2025-09-23,,,,,
ABCBV236,2025-09-23,,,,,
MDIAV305,2025-09-23,,,,,
USIMV582,2025-09-23,,,,,
BBDCV225,2025-09-23,,,,,
EMBRV499,2025-09-23,,,,,
WEGEV477,2025-09-23,,,,,
WEGEV452,2025-09-23,,,,,
COGNW273,2025-09-23,,,,,
BBDCX191,2025-09-23,,,,,
RDORP495,2025-09-23,,,,,
VALEW741,2025-09-23,,,,,
BPACV350,2025-09-23,,,,,
USIMN403,2025-09-23,,,,,
MOVIJ610,2025-09-23,,,,,
CMIGJ13,2025-09-23,,,,,
CAMLJ613,2025-09-23,,,,,
JBSSL730,2025-09-23,,,,,
MDIAJ245,2025-09-23,,,,,
USIMJ402,2025-09-23,,,,,
ISAEJ261,2025-09-23,,,,,
JBSSK780,2025-09-23,,,,,
ITUBK284,2025-09-23,,,,,
WEGEJ449,2025-09-23,,,,,
B3SAJ952,2025-09-23,,,,,
HAPVJ302,2025-09-23,,,,,
NEOEJ229,2025-09-23,,,,,
GUARJ900,2025-09-23,,,,,
CSANK282,2025-09-23,,,,,
NEOEJ264,2025-09-23,,,,,
COGNV543,2025-09-23,,,,,
SMALU105W4,2025-09-23,,,,,
IVVBV375,2025-09-23,,,,,
GRNDV630,2025-09-23,,,,,
MGLUV384,2025-09-23,,,,,
LEVEJ300,2025-09-23,,,,,
IVVBJ425,2025-09-23,,,,,
PRIOJ337,2025-09-23,,,,,
NEOEJ224,2025-09-23,,,,,
ABEVJ899,2025-09-23,,,,,
BBSEJ262,2025-09-23,,,,,
IVVBJ405,2025-09-23,,,,,
BEEFJ761,2025-09-23,,,,,
INBRJ380,2025-09-23,,,,,
MILSJ128,2025-09-23,,,,,
KEPLJ820,2025-09-23,,,,,
HAPVV302,2025-09-23,,,,,
CSANV145,2025-09-23,,,,,
B3SAV952,2025-09-23,,,,,
SMALU101W4,2025-09-23,,,,,
GUARV880,2025-09-23,,,,,
B3SAV197,2025-09-23,,,,,
BOVAV720,2025-09-23,,,,,
BOVAG21,2025-09-23,,,,,
SMALI103W4,2025-09-23,,,,,
CSANK287,2025-09-23,,,,,
HBORJ250,2025-09-23,,,,,
GUARJ720,2025-09-23,,,,,
MILSJ133,2025-09-23,,,,,
MILSJ123,2025-09-23,,,,,
PRIOJ320,2025-09-23,,,,,
WEGEV297,2025-09-23,,,,,
USIMV822,2025-09-23,,,,,
BOVAV700,2025-09-23,,,,,
MILSV118,2025-09-23,,,,,
EMBRV619,2025-09-23,,,,,
NEOEV249,2025-09-23,,,,,
JALLV330,2025-09-23,,,,,
MTREV368,2025-09-23,,,,,
LEVEV290,2025-09-23,,,,,
HBORV250,2025-09-23,,,,,
MYPKJ158,2025-09-23,,,,,
NVDCJ175,2025-09-23,,,,,
USIMN463,2025-09-23,,,,,
PETRV238,2025-09-23,,,,,
GUARV780,2025-09-23,,,,,
SMALU103W4,2025-09-23,,,,,
NEOEV244,2025-09-23,,,,,
CPFER339,2025-09-23,,,,,
PRIOV297,2025-09-23,,,,,
ITUBV1,2025-09-23,,,,,
MYPKV138,2025-09-23,,,,,
PRIOV495,2025-09-23,,,,,
RENTV264,2025-09-23,,,,,
RENTV256,2025-09-23,,,,,
ABEVJ879,2025-09-23,,,,,
BBASJ158,2025-09-23,,,,,
BBSEJ259,2025-09-23,,,,,
EMBRJ619,2025-09-23,,,,,
BOVAJ710,2025-09-23,,,,,
NVDCJ195,2025-09-23,,,,,
KEPLV700,2025-09-23,,,,,
KLBNR169,2025-09-23,,,,,
BPACV980,2025-09-23,,,,,
USIMA442,2025-09-23,,,,,
LEVEJ275,2025-09-23,,,,,
WEGEJ354,2025-09-23,,,,,
KLBNF159,2025-09-23,,,,,
AURAL520,2025-09-23,,,,,
HBORV240,2025-09-23,,,,,
COGNV378,2025-09-23,,,,,
GUARV860,2025-09-23,,,,,
USIMM402,2025-09-23,,,,,
ABEVV209,2025-09-23,,,,,
MEALV170,2025-09-23,,,,,
IVVBV355,2025-09-23,,,,,
GUARV760,2025-09-23,,,,,
HAPVV245,2025-09-23,,,,,
LEVEJ320,2025-09-23,,,,,
SMALI113W4,2025-09-23,,,,,
GOLDJ210,2025-09-23,,,,,
EMBRJ674,2025-09-23,,,,,
BBASC228,2025-09-23,,,,,
USIMJ127,2025-09-23,,,,,
PETRJ403,2025-09-23,,,,,
ABEVJ859,2025-09-23,,,,,
ZAMPJ350,2025-09-23,,,,,
WIZCJ695,2025-09-23,,,,,
WIZCJ795,2025-09-23,,,,,
SOJAJ120,2025-09-23,,,,,
BBASC220,2025-09-23,,,,,
PNVLJ105,2025-09-23,,,,,
WEGEV287,2025-09-23,,,,,
ROXOV140,2025-09-23,,,,,
WIZCV755,2025-09-23,,,,,
PNVLV945,2025-09-23,,,,,
VULCV229,2025-09-23,,,,,
UNIPV612,2025-09-23,,,,,
ROXOV125,2025-09-23,,,,,
CMIGV930,2025-09-23,,,,,
XPBRV102,2025-09-23,,,,,
USIMV127,2025-09-23,,,,,
BBASO223,2025-09-23,,,,,
IRBRV158,2025-09-23,,,,,
TENDV230,2025-09-23,,,,,
ROXOV135,2025-09-23,,,,,
WEGEV434,2025-09-23,,,,,
RENTV259,2025-09-23,,,,,
TENDV205,2025-09-23,,,,,
ZAMPV340,2025-09-23,,,,,
SOJAJ110,2025-09-23,,,,,
PETRJ413,2025-09-23,,,,,
RANIJ783,2025-09-23,,,,,
TRISJ620,2025-09-23,,,,,
PETRJ398,2025-09-23,,,,,
TENDJ215,2025-09-23,,,,,
TRISJ640,2025-09-23,,,,,
BBASO210,2025-09-23,,,,,
NATUV335,2025-09-23,,,,,
WIZCV855,2025-09-23,,,,,
PETRV403,2025-09-23,,,,,
PNVLV885,2025-09-23,,,,,
BBDCV270,2025-09-23,,,,,
RENTV251,2025-09-23,,,,,
ZAMPV370,2025-09-23,,,,,
PLPLV165,2025-09-23,,,,,
BBASV892,2025-09-23,,,,,
PLPLV145,2025-09-23,,,,,
BBSEW394,2025-09-23,,,,,
BBASO205,2025-09-23,,,,,
SUZBV400,2025-09-23,,,,,
WIZCV815,2025-09-23,,,,,
RANIV803,2025-09-23,,,,,
ZAMPV310,2025-09-23,,,,,
USIMV722,2025-09-23,,,,,
TCSAJ180,2025-09-23,,,,,
CMIGJ930,2025-09-23,,,,,
ROMIJ830,2025-09-23,,,,,
BBDCJ679,2025-09-23,,,,,
BBASC210,2025-09-23,,,,,
UNIPJ642,2025-09-23,,,,,
TRISJ660,2025-09-23,,,,,
HAPVJ520,2025-09-23,,,,,
PETRL651,2025-09-23,,,,,
ODPVJ125,2025-09-23,,,,,
BBASC245,2025-09-23,,,,,
RANIJ723,2025-09-23,,,,,
TASAJ589,2025-09-23,,,,,
WIZCJ735,2025-09-23,,,,,
ROMIJ850,2025-09-23,,,,,
UNIPJ572,2025-09-23,,,,,
USIMJ397,2025-09-23,,,,,
BBASV143,2025-09-23,,,,,
RANIV723,2025-09-23,,,,,
PETRV550,2025-09-23,,,,,
PNVLV905,2025-09-23,,,,,
BBASO203,2025-09-23,,,,,
TTENV143,2025-09-23,,,,,
VULCV199,2025-09-23,,,,,
RENTV254,2025-09-23,,,,,
WEGEV292,2025-09-23,,,,,
PNVLV985,2025-09-23,,,,,
TRISV620,2025-09-23,,,,,
HAPVV350,2025-09-23,,,,,
TENDV250,2025-09-23,,,,,
WIZCV795,2025-09-23,,,,,
USIMV742,2025-09-23,,,,,
PRIOV525,2025-09-23,,,,,
PRIOV310,2025-09-23,,,,,
VULCV189,2025-09-23,,,,,
RANIV783,2025-09-23,,,,,
RENTV526,2025-09-23,,,,,
TTENJ153,2025-09-23,,,,,
TSLAJ600,2025-09-23,,,,,
ROXOJ135,2025-09-23,,,,,
IRBRJ158,2025-09-23,,,,,
VULCJ194,2025-09-23,,,,,
WIZCJ775,2025-09-23,,,,,
ODPVJ109,2025-09-23,,,,,
XPBRJ106,2025-09-23,,,,,
WIZCJ755,2025-09-23,,,,,
BBASC203,2025-09-23,,,,,
VULCJ214,2025-09-23,,,,,
RANIJ743,2025-09-23,,,,,
BPACJ397,2025-09-23,,,,,
ODPVJ130,2025-09-23,,,,,
VULCJ189,2025-09-23,,,,,
PRIOK509,2025-09-23,,,,,
BBASC213,2025-09-23,,,,,
WEGEJ434,2025-09-23,,,,,
TRISJ680,2025-09-23,,,,,
WIZCJ715,2025-09-23,,,,,
EMBRJ629,2025-09-23,,,,,
XPBRJ100,2025-09-23,,,,,
VULCJ204,2025-09-23,,,,,
BOVAJ650,2025-09-23,,,,,
BOVAJ690,2025-09-23,,,,,
BBASO208,2025-09-23,,,,,
ODPVV125,2025-09-23,,,,,
BBASV138,2025-09-23,,,,,
BPACV335,2025-09-23,,,,,
PRIOV510,2025-09-23,,,,,
SEERV910,2025-09-23,,,,,
ZAMPV330,2025-09-23,,,,,
TTENV133,2025-09-23,,,,,
HAPVV295,2025-09-23,,,,,
RAILK186,2025-09-23,,,,,
RAILK199,2025-09-23,,,,,
ITSAK104,2025-09-23,,,,,
VALEA756,2025-09-23,,,,,
AZULL99,2025-09-23,,,,,
VALEA686,2025-09-23,,,,,
SMALL13,2025-09-23,,,,,
ITUBJ356,2025-09-23,,,,,
AZULB100,2025-09-23,,,,,
VALEK716,2025-09-23,,,,,
VALEK506,2025-09-23,,,,,
VALEK736,2025-09-23,,,,,
CBAVW630,2025-09-23,,,,,
ABEVM134,2025-09-23,,,,,
CSANM750,2025-09-23,,,,,
VALEV821,2025-09-23,,,,,
HAPVV400,2025-09-23,,,,,
PETRW224,2025-09-23,,,,,
EMBRV479,2025-09-23,,,,,
AZULM700,2025-09-23,,,,,
BBASV133,2025-09-23,,,,,
BBASV353,2025-09-23,,,,,
AZULX800,2025-09-23,,,,,
MGLUV599,2025-09-23,,,,,
BBASV113,2025-09-23,,,,,
CMIGV780,2025-09-23,,,,,
BPACV960,2025-09-23,,,,,
IBOVB159,2025-09-23,,,,,
PETRW45,2025-09-23,,,,,
PETRW454,2025-09-23,,,,,
BBASV365,2025-09-23,,,,,
USIMV652,2025-09-23,,,,,
VALEW701,2025-09-23,,,,,
AZULM100,2025-09-23,,,,,
AZULW800,2025-09-23,,,,,
SUZBV447,2025-09-23,,,,,
PETRW198,2025-09-23,,,,,
MGLUJ659,2025-09-23,,,,,
VALEA696,2025-09-23,,,,,
SMALL129,2025-09-23,,,,,
CSANJ275,2025-09-23,,,,,
MGLUJ619,2025-09-23,,,,,
EMBRJ739,2025-09-23,,,,,
BBDCJ989,2025-09-23,,,,,
PETRJ418,2025-09-23,,,,,
WEGEJ464,2025-09-23,,,,,
EMBRV944,2025-09-23,,,,,
MGLUV619,2025-09-23,,,,,
VALEW711,2025-09-23,,,,,
AZULX100,2025-09-23,,,,,
BBASV343,2025-09-23,,,,,
AZULM900,2025-09-23,,,,,
HAPVV312,2025-09-23,,,,,
PETRV418,2025-09-23,,,,,
VALEA656,2025-09-23,,,,,
PETRK422,2025-09-23,,,,,
ABEVJ839,2025-09-23,,,,,
BBASJ133,2025-09-23,,,,,
VALEK481,2025-09-23,,,,,
AZULL120,2025-09-23,,,,,
AZULK900,2025-09-23,,,,,
PETRK437,2025-09-23,,,,,
PETRK210,2025-09-23,,,,,
VALEA746,2025-09-23,,,,,
HAPVJ447,2025-09-23,,,,,
PETRW412,2025-09-23,,,,,
VALEW464,2025-09-23,,,,,
BEEFV326,2025-09-23,,,,,
PETRW205,2025-09-23,,,,,
PETRW442,2025-09-23,,,,,
BBASV128,2025-09-23,,,,,
BRAVV270,2025-09-23,,,,,
VALEW474,2025-09-23,,,,,
WEGEV384,2025-09-23,,,,,
PETRK382,2025-09-23,,,,,
VALEK751,2025-09-23,,,,,
AZULL40,2025-09-23,,,,,
AZULA800,2025-09-23,,,,,
VALEK711,2025-09-23,,,,,
PETRK392,2025-09-23,,,,,
VALEA726,2025-09-23,,,,,
CMIGJ760,2025-09-23,,,,,
PETRK427,2025-09-23,,,,,
PRIOJ352,2025-09-23,,,,,
CMIGJ850,2025-09-23,,,,,
AZULB70,2025-09-23,,,,,
AZULA900,2025-09-23,,,,,
VALEK459,2025-09-23,,,,,
BRAVL295,2025-09-23,,,,,
VALEL724,2025-09-23,,,,,
ITUBL246,2025-09-23,,,,,
FLRYK127,2025-09-23,,,,,
PETRJ402,2025-09-23,,,,,
VALEL459,2025-09-23,,,,,
BBSEG309,2025-09-23,,,,,
BOVAA103,2025-09-23,,,,,
XPBRL120,2025-09-23,,,,,
PETRJ125,2025-09-23,,,,,
HYPEK270,2025-09-23,,,,,
PRIOJ332,2025-09-23,,,,,
SUZBV442,2025-09-23,,,,,
RENTV249,2025-09-23,,,,,
PETRW18,2025-09-23,,,,,
BRAVV307,2025-09-23,,,,,
BRAVX295,2025-09-23,,,,,
BRAVX372,2025-09-23,,,,,
BRAVV232,2025-09-23,,,,,
BBASS173,2025-09-23,,,,,
PETRV188,2025-09-23,,,,,
CYREW264,2025-09-23,,,,,
RADLW128,2025-09-23,,,,,
SANBW261,2025-09-23,,,,,
IRBRW450,2025-09-23,,,,,
TOTSW403,2025-09-23,,,,,
BEEFW425,2025-09-23,,,,,
RENTV58,2025-09-23,,,,,
BBDCW130,2025-09-23,,,,,
SMTOW170,2025-09-23,,,,,
BBASS163,2025-09-23,,,,,
SANBW281,2025-09-23,,,,,
VBBRW207,2025-09-23,,,,,
BBDCV126,2025-09-23,,,,,
EGIEW436,2025-09-23,,,,,
PETRV178,2025-09-23,,,,,
CASHW760,2025-09-23,,,,,
HAPVV267,2025-09-23,,,,,
BBDCV115,2025-09-23,,,,,
BBASS175,2025-09-23,,,,,
PETRV127,2025-09-23,,,,,
PETRV173,2025-09-23,,,,,
MULTW261,2025-09-23,,,,,
USIMW320,2025-09-23,,,,,
TOTSW413,2025-09-23,,,,,
PETRV213,2025-09-23,,,,,
PETRJ188,2025-09-23,,,,,
RENTK376,2025-09-23,,,,,
SANBK271,2025-09-23,,,,,
PETRJ203,2025-09-23,,,,,
CPFEK377,2025-09-23,,,,,
BRAVJ280,2025-09-23,,,,,
MGLUJ539,2025-09-23,,,,,
PETRJ173,2025-09-23,,,,,
BBDCK130,2025-09-23,,,,,
PETRJ163,2025-09-23,,,,,
PETRJ408,2025-09-23,,,,,
TAEEK346,2025-09-23,,,,,
CPLEK125,2025-09-23,,,,,
RAIZK500,2025-09-23,,,,,
ELETK386,2025-09-23,,,,,
PETRJ133,2025-09-23,,,,,
BBASG213,2025-09-23,,,,,
PETRJ213,2025-09-23,,,,,
PETRV183,2025-09-23,,,,,
KLBNW192,2025-09-23,,,,,
PETRV14,2025-09-23,,,,,
BPACV330,2025-09-23,,,,,
BHIAW20,2025-09-23,,,,,
RENTV241,2025-09-23,,,,,
BBASS195,2025-09-23,,,,,
BBDCV121,2025-09-23,,,,,
CSNAW829,2025-09-23,,,,,
VALEV481,2025-09-23,,,,,
ALPAW951,2025-09-23,,,,,
BBASV103,2025-09-23,,,,,
HAPVV352,2025-09-23,,,,,
IGTIW228,2025-09-23,,,,,
RENTV606,2025-09-23,,,,,
PETRV163,2025-09-23,,,,,
ASAIW999,2025-09-23,,,,,
WEGEV494,2025-09-23,,,,,
BBASS216,2025-09-23,,,,,
PETRV135,2025-09-23,,,,,
VALEJ471,2025-09-23,,,,,
SUZBK490,2025-09-23,,,,,
ECORK780,2025-09-23,,,,,
ABEVJ819,2025-09-23,,,,,
EMBRK749,2025-09-23,,,,,
PETRJ193,2025-09-23,,,,,
BBASG20,2025-09-23,,,,,
PETRJ140,2025-09-23,,,,,
BBDCJ115,2025-09-23,,,,,
MGLUJ314,2025-09-23,,,,,
PETRJ130,2025-09-23,,,,,
USIMK320,2025-09-23,,,,,
BPACJ560,2025-09-23,,,,,
BPACJ330,2025-09-23,,,,,
BBASS231,2025-09-23,,,,,
PRIOV305,2025-09-23,,,,,
PETRV133,2025-09-23,,,,,
BBASS16,2025-09-23,,,,,
RAILW181,2025-09-23,,,,,
PETRV428,2025-09-23,,,,,
MRVEW620,2025-09-23,,,,,
CYREW244,2025-09-23,,,,,
PETRV168,2025-09-23,,,,,
RADLK138,2025-09-23,,,,,
BOVAA800,2025-09-23,,,,,
ALOSK225,2025-09-23,,,,,
SAPRL240,2025-09-23,,,,,
JBSSL590,2025-09-23,,,,,
VALEL799,2025-09-23,,,,,
BBASS178,2025-09-23,,,,,
PETRV408,2025-09-23,,,,,
POSIW363,2025-09-23,,,,,
SMTOW160,2025-09-23,,,,,
CYREW254,2025-09-23,,,,,
PETRV433,2025-09-23,,,,,
BBASS17,2025-09-23,,,,,
RAILV199,2025-09-23,,,,,
BOVAM800,2025-09-23,,,,,
VALEM661,2025-09-23,,,,,
BEEFX155,2025-09-23,,,,,
RENTV636,2025-09-23,,,,,
CSANV118,2025-09-23,,,,,
CSANV200,2025-09-23,,,,,
MRVEV510,2025-09-23,,,,,
MRVEV140,2025-09-23,,,,,
USIMX120,2025-09-23,,,,,
ANIMX112,2025-09-23,,,,,
CMINM697,2025-09-23,,,,,
BRKMX105,2025-09-23,,,,,
RANIX150,2025-09-23,,,,,
VALEX424,2025-09-23,,,,,
BEEFX154,2025-09-23,,,,,
LRENX179,2025-09-23,,,,,
BEEFX831,2025-09-23,,,,,
ECORX102,2025-09-23,,,,,
VALEV836,2025-09-23,,,,,
WEGEX429,2025-09-23,,,,,
JBSSV850,2025-09-23,,,,,
WEGEV304,2025-09-23,,,,,
MGLUJ479,2025-09-23,,,,,
TOTSK433,2025-09-23,,,,,
BBASF221,2025-09-23,,,,,
ECORW800,2025-09-23,,,,,
MRVEK700,2025-09-23,,,,,
ALOSW220,2025-09-23,,,,,
BBASR214,2025-09-23,,,,,
ALPAW971,2025-09-23,,,,,
PRIOJ342,2025-09-23,,,,,
PETRV443,2025-09-23,,,,,
WEGEG48,2025-09-23,,,,,
CVCBW340,2025-09-23,,,,,
WEGEB475,2025-09-23,,,,,
CPLEK110,2025-09-23,,,,,
BPACJ325,2025-09-23,,,,,
BPACV530,2025-09-23,,,,,
SUZBI545W4,2025-09-23,,,,,
WEGEG449,2025-09-23,,,,,
PRIOV290,2025-09-23,,,,,
HAPVV360,2025-09-23,,,,,
ENEVW145,2025-09-23,,,,,
RENTV571,2025-09-23,,,,,
WEGEG474,2025-09-23,,,,,
SLCEK184,2025-09-23,,,,,
BBASV942,2025-09-23,,,,,
MGLUV479,2025-09-23,,,,,
BBASE220,2025-09-23,,,,,
PRIOV302,2025-09-23,,,,,
BBASF224,2025-09-23,,,,,
ALPAK971,2025-09-23,,,,,
WEGEN405,2025-09-23,,,,,
CPLEW120,2025-09-23,,,,,
EZTCK147,2025-09-23,,,,,
BBASD221,2025-09-23,,,,,
CASHW640,2025-09-23,,,,,
SMTOW190,2025-09-23,,,,,
BBASP221,2025-09-23,,,,,
ENEVK145,2025-09-23,,,,,
BBSEK339,2025-09-23,,,,,
PETRV453,2025-09-23,,,,,
BBASR224,2025-09-23,,,,,
IRBRK445,2025-09-23,,,,,
WEGEG399,2025-09-23,,,,,
BBASD213,2025-09-23,,,,,
HAPVJ347,2025-09-23,,,,,
VALEV779,2025-09-23,,,,,
PETRV438,2025-09-23,,,,,
FLRYW135,2025-09-23,,,,,
RADLW133,2025-09-23,,,,,
BBASQ225,2025-09-23,,,,,
SUZBU545W4,2025-09-23,,,,,
WEGEG464,2025-09-23,,,,,
SUZBI540W4,2025-09-23,,,,,
BBDCA161,2025-09-23,,,,,
BBASQ220,2025-09-23,,,,,
WEGEB405,2025-09-23,,,,,
WEGES404,2025-09-23,,,,,
MGLUJ244,2025-09-23,,,,,
BPACJ530,2025-09-23,,,,,
PETRJ570,2025-09-23,,,,,
MGLUV469,2025-09-23,,,,,
WEGES499,2025-09-23,,,,,
HAPVV342,2025-09-23,,,,,
SLCEW184,2025-09-23,,,,,
RENTV626,2025-09-23,,,,,
WEGEG439,2025-09-23,,,,,
BPACK390,2025-09-23,,,,,
VALEI640W4,2025-09-23,,,,,
BBASF214,2025-09-23,,,,,
SUZBJ685,2025-09-23,,,,,
BEEFJ481,2025-09-23,,,,,
GGBRU185W4,2025-09-23,,,,,
BBSEV369,2025-09-23,,,,,
VALEO726,2025-09-23,,,,,
LWSAX850,2025-09-23,,,,,
JBSSO890,2025-09-23,,,,,
BBDCX163,2025-09-23,,,,,
WEGEV459,2025-09-23,,,,,
GGBRV217,2025-09-23,,,,,
CPFEW392,2025-09-23,,,,,
BEEFV471,2025-09-23,,,,,
WEGEV489,2025-09-23,,,,,
RENTV551,2025-09-23,,,,,
BRAVV137,2025-09-23,,,,,
RENTV54,2025-09-23,,,,,
BEEFV481,2025-09-23,,,,,
PRIOV442,2025-09-23,,,,,
RENTV561,2025-09-23,,,,,
WEGEJ469,2025-09-23,,,,,
BPACJ540,2025-09-23,,,,,
WEGEJ454,2025-09-23,,,,,
GGBRJ142,2025-09-23,,,,,
ENEVK150,2025-09-23,,,,,
BRAVJ157,2025-09-23,,,,,
BRAVJ152,2025-09-23,,,,,
IRBRK460,2025-09-23,,,,,
EMBRK699,2025-09-23,,,,,
WEGEJ344,2025-09-23,,,,,
VALEJ461,2025-09-23,,,,,
BBASJ380,2025-09-23,,,,,
BRAVJ242,2025-09-23,,,,,
GGBRJ217,2025-09-23,,,,,
BRAVV152,2025-09-23,,,,,
BEEFV571,2025-09-23,,,,,
WEGEV469,2025-09-23,,,,,
VALEV466,2025-09-23,,,,,
PCARW450,2025-09-23,,,,,
RENTV646,2025-09-23,,,,,
BBSEX427,2025-09-23,,,,,
SANBX337,2025-09-23,,,,,
AGROX295,2025-09-23,,,,,
PRIOW464,2025-09-23,,,,,
KEPLM730,2025-09-23,,,,,
SUZBW535,2025-09-23,,,,,
VBBRX236,2025-09-23,,,,,
HAPVV325,2025-09-23,,,,,
BPACV357,2025-09-23,,,,,
PETRU292W4,2025-09-23,,,,,
PRIOV505,2025-09-23,,,,,
RENTV691,2025-09-23,,,,,
WEGEW429,2025-09-23,,,,,
PETRU285W4,2025-09-23,,,,,
BRAVV300,2025-09-23,,,,,
UNIPL502,2025-09-23,,,,,
ELETK422,2025-09-23,,,,,
PRIOJ505,2025-09-23,,,,,
BBDCJ399,2025-09-23,,,,,
BPACJ357,2025-09-23,,,,,
RENTK381,2025-09-23,,,,,
WEGEK429,2025-09-23,,,,,
BRAVJ262,2025-09-23,,,,,
HAPVJ272,2025-09-23,,,,,
PETRU287W4,2025-09-23,,,,,
BPACV427,2025-09-23,,,,,
PRIOV432,2025-09-23,,,,,
MGLUV459,2025-09-23,,,,,
BPACV372,2025-09-23,,,,,
EMBRV899,2025-09-23,,,,,
PETRV590,2025-09-23,,,,,
WEGEJ334,2025-09-23,,,,,
CMIGV227,2025-09-23,,,,,
CMIGV222,2025-09-23,,,,,
SANBW292,2025-09-23,,,,,
BRAPM193,2025-09-23,,,,,
SUZBS510,2025-09-23,,,,,
TAEEM334,2025-09-23,,,,,
IBOVQ126,2025-09-23,,,,,
IBOVQ150,2025-09-23,,,,,
WEGEV479,2025-09-23,,,,,
BRAVV222,2025-09-23,,,,,
QUALV149,2025-09-23,,,,,
VALEJ613,2025-09-23,,,,,
B3SAA138,2025-09-23,,,,,
ITUBG313,2025-09-23,,,,,
VALEJ608,2025-09-23,,,,,
B3SAM133,2025-09-23,,,,,
RENTV656,2025-09-23,,,,,
WEGEV499,2025-09-23,,,,,
PETRV565,2025-09-23,,,,,
PRIOV437,2025-09-23,,,,,
EMBRJ694,2025-09-23,,,,,
WEGEJ474,2025-09-23,,,,,
VALEJ451,2025-09-23,,,,,
WEGEJ499,2025-09-23,,,,,
BPACJ580,2025-09-23,,,,,
WEGEJ484,2025-09-23,,,,,
JBSSK490,2025-09-23,,,,,
PRIOJ452,2025-09-23,,,,,
WEGEJ479,2025-09-23,,,,,
QUALJ159,2025-09-23,,,,,
BBASK171,2025-09-23,,,,,
SUZBJ645,2025-09-23,,,,,
MGLUJ149,2025-09-23,,,,,
ELETL476,2025-09-23,,,,,
CMIGJ152,2025-09-23,,,,,
CMIGK152,2025-09-23,,,,,
WEGEL329,2025-09-23,,,,,
ELETA661,2025-09-23,,,,,
VALEV451,2025-09-23,,,,,
BRAVV310,2025-09-23,,,,,
QUALV169,2025-09-23,,,,,
EMBRV107,2025-09-23,,,,,
BPACV382,2025-09-23,,,,,
QUALV179,2025-09-23,,,,,
VALEV608,2025-09-23,,,,,
SUZBV635,2025-09-23,,,,,
RENTW616,2025-09-23,,,,,
BRAVV320,2025-09-23,,,,,
GGBRV192,2025-09-23,,,,,
WEGEV314,2025-09-23,,,,,
GGBRV227,2025-09-23,,,,,
GGBRV237,2025-09-23,,,,,
RENTV686,2025-09-23,,,,,
BEEFJ461,2025-09-23,,,,,
BPACJ387,2025-09-23,,,,,
GGBRV127,2025-09-23,,,,,
PRIOV457,2025-09-23,,,,,
VALEW826,2025-09-23,,,,,
BEEFV451,2025-09-23,,,,,
WEGEV319,2025-09-23,,,,,
BPACV387,2025-09-23,,,,,
BEEFV461,2025-09-23,,,,,
RENTV666,2025-09-23,,,,,
CSANV860,2025-09-23,,,,,
BBDCU160W4,2025-09-23,,,,,
MULTK246,2025-09-23,,,,,
PRIOJ467,2025-09-23,,,,,
BRAVV372,2025-09-23,,,,,
TIMSW193,2025-09-23,,,,,
WEGEV309,2025-09-23,,,,,
BRAVV122,2025-09-23,,,,,
RENTV706,2025-09-23,,,,,
MULTW246,2025-09-23,,,,,
RENTV611,2025-09-23,,,,,
YDUQJ923,2025-09-23,,,,,
MGLUJ158,2025-09-23,,,,,
VBBRK192,2025-09-23,,,,,
SBSPJ111,2025-09-23,,,,,
WEGEJ309,2025-09-23,,,,,
PRIOJ462,2025-09-23,,,,,
SUZBJ665,2025-09-23,,,,,
YDUQK155,2025-09-23,,,,,
SUZBV665,2025-09-23,,,,,
BPACV407,2025-09-23,,,,,
RENTV716,2025-09-23,,,,,
EMBRJ689,2025-09-23,,,,,
MGLUK664,2025-09-23,,,,,
EMBRK679,2025-09-23,,,,,
VALEV441,2025-09-23,,,,,
VBBRW192,2025-09-23,,,,,
RAIZW150,2025-09-23,,,,,
BBASV462,2025-09-23,,,,,
YDUQW165,2025-09-23,,,,,
RENTV696,2025-09-23,,,,,
RENTW346,2025-09-23,,,,,
YDUQV105,2025-09-23,,,,,
MGLUW664,2025-09-23,,,,,
PETRW328,2025-09-23,,,,,
YDUQJ105,2025-09-23,,,,,
BBASK186,2025-09-23,,,,,
BOVAV120W1,2025-09-23,,,,,
RENTV641,2025-09-23,,,,,
BRAVV257,2025-09-23,,,,,
BRAVV267,2025-09-23,,,,,
BBDCJ729,2025-09-23,,,,,
BOVAJ126W2,2025-09-23,,,,,
BRAVV252,2025-09-23,,,,,
HAPVV275,2025-09-23,,,,,
HAPVV262,2025-09-23,,,,,
HAPVJ320,2025-09-23,,,,,
BOVAG500,2025-09-23,,,,,
AZZAK327,2025-09-23,,,,,
VALER100,2025-09-23,,,,,
VALER101,2025-09-23,,,,,
VALEX102,2025-09-23,,,,,
PETRS401,2025-09-23,,,,,
ABEVX137,2025-09-23,,,,,
AZZAW392,2025-09-23,,,,,
IBOVL205,2025-09-23,,,,,
BBASW139,2025-09-23,,,,,
BOVAV133W4,2025-09-23,,,,,
RENTV651,2025-09-23,,,,,
B3SAW986,2025-09-23,,,,,
ABEVW142,2025-09-23,,,,,
BBASW319,2025-09-23,,,,,
BOVAV136W4,2025-09-23,,,,,
BOVAV128W4,2025-09-23,,,,,
GGBRV137,2025-09-23,,,,,
B3SAW109,2025-09-23,,,,,
ALOSW244,2025-09-23,,,,,
BPACV525,2025-09-23,,,,,
BOVAV141W4,2025-09-23,,,,,
B3SAK177,2025-09-23,,,,,
AZZAK387,2025-09-23,,,,,
ASAIK799,2025-09-23,,,,,
GGBRJ137,2025-09-23,,,,,
BOVAJ120W4,2025-09-23,,,,,
BBDCK125,2025-09-23,,,,,
AZZAK302,2025-09-23,,,,,
BBASK159,2025-09-23,,,,,
BOVAJ149W4,2025-09-23,,,,,
BOVAJ136W4,2025-09-23,,,,,
BBASK174,2025-09-23,,,,,
BOVAJ122W4,2025-09-23,,,,,
AZZAK322,2025-09-23,,,,,
B3SAK104,2025-09-23,,,,,
AZZAK382,2025-09-23,,,,,
PRIOJ477,2025-09-23,,,,,
BEEFJ421,2025-09-23,,,,,
ALOSK184,2025-09-23,,,,,
ALPAK112,2025-09-23,,,,,
BOVAJ128W4,2025-09-23,,,,,
BOVAV140W4,2025-09-23,,,,,
B3SAW147,2025-09-23,,,,,
ABEVW137,2025-09-23,,,,,
BBDCW175,2025-09-23,,,,,
B3SAW172,2025-09-23,,,,,
BBDCW115,2025-09-23,,,,,
CSANV470,2025-09-23,,,,,
B3SAW157,2025-09-23,,,,,
BOVAV130W4,2025-09-23,,,,,
BOVAI115W4,2025-09-23,,,,,
ABEVK142,2025-09-23,,,,,
GGBRH167,2025-09-23,,,,,
BPACJ347,2025-09-23,,,,,
BOVAJ138W4,2025-09-23,,,,,
B3SAK986,2025-09-23,,,,,
ASAIK134,2025-09-23,,,,,
ALPAK991,2025-09-23,,,,,
ASAIK979,2025-09-23,,,,,
ALOSK249,2025-09-23,,,,,
B3SAK172,2025-09-23,,,,,
CSANK490,2025-09-23,,,,,
AZZAK377,2025-09-23,,,,,
ITUBJ473,2025-09-23,,,,,
B3SAW796,2025-09-23,,,,,
BRAVV345,2025-09-23,,,,,
CSANV880,2025-09-23,,,,,
BRAVW235,2025-09-23,,,,,
BOVAV135W4,2025-09-23,,,,,
ASAIW959,2025-09-23,,,,,
BOVAV120W4,2025-09-23,,,,,
AZZAW352,2025-09-23,,,,,
AZZAW332,2025-09-23,,,,,
ASAIW799,2025-09-23,,,,,
B3SAW946,2025-09-23,,,,,
BOVAV127W4,2025-09-23,,,,,
AZZAW342,2025-09-23,,,,,
B3SAW906,2025-09-23,,,,,
CSANV15,2025-09-23,,,,,
RENTV726,2025-09-23,,,,,
ASAIK124,2025-09-23,,,,,
NVDCL202,2025-09-23,,,,,
ITSAK987,2025-09-23,,,,,
BOVAK950,2025-09-23,,,,,
ABEVK154,2025-09-23,,,,,
BBDCK1,2025-09-23,,,,,
BOVAK18,2025-09-23,,,,,
CSANM16,2025-09-23,,,,,
CSANM182,2025-09-23,,,,,
CSANM590,2025-09-23,,,,,
BOVAR139,2025-09-23,,,,,
BBSEW392,2025-09-23,,,,,
BBSEW292,2025-09-23,,,,,
BBSEW372,2025-09-23,,,,,
BOVAW820,2025-09-23,,,,,
BOVAW800,2025-09-23,,,,,
BBDCW805,2025-09-23,,,,,
BOVAR131,2025-09-23,,,,,
ITSAW182,2025-09-23,,,,,
BBSEW287,2025-09-23,,,,,
BOVAW950,2025-09-23,,,,,
BOVAW99,2025-09-23,,,,,
ITSAW907,2025-09-23,,,,,
BOVAW880,2025-09-23,,,,,
SMALB110,2025-09-23,,,,,
ITSAK142,2025-09-23,,,,,
ITSAK937,2025-09-23,,,,,
ABEVK114,2025-09-23,,,,,
BBDCK116,2025-09-23,,,,,
BBDCK124,2025-09-23,,,,,
SMALB115,2025-09-23,,,,,
ITSAK867,2025-09-23,,,,,
ABEVK164,2025-09-23,,,,,
ITSAK132,2025-09-23,,,,,
BOVAK960,2025-09-23,,,,,
BEEFK535,2025-09-23,,,,,
BBSEK302,2025-09-23,,,,,
BOVAK970,2025-09-23,,,,,
ITSAK727,2025-09-23,,,,,
ITUBK256,2025-09-23,,,,,
ITSAW167,2025-09-23,,,,,
BBDCW221,2025-09-23,,,,,
BEEFW615,2025-09-23,,,,,
BBDCW246,2025-09-23,,,,,
BOVAR135,2025-09-23,,,,,
BOVAW176,2025-09-23,,,,,
ITSAW987,2025-09-23,,,,,
BOVAW920,2025-09-23,,,,,
ITSAW977,2025-09-23,,,,,
BBDCW20,2025-09-23,,,,,
BBSEW302,2025-09-23,,,,,
BBDCW845,2025-09-23,,,,,
ITSAW192,2025-09-23,,,,,
BBDCW196,2025-09-23,,,,,
BOVAW850,2025-09-23,,,,,
BBSEK337,2025-09-23,,,,,
BBSEK402,2025-09-23,,,,,
BBSEK272,2025-09-23,,,,,
BOVAK104,2025-09-23,,,,,
BBSEK327,2025-09-23,,,,,
BBDCK114,2025-09-23,,,,,
VLIDG238,2025-09-23,,,,,
TASAH569,2025-09-23,,,,,
ABEVL122,2025-09-23,,,,,
ABEVA139,2025-09-23,,,,,
BOVVK145,2025-09-23,,,,,
MOTVK143,2025-09-23,,,,,
BPACK440,2025-09-23,,,,,
CMINK497,2025-09-23,,,,,
BRAVK240,2025-09-23,,,,,
BOVVK149,2025-09-23,,,,,
CASHK600,2025-09-23,,,,,
BPANK620,2025-09-23,,,,,
COGNK253,2025-09-23,,,,,
BOVVK143,2025-09-23,,,,,
BPACK375,2025-09-23,,,,,
CASHK780,2025-09-23,,,,,
HAPVK340,2025-09-23,,,,,
BEEFK440,2025-09-23,,,,,
BBSEK324,2025-09-23,,,,,
BOVVK135,2025-09-23,,,,,
PRIOU347W4,2025-09-23,,,,,
ELETW408,2025-09-23,,,,,
GOAUX104,2025-09-23,,,,,
ITUBM318,2025-09-23,,,,,
ITUBM348,2025-09-23,,,,,
PRIOV680,2025-09-23,,,,,
CMINW427,2025-09-23,,,,,
CASHW500,2025-09-23,,,,,
BEEFW470,2025-09-23,,,,,
BRKMW105,2025-09-23,,,,,
COGNW343,2025-09-23,,,,,
B3SAP150,2025-09-23,,,,,
SBSPV107,2025-09-23,,,,,
CPLEW118,2025-09-23,,,,,
BRAPW140,2025-09-23,,,,,
COGNW248,2025-09-23,,,,,
HAPVW327,2025-09-23,,,,,
BRAPW210,2025-09-23,,,,,
MOTVW163,2025-09-23,,,,,
EMBRW649,2025-09-23,,,,,
BRAPW195,2025-09-23,,,,,
ALOSW206,2025-09-23,,,,,
BRKMW740,2025-09-23,,,,,
BRKMW115,2025-09-23,,,,,
COGNW403,2025-09-23,,,,,
COGNW233,2025-09-23,,,,,
BRAVV370,2025-09-23,,,,,
CASHW720,2025-09-23,,,,,
BPANW560,2025-09-23,,,,,
BPACW380,2025-09-23,,,,,
BRKMW920,2025-09-23,,,,,
BRKMW100,2025-09-23,,,,,
BPACW415,2025-09-23,,,,,
BRAVW220,2025-09-23,,,,,
CPFEW337,2025-09-23,,,,,
CMINW592,2025-09-23,,,,,
EMBRK659,2025-09-23,,,,,
BEEFK490,2025-09-23,,,,,
IGTIK198,2025-09-23,,,,,
MOTVK163,2025-09-23,,,,,
CPFEK397,2025-09-23,,,,,
BPANK920,2025-09-23,,,,,
AMZOC645,2025-09-23,,,,,
BOVVK147,2025-09-23,,,,,
BPACK430,2025-09-23,,,,,
HAPVJ457,2025-09-23,,,,,
CPLEK103,2025-09-23,,,,,
MOTVK168,2025-09-23,,,,,
COGNK263,2025-09-23,,,,,
CPFEK407,2025-09-23,,,,,
CPLEK113,2025-09-23,,,,,
BRKMK860,2025-09-23,,,,,
BOVVK139,2025-09-23,,,,,
ITUBK339,2025-09-23,,,,,
BRKMK115,2025-09-23,,,,,
BPANK800,2025-09-23,,,,,
BPACK400,2025-09-23,,,,,
BOVVK153,2025-09-23,,,,,
BOVVK137,2025-09-23,,,,,
BRKMK120,2025-09-23,,,,,
HAPVV310,2025-09-23,,,,,
BPANW740,2025-09-23,,,,,
BBASV408,2025-09-23,,,,,
BOVVW139,2025-09-23,,,,,
POSIW523,2025-09-23,,,,,
BPACW385,2025-09-23,,,,,
BRKMW120,2025-09-23,,,,,
COGNW323,2025-09-23,,,,,
CMINW467,2025-09-23,,,,,
BPACW405,2025-09-23,,,,,
BRAPW200,2025-09-23,,,,,
BRAPW145,2025-09-23,,,,,
CASHW780,2025-09-23,,,,,
COGNW303,2025-09-23,,,,,
CPFEW382,2025-09-23,,,,,
BPACW430,2025-09-23,,,,,
BRAVV302,2025-09-23,,,,,
BRKMW110,2025-09-23,,,,,
BRAPW130,2025-09-23,,,,,
BRAPW235,2025-09-23,,,,,
BRAVV297,2025-09-23,,,,,
COGNW258,2025-09-23,,,,,
HAPVV457,2025-09-23,,,,,
BPANW780,2025-09-23,,,,,
BPANW800,2025-09-23,,,,,
XPBRO109,2025-09-23,,,,,
BPANK780,2025-09-23,,,,,
CPLEK148,2025-09-23,,,,,
BRKMK800,2025-09-23,,,,,
COGNK133,2025-09-23,,,,,
VIVAS260,2025-09-23,,,,,
PRIOS407,2025-09-23,,,,,
BEEFX581,2025-09-23,,,,,
FLRYX156,2025-09-23,,,,,
RDORV359,2025-09-23,,,,,
PRIOV450W1,2025-09-23,,,,,
RDORV369,2025-09-23,,,,,
ITUBB310,2025-09-23,,,,,
RDORJ359,2025-09-23,,,,,
BOVAG139,2025-09-23,,,,,
GFSAH20,2025-09-23,,,,,
BOVAG131,2025-09-23,,,,,
IRBRH55,2025-09-23,,,,,
BOVAS133,2025-09-23,,,,,
GGBRT200,2025-09-23,,,,,
BBASW19,2025-09-23,,,,,
BOVAS135,2025-09-23,,,,,
IRBRH599,2025-09-23,,,,,
ITUBD378,2025-09-23,,,,,
ELETL456,2025-09-23,,,,,
RENTL390,2025-09-23,,,,,
ALOSL20,2025-09-23,,,,,
PRIOB482,2025-09-23,,,,,
BBASF251,2025-09-23,,,,,
BRSRL110,2025-09-23,,,,,
VALEL309,2025-09-23,,,,,
CVCBV480,2025-09-23,,,,,
VALEX309,2025-09-23,,,,,
IBOVB165,2025-09-23,,,,,
VALEV426,2025-09-23,,,,,
BBASW852,2025-09-23,,,,,
BEEFV401,2025-09-23,,,,,
PETRW448,2025-09-23,,,,,
PRIOW349,2025-09-23,,,,,
NATUV297,2025-09-23,,,,,
BEEFV711,2025-09-23,,,,,
BBDCW783,2025-09-23,,,,,
VALEW456,2025-09-23,,,,,
RAIZM140,2025-09-23,,,,,
VALEW394,2025-09-23,,,,,
RAIZM180,2025-09-23,,,,,
RENTV671,2025-09-23,,,,,
RAIZM170,2025-09-23,,,,,
CSANW115,2025-09-23,,,,,
RAIZM190,2025-09-23,,,,,
BOVAK186,2025-09-23,,,,,
BOVAJ107,2025-09-23,,,,,
RAIZA110,2025-09-23,,,,,
BOVAK770,2025-09-23,,,,,
BOVAJ610,2025-09-23,,,,,
BOVAK780,2025-09-23,,,,,
RAIZA190,2025-09-23,,,,,
RAIZA140,2025-09-23,,,,,
RAIZA160,2025-09-23,,,,,
SLCEL199,2025-09-23,,,,,
BPACL422,2025-09-23,,,,,
ISAEA221,2025-09-23,,,,,
ITUBL305,2025-09-23,,,,,
GGBRA172,2025-09-23,,,,,
LWSAB395,2025-09-23,,,,,
LWSAB425,2025-09-23,,,,,
POMOK840,2025-09-23,,,,,
BOVAJ171,2025-09-23,,,,,
CSNAK799,2025-09-23,,,,,
IRBRK432,2025-09-23,,,,,
PETRD351,2025-09-23,,,,,
CSANW485,2025-09-23,,,,,
RAIZM149,2025-09-23,,,,,
RENTW236,2025-09-23,,,,,
BOVAV107,2025-09-23,,,,,
CSANW495,2025-09-23,,,,,
RENTW344,2025-09-23,,,,,
RENTV681,2025-09-23,,,,,
IVVBX388,2025-09-23,,,,,
IVVBO348,2025-09-23,,,,,
IRBRW472,2025-09-23,,,,,
CVCBW220,2025-09-23,,,,,
CSNAW499,2025-09-23,,,,,
CVCBK299,2025-09-23,,,,,
BBASJ210W2,2025-09-23,,,,,
BOVAK25,2025-09-23,,,,,
PETRD318,2025-09-23,,,,,
CYREK294,2025-09-23,,,,,
ENGIK501,2025-09-23,,,,,
EGIEK358,2025-09-23,,,,,
PETRD331,2025-09-23,,,,,
EZTCK162,2025-09-23,,,,,
DXCOK619,2025-09-23,,,,,
RENTK364,2025-09-23,,,,,
ECORK709,2025-09-23,,,,,
VALED578,2025-09-23,,,,,
BBDCK108,2025-09-23,,,,,
VALED568,2025-09-23,,,,,
PETRD33,2025-09-23,,,,,
PETRJ307W4,2025-09-23,,,,,
GOAUK627,2025-09-23,,,,,
HYPEK255,2025-09-23,,,,,
CMIGW978,2025-09-23,,,,,
CYREW219,2025-09-23,,,,,
CSANW710,2025-09-23,,,,,
EGIEW353,2025-09-23,,,,,
CVCBW280,2025-09-23,,,,,
ELETX441,2025-09-23,,,,,
KLBNW197,2025-09-23,,,,,
USIMW405,2025-09-23,,,,,
BOVAW25,2025-09-23,,,,,
VALEV525W1,2025-09-23,,,,,
ECORW709,2025-09-23,,,,,
CVCBW240,2025-09-23,,,,,
VALEP483,2025-09-23,,,,,
PETRP346,2025-09-23,,,,,
CYREW229,2025-09-23,,,,,
JHSFV507,2025-09-23,,,,,
ECORW789,2025-09-23,,,,,
IRBRW400,2025-09-23,,,,,
JHSFW580,2025-09-23,,,,,
VALEV500W1,2025-09-23,,,,,
VALEV550W2,2025-09-23,,,,,
JHSFW720,2025-09-23,,,,,
BBASV170W2,2025-09-23,,,,,
PETRV305W4,2025-09-23,,,,,
CSNAW959,2025-09-23,,,,,
SBSPX105,2025-09-23,,,,,
HAPVV277,2025-09-23,,,,,
JHSFV827,2025-09-23,,,,,
VALEP538,2025-09-23,,,,,
PETRP33,2025-09-23,,,,,
GOAUW667,2025-09-23,,,,,
JHSFV807,2025-09-23,,,,,
BRAVV385,2025-09-23,,,,,
VALEP523,2025-09-23,,,,,
ECORW689,2025-09-23,,,,,
CVCBW190,2025-09-23,,,,,
IRBRW375,2025-09-23,,,,,
ELETX426,2025-09-23,,,,,
RECVX151,2025-09-23,,,,,
BBASV175W4,2025-09-23,,,,,
CSNAW599,2025-09-23,,,,,
JHSFK520,2025-09-23,,,,,
PETRD346,2025-09-23,,,,,
CYREK189,2025-09-23,,,,,
ECORK789,2025-09-23,,,,,
JHSFK550,2025-09-23,,,,,
FLRYK180,2025-09-23,,,,,
RECVL151,2025-09-23,,,,,
VALEJ560W4,2025-09-23,,,,,
HYPEK225,2025-09-23,,,,,
PETRJ322W4,2025-09-23,,,,,
JHSFJ537,2025-09-23,,,,,
PETRJ317W4,2025-09-23,,,,,
GOAUK867,2025-09-23,,,,,
IBOVN125,2025-09-23,,,,,
BBASJ200W2,2025-09-23,,,,,
HAPVK355,2025-09-23,,,,,
IGTIK233,2025-09-23,,,,,
JHSFJ457,2025-09-23,,,,,
ENEVK155,2025-09-23,,,,,
ITUBK289,2025-09-23,,,,,
ELETK406,2025-09-23,,,,,
PETRD323,2025-09-23,,,,,
JHSFK600,2025-09-23,,,,,
IGTIK258,2025-09-23,,,,,
IRBRK477,2025-09-23,,,,,
VALEJ590W4,2025-09-23,,,,,
JHSFV497,2025-09-23,,,,,
JHSFW540,2025-09-23,,,,,
PETRP288,2025-09-23,,,,,
ENGIW491,2025-09-23,,,,,
RECVX171,2025-09-23,,,,,
VALEV590W2,2025-09-23,,,,,
VALEV505W1,2025-09-23,,,,,
EZTCW182,2025-09-23,,,,,
BBASV190W2,2025-09-23,,,,,
JHSFV687,2025-09-23,,,,,
VALEW384,2025-09-23,,,,,
HAPVW35,2025-09-23,,,,,
PETRW264,2025-09-23,,,,,
IRBRW390,2025-09-23,,,,,
USIMV572,2025-09-23,,,,,
EQTLW328,2025-09-23,,,,,
SUZBU510,2025-09-23,,,,,
HAPVW355,2025-09-23,,,,,
BBASV235W2,2025-09-23,,,,,
IRBRW395,2025-09-23,,,,,
PETRV315W4,2025-09-23,,,,,
USIMV692,2025-09-23,,,,,
ITUBW325,2025-09-23,,,,,
JHSFV527,2025-09-23,,,,,
PETRV302W4,2025-09-23,,,,,
BEEFJ731,2025-09-23,,,,,
ITUBK244,2025-09-23,,,,,
BEEFK545,2025-09-23,,,,,
PETRK384,2025-09-23,,,,,
PETRK389,2025-09-23,,,,,
VALEJ510W1,2025-09-23,,,,,
CSNAK779,2025-09-23,,,,,
PETRD326,2025-09-23,,,,,
VALEK441,2025-09-23,,,,,
EQTLK308,2025-09-23,,,,,
EGIEK398,2025-09-23,,,,,
PETRD343,2025-09-23,,,,,
JHSFK540,2025-09-23,,,,,
FLRYK185,2025-09-23,,,,,
PETRK262,2025-09-23,,,,,
JHSFK380,2025-09-23,,,,,
CVCBK190,2025-09-23,,,,,
VALEJ580W4,2025-09-23,,,,,
ITUBK304,2025-09-23,,,,,
IBOVB154,2025-09-23,,,,,
EQTLK398,2025-09-23,,,,,
CYREK219,2025-09-23,,,,,
CSNAK959,2025-09-23,,,,,
PETRD306,2025-09-23,,,,,
BBASJ195W2,2025-09-23,,,,,
CYREK269,2025-09-23,,,,,
PRIOJ487,2025-09-23,,,,,
BBASV230W4,2025-09-23,,,,,
ECORW829,2025-09-23,,,,,
JHSFW520,2025-09-23,,,,,
ENGIW496,2025-09-23,,,,,
ENEVW160,2025-09-23,,,,,
KLBNX160,2025-09-23,,,,,
VALEV550W1,2025-09-23,,,,,
CMIGW858,2025-09-23,,,,,
IRBRW437,2025-09-23,,,,,
JHSFW560,2025-09-23,,,,,
IRBRW462,2025-09-23,,,,,
GGBRW147,2025-09-23,,,,,
IRBRW477,2025-09-23,,,,,
IGTIW248,2025-09-23,,,,,
VALEV540W4,2025-09-23,,,,,
ELETW361,2025-09-23,,,,,
JHSFW610,2025-09-23,,,,,
CSANV900,2025-09-23,,,,,
CSNAW112,2025-09-23,,,,,
IRBRW370,2025-09-23,,,,,
CYREW314,2025-09-23,,,,,
ELETW456,2025-09-23,,,,,
VALEP503,2025-09-23,,,,,
IRBRW365,2025-09-23,,,,,
PETRP276,2025-09-23,,,,,
ITUBW319,2025-09-23,,,,,
IRBRW550,2025-09-23,,,,,
PETRP306,2025-09-23,,,,,
VALEW389,2025-09-23,,,,,
CSNAW639,2025-09-23,,,,,
CVCBW160,2025-09-23,,,,,
CSNAW699,2025-09-23,,,,,
ENEVW135,2025-09-23,,,,,
IRBRW360,2025-09-23,,,,,
VALEV545W2,2025-09-23,,,,,
VALEV530W1,2025-09-23,,,,,
VALEP461,2025-09-23,,,,,
PETRV300W4,2025-09-23,,,,,
PETRP348,2025-09-23,,,,,
ENGIW481,2025-09-23,,,,,
CSANV940,2025-09-23,,,,,
EQTLW383,2025-09-23,,,,,
BBASJ215W4,2025-09-23,,,,,
ITUBK249,2025-09-23,,,,,
HYPEK215,2025-09-23,,,,,
CSNAK107,2025-09-23,,,,,
JHSFJ477,2025-09-23,,,,,
VALEJ525W4,2025-09-23,,,,,
JHSFJ452,2025-09-23,,,,,
JHSFK470,2025-09-23,,,,,
JHSFK720,2025-09-23,,,,,
ELETK481,2025-09-23,,,,,
JHSFJ462,2025-09-23,,,,,
BBASJ195W4,2025-09-23,,,,,
ECORK729,2025-09-23,,,,,
FLRYK170,2025-09-23,,,,,
BPACK387,2025-09-23,,,,,
ITUBK299,2025-09-23,,,,,
PETRD361,2025-09-23,,,,,
USIMK550,2025-09-23,,,,,
PETRJ312W2,2025-09-23,,,,,
IBOVB151,2025-09-23,,,,,
PETRP298,2025-09-23,,,,,
GGBRW192,2025-09-23,,,,,
VALEP568,2025-09-23,,,,,
BBASV180W2,2025-09-23,,,,,
VALEW45,2025-09-23,,,,,
IRBRV535,2025-09-23,,,,,
IRBRV492,2025-09-23,,,,,
IRBRV575,2025-09-23,,,,,
IRBRV432,2025-09-23,,,,,
FLRYK145,2025-09-23,,,,,
ELETK446,2025-09-23,,,,,
ELETK431,2025-09-23,,,,,
JHSFJ587,2025-09-23,,,,,
KLBNK177,2025-09-23,,,,,
PETRD246,2025-09-23,,,,,
B3SAA118,2025-09-23,,,,,
BBSEL384,2025-09-23,,,,,
ISAEL236,2025-09-23,,,,,
ITUBE484,2025-09-23,,,,,
VBBRK227,2025-09-23,,,,,
PETRL278,2025-09-23,,,,,
RENTA521,2025-09-23,,,,,
PRIOL396,2025-09-23,,,,,
IRBRJ555,2025-09-23,,,,,
IRBRJ427,2025-09-23,,,,,
SMALV119,2025-09-23,,,,,
IRBRV417,2025-09-23,,,,,
INBRX390,2025-09-23,,,,,
SMALV915,2025-09-23,,,,,
SMALV133,2025-09-23,,,,,
IRBRV515,2025-09-23,,,,,
SMALV985,2025-09-23,,,,,
SMALJ127,2025-09-23,,,,,
IRBRJ437,2025-09-23,,,,,
PRIOL389,2025-09-23,,,,,
ENEVL152,2025-09-23,,,,,
IRBRJ545,2025-09-23,,,,,
IRBRJ585,2025-09-23,,,,,
SMALJ935,2025-09-23,,,,,
IRBRJ417,2025-09-23,,,,,
SMALJ131,2025-09-23,,,,,
ALOSK221,2025-09-23,,,,,
ITUBB225,2025-09-23,,,,,
ITUBA262,2025-09-23,,,,,
ISAEL234,2025-09-23,,,,,
ITUBL367,2025-09-23,,,,,
ITUBJ354,2025-09-23,,,,,
ITUBK36,2025-09-23,,,,,
SUZBK623,2025-09-23,,,,,
RAIZK210,2025-09-23,,,,,
IRBRV565,2025-09-23,,,,,
IRBRV402,2025-09-23,,,,,
MGLUV193,2025-09-23,,,,,
VALEX494,2025-09-23,,,,,
ELETW453,2025-09-23,,,,,
RDORW368,2025-09-23,,,,,
POSIW393,2025-09-23,,,,,
CSANK830,2025-09-23,,,,,
RADLK158,2025-09-23,,,,,
RENTK38,2025-09-23,,,,,
RADLK153,2025-09-23,,,,,
SMFTJ251,2025-09-23,,,,,
BPACA450,2025-09-23,,,,,
RDORK358,2025-09-23,,,,,
RADLW188,2025-09-23,,,,,
MULTW236,2025-09-23,,,,,
ELETW503,2025-09-23,,,,,
BEEFW705,2025-09-23,,,,,
ELETW407,2025-09-23,,,,,
LWSAW440,2025-09-23,,,,,
BBDCW683,2025-09-23,,,,,
ELETW392,2025-09-23,,,,,
BRAVW145,2025-09-23,,,,,
PRIOW436,2025-09-23,,,,,
QUALW209,2025-09-23,,,,,
NATUK960,2025-09-23,,,,,
SUZBK588,2025-09-23,,,,,
PRIOK371,2025-09-23,,,,,
CSANJ108,2025-09-23,,,,,
NATUK100,2025-09-23,,,,,
PCARK320,2025-09-23,,,,,
ITUBK287,2025-09-23,,,,,
BBDCW256,2025-09-23,,,,,
BBDCW261,2025-09-23,,,,,
RDORW378,2025-09-23,,,,,
BRAVW140,2025-09-23,,,,,
GGBRW150,2025-09-23,,,,,
SUZBW540,2025-09-23,,,,,
GGBRV252,2025-09-23,,,,,
SUZBW633,2025-09-23,,,,,
SMTOV188,2025-09-23,,,,,
RAIZW330,2025-09-23,,,,,
RAIZW170,2025-09-23,,,,,
RAILW221,2025-09-23,,,,,
POSIK483,2025-09-23,,,,,
LWSAK700,2025-09-23,,,,,
VALEJ416,2025-09-23,,,,,
RAILK191,2025-09-23,,,,,
RAILK211,2025-09-23,,,,,
NATUW960,2025-09-23,,,,,
SUZBV106,2025-09-23,,,,,
RAILW191,2025-09-23,,,,,
RAILW121,2025-09-23,,,,,
RENTW326,2025-09-23,,,,,
ELETW44,2025-09-23,,,,,
BPACM400,2025-09-23,,,,,
SUZBW578,2025-09-23,,,,,
RDORW348,2025-09-23,,,,,
MULTW331,2025-09-23,,,,,
BOVAW750,2025-09-23,,,,,
QUALW239,2025-09-23,,,,,
ELETW508,2025-09-23,,,,,
WEGEW265,2025-09-23,,,,,
MRVEW580,2025-09-23,,,,,
BEEFV751,2025-09-23,,,,,
ELETW463,2025-09-23,,,,,
QUALK209,2025-09-23,,,,,
VALEJ421,2025-09-23,,,,,
PETZK441,2025-09-23,,,,,
NATUK860,2025-09-23,,,,,
BRAVK227,2025-09-23,,,,,
MULTK236,2025-09-23,,,,,
ELETW45,2025-09-23,,,,,
CSANV160,2025-09-23,,,,,
ELETW518,2025-09-23,,,,,
RDORW353,2025-09-23,,,,,
PETZW491,2025-09-23,,,,,
PCARW280,2025-09-23,,,,,
SMFTV251,2025-09-23,,,,,
LRENW121,2025-09-23,,,,,
NATUW860,2025-09-23,,,,,
NATUW940,2025-09-23,,,,,
RAIZW280,2025-09-23,,,,,
PRIOV740,2025-09-23,,,,,
POSIW433,2025-09-23,,,,,
CSANV108,2025-09-23,,,,,
MULTK226,2025-09-23,,,,,
MULTK276,2025-09-23,,,,,
POSIK443,2025-09-23,,,,,
RAILK206,2025-09-23,,,,,
LWSAK350,2025-09-23,,,,,
ELETK493,2025-09-23,,,,,
BBDCK233,2025-09-23,,,,,
BBASB280,2025-09-23,,,,,
PCARW380,2025-09-23,,,,,
PETZW481,2025-09-23,,,,,
RAIZW210,2025-09-23,,,,,
NATUW115,2025-09-23,,,,,
SUZBW593,2025-09-23,,,,,
BEEFV901,2025-09-23,,,,,
GGBRV310,2025-09-23,,,,,
MULTW256,2025-09-23,,,,,
ITUBH24,2025-09-23,,,,,
POSIK473,2025-09-23,,,,,
MRVEK920,2025-09-23,,,,,
ITUBK347,2025-09-23,,,,,
RADLK233,2025-09-23,,,,,
BOVAK740,2025-09-23,,,,,
BPACK445,2025-09-23,,,,,
LWSAK430,2025-09-23,,,,,
MRVEK540,2025-09-23,,,,,
PETZK501,2025-09-23,,,,,
RAIZK99,2025-09-23,,,,,
QUALK119,2025-09-23,,,,,
RDORK363,2025-09-23,,,,,
QUALK309,2025-09-23,,,,,
RENTK37,2025-09-23,,,,,
ELETK518,2025-09-23,,,,,
CSNAK729,2025-09-23,,,,,
ELETK468,2025-09-23,,,,,
ELETK503,2025-09-23,,,,,
LWSAW420,2025-09-23,,,,,
VALEW821,2025-09-23,,,,,
GGBRV305,2025-09-23,,,,,
RENTW386,2025-09-23,,,,,
CSNAW749,2025-09-23,,,,,
LWSAW400,2025-09-23,,,,,
ASAIW117,2025-09-23,,,,,
GOAUW118,2025-09-23,,,,,
GOAUW657,2025-09-23,,,,,
ITUBW351,2025-09-23,,,,,
RENTW636,2025-09-23,,,,,
USIMW10,2025-09-23,,,,,
CSANW132,2025-09-23,,,,,
RENTW199,2025-09-23,,,,,
USIMW255,2025-09-23,,,,,
VALEM711,2025-09-23,,,,,
GOAUW108,2025-09-23,,,,,
BOVAM402,2025-09-23,,,,,
WEGEX410,2025-09-23,,,,,
USIMV327,2025-09-23,,,,,
VALEU470W4,2025-09-23,,,,,
NATUU960W4,2025-09-23,,,,,
BBASU180W4,2025-09-23,,,,,
NATUU980W4,2025-09-23,,,,,
BHIAU190W4,2025-09-23,,,,,
WEGEW310,2025-09-23,,,,,
SANBW237,2025-09-23,,,,,
EMBRU830W4,2025-09-23,,,,,
CVCBV640,2025-09-23,,,,,
VALEU520W4,2025-09-23,,,,,
VALEA711,2025-09-23,,,,,
BOVVI138W4,2025-09-23,,,,,
WEGEK445,2025-09-23,,,,,
WEGEI405W4,2025-09-23,,,,,
ITSAI120W4,2025-09-23,,,,,
EMBRI870W4,2025-09-23,,,,,
BOVAI160W4,2025-09-23,,,,,
LRENI195W4,2025-09-23,,,,,
WEGEK405,2025-09-23,,,,,
LRENI180W4,2025-09-23,,,,,
B3SAI155W4,2025-09-23,,,,,
HAPVI375W4,2025-09-23,,,,,
NEOEJ267,2025-09-23,,,,,
CSANU480W4,2025-09-23,,,,,
BBDCU147W4,2025-09-23,,,,,
NEOEV284,2025-09-23,,,,,
QUALV204,2025-09-23,,,,,
PCARV703,2025-09-23,,,,,
BRAVU160W4,2025-09-23,,,,,
VALEU510W4,2025-09-23,,,,,
USIMW600,2025-09-23,,,,,
UGPAW170,2025-09-23,,,,,
ITSAU100W4,2025-09-23,,,,,
CSNAU860W4,2025-09-23,,,,,
SMTOW121,2025-09-23,,,,,
NATUU720W4,2025-09-23,,,,,
ABEVU110W4,2025-09-23,,,,,
RENTU345W4,2025-09-23,,,,,
WEGEW449,2025-09-23,,,,,
USIMK620,2025-09-23,,,,,
ITUBI345W4,2025-09-23,,,,,
LRENI205W4,2025-09-23,,,,,
CSNAI720W4,2025-09-23,,,,,
VALEI650W4,2025-09-23,,,,,
BRAVI200W4,2025-09-23,,,,,
NATUI120W4,2025-09-23,,,,,
ITUBI355W4,2025-09-23,,,,,
WEGEK40,2025-09-23,,,,,
HAPVI380W4,2025-09-23,,,,,
USIMI580W4,2025-09-23,,,,,
USIMK680,2025-09-23,,,,,
SBSPK123,2025-09-23,,,,,
NEOEJ269,2025-09-23,,,,,
QUALJ229,2025-09-23,,,,,
WEGEK435,2025-09-23,,,,,
WEGEK470,2025-09-23,,,,,
CASHJ580,2025-09-23,,,,,
NEOEJ279,2025-09-23,,,,,
BOVVI148W4,2025-09-23,,,,,
LRENI210W4,2025-09-23,,,,,
CSANI500W4,2025-09-23,,,,,
HAPVJ540,2025-09-23,,,,,
USIMK660,2025-09-23,,,,,
SANBK217,2025-09-23,,,,,
BEEFI620W4,2025-09-23,,,,,
USIMI410W4,2025-09-23,,,,,
SLCEK199,2025-09-23,,,,,
BBDCI117W4,2025-09-23,,,,,
ITSAI100W4,2025-09-23,,,,,
WEGEI415W4,2025-09-23,,,,,
TIMSK251,2025-09-23,,,,,
TIMSK261,2025-09-23,,,,,
TAEEK341,2025-09-23,,,,,
GGBRI150W4,2025-09-23,,,,,
NATUI900W4,2025-09-23,,,,,
USIMI540W4,2025-09-23,,,,,
BBASI155W4,2025-09-23,,,,,
PCARJ683,2025-09-23,,,,,
WEGEI340W4,2025-09-23,,,,,
VIVTK334,2025-09-23,,,,,
SBSPW117,2025-09-23,,,,,
BBASU155W4,2025-09-23,,,,,
ITUBU325W4,2025-09-23,,,,,
RENTU335W4,2025-09-23,,,,,
CVCBV700,2025-09-23,,,,,
COGNU290W4,2025-09-23,,,,,
NEOEV287,2025-09-23,,,,,
RENTU325W4,2025-09-23,,,,,
NATUU760W4,2025-09-23,,,,,
HAPVU360W4,2025-09-23,,,,,
CSANU680W4,2025-09-23,,,,,
RENTU355W4,2025-09-23,,,,,
BOVAU110W4,2025-09-23,,,,,
BBDCU202W4,2025-09-23,,,,,
USIMW310,2025-09-23,,,,,
PETZV940,2025-09-23,,,,,
SMALK950,2025-09-23,,,,,
BBASI150W4,2025-09-23,,,,,
BBDCI127W4,2025-09-23,,,,,
CSNAI700W4,2025-09-23,,,,,
USIMJ327,2025-09-23,,,,,
BRAVI225W4,2025-09-23,,,,,
TOTSK443,2025-09-23,,,,,
SUZBI530W4,2025-09-23,,,,,
SUZBI490W4,2025-09-23,,,,,
TIMSK231,2025-09-23,,,,,
TIMSK246,2025-09-23,,,,,
BBDCI202W4,2025-09-23,,,,,
ITUBI325W4,2025-09-23,,,,,
NEOEJ302,2025-09-23,,,,,
USIMI490W4,2025-09-23,,,,,
UGPAK200,2025-09-23,,,,,
HAPVU350W4,2025-09-23,,,,,
USIMU520W4,2025-09-23,,,,,
SUZBU570W4,2025-09-23,,,,,
RENTU340W4,2025-09-23,,,,,
VALEU460W4,2025-09-23,,,,,
BBDCU137W4,2025-09-23,,,,,
UGPAW190,2025-09-23,,,,,
AZZAV345,2025-09-23,,,,,
ELETW400,2025-09-23,,,,,
BBASU165W4,2025-09-23,,,,,
RENTU315W4,2025-09-23,,,,,
VBBRW222,2025-09-23,,,,,
NATUU800W4,2025-09-23,,,,,
CASHV540,2025-09-23,,,,,
NATUU820W4,2025-09-23,,,,,
PETZV620,2025-09-23,,,,,
SMTOW141,2025-09-23,,,,,
PETZV640,2025-09-23,,,,,
BOVAU158W4,2025-09-23,,,,,
SMTOW161,2025-09-23,,,,,
HAPVV540,2025-09-23,,,,,
WEGEU400W4,2025-09-23,,,,,
YDUQW170,2025-09-23,,,,,
YDUQW120,2025-09-23,,,,,
PETZV920,2025-09-23,,,,,
USIMW480,2025-09-23,,,,,
RENTU350W4,2025-09-23,,,,,
UGPAW159,2025-09-23,,,,,
BBASU140W4,2025-09-23,,,,,
VIVTW329,2025-09-23,,,,,
USIMK400,2025-09-23,,,,,
SMALI118W4,2025-09-23,,,,,
BBDCI122W4,2025-09-23,,,,,
VIVAK308,2025-09-23,,,,,
USIMJ377,2025-09-23,,,,,
RENTI375W4,2025-09-23,,,,,
EMBRI740W4,2025-09-23,,,,,
BBDCI157W4,2025-09-23,,,,,
UGPAK235,2025-09-23,,,,,
CSNAI840W4,2025-09-23,,,,,
EMBRI710W4,2025-09-23,,,,,
COGNI290W4,2025-09-23,,,,,
HAPVI405W4,2025-09-23,,,,,
RENTI370W4,2025-09-23,,,,,
SMALI106W4,2025-09-23,,,,,
B3SAI150W4,2025-09-23,,,,,
SMALI100W4,2025-09-23,,,,,
SANBK337,2025-09-23,,,,,
BRAVI205W4,2025-09-23,,,,,
NEOEJ304,2025-09-23,,,,,
RENTI400W4,2025-09-23,,,,,
WEGEI430W4,2025-09-23,,,,,
SMALI104W4,2025-09-23,,,,,
LRENI190W4,2025-09-23,,,,,
SMALK120,2025-09-23,,,,,
SMALI108W4,2025-09-23,,,,,
CSANU760W4,2025-09-23,,,,,
CVCBV520,2025-09-23,,,,,
UGPAW140,2025-09-23,,,,,
SUZBU530W4,2025-09-23,,,,,
CVCBV10,2025-09-23,,,,,
PCARV443,2025-09-23,,,,,
BBASU175W4,2025-09-23,,,,,
QUALV274,2025-09-23,,,,,
TAEEW331,2025-09-23,,,,,
USIMW390,2025-09-23,,,,,
WEGEI390W4,2025-09-23,,,,,
EMBRI720W4,2025-09-23,,,,,
SMTOK191,2025-09-23,,,,,
BBDCI152W4,2025-09-23,,,,,
LRENI200W4,2025-09-23,,,,,
HAPVI410W4,2025-09-23,,,,,
ITUBI335W4,2025-09-23,,,,,
HAPVI395W4,2025-09-23,,,,,
UGPAK190,2025-09-23,,,,,
CSNAI740W4,2025-09-23,,,,,
SANBK332,2025-09-23,,,,,
BBDCI192W4,2025-09-23,,,,,
NEOEJ282,2025-09-23,,,,,
BEEFI580W4,2025-09-23,,,,,
VIVAK238,2025-09-23,,,,,
NATUI980W4,2025-09-23,,,,,
VBBRK162,2025-09-23,,,,,
VBBRK187,2025-09-23,,,,,
CSANI780W4,2025-09-23,,,,,
NEOEJ289,2025-09-23,,,,,
SBSPW108,2025-09-23,,,,,
GGBRU210W4,2025-09-23,,,,,
USIMU400W4,2025-09-23,,,,,
PCARV763,2025-09-23,,,,,
ITUBU410W4,2025-09-23,,,,,
NEOEV282,2025-09-23,,,,,
BBASU160W4,2025-09-23,,,,,
WEGEU405W4,2025-09-23,,,,,
HAPVV600,2025-09-23,,,,,
CSANU460W4,2025-09-23,,,,,
COGNV913,2025-09-23,,,,,
ABEVU145W4,2025-09-23,,,,,
VIVAW228,2025-09-23,,,,,
VIVAW253,2025-09-23,,,,,
HAPVU410W4,2025-09-23,,,,,
BEEFU600W4,2025-09-23,,,,,
WEGEW430,2025-09-23,,,,,
SBSPW113,2025-09-23,,,,,
NEOEV274,2025-09-23,,,,,
USIMU420W4,2025-09-23,,,,,
USIMW560,2025-09-23,,,,,
NEOEV292,2025-09-23,,,,,
SMTOW171,2025-09-23,,,,,
HAPVU365W4,2025-09-23,,,,,
BRAVU170W4,2025-09-23,,,,,
ITUBU350W4,2025-09-23,,,,,
BBDCU187W4,2025-09-23,,,,,
USIMW455,2025-09-23,,,,,
BBASU150W4,2025-09-23,,,,,
PETZV540,2025-09-23,,,,,
BOVAU116W4,2025-09-23,,,,,
SMALW820,2025-09-23,,,,,
BOVVU138W4,2025-09-23,,,,,
BRAVU210W4,2025-09-23,,,,,
SMALW120,2025-09-23,,,,,
VALEU495W4,2025-09-23,,,,,
TAEEW311,2025-09-23,,,,,
BRAVU200W4,2025-09-23,,,,,
BOVAU154W4,2025-09-23,,,,,
TIMSW201,2025-09-23,,,,,
BOVAU156W4,2025-09-23,,,,,
SUZBU480W4,2025-09-23,,,,,
RENTU365W4,2025-09-23,,,,,
SMTOW136,2025-09-23,,,,,
PETZV520,2025-09-23,,,,,
USIMU390W4,2025-09-23,,,,,
NATUU740W4,2025-09-23,,,,,
KEPLP710,2025-09-23,,,,,
ITSAU105W4,2025-09-23,,,,,
SMTOW196,2025-09-23,,,,,
USIMV317,2025-09-23,,,,,
B3SAU110W4,2025-09-23,,,,,
USIMW350,2025-09-23,,,,,
SMALI102W4,2025-09-23,,,,,
USIMK410,2025-09-23,,,,,
UGPAK180,2025-09-23,,,,,
NEOEJ307,2025-09-23,,,,,
NATUI880W4,2025-09-23,,,,,
VIVAK338,2025-09-23,,,,,
BBDCI162W4,2025-09-23,,,,,
BBASI160W4,2025-09-23,,,,,
VIVAK293,2025-09-23,,,,,
RENTI380W4,2025-09-23,,,,,
VIVAK283,2025-09-23,,,,,
LRENI225W4,2025-09-23,,,,,
BBASI140W4,2025-09-23,,,,,
WEGEK330,2025-09-23,,,,,
PRIOI367W4,2025-09-23,,,,,
PRIOI427W4,2025-09-23,,,,,
PRIOI432W4,2025-09-23,,,,,
PRIOI422W4,2025-09-23,,,,,
MGLUI760W4,2025-09-23,,,,,
MGLUI900W4,2025-09-23,,,,,
MGLUI740W4,2025-09-23,,,,,
BBDCI132W4,2025-09-23,,,,,
PETRL821,2025-09-23,,,,,
ITSAB732,2025-09-23,,,,,
ITSAK877,2025-09-23,,,,,
PETRB243,2025-09-23,,,,,
VALEL694,2025-09-23,,,,,
CSANL570,2025-09-23,,,,,
VALEB638,2025-09-23,,,,,
BBASA213,2025-09-23,,,,,
ANIMJ225,2025-09-23,,,,,
BRSRK107,2025-09-23,,,,,
PETRK223,2025-09-23,,,,,
PETRK213,2025-09-23,,,,,
PETRK128,2025-09-23,,,,,
PRIOU412W4,2025-09-23,,,,,
PRIOU422W4,2025-09-23,,,,,
PRIOU427W4,2025-09-23,,,,,
PRIOU442W4,2025-09-23,,,,,
MGLUU920W4,2025-09-23,,,,,
MGLUU660W4,2025-09-23,,,,,
MGLUU780W4,2025-09-23,,,,,
MGLUU900W4,2025-09-23,,,,,
TAEEW341,2025-09-23,,,,,
PETZV600,2025-09-23,,,,,
PCARV543,2025-09-23,,,,,
GGBRU200W4,2025-09-23,,,,,
LRENX174,2025-09-23,,,,,
PRIOX394,2025-09-23,,,,,
LJQQW260,2025-09-23,,,,,
VALEX501,2025-09-23,,,,,
PETRW233,2025-09-23,,,,,
BEEFV961,2025-09-23,,,,,
BBSEX364,2025-09-23,,,,,
DIRRW166,2025-09-23,,,,,
BRAVV337,2025-09-23,,,,,
PETRK228,2025-09-23,,,,,
BMOBK228,2025-09-23,,,,,
EGIEL419,2025-09-23,,,,,
CBAVK350,2025-09-23,,,,,
VAMOK320,2025-09-23,,,,,
LJQQK280,2025-09-23,,,,,
VAMOK380,2025-09-23,,,,,
MDIAK295,2025-09-23,,,,,
EVENL690,2025-09-23,,,,,
ITUBL394,2025-09-23,,,,,
NVDCJ140,2025-09-23,,,,,
PETRK158,2025-09-23,,,,,
CSANL840,2025-09-23,,,,,
DIRRK126,2025-09-23,,,,,
PETRL321,2025-09-23,,,,,
CBAVW330,2025-09-23,,,,,
ITUBX2,2025-09-23,,,,,
HYPEX17,2025-09-23,,,,,
PSSAW591,2025-09-23,,,,,
BMGBW342,2025-09-23,,,,,
PETRW150,2025-09-23,,,,,
SLCEX172,2025-09-23,,,,,
BBDCX146,2025-09-23,,,,,
ISAEW221,2025-09-23,,,,,
BHIAW320,2025-09-23,,,,,
MGLUW494,2025-09-23,,,,,
BRAPX164,2025-09-23,,,,,
PRIOW429,2025-09-23,,,,,
MOVIW733,2025-09-23,,,,,
PETRK193,2025-09-23,,,,,
WEGEL375,2025-09-23,,,,,
NVDCJ150,2025-09-23,,,,,
BOVAJ540,2025-09-23,,,,,
VULCJ205,2025-09-23,,,,,
PETRK165,2025-09-23,,,,,
PETRI355W4,2025-09-23,,,,,
GMATK689,2025-09-23,,,,,
CPLEL125,2025-09-23,,,,,
PETRL296,2025-09-23,,,,,
VULCJ172,2025-09-23,,,,,
PETRI275W4,2025-09-23,,,,,
SUZBL552,2025-09-23,,,,,
PETRK120,2025-09-23,,,,,
MGLUK824,2025-09-23,,,,,
RAILL166,2025-09-23,,,,,
MDIAK310,2025-09-23,,,,,
BMOBK218,2025-09-23,,,,,
ALUPK310,2025-09-23,,,,,
CSANL810,2025-09-23,,,,,
ECORX659,2025-09-23,,,,,
INTBW139,2025-09-23,,,,,
DIRRW141,2025-09-23,,,,,
ALUPW310,2025-09-23,,,,,
MOVIV780,2025-09-23,,,,,
AZZAV335,2025-09-23,,,,,
BEEFV981,2025-09-23,,,,,
BOVAV995,2025-09-23,,,,,
VAMOW330,2025-09-23,,,,,
ISAEW246,2025-09-23,,,,,
CSANV128,2025-09-23,,,,,
MGLUW724,2025-09-23,,,,,
BOVAV103,2025-09-23,,,,,
CSANX770,2025-09-23,,,,,
CBAVW360,2025-09-23,,,,,
CBAVW390,2025-09-23,,,,,
PETRW313,2025-09-23,,,,,
LEVEL301,2025-09-23,,,,,
RENTL385,2025-09-23,,,,,
MOVIJ460,2025-09-23,,,,,
BRAPL167,2025-09-23,,,,,
SEERJ650,2025-09-23,,,,,
SUZBL557,2025-09-23,,,,,
AGROK215,2025-09-23,,,,,
PRIOL379,2025-09-23,,,,,
SUZBL537,2025-09-23,,,,,
AUREK974,2025-09-23,,,,,
LJQQK320,2025-09-23,,,,,
PETRL291,2025-09-23,,,,,
CURYJ361,2025-09-23,,,,,
AZZAV340,2025-09-23,,,,,
MGLUW834,2025-09-23,,,,,
SMFTW258,2025-09-23,,,,,
GMATW569,2025-09-23,,,,,
CSANX790,2025-09-23,,,,,
PETRW188,2025-09-23,,,,,
TUPYW120,2025-09-23,,,,,
VALEX554,2025-09-23,,,,,
SIMHW653,2025-09-23,,,,,
AUREW102,2025-09-23,,,,,
PETRW453,2025-09-23,,,,,
PETRW208,2025-09-23,,,,,
TUPYW160,2025-09-23,,,,,
VALEX534,2025-09-23,,,,,
VALEW866,2025-09-23,,,,,
MGLUW854,2025-09-23,,,,,
BBDCW276,2025-09-23,,,,,
PETRW183,2025-09-23,,,,,
PETRW23,2025-09-23,,,,,
VALEX574,2025-09-23,,,,,
TUPYW145,2025-09-23,,,,,
GMATW669,2025-09-23,,,,,
VULCV177,2025-09-23,,,,,
PETRW228,2025-09-23,,,,,
RENTW511,2025-09-23,,,,,
VAMOW420,2025-09-23,,,,,
BMGBW332,2025-09-23,,,,,
MOVIW653,2025-09-23,,,,,
CEABW148,2025-09-23,,,,,
LJQQW240,2025-09-23,,,,,
PETRW525,2025-09-23,,,,,
CBAVW320,2025-09-23,,,,,
LRENX184,2025-09-23,,,,,
ITUBX379,2025-09-23,,,,,
PETRX296,2025-09-23,,,,,
MGLUW624,2025-09-23,,,,,
VLIDW206,2025-09-23,,,,,
BPACU425W4,2025-09-23,,,,,
BBDCL146,2025-09-23,,,,,
SAPRK348,2025-09-23,,,,,
DIRRK141,2025-09-23,,,,,
SIMHK513,2025-09-23,,,,,
VALEL554,2025-09-23,,,,,
BRSRK122,2025-09-23,,,,,
PSSAK496,2025-09-23,,,,,
PETRI250W4,2025-09-23,,,,,
MGLUK944,2025-09-23,,,,,
LRENL174,2025-09-23,,,,,
BPACI385W4,2025-09-23,,,,,
LRENL169,2025-09-23,,,,,
DIRRK131,2025-09-23,,,,,
PSSAK571,2025-09-23,,,,,
BBDCX172,2025-09-23,,,,,
PSSAW551,2025-09-23,,,,,
CMINX482,2025-09-23,,,,,
CURYV361,2025-09-23,,,,,
PETRW238,2025-09-23,,,,,
SAPRW343,2025-09-23,,,,,
PETRX283,2025-09-23,,,,,
NVDCT207,2025-09-23,,,,,
PETRW155,2025-09-23,,,,,
BRAPX159,2025-09-23,,,,,
AUREW107,2025-09-23,,,,,
ITUBX35,2025-09-23,,,,,
RENTW286,2025-09-23,,,,,
MOVIW853,2025-09-23,,,,,
VALEX496,2025-09-23,,,,,
VLIDW236,2025-09-23,,,,,
VAMOW400,2025-09-23,,,,,
PETRX286,2025-09-23,,,,,
CEABW188,2025-09-23,,,,,
AUREW974,2025-09-23,,,,,
IRBRX467,2025-09-23,,,,,
TUPYK160,2025-09-23,,,,,
MRVEJ125,2025-09-23,,,,,
ALUPK305,2025-09-23,,,,,
BOVAJ179,2025-09-23,,,,,
PETRK235,2025-09-23,,,,,
SAPRL280,2025-09-23,,,,,
MOVIK793,2025-09-23,,,,,
MOVIK893,2025-09-23,,,,,
SBFGK129,2025-09-23,,,,,
SAPRK323,2025-09-23,,,,,
CURYK318,2025-09-23,,,,,
WEGEL378,2025-09-23,,,,,
PETRI255W4,2025-09-23,,,,,
BOVAJ995,2025-09-23,,,,,
NATUL117,2025-09-23,,,,,
DIRRK186,2025-09-23,,,,,
SAPRK338,2025-09-23,,,,,
VAMOK450,2025-09-23,,,,,
PETRI270W4,2025-09-23,,,,,
SIMHK533,2025-09-23,,,,,
SMFTK273,2025-09-23,,,,,
BBASL191,2025-09-23,,,,,
SAPRK283,2025-09-23,,,,,
BBASK156,2025-09-23,,,,,
MOVIK733,2025-09-23,,,,,
MGLUK774,2025-09-23,,,,,
BBASL194,2025-09-23,,,,,
B3SAL125,2025-09-23,,,,,
MGLUK744,2025-09-23,,,,,
CSANK870,2025-09-23,,,,,
AUREK874,2025-09-23,,,,,
PRIOL394,2025-09-23,,,,,
PETRW245,2025-09-23,,,,,
BPACX404,2025-09-23,,,,,
MGLUW644,2025-09-23,,,,,
RENTX385,2025-09-23,,,,,
SAPRW363,2025-09-23,,,,,
RENTW301,2025-09-23,,,,,
ABEVX116,2025-09-23,,,,,
ISAEW186,2025-09-23,,,,,
RAPTW575,2025-09-23,,,,,
MGLUW574,2025-09-23,,,,,
MGLUW684,2025-09-23,,,,,
ABEVX113,2025-09-23,,,,,
BBDCX137,2025-09-23,,,,,
PETRU245W4,2025-09-23,,,,,
PRIOX384,2025-09-23,,,,,
MGLUW554,2025-09-23,,,,,
CMINX472,2025-09-23,,,,,
BPACX389,2025-09-23,,,,,
RDORX36,2025-09-23,,,,,
MGLUW654,2025-09-23,,,,,
PETRW213,2025-09-23,,,,,
MGLUW123,2025-09-23,,,,,
ANIMW315,2025-09-23,,,,,
PETRW240,2025-09-23,,,,,
BBASL184,2025-09-23,,,,,
BBSEL349,2025-09-23,,,,,
AUREK102,2025-09-23,,,,,
RAPTK535,2025-09-23,,,,,
FLRYL143,2025-09-23,,,,,
CEABK213,2025-09-23,,,,,
PSSAK531,2025-09-23,,,,,
BBASL199,2025-09-23,,,,,
PSSAK511,2025-09-23,,,,,
PETRK218,2025-09-23,,,,,
PETRK125,2025-09-23,,,,,
MGLUK794,2025-09-23,,,,,
MOVIK813,2025-09-23,,,,,
MOVIK593,2025-09-23,,,,,
VAMOK400,2025-09-23,,,,,
VAMOK410,2025-09-23,,,,,
VAMOL495,2025-09-23,,,,,
BOVAJ103,2025-09-23,,,,,
SIMHK573,2025-09-23,,,,,
ABEVL126,2025-09-23,,,,,
PETRK323,2025-09-23,,,,,
PETRK160,2025-09-23,,,,,
PETRK170,2025-09-23,,,,,
SMALL102,2025-09-23,,,,,
BBDCL172,2025-09-23,,,,,
PETRL316,2025-09-23,,,,,
PETRK258,2025-09-23,,,,,
SEERJ800,2025-09-23,,,,,
GMATK729,2025-09-23,,,,,
WEGEK473,2025-09-23,,,,,
HYPEJ220,2025-09-23,,,,,
BBDCK117,2025-09-23,,,,,
MGLUW674,2025-09-23,,,,,
CSANX840,2025-09-23,,,,,
BBDCW258,2025-09-23,,,,,
CSANW480,2025-09-23,,,,,
BPACU375W4,2025-09-23,,,,,
BPACU390W4,2025-09-23,,,,,
PRIOV685,2025-09-23,,,,,
SAPRW323,2025-09-23,,,,,
BRAVX195,2025-09-23,,,,,
ANIMW355,2025-09-23,,,,,
POMOW102,2025-09-23,,,,,
SAPRW353,2025-09-23,,,,,
POMOW950,2025-09-23,,,,,
ABCBW215,2025-09-23,,,,,
CEABW173,2025-09-23,,,,,
VALEX99,2025-09-23,,,,,
HYPEV350,2025-09-23,,,,,
MRVEW290,2025-09-23,,,,,
PCARW570,2025-09-23,,,,,
MRVEW112,2025-09-23,,,,,
RENTX665,2025-09-23,,,,,
PCARW190,2025-09-23,,,,,
PRIOX704,2025-09-23,,,,,
RENTX660,2025-09-23,,,,,
BBASN240,2025-09-23,,,,,
BBDCO294,2025-09-23,,,,,
PRIOM447,2025-09-23,,,,,
WEGEN371,2025-09-23,,,,,
BBSEM334,2025-09-23,,,,,
CSANN790,2025-09-23,,,,,
ABEVM128,2025-09-23,,,,,
QUALV309,2025-09-23,,,,,
ITUBV300,2025-09-23,,,,,
ITUBV36,2025-09-23,,,,,
VBBRW209,2025-09-23,,,,,
MGLUV736,2025-09-23,,,,,
LEVEW265,2025-09-23,,,,,
ABEVN101,2025-09-23,,,,,
BBSED352,2025-09-23,,,,,
HAPVJ505,2025-09-23,,,,,
BBDCB154,2025-09-23,,,,,
ITUBK349,2025-09-23,,,,,
BPANJ769,2025-09-23,,,,,
HBORK310,2025-09-23,,,,,
VBBRA235,2025-09-23,,,,,
VBBRA240,2025-09-23,,,,,
FESAK678,2025-09-23,,,,,
WEGEK475,2025-09-23,,,,,
ELETA346,2025-09-23,,,,,
BOVAJ490,2025-09-23,,,,,
BRAVK290,2025-09-23,,,,,
HBORK330,2025-09-23,,,,,
FESAK658,2025-09-23,,,,,
LEVEK275,2025-09-23,,,,,
BBDCB151,2025-09-23,,,,,
ITUBK282,2025-09-23,,,,,
BRAVN225,2025-09-23,,,,,
RENTW349,2025-09-23,,,,,
ABCBV213,2025-09-23,,,,,
BRAVN227,2025-09-23,,,,,
ELETW457,2025-09-23,,,,,
PETRX245,2025-09-23,,,,,
KEPLW726,2025-09-23,,,,,
RAIZX204,2025-09-23,,,,,
ABEVM126,2025-09-23,,,,,
CPLEV12,2025-09-23,,,,,
ITUBJ300,2025-09-23,,,,,
BBASA188,2025-09-23,,,,,
BOVAK107,2025-09-23,,,,,
LAVVK150,2025-09-23,,,,,
BBASA198,2025-09-23,,,,,
PETRL240,2025-09-23,,,,,
CSANQ78,2025-09-23,,,,,
PETRW425,2025-09-23,,,,,
BBDCN161,2025-09-23,,,,,
SUZBM505,2025-09-23,,,,,
BBASQ208,2025-09-23,,,,,
BBSET358,2025-09-23,,,,,
BBDCW243,2025-09-23,,,,,
HBORW330,2025-09-23,,,,,
BPANV749,2025-09-23,,,,,
PETRW420,2025-09-23,,,,,
IVVBW363,2025-09-23,,,,,
BRAVV362,2025-09-23,,,,,
BBSEM341,2025-09-23,,,,,
HAPVV257,2025-09-23,,,,,
MGLUW914,2025-09-23,,,,,
RAIZL19,2025-09-23,,,,,
BBDCK953,2025-09-23,,,,,
BOVAJ975,2025-09-23,,,,,
ABEVJ996,2025-09-23,,,,,
RENTK334,2025-09-23,,,,,
BBASB252,2025-09-23,,,,,
LEVEK265,2025-09-23,,,,,
MELIK116,2025-09-23,,,,,
BBSEA352,2025-09-23,,,,,
JALLK330,2025-09-23,,,,,
HAPVJ425,2025-09-23,,,,,
RENTK426,2025-09-23,,,,,
PETRK430,2025-09-23,,,,,
VBBRK214,2025-09-23,,,,,
BRAPN155,2025-09-23,,,,,
RENTM294,2025-09-23,,,,,
PETRW435,2025-09-23,,,,,
PETRX238,2025-09-23,,,,,
BBASV17,2025-09-23,,,,,
BBDCW248,2025-09-23,,,,,
BOVAV975,2025-09-23,,,,,
RENTW329,2025-09-23,,,,,
HBORW310,2025-09-23,,,,,
ELETQ410,2025-09-23,,,,,
BOVAO155,2025-09-23,,,,,
BBDCB159,2025-09-23,,,,,
AZZAL50,2025-09-23,,,,,
NATUL130,2025-09-23,,,,,
IVVBK378,2025-09-23,,,,,
PSSAK258,2025-09-23,,,,,
ITUBJ495,2025-09-23,,,,,
SUZBL607,2025-09-23,,,,,
BBSEL374,2025-09-23,,,,,
ELETL541,2025-09-23,,,,,
ITUBA252,2025-09-23,,,,,
ELETJ495,2025-09-23,,,,,
ELETE605,2025-09-23,,,,,
BOVAD121,2025-09-23,,,,,
ONCOK890,2025-09-23,,,,,
CASHG550,2025-09-23,,,,,
MOTVK134,2025-09-23,,,,,
CSANK840,2025-09-23,,,,,
WEGEC311,2025-09-23,,,,,
IBOVD165,2025-09-23,,,,,
IBOVI44,2025-09-23,,,,,
PRIOL469,2025-09-23,,,,,
BOVAC155,2025-09-23,,,,,
CASHJ640,2025-09-23,,,,,
PETRL255,2025-09-23,,,,,
ELETL531,2025-09-23,,,,,
RADLL268,2025-09-23,,,,,
ITUBL365,2025-09-23,,,,,
SOJAK110,2025-09-23,,,,,
IVVBB278,2025-09-23,,,,,
PETRL143,2025-09-23,,,,,
ELETA506,2025-09-23,,,,,
ITUBA390,2025-09-23,,,,,
ELETE600,2025-09-23,,,,,
BBDCX227,2025-09-23,,,,,
CBAVX910,2025-09-23,,,,,
B3SAX694,2025-09-23,,,,,
ELETQ477,2025-09-23,,,,,
BBASW121,2025-09-23,,,,,
ROMIK830,2025-09-23,,,,,
RENTV741,2025-09-23,,,,,
BOVAJ955,2025-09-23,,,,,
WIZCK815,2025-09-23,,,,,
TRISK760,2025-09-23,,,,,
ROMIK850,2025-09-23,,,,,
GGBRV281,2025-09-23,,,,,
TTENK139,2025-09-23,,,,,
TTENK145,2025-09-23,,,,,
WIZCW795,2025-09-23,,,,,
BOVAV965,2025-09-23,,,,,
BPACW449,2025-09-23,,,,,
ODPVK133,2025-09-23,,,,,
MYPKK133,2025-09-23,,,,,
VULCW200,2025-09-23,,,,,
WIZCW995,2025-09-23,,,,,
TENDW200,2025-09-23,,,,,
RECVW127,2025-09-23,,,,,
ROMIW770,2025-09-23,,,,,
WIZCK103,2025-09-23,,,,,
VULCK200,2025-09-23,,,,,
VBBRL303,2025-09-23,,,,,
ROXOW135,2025-09-23,,,,,
UNIPW660,2025-09-23,,,,,
SOJAK11,2025-09-23,,,,,
RANIW832,2025-09-23,,,,,
BOVAJ965,2025-09-23,,,,,
WEGEK358,2025-09-23,,,,,
GGBRW139,2025-09-23,,,,,
XPBRK100,2025-09-23,,,,,
TENDK235,2025-09-23,,,,,
UNIPK650,2025-09-23,,,,,
TTENW143,2025-09-23,,,,,
UNIPK580,2025-09-23,,,,,
UNIPK540,2025-09-23,,,,,
MYPKK163,2025-09-23,,,,,
UNIPK560,2025-09-23,,,,,
CSANK960,2025-09-23,,,,,
UNIPK630,2025-09-23,,,,,
VBBRX493,2025-09-23,,,,,
ITUBK464,2025-09-23,,,,,
BOVAV955,2025-09-23,,,,,
BBDCK93,2025-09-23,,,,,
NVDCK225,2025-09-23,,,,,
WIZCK975,2025-09-23,,,,,
RECVW137,2025-09-23,,,,,
SEERW950,2025-09-23,,,,,
WIZCK955,2025-09-23,,,,,
RANIW792,2025-09-23,,,,,
ODPVK118,2025-09-23,,,,,
ODPVK138,2025-09-23,,,,,
VALEK380,2025-09-23,,,,,
PRIOW426,2025-09-23,,,,,
UNIPW650,2025-09-23,,,,,
ROMIK810,2025-09-23,,,,,
ASAIJ729,2025-09-23,,,,,
HYPEJ210,2025-09-23,,,,,
CYREJ186,2025-09-23,,,,,
CYREJ221,2025-09-23,,,,,
ECORJ549,2025-09-23,,,,,
ECORJ609,2025-09-23,,,,,
CASHA330,2025-09-23,,,,,
ITSAC123,2025-09-23,,,,,
RDORJ309,2025-09-23,,,,,
SMFTJ211,2025-09-23,,,,,
COGNF303,2025-09-23,,,,,
BABAK426,2025-09-23,,,,,
BRAVK312,2025-09-23,,,,,
IVVBI308,2025-09-23,,,,,
BBDCF161,2025-09-23,,,,,
BBSEL320,2025-09-23,,,,,
BHIAL400,2025-09-23,,,,,
ITUBK277,2025-09-23,,,,,
GFSAJ135,2025-09-23,,,,,
VIVTL320,2025-09-23,,,,,
BBDCK91,2025-09-23,,,,,
BMOBJ193,2025-09-23,,,,,
YDUQL138,2025-09-23,,,,,
BMOBJ203,2025-09-23,,,,,
RECVJ117,2025-09-23,,,,,
ASAIV729,2025-09-23,,,,,
HYPEV210,2025-09-23,,,,,
CYREV221,2025-09-23,,,,,
MGLUX197,2025-09-23,,,,,
BRAVW430,2025-09-23,,,,,
BBSEX320,2025-09-23,,,,,
SBSPX121,2025-09-23,,,,,
BBDCW263,2025-09-23,,,,,
XPBRV940,2025-09-23,,,,,
POSIX413,2025-09-23,,,,,
PCARX375,2025-09-23,,,,,
TASAV379,2025-09-23,,,,,
RAIZX120,2025-09-23,,,,,
BOVAW280,2025-09-23,,,,,
BOVAV945,2025-09-23,,,,,
HAPVX340,2025-09-23,,,,,
EGIEX402,2025-09-23,,,,,
CMINX392,2025-09-23,,,,,
CAMLV358,2025-09-23,,,,,
ROMIV690,2025-09-23,,,,,
WEGEW578,2025-09-23,,,,,
BMOBV203,2025-09-23,,,,,
HBORV380,2025-09-23,,,,,
CBAVV210,2025-09-23,,,,,
ENGIX466,2025-09-23,,,,,
POSIX513,2025-09-23,,,,,
RENTW409,2025-09-23,,,,,
SMTOL178,2025-09-23,,,,,
ALPAL951,2025-09-23,,,,,
RENTK409,2025-09-23,,,,,
MGLUL684,2025-09-23,,,,,
GFSAJ145,2025-09-23,,,,,
ZAMPJ450,2025-09-23,,,,,
CYREL259,2025-09-23,,,,,
HAPVK745,2025-09-23,,,,,
BHIAL300,2025-09-23,,,,,
CVCBL310,2025-09-23,,,,,
BPANL810,2025-09-23,,,,,
CASHL680,2025-09-23,,,,,
BOVAJ935,2025-09-23,,,,,
BEEFK585,2025-09-23,,,,,
SBSPJ119,2025-09-23,,,,,
INBRJ435,2025-09-23,,,,,
EZTCL142,2025-09-23,,,,,
RENTV766,2025-09-23,,,,,
BBASV132,2025-09-23,,,,,
CSNAX640,2025-09-23,,,,,
BBASV122,2025-09-23,,,,,
VIVTX330,2025-09-23,,,,,
SBSPW120,2025-09-23,,,,,
PETRL33,2025-09-23,,,,,
DIRRJ138,2025-09-23,,,,,
MGLUL784,2025-09-23,,,,,
BOVAJ945,2025-09-23,,,,,
CASHL480,2025-09-23,,,,,
BOVAF20,2025-09-23,,,,,
YDUQX138,2025-09-23,,,,,
CSANW425,2025-09-23,,,,,
BOVAN180,2025-09-23,,,,,
PCARX150,2025-09-23,,,,,
PCARX167,2025-09-23,,,,,
BOVAQ200,2025-09-23,,,,,
BOVAS200,2025-09-23,,,,,
AUREV110,2025-09-23,,,,,
B3SAN13,2025-09-23,,,,,
SUZBA605,2025-09-23,,,,,
BBASB230,2025-09-23,,,,,
BPACA432,2025-09-23,,,,,
HAPVJ172,2025-09-23,,,,,
PRIOJ375W2,2025-09-23,,,,,
PRIOK380W1,2025-09-23,,,,,
SMALJ104W1,2025-09-23,,,,,
EMBRJ634,2025-09-23,,,,,
CBAVB485,2025-09-23,,,,,
PRIOJ390W4,2025-09-23,,,,,
PRIOK350W1,2025-09-23,,,,,
PRIOJ390W5,2025-09-23,,,,,
BBDCA206,2025-09-23,,,,,
PRIOW385W1,2025-09-23,,,,,
SMALV106W5,2025-09-23,,,,,
BBASM203,2025-09-23,,,,,
B3SAN123,2025-09-23,,,,,
PRIOV400W2,2025-09-23,,,,,
EMBRW494,2025-09-23,,,,,
SMALV109W2,2025-09-23,,,,,
QUALV210,2025-09-23,,,,,
BBSEM338,2025-09-23,,,,,
PRIOV365W2,2025-09-23,,,,,
PRIOV390W5,2025-09-23,,,,,
SMALV980W2,2025-09-23,,,,,
PRIOJ415W5,2025-09-23,,,,,
CBAVB520,2025-09-23,,,,,
KLBNI16,2025-09-23,,,,,
ASAIL120,2025-09-23,,,,,
EMBRK969,2025-09-23,,,,,
BBASB233,2025-09-23,,,,,
BRAVK237,2025-09-23,,,,,
AUREV107,2025-09-23,,,,,
CBAVN490,2025-09-23,,,,,
SMALV980W1,2025-09-23,,,,,
MGLUW158,2025-09-23,,,,,
SMALV103W1,2025-09-23,,,,,
PRIOV350W5,2025-09-23,,,,,
PRIOW440W1,2025-09-23,,,,,
PRIOW375W1,2025-09-23,,,,,
RDORW360,2025-09-23,,,,,
PRIOW450W1,2025-09-23,,,,,
MGLUV231,2025-09-23,,,,,
PRIOV355W2,2025-09-23,,,,,
PRIOV350W2,2025-09-23,,,,,
SMALV101W4,2025-09-23,,,,,
PRIOV440W4,2025-09-23,,,,,
RDORV354,2025-09-23,,,,,
SMALV105W2,2025-09-23,,,,,
RENTV776,2025-09-23,,,,,
BPACM432,2025-09-23,,,,,
PRIOT402,2025-09-23,,,,,
POMOL880,2025-09-23,,,,,
BOVAJ155W4,2025-09-23,,,,,
B3SAB128,2025-09-23,,,,,
PRIOJ425W2,2025-09-23,,,,,
POMOL799,2025-09-23,,,,,
PRIOJ420W5,2025-09-23,,,,,
AUREJ112,2025-09-23,,,,,
PRIOJ395W4,2025-09-23,,,,,
PRIOJ435W2,2025-09-23,,,,,
KLBNI149,2025-09-23,,,,,
EMBRJ135,2025-09-23,,,,,
HAPVJ427,2025-09-23,,,,,
EMBRJ679,2025-09-23,,,,,
SMALJ108W2,2025-09-23,,,,,
PRIOJ360W5,2025-09-23,,,,,
HAPVJ475,2025-09-23,,,,,
RENTA501,2025-09-23,,,,,
SMALJ100W4,2025-09-23,,,,,
PRIOK405W1,2025-09-23,,,,,
SMALJ111W2,2025-09-23,,,,,
PRIOK369,2025-09-23,,,,,
PRIOH420,2025-09-23,,,,,
BBASA203,2025-09-23,,,,,
FLRYA145,2025-09-23,,,,,
PRIOJ365W4,2025-09-23,,,,,
PRIOV405W4,2025-09-23,,,,,
PRIOW346,2025-09-23,,,,,
HAPVV427,2025-09-23,,,,,
BBASM205,2025-09-23,,,,,
SUZBM580,2025-09-23,,,,,
B3SAN128,2025-09-23,,,,,
PRIOW299,2025-09-23,,,,,
SMALV107W2,2025-09-23,,,,,
PRIOW405W1,2025-09-23,,,,,
HAPVV410,2025-09-23,,,,,
FLRYM137,2025-09-23,,,,,
EMBRJ664,2025-09-23,,,,,
HAPVK430,2025-09-23,,,,,
BBASB243,2025-09-23,,,,,
PRIOC415,2025-09-23,,,,,
VALEA685,2025-09-23,,,,,
PRIOK400W1,2025-09-23,,,,,
SMALJ105W1,2025-09-23,,,,,
SMALJ124W2,2025-09-23,,,,,
PRIOJ415W2,2025-09-23,,,,,
VALEA705,2025-09-23,,,,,
PRIOV405W5,2025-09-23,,,,,
MGLUV226,2025-09-23,,,,,
PRIOW415W1,2025-09-23,,,,,
EMBRV909,2025-09-23,,,,,
SMALV101W2,2025-09-23,,,,,
RENTV761,2025-09-23,,,,,
EMBRV664,2025-09-23,,,,,
CMIGW968,2025-09-23,,,,,
BOVAV915,2025-09-23,,,,,
PRIOV450W5,2025-09-23,,,,,
HAPVV407,2025-09-23,,,,,
ASAIX103,2025-09-23,,,,,
EMBRW639,2025-09-23,,,,,
HAPVW45,2025-09-23,,,,,
ITUBT440,2025-09-23,,,,,
NASDV175,2025-09-23,,,,,
SUZBX472,2025-09-23,,,,,
VBBRW249,2025-09-23,,,,,
RAIZV131,2025-09-23,,,,,
GOAUX859,2025-09-23,,,,,
MRVEX112,2025-09-23,,,,,
MRVEX107,2025-09-23,,,,,
USIMX339,2025-09-23,,,,,
ITSAV989,2025-09-23,,,,,
CSANX122,2025-09-23,,,,,
PETRW300W1,2025-09-23,,,,,
CEABV115,2025-09-23,,,,,
RDORW398,2025-09-23,,,,,
ITUBJ387,2025-09-23,,,,,
ITUBH440,2025-09-23,,,,,
ITUBA417,2025-09-23,,,,,
TENDJ243,2025-09-23,,,,,
VALEK595W1,2025-09-23,,,,,
PETRK335W1,2025-09-23,,,,,
ELETK485,2025-09-23,,,,,
VALEJ1,2025-09-23,,,,,
RENTK419,2025-09-23,,,,,
PETRK320W1,2025-09-23,,,,,
TENDJ153,2025-09-23,,,,,
WEGEK468,2025-09-23,,,,,
VALEK575W1,2025-09-23,,,,,
TENDJ173,2025-09-23,,,,,
ITUBA402,2025-09-23,,,,,
USIML309,2025-09-23,,,,,
BBASK200W1,2025-09-23,,,,,
BBASK215W1,2025-09-23,,,,,
TENDJ223,2025-09-23,,,,,
ITUBL290,2025-09-23,,,,,
VALEK540W1,2025-09-23,,,,,
WIZCJ865,2025-09-23,,,,,
VALEK590W1,2025-09-23,,,,,
ITSAJ13,2025-09-23,,,,,
RAIZB465,2025-09-23,,,,,
CMINB492,2025-09-23,,,,,
BBDCL150,2025-09-23,,,,,
ITSAJ569,2025-09-23,,,,,
BBDCK170W1,2025-09-23,,,,,
BPACL462,2025-09-23,,,,,
SMALW995,2025-09-23,,,,,
PETRW320W1,2025-09-23,,,,,
RENTM299,2025-09-23,,,,,
GOAUX829,2025-09-23,,,,,
VALEW555W1,2025-09-23,,,,,
WEGEW333,2025-09-23,,,,,
VBBRV277,2025-09-23,,,,,
ITSAW173,2025-09-23,,,,,
USIMX869,2025-09-23,,,,,
RENTM301,2025-09-23,,,,,
PRIOX366,2025-09-23,,,,,
VALEW575W1,2025-09-23,,,,,
DIRRV140,2025-09-23,,,,,
PETRV270W2,2025-09-23,,,,,
PRIOW321,2025-09-23,,,,,
BBASW356,2025-09-23,,,,,
RDORW41,2025-09-23,,,,,
PETRW305W1,2025-09-23,,,,,
PRIOW324,2025-09-23,,,,,
VALEV101,2025-09-23,,,,,
RENTW429,2025-09-23,,,,,
BBSEN327,2025-09-23,,,,,
BEEFT701,2025-09-23,,,,,
VALEN455,2025-09-23,,,,,
VALEP577,2025-09-23,,,,,
BBASA225,2025-09-23,,,,,
CURYJ328,2025-09-23,,,,,
PETZJ445,2025-09-23,,,,,
ELETB400,2025-09-23,,,,,
VALEK580W1,2025-09-23,,,,,
BBASK210W1,2025-09-23,,,,,
RAIZI22,2025-09-23,,,,,
CEABJ170,2025-09-23,,,,,
EQTLK350,2025-09-23,,,,,
DIRRJ140,2025-09-23,,,,,
DIRRJ126,2025-09-23,,,,,
ITSAB113,2025-09-23,,,,,
VBBRJ362,2025-09-23,,,,,
RAIZI18,2025-09-23,,,,,
ITSAJ999,2025-09-23,,,,,
ELETK467,2025-09-23,,,,,
DIRRK149,2025-09-23,,,,,
VALEC650,2025-09-23,,,,,
PETRK315W1,2025-09-23,,,,,
RENTB405,2025-09-23,,,,,
PETRK310W1,2025-09-23,,,,,
WEGEO303,2025-09-23,,,,,
CEABV170,2025-09-23,,,,,
WEGEO308,2025-09-23,,,,,
CMINN457,2025-09-23,,,,,
EMBRV584,2025-09-23,,,,,
BBSEM318,2025-09-23,,,,,
CURYV316,2025-09-23,,,,,
BBASW215W1,2025-09-23,,,,,
BBASM220,2025-09-23,,,,,
DIRRV126,2025-09-23,,,,,
VALEO695,2025-09-23,,,,,
ELETV1,2025-09-23,,,,,
BOVAK540,2025-09-23,,,,,
B3SAF138,2025-09-23,,,,,
CURYJ333,2025-09-23,,,,,
RDORK398,2025-09-23,,,,,
VALEA675,2025-09-23,,,,,
CEABJ185,2025-09-23,,,,,
VALEK570W1,2025-09-23,,,,,
ITSAJ15,2025-09-23,,,,,
ITUBA412,2025-09-23,,,,,
RENTV771,2025-09-23,,,,,
BOVAQ124,2025-09-23,,,,,
GGBRW144,2025-09-23,,,,,
BBASW220W1,2025-09-23,,,,,
BBSEN330,2025-09-23,,,,,
BEEFT771,2025-09-23,,,,,
MOVIX175,2025-09-23,,,,,
VBBRV272,2025-09-23,,,,,
SMALV860,2025-09-23,,,,,
VALEW540W1,2025-09-23,,,,,
BRAVW152,2025-09-23,,,,,
ITSAV999,2025-09-23,,,,,
BBSEN332,2025-09-23,,,,,
PETRV260W2,2025-09-23,,,,,
BBSEN340,2025-09-23,,,,,
VALEW535W1,2025-09-23,,,,,
GGBRW134,2025-09-23,,,,,
VBBRV259,2025-09-23,,,,,
PRIOX361,2025-09-23,,,,,
VALEC655,2025-09-23,,,,,
USIML344,2025-09-23,,,,,
BBASA210,2025-09-23,,,,,
BPACB517,2025-09-23,,,,,
BBASB208,2025-09-23,,,,,
GMATA729,2025-09-23,,,,,
BPACB422,2025-09-23,,,,,
BBDCF223,2025-09-23,,,,,
HAPVJ495,2025-09-23,,,,,
ALOSK246,2025-09-23,,,,,
RDORK338,2025-09-23,,,,,
CYREK226,2025-09-23,,,,,
BRAPK153,2025-09-23,,,,,
RENTK449,2025-09-23,,,,,
EMBRJ286,2025-09-23,,,,,
RENTK469,2025-09-23,,,,,
USIMX319,2025-09-23,,,,,
RAPTX144,2025-09-23,,,,,
ELETW430,2025-09-23,,,,,
BBASN208,2025-09-23,,,,,
BPACN422,2025-09-23,,,,,
PCARW295,2025-09-23,,,,,
RAIZW125,2025-09-23,,,,,
ELETW462,2025-09-23,,,,,
NATUW790,2025-09-23,,,,,
RAIZW850,2025-09-23,,,,,
HYPEW232,2025-09-23,,,,,
CSNAX620,2025-09-23,,,,,
HAPVM157,2025-09-23,,,,,
PCARK315,2025-09-23,,,,,
ELETK482,2025-09-23,,,,,
MRVEK690,2025-09-23,,,,,
NATUK850,2025-09-23,,,,,
RADLK180,2025-09-23,,,,,
ASAIK969,2025-09-23,,,,,
EMBRK934,2025-09-23,,,,,
SUZBK555,2025-09-23,,,,,
VBBRJ194,2025-09-23,,,,,
BEEFL631,2025-09-23,,,,,
CBAVK325,2025-09-23,,,,,
RDORK395,2025-09-23,,,,,
SAPRK340,2025-09-23,,,,,
BRSRK105,2025-09-23,,,,,
ELETK492,2025-09-23,,,,,
BEEFM145,2025-09-23,,,,,
HAPVV615,2025-09-23,,,,,
BRAVM337,2025-09-23,,,,,
RENTW434,2025-09-23,,,,,
PCARW265,2025-09-23,,,,,
BRAVW137,2025-09-23,,,,,
JBSSW845,2025-09-23,,,,,
VBBRW204,2025-09-23,,,,,
CMIGW928,2025-09-23,,,,,
ELETW3,2025-09-23,,,,,
PRIOW301,2025-09-23,,,,,
ELETW497,2025-09-23,,,,,
ALOSW226,2025-09-23,,,,,
ASAIW103,2025-09-23,,,,,
RDORW390,2025-09-23,,,,,
AZZAW325,2025-09-23,,,,,
MGLUV256,2025-09-23,,,,,
HAPVW377,2025-09-23,,,,,
MGLUV241,2025-09-23,,,,,
USIMV102,2025-09-23,,,,,
MRVEW730,2025-09-23,,,,,
HAPVW37,2025-09-23,,,,,
BEEFW150,2025-09-23,,,,,
JBSSW850,2025-09-23,,,,,
BRSRK110,2025-09-23,,,,,
BEEFL641,2025-09-23,,,,,
HAPVJ430,2025-09-23,,,,,
BBSEK315,2025-09-23,,,,,
VIVAK275,2025-09-23,,,,,
LWSAK42,2025-09-23,,,,,
PRIOK364,2025-09-23,,,,,
ISAEK234,2025-09-23,,,,,
VIVAK270,2025-09-23,,,,,
ISAEK224,2025-09-23,,,,,
ALOSK21,2025-09-23,,,,,
PCARK345,2025-09-23,,,,,
CBAVK310,2025-09-23,,,,,
HYPEK217,2025-09-23,,,,,
HAPVK460,2025-09-23,,,,,
AUREK105,2025-09-23,,,,,
BPACK442,2025-09-23,,,,,
CBAVK345,2025-09-23,,,,,
RENTK434,2025-09-23,,,,,
EMBRJ281,2025-09-23,,,,,
CBAVK290,2025-09-23,,,,,
CMIGK888,2025-09-23,,,,,
USIMK385,2025-09-23,,,,,
HYPEK237,2025-09-23,,,,,
KLBNK186,2025-09-23,,,,,
RADLK170,2025-09-23,,,,,
MRVEK730,2025-09-23,,,,,
NATUK830,2025-09-23,,,,,
VALEJ489,2025-09-23,,,,,
HAPVK372,2025-09-23,,,,,
EMBRJ699,2025-09-23,,,,,
BBDCK137,2025-09-23,,,,,
VBBRV189,2025-09-23,,,,,
HAPVW405,2025-09-23,,,,,
LWSAW39,2025-09-23,,,,,
HAPVW415,2025-09-23,,,,,
BBSEW290,2025-09-23,,,,,
MGLUV251,2025-09-23,,,,,
KLBNW196,2025-09-23,,,,,
ECORW659,2025-09-23,,,,,
VBBRV194,2025-09-23,,,,,
RADLW175,2025-09-23,,,,,
BRKMM320,2025-09-23,,,,,
USIMV992,2025-09-23,,,,,
LRENM153,2025-09-23,,,,,
SMALV830,2025-09-23,,,,,
RENTW501,2025-09-23,,,,,
BBDCM129,2025-09-23,,,,,
NATUW800W1,2025-09-23,,,,,
ITUBK330,2025-09-23,,,,,
ELETK2,2025-09-23,,,,,
BEEFH525,2025-09-23,,,,,
VALEC570,2025-09-23,,,,,
ELETG428,2025-09-23,,,,,
JBSSI86,2025-09-23,,,,,
WEGEA391,2025-09-23,,,,,
BBDCJ140,2025-09-23,,,,,
LRENA145,2025-09-23,,,,,
VBBRJ287,2025-09-23,,,,,
ITUBA317,2025-09-23,,,,,
PRIOA402,2025-09-23,,,,,
ENGIJ408,2025-09-23,,,,,
BOVAK134W1,2025-09-23,,,,,
ENGIJ458,2025-09-23,,,,,
ITUBD324,2025-09-23,,,,,
VBBRK264,2025-09-23,,,,,
ELETV42,2025-09-23,,,,,
TOTSV372,2025-09-23,,,,,
RENTM266,2025-09-23,,,,,
BOVAM141,2025-09-23,,,,,
LRENM145,2025-09-23,,,,,
BOVAW137W1,2025-09-23,,,,,
BOVAW128W1,2025-09-23,,,,,
BBASM165,2025-09-23,,,,,
PRIOM340,2025-09-23,,,,,
BBSEM308,2025-09-23,,,,,
RENTV786,2025-09-23,,,,,
RENTV801,2025-09-23,,,,,
RENTM356,2025-09-23,,,,,
ITUBA35,2025-09-23,,,,,
PRIOA370,2025-09-23,,,,,
BBDCA159,2025-09-23,,,,,
BOVAA144,2025-09-23,,,,,
BOVAK138W1,2025-09-23,,,,,
BOVAA121,2025-09-23,,,,,
LRENA180,2025-09-23,,,,,
AZZAJ295,2025-09-23,,,,,
BOVAK137W1,2025-09-23,,,,,
ENGIJ483,2025-09-23,,,,,
BBASA183,2025-09-23,,,,,
BRAVW132,2025-09-23,,,,,
CSANM670,2025-09-23,,,,,
BRAVW320,2025-09-23,,,,,
NATUW820W1,2025-09-23,,,,,
PRIOM370,2025-09-23,,,,,
VBBRW219,2025-09-23,,,,,
PRIOW319,2025-09-23,,,,,
SUZBW658,2025-09-23,,,,,
PRIOM360,2025-09-23,,,,,
CSANM640,2025-09-23,,,,,
LRENM150,2025-09-23,,,,,
BOVAA141,2025-09-23,,,,,
VBBRJ152,2025-09-23,,,,,
TOTSJ372,2025-09-23,,,,,
BBDCA169,2025-09-23,,,,,
RDORA451,2025-09-23,,,,,
ELETK48,2025-09-23,,,,,
PRIOA385,2025-09-23,,,,,
ITSAJ136,2025-09-23,,,,,
BOVAK139W1,2025-09-23,,,,,
CSANA640,2025-09-23,,,,,
ITUBD364,2025-09-23,,,,,
AZZAJ475,2025-09-23,,,,,
RDORA469,2025-09-23,,,,,
WEGEK483,2025-09-23,,,,,
BBASA185,2025-09-23,,,,,
VALEW935,2025-09-23,,,,,
CSANM700,2025-09-23,,,,,
LWSAV480,2025-09-23,,,,,
BOVAM144,2025-09-23,,,,,
PRIOW314,2025-09-23,,,,,
CSANM790,2025-09-23,,,,,
PRIOM397,2025-09-23,,,,,
ITUBN402,2025-09-23,,,,,
BBASM158,2025-09-23,,,,,
BOVAW124W1,2025-09-23,,,,,
BPACW467,2025-09-23,,,,,
ITUBM334,2025-09-23,,,,,
ITUBM357,2025-09-23,,,,,
PRIOW296,2025-09-23,,,,,
BOVAK152W1,2025-09-23,,,,,
BOVAK127W1,2025-09-23,,,,,
ITSAA114,2025-09-23,,,,,
EQTLL338,2025-09-23,,,,,
BRAVG176,2025-09-23,,,,,
BRAVG256,2025-09-23,,,,,
CPFEL434,2025-09-23,,,,,
BOVAI31,2025-09-23,,,,,
BBDCJ135W4,2025-09-23,,,,,
RDORL453,2025-09-23,,,,,
RDORL29,2025-09-23,,,,,
BBASD211,2025-09-23,,,,,
PRIOJ397W4,2025-09-23,,,,,
BPACI480W4,2025-09-23,,,,,
LRENJ195W1,2025-09-23,,,,,
PETRJ359W1,2025-09-23,,,,,
BBDCJ199W1,2025-09-23,,,,,
PETRJ349W1,2025-09-23,,,,,
WEGEJ350W1,2025-09-23,,,,,
TAEEA336,2025-09-23,,,,,
BPACJ405W1,2025-09-23,,,,,
WEGEM408,2025-09-23,,,,,
ITUBV410W1,2025-09-23,,,,,
GGBRM158,2025-09-23,,,,,
USIMV380W1,2025-09-23,,,,,
TRISV690,2025-09-23,,,,,
WEGEV315W1,2025-09-23,,,,,
PETRV264W1,2025-09-23,,,,,
GGBRV185W1,2025-09-23,,,,,
WEGEM398,2025-09-23,,,,,
CSANV740W1,2025-09-23,,,,,
POSIV383,2025-09-23,,,,,
PETRV269W1,2025-09-23,,,,,
CSNAV640W1,2025-09-23,,,,,
USIMV370W1,2025-09-23,,,,,
BBDCV124W1,2025-09-23,,,,,
BOVAV116W1,2025-09-23,,,,,
NATUJ115W1,2025-09-23,,,,,
MOVIA795,2025-09-23,,,,,
POMOA780,2025-09-23,,,,,
BBDCJ149W1,2025-09-23,,,,,
BPACJ435W1,2025-09-23,,,,,
TRISJ550,2025-09-23,,,,,
ROMIJ770,2025-09-23,,,,,
ITSAJ125W1,2025-09-23,,,,,
SMALJ118W1,2025-09-23,,,,,
ROMIJ880,2025-09-23,,,,,
ITUBJ350W1,2025-09-23,,,,,
HAPVJ415W1,2025-09-23,,,,,
NATUA125,2025-09-23,,,,,
ELETA505,2025-09-23,,,,,
BBDCJ124W1,2025-09-23,,,,,
EVENJ670,2025-09-23,,,,,
BRAVJ210W1,2025-09-23,,,,,
BPACJ410W1,2025-09-23,,,,,
BRAPM153,2025-09-23,,,,,
HAPVV405W1,2025-09-23,,,,,
BRAVV175W1,2025-09-23,,,,,
BRAPM145,2025-09-23,,,,,
HAPVV400W1,2025-09-23,,,,,
VALEV643W1,2025-09-23,,,,,
SUZBV530W1,2025-09-23,,,,,
AZZAM327,2025-09-23,,,,,
B3SAV105W1,2025-09-23,,,,,
CSNAV820W1,2025-09-23,,,,,
WEGEV385W1,2025-09-23,,,,,
USIMV500W1,2025-09-23,,,,,
PRIOV417W1,2025-09-23,,,,,
COGNV290W1,2025-09-23,,,,,
BRAVV160W1,2025-09-23,,,,,
MGLUV800W1,2025-09-23,,,,,
WEGEM373,2025-09-23,,,,,
KLBNM202,2025-09-23,,,,,
SUZBV470W1,2025-09-23,,,,,
BOVAV112W1,2025-09-23,,,,,
RENTV380W1,2025-09-23,,,,,
EVENV670,2025-09-23,,,,,
SUZBV495W1,2025-09-23,,,,,
VALEV463W1,2025-09-23,,,,,
ITUBV345W1,2025-09-23,,,,,
ROMIV720,2025-09-23,,,,,
BBDCV144W1,2025-09-23,,,,,
BOVAV104W1,2025-09-23,,,,,
SUZBV490W1,2025-09-23,,,,,
PRIOV352W1,2025-09-23,,,,,
LRENV180W1,2025-09-23,,,,,
NATUV860W1,2025-09-23,,,,,
LWSAM385,2025-09-23,,,,,
WEGEV325W1,2025-09-23,,,,,
RENTV355W1,2025-09-23,,,,,
NATUV800W1,2025-09-23,,,,,
NATUV760W1,2025-09-23,,,,,
HBORV285,2025-09-23,,,,,
CASHM280,2025-09-23,,,,,
NATUV100W1,2025-09-23,,,,,
ITUBV365W1,2025-09-23,,,,,
MGLUV500W1,2025-09-23,,,,,
BOVAV156W1,2025-09-23,,,,,
SUZBV540W1,2025-09-23,,,,,
POSIJ413,2025-09-23,,,,,
HAPVJ410W1,2025-09-23,,,,,
RENTJ370W1,2025-09-23,,,,,
WEGEA398,2025-09-23,,,,,
BBDCJ159W1,2025-09-23,,,,,
BRAVJ220W1,2025-09-23,,,,,
WEGEA378,2025-09-23,,,,,
SUZBJ500W1,2025-09-23,,,,,
BRAPA148,2025-09-23,,,,,
CSNAV680W1,2025-09-23,,,,,
RADLM198,2025-09-23,,,,,
BBDCV214W1,2025-09-23,,,,,
RENTV305W1,2025-09-23,,,,,
PRIOV422W1,2025-09-23,,,,,
GGBRM156,2025-09-23,,,,,
B3SAM135,2025-09-23,,,,,
NATUM107,2025-09-23,,,,,
NATUV920W1,2025-09-23,,,,,
USIMM382,2025-09-23,,,,,
BRAPM148,2025-09-23,,,,,
COGNV270W1,2025-09-23,,,,,
PETRV274W1,2025-09-23,,,,,
NATUV840W1,2025-09-23,,,,,
ITSAV105W1,2025-09-23,,,,,
LRENV185W1,2025-09-23,,,,,
CSNAJ740W1,2025-09-23,,,,,
EMBRJ710W1,2025-09-23,,,,,
BRAVJ230W1,2025-09-23,,,,,
USIMJ490W1,2025-09-23,,,,,
PRIOJ412W1,2025-09-23,,,,,
BHIAJ370W1,2025-09-23,,,,,
WEGEJ410W1,2025-09-23,,,,,
LRENJ205W1,2025-09-23,,,,,
LRENJ185W1,2025-09-23,,,,,
BPACJ455W1,2025-09-23,,,,,
PETRJ264W1,2025-09-23,,,,,
LRENJ200W1,2025-09-23,,,,,
USIMJ450W1,2025-09-23,,,,,
BPACA447,2025-09-23,,,,,
NATUJ100W1,2025-09-23,,,,,
BBDCJ119W1,2025-09-23,,,,,
JBSSA830,2025-09-23,,,,,
ITUBJ375W1,2025-09-23,,,,,
PRIOJ352W1,2025-09-23,,,,,
SUZBJ530W1,2025-09-23,,,,,
VALEV473W1,2025-09-23,,,,,
BPACV385W1,2025-09-23,,,,,
LRENV135W1,2025-09-23,,,,,
BHIAV290W1,2025-09-23,,,,,
PETRV344W1,2025-09-23,,,,,
USIMM407,2025-09-23,,,,,
LRENV175W1,2025-09-23,,,,,
BPACV435W1,2025-09-23,,,,,
BPACM442,2025-09-23,,,,,
PETRV289W1,2025-09-23,,,,,
GOAUM839,2025-09-23,,,,,
SUZBM500,2025-09-23,,,,,
NATUM110,2025-09-23,,,,,
USIMV350W1,2025-09-23,,,,,
BOVAV106W1,2025-09-23,,,,,
USIMM397,2025-09-23,,,,,
NATUV740W1,2025-09-23,,,,,
SUZBM492,2025-09-23,,,,,
CSNAV720W1,2025-09-23,,,,,
HBORV320,2025-09-23,,,,,
B3SAJ155W1,2025-09-23,,,,,
ITSAJ105W1,2025-09-23,,,,,
BPACJ465W1,2025-09-23,,,,,
SMALJ122W1,2025-09-23,,,,,
EMBRJ750W1,2025-09-23,,,,,
NATUJ105W1,2025-09-23,,,,,
BEEFJ580W1,2025-09-23,,,,,
BEEFJ620W1,2025-09-23,,,,,
NATUM105,2025-09-23,,,,,
ITUBV330W1,2025-09-23,,,,,
RENTV320W1,2025-09-23,,,,,
PETRV259W1,2025-09-23,,,,,
RENTV375W1,2025-09-23,,,,,
PRIOV412W1,2025-09-23,,,,,
BOVAV118W1,2025-09-23,,,,,
WEGEM376,2025-09-23,,,,,
CSANV700W1,2025-09-23,,,,,
LRENV125W1,2025-09-23,,,,,
BEEFV640W1,2025-09-23,,,,,
BEEFV620W1,2025-09-23,,,,,
BEEFV660W1,2025-09-23,,,,,
RAIZM950,2025-09-23,,,,,
RAIZM125,2025-09-23,,,,,
RAIZM115,2025-09-23,,,,,
TTENB160,2025-09-23,,,,,
POMOL100,2025-09-23,,,,,
BBDCJ169W5,2025-09-23,,,,,
VALEJ595W5,2025-09-23,,,,,
VALED687,2025-09-23,,,,,
PETRA37,2025-09-23,,,,,
PRIOJ375W1,2025-09-23,,,,,
PRIOJ405W1,2025-09-23,,,,,
KLBNC194,2025-09-23,,,,,
BBSEC307,2025-09-23,,,,,
ITUBC264,2025-09-23,,,,,
ELETC373,2025-09-23,,,,,
ISAEC224,2025-09-23,,,,,
HAPVJ167,2025-09-23,,,,,
BBDCK180W1,2025-09-23,,,,,
BBDCK167W1,2025-09-23,,,,,
BBDCJ185W4,2025-09-23,,,,,
BBDCJ157W4,2025-09-23,,,,,
BBDCJ170W4,2025-09-23,,,,,
ECORJ939,2025-09-23,,,,,
BBDCJ167W4,2025-09-23,,,,,
TTENN145,2025-09-23,,,,,
ECORV939,2025-09-23,,,,,
BBDCV147W2,2025-09-23,,,,,
BOVAT138,2025-09-23,,,,,
BBDCV170W4,2025-09-23,,,,,
BPACW487,2025-09-23,,,,,
BOVAT137,2025-09-23,,,,,
BBDCK175W1,2025-09-23,,,,,
BBDCJ159W2,2025-09-23,,,,,
BBDCJ117W2,2025-09-23,,,,,
CASHJ470,2025-09-23,,,,,
BBDCJ187W4,2025-09-23,,,,,
BBDCJ164W2,2025-09-23,,,,,
BBDCV159W2,2025-09-23,,,,,
BBDCW157W1,2025-09-23,,,,,
BBDCV152W4,2025-09-23,,,,,
HAPVV417,2025-09-23,,,,,
HAPVV422,2025-09-23,,,,,
BBDCV162W2,2025-09-23,,,,,
BBDCV156W5,2025-09-23,,,,,
ECORV999,2025-09-23,,,,,
CASHV470,2025-09-23,,,,,
BBDCJ162W2,2025-09-23,,,,,
BBDCJ175W4,2025-09-23,,,,,
BBDCJ174W2,2025-09-23,,,,,
BBDCV152W2,2025-09-23,,,,,
BBDCV154W2,2025-09-23,,,,,
BBDCV122W4,2025-09-23,,,,,
PRIOW309,2025-09-23,,,,,
BBDCV172W4,2025-09-23,,,,,
BOVAX190,2025-09-23,,,,,
NATUX730,2025-09-23,,,,,
EQTLN360,2025-09-23,,,,,
ELETX461,2025-09-23,,,,,
IBOVT123,2025-09-23,,,,,
IBOVT152,2025-09-23,,,,,
EQTLV395,2025-09-23,,,,,
PRIOW294,2025-09-23,,,,,
BPACW497,2025-09-23,,,,,
BRAVW360,2025-09-23,,,,,
VALEW870,2025-09-23,,,,,
ITUBV210W2,2025-09-23,,,,,
PRIOW304,2025-09-23,,,,,
BBDCK633,2025-09-23,,,,,
BOVAK171,2025-09-23,,,,,
BBSEK255,2025-09-23,,,,,
BBSEL217,2025-09-23,,,,,
VBBRL173,2025-09-23,,,,,
ITUBJ207W2,2025-09-23,,,,,
ELETK450,2025-09-23,,,,,
RENTV806,2025-09-23,,,,,
BBSEV200,2025-09-23,,,,,
LJQQO990,2025-09-23,,,,,
ITUBV212W2,2025-09-23,,,,,
ITUBV200W2,2025-09-23,,,,,
ELETJ593,2025-09-23,,,,,
B3SAI930,2025-09-23,,,,,
GGBRK546,2025-09-23,,,,,
ELETK444,2025-09-23,,,,,
BBSEJ200,2025-09-23,,,,,
RENTV816,2025-09-23,,,,,
BBSEV365,2025-09-23,,,,,
WEGEV748,2025-09-23,,,,,
BOVAW935,2025-09-23,,,,,
ONCOU365,2025-09-23,,,,,
VBBRR192,2025-09-23,,,,,
ASAIV110,2025-09-23,,,,,
ECORV80,2025-09-23,,,,,
EZTCV13,2025-09-23,,,,,
EQTLK610,2025-09-23,,,,,
LJQQC840,2025-09-23,,,,,
ITUBJ210W2,2025-09-23,,,,,
EZTCJ136,2025-09-23,,,,,
CASHJ570,2025-09-23,,,,,
IBOVF165,2025-09-23,,,,,
MGLUW145,2025-09-23,,,,,
HAPVW397,2025-09-23,,,,,
BOVAW915,2025-09-23,,,,,
CASHV460,2025-09-23,,,,,
RENTV826,2025-09-23,,,,,
MGLUV291,2025-09-23,,,,,
PRIOV870,2025-09-23,,,,,
ITSAN105,2025-09-23,,,,,
PETRX322,2025-09-23,,,,,
ASAIJ859,2025-09-23,,,,,
BBASJ27,2025-09-23,,,,,
ASAIJ779,2025-09-23,,,,,
HAPVJ465,2025-09-23,,,,,
EZTCV14,2025-09-23,,,,,
SIMHV478,2025-09-23,,,,,
HAPVW347,2025-09-23,,,,,
VBBRR204,2025-09-23,,,,,
VBBRR242,2025-09-23,,,,,
ITUBV450W2,2025-09-23,,,,,
SANBJ274,2025-09-23,,,,,
VBBRL181,2025-09-23,,,,,
UGPAL218,2025-09-23,,,,,
WEGEL423,2025-09-23,,,,,
ABCBL240,2025-09-23,,,,,
NATUL920,2025-09-23,,,,,
RAILK149,2025-09-23,,,,,
IBOVL179,2025-09-23,,,,,
IBOVI150W4,2025-09-23,,,,,
IBOVH12,2025-09-23,,,,,
PETRX338,2025-09-23,,,,,
CYREX264,2025-09-23,,,,,
ECORV889,2025-09-23,,,,,
UGPAV184,2025-09-23,,,,,
GGBRV301,2025-09-23,,,,,
ITUBV450W1,2025-09-23,,,,,
ELETV558,2025-09-23,,,,,
UNIPV630,2025-09-23,,,,,
ITUBI436W4,2025-09-23,,,,,
MDNEJ265,2025-09-23,,,,,
ITUBE403,2025-09-23,,,,,
MGLUL834,2025-09-23,,,,,
ITUBJ430W1,2025-09-23,,,,,
GGBRN166,2025-09-23,,,,,
MGLUX654,2025-09-23,,,,,
BBASX174,2025-09-23,,,,,
CSNAL720,2025-09-23,,,,,
MGLUL434,2025-09-23,,,,,
ITUBJ445W1,2025-09-23,,,,,
BBASB215,2025-09-23,,,,,
INBRL45,2025-09-23,,,,,
BBASL326,2025-09-23,,,,,
UNIPJ620,2025-09-23,,,,,
ELETK460,2025-09-23,,,,,
BBASL331,2025-09-23,,,,,
BPANJ809,2025-09-23,,,,,
BBDCL182,2025-09-23,,,,,
MGLUL11,2025-09-23,,,,,
ELETL449,2025-09-23,,,,,
BBASB205,2025-09-23,,,,,
GOAUJ929,2025-09-23,,,,,
PETRL205,2025-09-23,,,,,
SMALL101,2025-09-23,,,,,
ITUBL370,2025-09-23,,,,,
BBASL161,2025-09-23,,,,,
CSANK950,2025-09-23,,,,,
PETRC152,2025-09-23,,,,,
MGLUX974,2025-09-23,,,,,
VALEX450,2025-09-23,,,,,
BRSRM117,2025-09-23,,,,,
ELETV37,2025-09-23,,,,,
PETRX434,2025-09-23,,,,,
FLRYM160,2025-09-23,,,,,
ITUBV385W4,2025-09-23,,,,,
BOVAX980,2025-09-23,,,,,
PETRX250,2025-09-23,,,,,
ITSAS100,2025-09-23,,,,,
PETRX200,2025-09-23,,,,,
PETRX270,2025-09-23,,,,,
PETRX150,2025-09-23,,,,,
BEEFV871,2025-09-23,,,,,
ITUBV400W4,2025-09-23,,,,,
SLCEA209,2025-09-23,,,,,
ITUBJ420W4,2025-09-23,,,,,
ITUBJ430W2,2025-09-23,,,,,
BOVAL36,2025-09-23,,,,,
MGLUX624,2025-09-23,,,,,
BOVAX36,2025-09-23,,,,,
BBASN225,2025-09-23,,,,,
DIRRV171,2025-09-23,,,,,
BOVAW905,2025-09-23,,,,,
ITUBV365W2,2025-09-23,,,,,
MGLUX14,2025-09-23,,,,,
ITUBV405W4,2025-09-23,,,,,
INBRL480,2025-09-23,,,,,
BBASL136,2025-09-23,,,,,
UGPAJ184,2025-09-23,,,,,
INBRL470,2025-09-23,,,,,
JBSSJ870,2025-09-23,,,,,
BOVAK905,2025-09-23,,,,,
MGLUL924,2025-09-23,,,,,
ITUBJ350W4,2025-09-23,,,,,
ELETK470,2025-09-23,,,,,
VALEL697,2025-09-23,,,,,
ITUBJ370W5,2025-09-23,,,,,
MGLUX754,2025-09-23,,,,,
WEGEX388,2025-09-23,,,,,
ELETW490,2025-09-23,,,,,
WEGEO323,2025-09-23,,,,,
ITUBV390W2,2025-09-23,,,,,
ITUBV395W4,2025-09-23,,,,,
RADLX170,2025-09-23,,,,,
MGLUX794,2025-09-23,,,,,
WEGEW573,2025-09-23,,,,,
ITUBV355W2,2025-09-23,,,,,
XPBRV920,2025-09-23,,,,,
ITUBV370W5,2025-09-23,,,,,
BBASV700,2025-09-23,,,,,
MGLUX13,2025-09-23,,,,,
BBASL171,2025-09-23,,,,,
MGLUL115,2025-09-23,,,,,
BBASL206,2025-09-23,,,,,
MGLUL714,2025-09-23,,,,,
ELETK464,2025-09-23,,,,,
MOTVJ139,2025-09-23,,,,,
ITUBJ395W5,2025-09-23,,,,,
WEGEM416,2025-09-23,,,,,
PETRX355,2025-09-23,,,,,
BRSRM115,2025-09-23,,,,,
ITUBV390W4,2025-09-23,,,,,
GGBRN161,2025-09-23,,,,,
ITUBV400W2,2025-09-23,,,,,
ELETW475,2025-09-23,,,,,
RENTW631,2025-09-23,,,,,
RAILV174,2025-09-23,,,,,
PETRU11,2025-09-23,,,,,
VIVAV323,2025-09-23,,,,,
NATUV920W2,2025-09-23,,,,,
ITUBJ415W2,2025-09-23,,,,,
INBRL460,2025-09-23,,,,,
PETRL454,2025-09-23,,,,,
CSANJ139,2025-09-23,,,,,
ITUBJ380W2,2025-09-23,,,,,
MGLUL105,2025-09-23,,,,,
ELETJ37,2025-09-23,,,,,
PETRL360,2025-09-23,,,,,
ELETL469,2025-09-23,,,,,
ITUBH555,2025-09-23,,,,,
PETRJ369W2,2025-09-23,,,,,
JBSSK950,2025-09-23,,,,,
LRENJ185W2,2025-09-23,,,,,
BRAVV155W2,2025-09-23,,,,,
LRENV175W2,2025-09-23,,,,,
LRENV150W2,2025-09-23,,,,,
B3SAV140W2,2025-09-23,,,,,
B3SAV100W2,2025-09-23,,,,,
BPACV475W2,2025-09-23,,,,,
CSANV680W2,2025-09-23,,,,,
LRENJ190W2,2025-09-23,,,,,
CSNAJ800W2,2025-09-23,,,,,
BOVVJ148W2,2025-09-23,,,,,
BRAVJ205W2,2025-09-23,,,,,
BOVVJ144W2,2025-09-23,,,,,
USIMJ540W2,2025-09-23,,,,,
LRENJ210W2,2025-09-23,,,,,
SMALJ118W2,2025-09-23,,,,,
BOVAJ166W2,2025-09-23,,,,,
BBASJ255W2,2025-09-23,,,,,
BEEFJ660W2,2025-09-23,,,,,
WEGEJ370W2,2025-09-23,,,,,
MGLUJ960W2,2025-09-23,,,,,
BOVAJ118W2,2025-09-23,,,,,
BOVAJ110W2,2025-09-23,,,,,
BRAVJ195W2,2025-09-23,,,,,
B3SAV980W2,2025-09-23,,,,,
LRENV155W2,2025-09-23,,,,,
NATUV820W2,2025-09-23,,,,,
SUZBV520W2,2025-09-23,,,,,
B3SAV115W2,2025-09-23,,,,,
NATUV760W2,2025-09-23,,,,,
NATUV940W2,2025-09-23,,,,,
BRAVV170W2,2025-09-23,,,,,
USIMV370W2,2025-09-23,,,,,
EMBRV780W2,2025-09-23,,,,,
PETRV289W2,2025-09-23,,,,,
USIMJ580W2,2025-09-23,,,,,
EMBRJ780W2,2025-09-23,,,,,
MGLUJ920W2,2025-09-23,,,,,
BOVVJ150W2,2025-09-23,,,,,
BOVVJ158W2,2025-09-23,,,,,
BPACJ455W2,2025-09-23,,,,,
LRENJ180W2,2025-09-23,,,,,
WEGEJ380W2,2025-09-23,,,,,
USIMJ490W2,2025-09-23,,,,,
LRENV130W2,2025-09-23,,,,,
ABEVV120W2,2025-09-23,,,,,
LRENV135W2,2025-09-23,,,,,
NATUV800W2,2025-09-23,,,,,
BEEFV660W2,2025-09-23,,,,,
EMBRV770W2,2025-09-23,,,,,
BPACV425W2,2025-09-23,,,,,
RDORV405,2025-09-23,,,,,
RENTV350W2,2025-09-23,,,,,
CSANV600W2,2025-09-23,,,,,
BPACV450W2,2025-09-23,,,,,
BPACV465W2,2025-09-23,,,,,
PETRK274W1,2025-09-23,,,,,
HAPVJ390W2,2025-09-23,,,,,
BOVAJ116W2,2025-09-23,,,,,
NATUJ105W2,2025-09-23,,,,,
LRENJ200W2,2025-09-23,,,,,
NATUJ100W2,2025-09-23,,,,,
WEGEL400,2025-09-23,,,,,
ABEVA108,2025-09-23,,,,,
BBSEL30,2025-09-23,,,,,
WEGEA433,2025-09-23,,,,,
PETRL182,2025-09-23,,,,,
PETRL147,2025-09-23,,,,,
PETRL262,2025-09-23,,,,,
BOVAL111,2025-09-23,,,,,
UNIPA710,2025-09-23,,,,,
PETRK902,2025-09-23,,,,,
PETRL207,2025-09-23,,,,,
PETRK852,2025-09-23,,,,,
BEEFI525,2025-09-23,,,,,
YDUQX175,2025-09-23,,,,,
CYREM256,2025-09-23,,,,,
PETRX262,2025-09-23,,,,,
PETRX207,2025-09-23,,,,,
BHIAV10,2025-09-23,,,,,
PETRL247,2025-09-23,,,,,
BHIAJ70,2025-09-23,,,,,
PETRL132,2025-09-23,,,,,
CYREA309,2025-09-23,,,,,
ITUBL313,2025-09-23,,,,,
KLBNC207,2025-09-23,,,,,
VALEE580,2025-09-23,,,,,
EMBRL834,2025-09-23,,,,,
ENGIL491,2025-09-23,,,,,
RAIZL160,2025-09-23,,,,,
MRVEN130,2025-09-23,,,,,
VALEV775,2025-09-23,,,,,
BEEFW985,2025-09-23,,,,,
IBOVF155,2025-09-23,,,,,
VULCK229,2025-09-23,,,,,
ALOSA210,2025-09-23,,,,,
MOTVL126,2025-09-23,,,,,
BBASE203,2025-09-23,,,,,
SBSPL129,2025-09-23,,,,,
CBAVA550,2025-09-23,,,,,
VBBRB207,2025-09-23,,,,,
QUALL214,2025-09-23,,,,,
ITUBC406,2025-09-23,,,,,
RAIZN485,2025-09-23,,,,,
WEGEP371,2025-09-23,,,,,
SLCEX154,2025-09-23,,,,,
JBSSV865,2025-09-23,,,,,
RAILX141,2025-09-23,,,,,
RENTX287,2025-09-23,,,,,
IBOVI141W4,2025-09-23,,,,,
PETRJ922,2025-09-23,,,,,
VULCK219,2025-09-23,,,,,
BBDCB184,2025-09-23,,,,,
SUZBC540,2025-09-23,,,,,
WEGEE373,2025-09-23,,,,,
ITUBL439,2025-09-23,,,,,
PETRJ632,2025-09-23,,,,,
RAILX151,2025-09-23,,,,,
RADLX128,2025-09-23,,,,,
SANBX290,2025-09-23,,,,,
CVCBV399,2025-09-23,,,,,
SUZBO535,2025-09-23,,,,,
SBSPX117,2025-09-23,,,,,
CVCBV460,2025-09-23,,,,,
IBOVV142W4,2025-09-23,,,,,
RAILL149,2025-09-23,,,,,
SANBL300,2025-09-23,,,,,
RENTB429,2025-09-23,,,,,
VULCK231,2025-09-23,,,,,
RAIZL499,2025-09-23,,,,,
SMTOL163,2025-09-23,,,,,
SBSPL126,2025-09-23,,,,,
BHIAK520,2025-09-23,,,,,
SUZBC530,2025-09-23,,,,,
SBSPL158,2025-09-23,,,,,
RENTM366,2025-09-23,,,,,
SMTOX196,2025-09-23,,,,,
JBSSO870,2025-09-23,,,,,
CBAVM550,2025-09-23,,,,,
RAIZX155,2025-09-23,,,,,
IBOVU140W4,2025-09-23,,,,,
IBOVI142W4,2025-09-23,,,,,
IBOVJ142W4,2025-09-23,,,,,
CASHV405,2025-09-23,,,,,
ITUBQ370,2025-09-23,,,,,
SLCEX169,2025-09-23,,,,,
BHIAW760,2025-09-23,,,,,
RAIZX135,2025-09-23,,,,,
SMTOX136,2025-09-23,,,,,
LWSAV780,2025-09-23,,,,,
BHIAW510,2025-09-23,,,,,
COGNG318,2025-09-23,,,,,
JBSSJ855,2025-09-23,,,,,
BEEFA701,2025-09-23,,,,,
RAIZL125,2025-09-23,,,,,
RAIZL290,2025-09-23,,,,,
IBOVJ145W4,2025-09-23,,,,,
WEGEO338,2025-09-23,,,,,
WEGEQ375,2025-09-23,,,,,
LWSAN39,2025-09-23,,,,,
BHIAW900,2025-09-23,,,,,
CASHV325,2025-09-23,,,,,
CASHV690,2025-09-23,,,,,
WEGEE368,2025-09-23,,,,,
ITUBB406,2025-09-23,,,,,
QUALL229,2025-09-23,,,,,
CASHJ485,2025-09-23,,,,,
SANBL283,2025-09-23,,,,,
VALED703,2025-09-23,,,,,
SMTOL186,2025-09-23,,,,,
IBOVI139W4,2025-09-23,,,,,
IBOVJ140W4,2025-09-23,,,,,
ITUBC396,2025-09-23,,,,,
CASHJ495,2025-09-23,,,,,
ITUBB391,2025-09-23,,,,,
WEGEE388,2025-09-23,,,,,
ELETA463,2025-09-23,,,,,
RAIZL130,2025-09-23,,,,,
BEEFB711,2025-09-23,,,,,
RADLX165,2025-09-23,,,,,
QUALX149,2025-09-23,,,,,
BHIAW520,2025-09-23,,,,,
SUZBM480,2025-09-23,,,,,
NATUX95,2025-09-23,,,,,
ELETX434,2025-09-23,,,,,
SMTOX133,2025-09-23,,,,,
IBOVV141W4,2025-09-23,,,,,
ELETL453,2025-09-23,,,,,
JBSSC875,2025-09-23,,,,,
PETRI14,2025-09-23,,,,,
CASHV375,2025-09-23,,,,,
BEEFW965,2025-09-23,,,,,
RAIZX950,2025-09-23,,,,,
WEGEQ368,2025-09-23,,,,,
ASAIX128,2025-09-23,,,,,
PCARX190,2025-09-23,,,,,
IBOVI144W4,2025-09-23,,,,,
GOAUX739,2025-09-23,,,,,
SMTOX128,2025-09-23,,,,,
MILSU11,2025-09-23,,,,,
CBAVX380,2025-09-23,,,,,
AURAX573,2025-09-23,,,,,
BBDCX193,2025-09-23,,,,,
BOVBN152,2025-09-23,,,,,
HAPVV442,2025-09-23,,,,,
TAEEL371,2025-09-23,,,,,
SBSPL127,2025-09-23,,,,,
SLCEL169,2025-09-23,,,,,
SBSPL140,2025-09-23,,,,,
ITUBK12,2025-09-23,,,,,
HAPVJ472,2025-09-23,,,,,
HAPVK452,2025-09-23,,,,,
BPACL467,2025-09-23,,,,,
VAMOX490,2025-09-23,,,,,
MRVEX690,2025-09-23,,,,,
MGLUV301,2025-09-23,,,,,
LRENX124,2025-09-23,,,,,
CYREX311,2025-09-23,,,,,
BBASW222,2025-09-23,,,,,
MGLUX944,2025-09-23,,,,,
WEGER368,2025-09-23,,,,,
BEEFX571,2025-09-23,,,,,
LRENX151,2025-09-23,,,,,
VBBRV292,2025-09-23,,,,,
MRVEX720,2025-09-23,,,,,
HAPVK535,2025-09-23,,,,,
BBDCL102,2025-09-23,,,,,
HAPVK540,2025-09-23,,,,,
BBDCL117,2025-09-23,,,,,
SIMHL703,2025-09-23,,,,,
MRVEL700,2025-09-23,,,,,
MGLUW178,2025-09-23,,,,,
BEEFV107,2025-09-23,,,,,
MGLUW183,2025-09-23,,,,,
SIMHX503,2025-09-23,,,,,
TUPYX148,2025-09-23,,,,,
BBSEL350,2025-09-23,,,,,
BBSEL285,2025-09-23,,,,,
TUPYX110,2025-09-23,,,,,
BBSEX300,2025-09-23,,,,,
MGLUX103,2025-09-23,,,,,
VAMOX360,2025-09-23,,,,,
BBASV475,2025-09-23,,,,,
MRVEL560,2025-09-23,,,,,
LRENL191,2025-09-23,,,,,
LRENL201,2025-09-23,,,,,
BRAPL169,2025-09-23,,,,,
BRAPL132,2025-09-23,,,,,
BRAPL172,2025-09-23,,,,,
WEGEL425,2025-09-23,,,,,
BBDCL201,2025-09-23,,,,,
BBSEL315,2025-09-23,,,,,
MGLUW173,2025-09-23,,,,,
VAMOX370,2025-09-23,,,,,
COGNX263,2025-09-23,,,,,
CYREX289,2025-09-23,,,,,
VAMOX390,2025-09-23,,,,,
LRENX194,2025-09-23,,,,,
ITSAV120W2,2025-09-23,,,,,
MGLUK173,2025-09-23,,,,,
BPACK277,2025-09-23,,,,,
MRVEL750,2025-09-23,,,,,
BBASL324,2025-09-23,,,,,
ITUBL213,2025-09-23,,,,,
BRAVL222,2025-09-23,,,,,
MRVEL740,2025-09-23,,,,,
SIMHL623,2025-09-23,,,,,
HAPVJ442,2025-09-23,,,,,
BBDCL157,2025-09-23,,,,,
MGLUJ148,2025-09-23,,,,,
CYREL311,2025-09-23,,,,,
BBSEX305,2025-09-23,,,,,
VAMOX560,2025-09-23,,,,,
PRIOW214,2025-09-23,,,,,
LRENX156,2025-09-23,,,,,
LRENX206,2025-09-23,,,,,
VAMOX400,2025-09-23,,,,,
MGLUL994,2025-09-23,,,,,
PETRK932,2025-09-23,,,,,
MULTL268,2025-09-23,,,,,
ITUBL340,2025-09-23,,,,,
GGBRC17,2025-09-23,,,,,
BBDCB199,2025-09-23,,,,,
BBDCJ203,2025-09-23,,,,,
TIMSL224,2025-09-23,,,,,
PRIOB405,2025-09-23,,,,,
PETRK792,2025-09-23,,,,,
BBSEX41,2025-09-23,,,,,
BRAPX172,2025-09-23,,,,,
CSMGW264,2025-09-23,,,,,
CSMGV264,2025-09-23,,,,,
CSMGN264,2025-09-23,,,,,
CSMGX264,2025-09-23,,,,,
CSMGM26,2025-09-23,,,,,
ALOSX223,2025-09-23,,,,,
INTBX115,2025-09-23,,,,,
IBOVC165,2025-09-23,,,,,
MULTV263,2025-09-23,,,,,
VALEK28,2025-09-23,,,,,
ITSAL712,2025-09-23,,,,,
VBBRK312,2025-09-23,,,,,
IBOVJ144W1,2025-09-23,,,,,
BBDCL126,2025-09-23,,,,,
ELETL517,2025-09-23,,,,,
VBBRK299,2025-09-23,,,,,
B3SAL105,2025-09-23,,,,,
HAPVU420W4,2025-09-23,,,,,
BOVVX136,2025-09-23,,,,,
ELETW510,2025-09-23,,,,,
YDUQX143,2025-09-23,,,,,
LJQQX254,2025-09-23,,,,,
ITSAX120,2025-09-23,,,,,
AZZAX305,2025-09-23,,,,,
PETRK712,2025-09-23,,,,,
IBOVJ147W2,2025-09-23,,,,,
BOVVX160,2025-09-23,,,,,
BOVAM153,2025-09-23,,,,,
DIRRX167,2025-09-23,,,,,
B3SAL153,2025-09-23,,,,,
YDUQL158,2025-09-23,,,,,
HAPVI425W4,2025-09-23,,,,,
BOVVL160,2025-09-23,,,,,
TOTSL465,2025-09-23,,,,,
IBOVJ142W1,2025-09-23,,,,,
SUZBL465,2025-09-23,,,,,
LJQQJ275,2025-09-23,,,,,
BPANL900,2025-09-23,,,,,
INTBL145,2025-09-23,,,,,
ALOSL213,2025-09-23,,,,,
ELETV543,2025-09-23,,,,,
ELETW540,2025-09-23,,,,,
IBOVV142W1,2025-09-23,,,,,
DIRRX142,2025-09-23,,,,,
VALEX702,2025-09-23,,,,,
BPANX560,2025-09-23,,,,,
SUZBX465,2025-09-23,,,,,
BEEFL681,2025-09-23,,,,,
ASAIC155,2025-09-23,,,,,
ITSAL832,2025-09-23,,,,,
ITSAL852,2025-09-23,,,,,
BBASK417,2025-09-23,,,,,
MULTJ263,2025-09-23,,,,,
BRAVX122,2025-09-23,,,,,
VBBRW284,2025-09-23,,,,,
BBASX159,2025-09-23,,,,,
BRAVL167,2025-09-23,,,,,
VBBRK294,2025-09-23,,,,,
SUZBL455,2025-09-23,,,,,
IBOVV141W1,2025-09-23,,,,,
AGROT210,2025-09-23,,,,,
VALEN642,2025-09-23,,,,,
AURAX518,2025-09-23,,,,,
UGPAW204,2025-09-23,,,,,
XPBRO120,2025-09-23,,,,,
INTBW127,2025-09-23,,,,,
BEEFP800,2025-09-23,,,,,
MGLUM258,2025-09-23,,,,,
ITUBQ240,2025-09-23,,,,,
EMBRV900W4,2025-09-23,,,,,
IRBRV450W2,2025-09-23,,,,,
ITSAV105W4,2025-09-23,,,,,
BBSEU310W4,2025-09-23,,,,,
LRENV130W4,2025-09-23,,,,,
VBBRJ297,2025-09-23,,,,,
AZZAL375,2025-09-23,,,,,
ALOSL278,2025-09-23,,,,,
CSMGL419,2025-09-23,,,,,
GGPSA211,2025-09-23,,,,,
BBASJ255W4,2025-09-23,,,,,
BRKMI920W4,2025-09-23,,,,,
BRKMJ860W1,2025-09-23,,,,,
BRKMK950,2025-09-23,,,,,
EQTLJ380W1,2025-09-23,,,,,
LRENV135W4,2025-09-23,,,,,
SUZBV500W4,2025-09-23,,,,,
BRAVV195W4,2025-09-23,,,,,
PCARV400W1,2025-09-23,,,,,
PCARU400W4,2025-09-23,,,,,
YDUQW112,2025-09-23,,,,,
BOVVV140W4,2025-09-23,,,,,
ELETU470W4,2025-09-23,,,,,
BBSEI315W4,2025-09-23,,,,,
ABEVJ130W4,2025-09-23,,,,,
PETZI410W4,2025-09-23,,,,,
LRENJ180W4,2025-09-23,,,,,
IRBRJ485W1,2025-09-23,,,,,
EQTLJ365W4,2025-09-23,,,,,
SAPRW373,2025-09-23,,,,,
SBSPU114W4,2025-09-23,,,,,
IRBRU475W4,2025-09-23,,,,,
BRKMW950,2025-09-23,,,,,
BRKMU860W4,2025-09-23,,,,,
PETRV249W4,2025-09-23,,,,,
SBSPV124W1,2025-09-23,,,,,
PCARU420W4,2025-09-23,,,,,
BRKMI105W4,2025-09-23,,,,,
BOVVJ150W4,2025-09-23,,,,,
MGLUJ960W4,2025-09-23,,,,,
IRBRJ465W1,2025-09-23,,,,,
BRKMI880W4,2025-09-23,,,,,
SBSPJ128W1,2025-09-23,,,,,
IRBRJ490W2,2025-09-23,,,,,
BBSEI320W4,2025-09-23,,,,,
ELETJ470W1,2025-09-23,,,,,
SUZBJ540W4,2025-09-23,,,,,
BBSEU300W4,2025-09-23,,,,,
IRBRV455W1,2025-09-23,,,,,
TOTSW435,2025-09-23,,,,,
EMBRV800W4,2025-09-23,,,,,
ELETI460W4,2025-09-23,,,,,
MOVIJ840,2025-09-23,,,,,
IRBRJ470W1,2025-09-23,,,,,
BRKMJ960W1,2025-09-23,,,,,
BBSEJ320W1,2025-09-23,,,,,
EQTLI380W4,2025-09-23,,,,,
MGLUJ740W4,2025-09-23,,,,,
USIMJ470W4,2025-09-23,,,,,
SAPRL372,2025-09-23,,,,,
IBOVU146W4,2025-09-23,,,,,
ITSAJ130W4,2025-09-23,,,,,
EQTLI390W4,2025-09-23,,,,,
BRKMJ920W1,2025-09-23,,,,,
USIMJ600W4,2025-09-23,,,,,
USIMJ480W4,2025-09-23,,,,,
BPACJ455W4,2025-09-23,,,,,
ELETV470W1,2025-09-23,,,,,
YDUQW122,2025-09-23,,,,,
SBSPU116W4,2025-09-23,,,,,
ALOSU225W4,2025-09-23,,,,,
MOTVW149,2025-09-23,,,,,
EMBRV890W4,2025-09-23,,,,,
BBSEV310W1,2025-09-23,,,,,
SBSPV126W1,2025-09-23,,,,,
IRBRV460W2,2025-09-23,,,,,
NATUV820W4,2025-09-23,,,,,
BRAVV175W4,2025-09-23,,,,,
SBSPV122W1,2025-09-23,,,,,
EQTLU370W4,2025-09-23,,,,,
ITUBV344W4,2025-09-23,,,,,
BRKMW890,2025-09-23,,,,,
BRAVV215W4,2025-09-23,,,,,
ELETU440W4,2025-09-23,,,,,
EQTLU360W4,2025-09-23,,,,,
PETRV259W4,2025-09-23,,,,,
SBSPU120W4,2025-09-23,,,,,
EQTLJ365W1,2025-09-23,,,,,
ASAIK809,2025-09-23,,,,,
ELETI435W4,2025-09-23,,,,,
LRENJ215W4,2025-09-23,,,,,
USIMJ560W4,2025-09-23,,,,,
NATUJ980W4,2025-09-23,,,,,
TOTSK435,2025-09-23,,,,,
BRKMJ960W2,2025-09-23,,,,,
BBSEJ345W2,2025-09-23,,,,,
SAPRK408,2025-09-23,,,,,
BBSEJ315W1,2025-09-23,,,,,
BRKMI960W4,2025-09-23,,,,,
IRBRI465W4,2025-09-23,,,,,
BRKMI100W4,2025-09-23,,,,,
RENTJ375W4,2025-09-23,,,,,
BOVAJ152W4,2025-09-23,,,,,
B3SAJ140W4,2025-09-23,,,,,
CSMGK411,2025-09-23,,,,,
GUARH758,2025-09-23,,,,,
PETRB185,2025-09-23,,,,,
PETRB195,2025-09-23,,,,,
GUARF778,2025-09-23,,,,,
AAPLJ683,2025-09-23,,,,,
GSGIJ138,2025-09-23,,,,,
BERKJ140,2025-09-23,,,,,
TSLAJ635,2025-09-23,,,,,
BHIAL500,2025-09-23,,,,,
PRIOA41,2025-09-23,,,,,
RENTV340W4,2025-09-23,,,,,
RENTV345W4,2025-09-23,,,,,
WEGEV345W4,2025-09-23,,,,,
B3SAV115W4,2025-09-23,,,,,
CBAVV350,2025-09-23,,,,,
BBASK357,2025-09-23,,,,,
CVCBL255,2025-09-23,,,,,
CVCBL245,2025-09-23,,,,,
USIMI200,2025-09-23,,,,,
WEGEL420,2025-09-23,,,,,
GGBRX138,2025-09-23,,,,,
CSANX107,2025-09-23,,,,,
JHSFX559,2025-09-23,,,,,
RENTV851,2025-09-23,,,,,
USIMX384,2025-09-23,,,,,
CSNAX760,2025-09-23,,,,,
BOVAS190,2025-09-23,,,,,
CMINX467,2025-09-23,,,,,
CASHX440,2025-09-23,,,,,
CPFEX377,2025-09-23,,,,,
EGIEX418,2025-09-23,,,,,
USIMX609,2025-09-23,,,,,
RENTW681,2025-09-23,,,,,
EGIEX398,2025-09-23,,,,,
JHSFX649,2025-09-23,,,,,
IRBRX430,2025-09-23,,,,,
CBAVV410,2025-09-23,,,,,
USIMX414,2025-09-23,,,,,
CSANK125,2025-09-23,,,,,
CSANL59,2025-09-23,,,,,
ECORL789,2025-09-23,,,,,
CSANK100,2025-09-23,,,,,
ELETW525,2025-09-23,,,,,
CASHX450,2025-09-23,,,,,
CMINX407,2025-09-23,,,,,
PRIOW704,2025-09-23,,,,,
CSNAL940,2025-09-23,,,,,
CPFEL427,2025-09-23,,,,,
JHSFL599,2025-09-23,,,,,
VALEM285,2025-09-23,,,,,
CSANX495,2025-09-23,,,,,
CASHX470,2025-09-23,,,,,
CASHX400,2025-09-23,,,,,
CVCBX285,2025-09-23,,,,,
WEGEX395,2025-09-23,,,,,
USIMX464,2025-09-23,,,,,
CSANX740,2025-09-23,,,,,
GGBRX208,2025-09-23,,,,,
ELETW535,2025-09-23,,,,,
USIMX474,2025-09-23,,,,,
PRIOX296,2025-09-23,,,,,
RENTV841,2025-09-23,,,,,
ECORL729,2025-09-23,,,,,
CSANK105,2025-09-23,,,,,
JHSFL849,2025-09-23,,,,,
CMINL617,2025-09-23,,,,,
ITUBL281,2025-09-23,,,,,
BBDCL106,2025-09-23,,,,,
ITUBB326,2025-09-23,,,,,
GGBRF184,2025-09-23,,,,,
GGPSA186,2025-09-23,,,,,
VALEF600,2025-09-23,,,,,
ASAIG829,2025-09-23,,,,,
NVDCL197,2025-09-23,,,,,
BEEFB551,2025-09-23,,,,,
BRAPK163,2025-09-23,,,,,
TAEEC366,2025-09-23,,,,,
PRIOL429,2025-09-23,,,,,
MRVEW630,2025-09-23,,,,,
WEGEX338,2025-09-23,,,,,
MGLUW198,2025-09-23,,,,,
RAILM154,2025-09-23,,,,,
MGLUW193,2025-09-23,,,,,
B3SAX135,2025-09-23,,,,,
BHIAX750,2025-09-23,,,,,
RENTW711,2025-09-23,,,,,
HAPVW342,2025-09-23,,,,,
SUZBW310,2025-09-23,,,,,
RAILN141,2025-09-23,,,,,
VALEX877,2025-09-23,,,,,
BPACL409,2025-09-23,,,,,
MGLUJ178,2025-09-23,,,,,
BHIAL750,2025-09-23,,,,,
EMBRL829,2025-09-23,,,,,
FLRYL160,2025-09-23,,,,,
EMBRL809,2025-09-23,,,,,
B3SAL158,2025-09-23,,,,,
RAILA169,2025-09-23,,,,,
MGLUL108,2025-09-23,,,,,
EZTCL179,2025-09-23,,,,,
BHIAJ410,2025-09-23,,,,,
RAILA149,2025-09-23,,,,,
MGLUV306,2025-09-23,,,,,
MGLUX180,2025-09-23,,,,,
FLRYC133,2025-09-23,,,,,
BHIAJ460,2025-09-23,,,,,
EZTCL169,2025-09-23,,,,,
ALOSL215,2025-09-23,,,,,
ENGIJ526,2025-09-23,,,,,
ABEVB138,2025-09-23,,,,,
ITSAD119,2025-09-23,,,,,
CMIGL93,2025-09-23,,,,,
NEOEL268,2025-09-23,,,,,
COGNA323,2025-09-23,,,,,
BMGBL412,2025-09-23,,,,,
HYPEL195,2025-09-23,,,,,
POMOL103,2025-09-23,,,,,
MGLUX108,2025-09-23,,,,,
HAPVV530,2025-09-23,,,,,
WEGEX443,2025-09-23,,,,,
GRNDX521,2025-09-23,,,,,
IBOVR142,2025-09-23,,,,,
JBSSV110,2025-09-23,,,,,
RAPTX653,2025-09-23,,,,,
SAPRL352,2025-09-23,,,,,
BMOBL235,2025-09-23,,,,,
POMOL975,2025-09-23,,,,,
IBOVV13W5,2025-09-23,,,,,
BBSEV475,2025-09-23,,,,,
MOVIV880,2025-09-23,,,,,
MOVIV860,2025-09-23,,,,,
GOAUX126,2025-09-23,,,,,
BHIAV352,2025-09-23,,,,,
GOAUX889,2025-09-23,,,,,
LEVEL311,2025-09-23,,,,,
BMGBL392,2025-09-23,,,,,
BHIAL480,2025-09-23,,,,,
ITSAA100,2025-09-23,,,,,
KEPLL816,2025-09-23,,,,,
PETRL344,2025-09-23,,,,,
VIVAX288,2025-09-23,,,,,
KLBNX174,2025-09-23,,,,,
MRVEV105,2025-09-23,,,,,
GOAUX136,2025-09-23,,,,,
KLBNX215,2025-09-23,,,,,
BHIAX480,2025-09-23,,,,,
VALEQ487,2025-09-23,,,,,
EQTLW330,2025-09-23,,,,,
EQTLW300,2025-09-23,,,,,
BRAVU201,2025-09-23,,,,,
PCARV328,2025-09-23,,,,,
PCARV318,2025-09-23,,,,,
ODPVX118,2025-09-23,,,,,
AGROL205,2025-09-23,,,,,
MOVIJ860,2025-09-23,,,,,
MRVEK670,2025-09-23,,,,,
BBDCL121,2025-09-23,,,,,
EQTLD423,2025-09-23,,,,,
BBDCC141,2025-09-23,,,,,
ELETC400,2025-09-23,,,,,
RANIL901,2025-09-23,,,,,
IBOVJ152W2,2025-09-23,,,,,
BBDCX204,2025-09-23,,,,,
ELETL627,2025-09-23,,,,,
SMALK985,2025-09-23,,,,,
ROMIL910,2025-09-23,,,,,
RANIL921,2025-09-23,,,,,
VBBRL356,2025-09-23,,,,,
CSANV780W1,2025-09-23,,,,,
KLBNO197,2025-09-23,,,,,
ROXOU14,2025-09-23,,,,,
BEEFV125,2025-09-23,,,,,
COGNV13,2025-09-23,,,,,
CSANX445,2025-09-23,,,,,
PCARJ318,2025-09-23,,,,,
NEOEL288,2025-09-23,,,,,
ELETL492,2025-09-23,,,,,
ELETJ623,2025-09-23,,,,,
HAPVK422,2025-09-23,,,,,
ODPVL143,2025-09-23,,,,,
VBBRK327,2025-09-23,,,,,
ONCOL300,2025-09-23,,,,,
RENTL470,2025-09-23,,,,,
MOVIV900,2025-09-23,,,,,
TASAX580,2025-09-23,,,,,
CYREK296,2025-09-23,,,,,
ELETL767,2025-09-23,,,,,
PCARJ328,2025-09-23,,,,,
WEGEX348,2025-09-23,,,,,
HAPVW422,2025-09-23,,,,,
RENTV866,2025-09-23,,,,,
IBOVK180,2025-09-23,,,,,
ELETA457,2025-09-23,,,,,
COGNK138,2025-09-23,,,,,
BBDCK203,2025-09-23,,,,,
BBASC253,2025-09-23,,,,,
MULTJ243,2025-09-23,,,,,
BBSEL36,2025-09-23,,,,,
MULTJ278,2025-09-23,,,,,
CSMGX271,2025-09-23,,,,,
BRKMV720W5,2025-09-23,,,,,
EMBRV750W5,2025-09-23,,,,,
CVCBW145,2025-09-23,,,,,
BOVVV140W5,2025-09-23,,,,,
BOVAJ146W5,2025-09-23,,,,,
MULTJ268,2025-09-23,,,,,
LRENJ170W5,2025-09-23,,,,,
RDORJ414,2025-09-23,,,,,
WEGEJ400W5,2025-09-23,,,,,
MGLUJ960W1,2025-09-23,,,,,
CASHK440,2025-09-23,,,,,
IGTIJ200,2025-09-23,,,,,
AZZAJ307,2025-09-23,,,,,
B3SAJ150W5,2025-09-23,,,,,
NATUV820W5,2025-09-23,,,,,
ABEVV120W5,2025-09-23,,,,,
EMBRV800W5,2025-09-23,,,,,
BBSEX347,2025-09-23,,,,,
MULTV298,2025-09-23,,,,,
BRAXO130,2025-09-23,,,,,
BOVVV142W5,2025-09-23,,,,,
MRVEV810,2025-09-23,,,,,
B3SAV110W5,2025-09-23,,,,,
PCARV420W5,2025-09-23,,,,,
SMALM900,2025-09-23,,,,,
RDORJ404,2025-09-23,,,,,
IGTIJ205,2025-09-23,,,,,
BOVAJ158W5,2025-09-23,,,,,
RDORJ389,2025-09-23,,,,,
HYPEJ262,2025-09-23,,,,,
BBSEJ340W5,2025-09-23,,,,,
PNVLD110,2025-09-23,,,,,
HAPVJ420W5,2025-09-23,,,,,
HYPEJ22,2025-09-23,,,,,
MULTJ238,2025-09-23,,,,,
ITSAJ110W5,2025-09-23,,,,,
AZZAJ382,2025-09-23,,,,,
B3SAV125W5,2025-09-23,,,,,
USIMV360W5,2025-09-23,,,,,
BOVVV144W5,2025-09-23,,,,,
CSANV800W1,2025-09-23,,,,,
HYPEJ222,2025-09-23,,,,,
VIVAJ305,2025-09-23,,,,,
VALEJ610W5,2025-09-23,,,,,
BOVVJ148W5,2025-09-23,,,,,
BBSEL40,2025-09-23,,,,,
BBASL287,2025-09-23,,,,,
BOVVJ144W5,2025-09-23,,,,,
AZZAV382,2025-09-23,,,,,
BRAVV140W5,2025-09-23,,,,,
IGTIV255,2025-09-23,,,,,
CASHW450,2025-09-23,,,,,
MULTV278,2025-09-23,,,,,
CSANV640W5,2025-09-23,,,,,
HYPEV262,2025-09-23,,,,,
HYPEV25,2025-09-23,,,,,
MRVEJ630,2025-09-23,,,,,
PCARK710,2025-09-23,,,,,
B3SAJ130W5,2025-09-23,,,,,
NATUJ786,2025-09-23,,,,,
BBSEJ330W5,2025-09-23,,,,,
NATUJ100W5,2025-09-23,,,,,
VIVAJ220,2025-09-23,,,,,
PCARK440,2025-09-23,,,,,
NATUV760W5,2025-09-23,,,,,
SUZBV497W5,2025-09-23,,,,,
RDORV404,2025-09-23,,,,,
GGBRV150W5,2025-09-23,,,,,
VIVAV300,2025-09-23,,,,,
NATUV786,2025-09-23,,,,,
CVCBW520,2025-09-23,,,,,
ITSAV100W5,2025-09-23,,,,,
IGTIV250,2025-09-23,,,,,
WEGEV340W5,2025-09-23,,,,,
BBSEL302,2025-09-23,,,,,
USIMJ600W5,2025-09-23,,,,,
MULTJ288,2025-09-23,,,,,
ASAIJ829,2025-09-23,,,,,
VIVAJ300,2025-09-23,,,,,
ASAIJ789,2025-09-23,,,,,
MRVEJ610,2025-09-23,,,,,
PCARK590,2025-09-23,,,,,
SUZBV467W5,2025-09-23,,,,,
MULTV238,2025-09-23,,,,,
ASAIV829,2025-09-23,,,,,
EMBRV760W5,2025-09-23,,,,,
PNVLB110,2025-09-23,,,,,
COGNJ310W5,2025-09-23,,,,,
BOVAB165,2025-09-23,,,,,
CSANL660,2025-09-23,,,,,
BRAVU209,2025-09-23,,,,,
JBSSO102,2025-09-23,,,,,
COGNX533,2025-09-23,,,,,
HBORX540,2025-09-23,,,,,
ELETU485W4,2025-09-23,,,,,
RENTW761,2025-09-23,,,,,
ENGIW463,2025-09-23,,,,,
VIVTJ317,2025-09-23,,,,,
VALEK575W2,2025-09-23,,,,,
ELETJ485W1,2025-09-23,,,,,
ITUBI374W4,2025-09-23,,,,,
VIVTJ385,2025-09-23,,,,,
ITUBI364W4,2025-09-23,,,,,
VALEK610W1,2025-09-23,,,,,
VIVTJ252,2025-09-23,,,,,
CASHV440,2025-09-23,,,,,
BOVAW135W2,2025-09-23,,,,,
TRISL820,2025-09-23,,,,,
VALEK565W2,2025-09-23,,,,,
ELETJ490W1,2025-09-23,,,,,
WEGEX358,2025-09-23,,,,,
BOVAW134W4,2025-09-23,,,,,
VALEW555W2,2025-09-23,,,,,
ENGIW49,2025-09-23,,,,,
BOVAK145W4,2025-09-23,,,,,
RENTX480,2025-09-23,,,,,
ITUBH399,2025-09-23,,,,,
SMALB125,2025-09-23,,,,,
SMALB135,2025-09-23,,,,,
COGNC293,2025-09-23,,,,,
BRSRJ108,2025-09-23,,,,,
EZTCJ166,2025-09-23,,,,,
ABCBL245,2025-09-23,,,,,
BOVAL136W1,2025-09-23,,,,,
VALEC580,2025-09-23,,,,,
ENGIW541,2025-09-23,,,,,
VALEX897,2025-09-23,,,,,
MGLUV115W1,2025-09-23,,,,,
BRAVX227,2025-09-23,,,,,
BRSRV108,2025-09-23,,,,,
CBAVV600,2025-09-23,,,,,
IBOVG165,2025-09-23,,,,,
VALEF730,2025-09-23,,,,,
B3SAK17,2025-09-23,,,,,
CPLEL115,2025-09-23,,,,,
BOVAC152,2025-09-23,,,,,
AUREB115,2025-09-23,,,,,
PETZJ465,2025-09-23,,,,,
ITUBI3,2025-09-23,,,,,
RENTJ405W1,2025-09-23,,,,,
CVCBV315,2025-09-23,,,,,
ENGIW500,2025-09-23,,,,,
COGNV603,2025-09-23,,,,,
PETZJ455,2025-09-23,,,,,
TOTSJ450,2025-09-23,,,,,
CSANI820W4,2025-09-23,,,,,
PETZJ495,2025-09-23,,,,,
CSANU820W4,2025-09-23,,,,,
RENTV405W1,2025-09-23,,,,,
COGNV135,2025-09-23,,,,,
PETZW881,2025-09-23,,,,,
AZZAX600,2025-09-23,,,,,
NATUX232,2025-09-23,,,,,
PETRO432,2025-09-23,,,,,
GGBRO245,2025-09-23,,,,,
PETRO452,2025-09-23,,,,,
WEGEO511,2025-09-23,,,,,
PETRX677,2025-09-23,,,,,
BOVAO164,2025-09-23,,,,,
PRIOM440,2025-09-23,,,,,
ECORX110,2025-09-23,,,,,
RENTX132,2025-09-23,,,,,
BBASX401,2025-09-23,,,,,
RECVV139,2025-09-23,,,,,
CSANU700,2025-09-23,,,,,
EVENK890,2025-09-23,,,,,
RANIK782,2025-09-23,,,,,
CSANI600,2025-09-23,,,,,
NATUW117,2025-09-23,,,,,
CSNAW949,2025-09-23,,,,,
CSANU840W4,2025-09-23,,,,,
CBAVV435,2025-09-23,,,,,
CSNAW889,2025-09-23,,,,,
CSANI950,2025-09-23,,,,,
BRAVL940,2025-09-23,,,,,
SMALW965,2025-09-23,,,,,
BOVAX47,2025-09-23,,,,,
RAILW169,2025-09-23,,,,,
NATUX175,2025-09-23,,,,,
VAMOU36,2025-09-23,,,,,
CSNAW669,2025-09-23,,,,,
BRKMN900,2025-09-23,,,,,
CSANI750,2025-09-23,,,,,
RECVF130,2025-09-23,,,,,
BPACL482,2025-09-23,,,,,
CSANL345,2025-09-23,,,,,
NATUK102,2025-09-23,,,,,
CPLED137,2025-09-23,,,,,
SBSPK906,2025-09-23,,,,,
BBDCL116,2025-09-23,,,,,
RAPTL833,2025-09-23,,,,,
CSNAW999,2025-09-23,,,,,
ELETU495W4,2025-09-23,,,,,
NATUW122,2025-09-23,,,,,
BOVAO153,2025-09-23,,,,,
PETRX575,2025-09-23,,,,,
BRAPR230,2025-09-23,,,,,
VALEO815,2025-09-23,,,,,
PRIOM437,2025-09-23,,,,,
SIMHX913,2025-09-23,,,,,
JBSSP102,2025-09-23,,,,,
MRVEX287,2025-09-23,,,,,
BRAPR245,2025-09-23,,,,,
VALEX128,2025-09-23,,,,,
ITUBW362,2025-09-23,,,,,
PRIOW565W1,2025-09-23,,,,,
TENDV270,2025-09-23,,,,,
ONCOO640,2025-09-23,,,,,
MGLUV506,2025-09-23,,,,,
PCARW500,2025-09-23,,,,,
IBOVK156,2025-09-23,,,,,
COGNK158,2025-09-23,,,,,
SIMHW458,2025-09-23,,,,,
USIMW375,2025-09-23,,,,,
TENDK250,2025-09-23,,,,,
TOTSV465,2025-09-23,,,,,
CASHW385,2025-09-23,,,,,
TOTSJ465,2025-09-23,,,,,
PCARW365,2025-09-23,,,,,
CVCBW195,2025-09-23,,,,,
CASHW345,2025-09-23,,,,,
SIMHW488,2025-09-23,,,,,
USIMW365,2025-09-23,,,,,
USIMW475,2025-09-23,,,,,
CVCBW205,2025-09-23,,,,,
ITSAJ107W4,2025-09-23,,,,,
VBBRL256,2025-09-23,,,,,
GOGLL122,2025-09-23,,,,,
VALEC595,2025-09-23,,,,,
BBDCK177,2025-09-23,,,,,
BBASL235W1,2025-09-23,,,,,
M1TAK159,2025-09-23,,,,,
VALEC575,2025-09-23,,,,,
BBDCD186,2025-09-23,,,,,
SBSPC137,2025-09-23,,,,,
SBSPJ150,2025-09-23,,,,,
VVEOK125,2025-09-23,,,,,
PETRG365,2025-09-23,,,,,
B3SAK173,2025-09-23,,,,,
BRKMM900,2025-09-23,,,,,
IBOVP145,2025-09-23,,,,,
IBOVP137,2025-09-23,,,,,
CASHJ420,2025-09-23,,,,,
BRKMV820W1,2025-09-23,,,,,
SLCEM159,2025-09-23,,,,,
TTENX400,2025-09-23,,,,,
CSANQ700,2025-09-23,,,,,
BOVAT200,2025-09-23,,,,,
VALEU700,2025-09-23,,,,,
PSSAK481,2025-09-23,,,,,
MOVIJ960,2025-09-23,,,,,
VALEI837,2025-09-23,,,,,
IBOVD167,2025-09-23,,,,,
MBRFJ23,2025-09-23,,,,,
MBRFG850,2025-09-23,,,,,
MBRFJ16,2025-09-23,,,,,
MBRFA22,2025-09-23,,,,,
MBRFG24,2025-09-23,,,,,
MBRFJ190,2025-09-23,,,,,
MBRFL206,2025-09-23,,,,,
MBRFJ213,2025-09-23,,,,,
MBRFD220,2025-09-23,,,,,
MBRFB250,2025-09-23,,,,,
MBRFJ168,2025-09-23,,,,,
MBRFA160,2025-09-23,,,,,
MBRFK200,2025-09-23,,,,,
MBRFJ260,2025-09-23,,,,,
MBRFD16,2025-09-23,,,,,
MBRFJ100,2025-09-23,,,,,
MBRFA227,2025-09-23,,,,,
MBRFB270,2025-09-23,,,,,
MBRFK210,2025-09-23,,,,,
MBRFK120,2025-09-23,,,,,
MBRFB179,2025-09-23,,,,,
MBRFK225,2025-09-23,,,,,
MBRFK220,2025-09-23,,,,,
MBRFL249,2025-09-23,,,,,
MBRFJ175,2025-09-23,,,,,
MBRFL179,2025-09-23,,,,,
MBRFK249,2025-09-23,,,,,
MBRFK110,2025-09-23,,,,,
MBRFV260,2025-09-23,,,,,
MBRFX237,2025-09-23,,,,,
MBRFW202,2025-09-23,,,,,
MBRFN1,2025-09-23,,,,,
MBRFV253,2025-09-23,,,,,
MBRFV268,2025-09-23,,,,,
MBRFP16,2025-09-23,,,,,
MBRFR160,2025-09-23,,,,,
MBRFV160,2025-09-23,,,,,
MBRFW22,2025-09-23,,,,,
MBRFW194,2025-09-23,,,,,
MBRFV215,2025-09-23,,,,,
MBRFM197,2025-09-23,,,,,
MBRFV210,2025-09-23,,,,,
MBRFO260,2025-09-23,,,,,
MBRFM220,2025-09-23,,,,,
MBRFV213,2025-09-23,,,,,
MBRFX231,2025-09-23,,,,,
MBRFW225,2025-09-23,,,,,
MBRFW215,2025-09-23,,,,,
MBRFM160,2025-09-23,,,,,
MBRFX202,2025-09-23,,,,,
MBRFV235,2025-09-23,,,,,
MBRFN180,2025-09-23,,,,,
MBRFV273,2025-09-23,,,,,
MBRFW250,2025-09-23,,,,,
MBRFS191,2025-09-23,,,,,
MBRFW249,2025-09-23,,,,,
MBRFV250,2025-09-23,,,,,
MBRFX227,2025-09-23,,,,,
MBRFX119,2025-09-23,,,,,
MBRFW210,2025-09-23,,,,,
MBRFO217,2025-09-23,,,,,
MBRFV218,2025-09-23,,,,,
MBRFX18,2025-09-23,,,,,
MBRFV183,2025-09-23,,,,,
MBRFW200,2025-09-23,,,,,
MBRFV140,2025-09-23,,,,,
MBRFV212,2025-09-23,,,,,
MBRFW185,2025-09-23,,,,,
MBRFP200,2025-09-23,,,,,
MBRFN199,2025-09-23,,,,,
MBRFW19,2025-09-23,,,,,
MBRFV252,2025-09-23,,,,,
MBRFV242,2025-09-23,,,,,
MBRFV225,2025-09-23,,,,,
MBRFV188,2025-09-23,,,,,
MBRFS159,2025-09-23,,,,,
MBRFS600,2025-09-23,,,,,
MBRFW16,2025-09-23,,,,,
MBRFV150,2025-09-23,,,,,
MBRFO220,2025-09-23,,,,,
MBRFV186,2025-09-23,,,,,
MBRFV288,2025-09-23,,,,,
MBRFW207,2025-09-23,,,,,
MBRFX224,2025-09-23,,,,,
MBRFX186,2025-09-23,,,,,
MBRFV220,2025-09-23,,,,,
MBRFV205,2025-09-23,,,,,
MBRFV230,2025-09-23,,,,,
MBRFX149,2025-09-23,,,,,
MBRFS24,2025-09-23,,,,,
MBRFW239,2025-09-23,,,,,
MBRFV278,2025-09-23,,,,,
MBRFK265,2025-09-23,,,,,
MBRFK23,2025-09-23,,,,,
MBRFL205,2025-09-23,,,,,
MBRFA130,2025-09-23,,,,,
MBRFB1,2025-09-23,,,,,
MBRFL222,2025-09-23,,,,,
MBRFB209,2025-09-23,,,,,
MBRFJ185,2025-09-23,,,,,
MBRFK230,2025-09-23,,,,,
MBRFB17,2025-09-23,,,,,
MBRFD200,2025-09-23,,,,,
GGBR4T,2025-09-23,,,,,
CGRA3T,2025-09-23,,,,,
ALUP11T,2025-09-23,,,,,
EQTL3T,2025-09-23,,,,,
BAZA3T,2025-09-23,,,,,
ETER3T,2025-09-23,,,,,
POSI3T,2025-09-23,,,,,
EALT4T,2025-09-23,,,,,
PNVL3T,2025-09-23,,,,,
HYPE3T,2025-09-23,,,,,
EVEN3T,2025-09-23,,,,,
MYPK3T,2025-09-23,,,,,
GUAR3T,2025-09-23,,,,,
EUCA4T,2025-09-23,,,,,
ODPV3T,2025-09-23,,,,,
ANIM3T,2025-09-23,,,,,
TKNO4T,2025-09-23,,,,,
LPSB3T,2025-09-23,,,,,
SCAR3T,2025-09-23,,,,,
INEP4T,2025-09-23,,,,,
LOGN3T,2025-09-23,,,,,
CEDO4T,2025-09-23,,,,,
CSMG3T,2025-09-23,,,,,
BNBR3T,2025-09-23,,,,,
BRSR6T,2025-09-23,,,,,
RADL3T,2025-09-23,,,,,
SEER3T,2025-09-23,,,,,
ENEV3T,2025-09-23,,,,,
CVCB3T,2025-09-23,,,,,
CRPG5T,2025-09-23,,,,,
HOOT4T,2025-09-23,,,,,
POMO4T,2025-09-23,,,,,
UCAS3T,2025-09-23,,,,,
HBOR3T,2025-09-23,,,,,
POMO3T,2025-09-23,,,,,
SMAL11T,2025-09-23,,,,,
FLRY3T,2025-09-23,,,,,
TPIS3T,2025-09-23,,,,,
FESA4T,2025-09-23,,,,,
CPFE3T,2025-09-23,,,,,
TKNO3T,2025-09-23,,,,,
MGEL4T,2025-09-23,,,,,
RSID3T,2025-09-23,,,,,
BBDC3T,2025-09-23,,,,,
VLID3T,2025-09-23,,,,,
PDGR3T,2025-09-23,,,,,
UGPA3T,2025-09-23,,,,,
CMIG4T,2025-09-23,,,,,
BRKM3T,2025-09-23,,,,,
CYRE3T,2025-09-23,,,,,
CEBR5T,2025-09-23,,,,,
SLCE3T,2025-09-23,,,,,
JHSF3T,2025-09-23,,,,,
EMBR3T,2025-09-23,,,,,
SAPR4T,2025-09-23,,,,,
MDIA3T,2025-09-23,,,,,
BPAN4T,2025-09-23,,,,,
CMIG3T,2025-09-23,,,,,
EMAE4T,2025-09-23,,,,,
PSSA3T,2025-09-23,,,,,
CAMB3T,2025-09-23,,,,,
ECOR3T,2025-09-23,,,,,
MEAL3T,2025-09-23,,,,,
UNIP3T,2025-09-23,,,,,
CPLE3T,2025-09-23,,,,,
USIM3T,2025-09-23,,,,,
ELET3T,2025-09-23,,,,,
LEVE3T,2025-09-23,,,,,
UNIP6T,2025-09-23,,,,,
CEBR3T,2025-09-23,,,,,
SHOW3T,2025-09-23,,,,,
MGLU3T,2025-09-23,,,,,
ELET6T,2025-09-23,,,,,
CPLE6T,2025-09-23,,,,,
OIBR3T,2025-09-23,,,,,
WHRL4T,2025-09-23,,,,,
USIM5T,2025-09-23,,,,,
BEES4T,2025-09-23,,,,,
COCE5T,2025-09-23,,,,,
LUPA3T,2025-09-23,,,,,
AMAR3T,2025-09-23,,,,,
KLBN3T,2025-09-23,,,,,
BEES3T,2025-09-23,,,,,
CLSC4T,2025-09-23,,,,,
TAEE4T,2025-09-23,,,,,
SMTO3T,2025-09-23,,,,,
ALPA4T,2025-09-23,,,,,
ROMI3T,2025-09-23,,,,,
VULC3T,2025-09-23,,,,,
GOAU3T,2025-09-23,,,,,
TGMA3T,2025-09-23,,,,,
PINE4T,2025-09-23,,,,,
TUPY3T,2025-09-23,,,,,
SBSP3T,2025-09-23,,,,,
PETR3T,2025-09-23,,,,,
MULT3T,2025-09-23,,,,,
BOVA11T,2025-09-23,,,,,
PMAM3T,2025-09-23,,,,,
BGIP4T,2025-09-23,,,,,
GOAU4T,2025-09-23,,,,,
TRIS3T,2025-09-23,,,,,
ABEV3T,2025-09-23,,,,,
IVVB11T,2025-09-23,,,,,
TCSA3T,2025-09-23,,,,,
CGRA4T,2025-09-23,,,,,
ABCB4T,2025-09-23,,,,,
ENGI11T,2025-09-23,,,,,
AGRO3T,2025-09-23,,,,,
VIVT3T,2025-09-23,,,,,
RDNI3T,2025-09-23,,,,,
TELB3T,2025-09-23,,,,,
GGBR3T,2025-09-23,,,,,
PTBL3T,2025-09-23,,,,,
HAPV3T,2025-09-23,,,,,
ITSA3T,2025-09-23,,,,,
ALPK3T,2025-09-23,,,,,
AMBP3T,2025-09-23,,,,,
HBSA3T,2025-09-23,,,,,
MELK3T,2025-09-23,,,,,
SEQL3T,2025-09-23,,,,,
TIMS3T,2025-09-23,,,,,
GMAT3T,2025-09-23,,,,,
TFCO4T,2025-09-23,,,,,
ENJU3T,2025-09-23,,,,,
AERI3T,2025-09-23,,,,,
GOLD11T,2025-09-23,,,,,
XINA11T,2025-09-23,,,,,
JALL3T,2025-09-23,,,,,
BMOB3T,2025-09-23,,,,,
CSED3T,2025-09-23,,,,,
OPCT3T,2025-09-23,,,,,
CMIN3T,2025-09-23,,,,,
ALLD3T,2025-09-23,,,,,
MATD3T,2025-09-23,,,,,
CXSE3T,2025-09-23,,,,,
SOJA3T,2025-09-23,,,,,
IFCM3T,2025-09-23,,,,,
RECV3T,2025-09-23,,,,,
G2DI33T,2025-09-23,,,,,
QBTC11T,2025-09-23,,,,,
MLAS3T,2025-09-23,,,,,
AGXY3T,2025-09-23,,,,,
LVTC3T,2025-09-23,,,,,
VVEO3T,2025-09-23,,,,,
ONCO3T,2025-09-23,,,,,
SPXB11T,2025-09-23,,,,,
XPBR31T,2025-09-23,,,,,
USAL11T,2025-09-23,,,,,
NDIV11T,2025-09-23,,,,,
HGBS11T,2025-09-23,,,,,
KNRI11T,2025-09-23,,,,,
STOC34T,2025-09-23,,,,,
EGIE3T,2025-09-23,,,,,
AALR3T,2025-09-23,,,,,
MOVI3T,2025-09-23,,,,,
BPAC11T,2025-09-23,,,,,
RAIL3T,2025-09-23,,,,,
TEND3T,2025-09-23,,,,,
IRBR3T,2025-09-23,,,,,
CAML3T,2025-09-23,,,,,
SUZB3T,2025-09-23,,,,,
SAPR11T,2025-09-23,,,,,
PRNR3T,2025-09-23,,,,,
SMFT3T,2025-09-23,,,,,
LOGG3T,2025-09-23,,,,,
NEOE3T,2025-09-23,,,,,
YDUQ3T,2025-09-23,,,,,
CEAB3T,2025-09-23,,,,,
TASA4T,2025-09-23,,,,,
BMGB4T,2025-09-23,,,,,
EQPA3T,2025-09-23,,,,,
MTRE3T,2025-09-23,,,,,
MDNE3T,2025-09-23,,,,,
PDTC3T,2025-09-23,,,,,
LJQQ3T,2025-09-23,,,,,
DMVF3T,2025-09-23,,,,,
LAVV3T,2025-09-23,,,,,
PGMN3T,2025-09-23,,,,,
PETZ3T,2025-09-23,,,,,
PLPL3T,2025-09-23,,,,,
JSLG3T,2025-09-23,,,,,
ACWI11T,2025-09-23,,,,,
INTB3T,2025-09-23,,,,,
ASAI3T,2025-09-23,,,,,
SBFG3T,2025-09-23,,,,,
BLAU3T,2025-09-23,,,,,
DEXP3T,2025-09-23,,,,,
DEXP4T,2025-09-23,,,,,
BRBI11T,2025-09-23,,,,,
TTEN3T,2025-09-23,,,,,
AMER3T,2025-09-23,,,,,
DESK3T,2025-09-23,,,,,
FIQE3T,2025-09-23,,,,,
ARML3T,2025-09-23,,,,,
TRAD3T,2025-09-23,,,,,
LAND3T,2025-09-23,,,,,
QETH11T,2025-09-23,,,,,
BITH11T,2025-09-23,,,,,
SYNE3T,2025-09-23,,,,,
ITUB3T,2025-09-23,,,,,
SANB11T,2025-09-23,,,,,
SANB3T,2025-09-23,,,,,
SANB4T,2025-09-23,,,,,
WRLD11T,2025-09-23,,,,,
IGTI11T,2025-09-23,,,,,
BRAP4T,2025-09-23,,,,,
AURE3T,2025-09-23,,,,,
UTEC11T,2025-09-23,,,,,
CSUD3T,2025-09-23,,,,,
WIZC3T,2025-09-23,,,,,
FIEI3T,2025-09-23,,,,,
PCAR3T,2025-09-23,,,,,
ALOS3T,2025-09-23,,,,,
SRNA3T,2025-09-23,,,,,
VTRU3T,2025-09-23,,,,,
DIVD11T,2025-09-23,,,,,
QQQI11T,2025-09-23,,,,,
AZZA3T,2025-09-23,,,,,
BTLG11T,2025-09-23,,,,,
TRXF11T,2025-09-23,,,,,
GOGL34T,2025-09-23,,,,,
M1TA34T,2025-09-23,,,,,
MELI34T,2025-09-23,,,,,
AMZO34T,2025-09-23,,,,,
XPML11T,2025-09-23,,,,,
IRDM11T,2025-09-23,,,,,
TGAR11T,2025-09-23,,,,,
CPTS11T,2025-09-23,,,,,
MSFT34T,2025-09-23,,,,,
HGLG11T,2025-09-23,,,,,
AAPL34T,2025-09-23,,,,,
KNCR11T,2025-09-23,,,,,
MXRF11T,2025-09-23,,,,,
QSOL11T,2025-09-23,,,,,
SOLH11T,2025-09-23,,,,,
TIRB11T,2025-09-23,,,,,
GARE11T,2025-09-23,,,,,
VISC11T,2025-09-23,,,,,
VGHF11T,2025-09-23,,,,,
XPLG11T,2025-09-23,,,,,
RZTR11T,2025-09-23,,,,,
RBRY11T,2025-09-23,,,,,
HSML11T,2025-09-23,,,,,
PVBI11T,2025-09-23,,,,,
LVBI11T,2025-09-23,,,,,
AMOB3T,2025-09-23,,,,,
FICT3T,2025-09-23,,,,,
QQQQ11T,2025-09-23,,,,,
AZEV3T,2025-09-23,,,,,
AZEV4T,2025-09-23,,,,,
AZTE3T,2025-09-23,,,,,
RANI3T,2025-09-23,,,,,
MOTV3T,2025-09-23,,,,,
TOKY3T,2025-09-23,,,,,
JBSS32T,2025-09-23,,,,,
GOLL54T,2025-09-23,,,,,
NATU3T,2025-09-23,,,,,
M2ST34T,2025-09-23,,,,,
AURO11T,2025-09-23,,,,,
BEST11T,2025-09-23,,,,,
UTLL11T,2025-09-23,,,,,
