Ativo,DataPregao,Abertura,Fechamento,PrecoMin,PrecoMax,Volume
BHIAJ240E,2025-10-07,2.4,2.4,2.4,2.4,1
CBAVJ310E,2025-10-07,3.1,3.1,3.1,3.1,3
CBAVJ340E,2025-10-07,3.4,3.4,3.4,3.4,2
CBAVK320E,2025-10-07,3.2,3.2,3.2,3.2,1
CBAVJ360E,2025-10-07,3.6,3.6,3.6,3.6,1
PETRL302E,2025-10-07,1.6,1.6,1.6,1.6,4
GGBR4,2025-10-07,17.36,17.19,17.19,17.53,17188
VALEW611,2025-10-07,1.24,1.43,1.24,1.43,105
VALEJ614,2025-10-07,1.11,0.48,0.46,1.11,1365
GOAUK103,2025-10-07,0.34,0.29,0.29,0.36,16
VALEV630,2025-10-07,0.66,0.85,0.57,0.85,1046
VALEK606,2025-10-07,2.53,2.11,2.11,2.54,254
VALEJ585,2025-10-07,4.88,4.35,4.35,4.88,29
VALEJ630,2025-10-07,1.07,0.67,0.67,1.08,2246
PMAM3,2025-10-07,1.24,1.24,1.22,1.28,321
VALEK626,2025-10-07,1.48,1.13,1.13,1.48,165
VALEV603W2,2025-10-07,1.03,1.46,1.03,1.46,24
VALEJ580,2025-10-07,5.34,4.91,4.91,5.36,46
GGBRW182,2025-10-07,0.89,1.05,0.89,1.05,7
VALEK621,2025-10-07,1.68,1.37,1.35,1.7,86
GGBRW157,2025-10-07,0.14,0.15,0.14,0.15,5
VALEJ560,2025-10-07,7.23,6.9,6.9,7.34,19
VALEW571,2025-10-07,0.38,0.4,0.36,0.4,842
VALEW556,2025-10-07,0.24,0.25,0.24,0.26,18
VALEK536,2025-10-07,8.43,7.9,7.9,8.43,36
VALEA750,2025-10-07,0.35,0.35,0.35,0.35,2
VALEK526,2025-10-07,9.35,8.88,8.88,9.35,8
VALEK678,2025-10-07,0.5,0.38,0.38,0.54,37
VALEV554,2025-10-07,0.04,0.04,0.03,0.04,26
VALEL660,2025-10-07,4.45,4.12,4.12,4.52,21
VALEW646,2025-10-07,3.36,3.55,3.35,3.55,5
GGBRK182,2025-10-07,0.5,0.38,0.38,0.5,8
PMAM1,2025-10-07,0.01,0.01,0.01,0.01,54
GGBRV182,2025-10-07,0.95,0.95,0.95,0.95,1
VALEJ595W2,2025-10-07,1.84,1.33,1.33,1.84,17
VALEV684,2025-10-07,7.2,7.48,7.2,7.48,6
VALEV565W2,2025-10-07,0.01,0.01,0.01,0.01,2
VALEV534,2025-10-07,0.02,0.02,0.01,0.02,8
GGBRV165W4,2025-10-07,0.14,0.14,0.14,0.14,1
VALEJ560W2,2025-10-07,5.15,4.73,4.73,5.15,7
VALEV560W4,2025-10-07,0.09,0.09,0.09,0.09,1
VALEW466,2025-10-07,0.03,0.03,0.03,0.03,3
VALEM650,2025-10-07,1.5,1.5,1.45,1.52,46
GOAUV967,2025-10-07,0.05,0.08,0.05,0.08,3
GOAUK947,2025-10-07,0.83,0.81,0.81,0.83,4
VALEL600,2025-10-07,5.16,4.95,4.95,5.16,5
VALEL540,2025-10-07,10.3,10.3,10.3,10.3,1
VALEJ610W5,2025-10-07,0.84,0.77,0.75,0.84,55
VALEL702,2025-10-07,0.17,0.17,0.17,0.17,3
VALED587,2025-10-07,5.05,6.06,5.05,6.23,9
VALEL57,2025-10-07,15,15.02,15,15.02,2
VALEM602,2025-10-07,0.89,0.89,0.89,0.89,1
VALEA617,2025-10-07,4.29,4.27,4.27,4.29,2
GOAUL104,2025-10-07,0.37,0.37,0.37,0.37,1
GOAUJ847,2025-10-07,1.53,1.53,1.53,1.53,1
VALEW429,2025-10-07,0.02,0.02,0.02,0.02,1
VALEL637,2025-10-07,1.1,0.98,0.98,1.1,3
VALEL669,2025-10-07,0.7,0.7,0.7,0.7,1
GGBRA181,2025-10-07,0.41,0.41,0.41,0.41,2
GGBRK180W4,2025-10-07,0.45,0.45,0.45,0.45,1
VALEB638,2025-10-07,9.53,9.35,9.35,9.53,3
VALEX660,2025-10-07,0.75,0.9,0.75,0.9,9
VALEN470,2025-10-07,0.23,0.23,0.23,0.23,1
VALEW479,2025-10-07,0.05,0.05,0.05,0.05,1
VALEW511,2025-10-07,0.09,0.08,0.08,0.09,2
VALEK493,2025-10-07,10.84,10.84,10.84,10.84,1
VALER602,2025-10-07,1.34,1.34,1.34,1.34,2
GGBRV162,2025-10-07,0.05,0.04,0.04,0.06,3
VALEV613W4,2025-10-07,2.04,2.04,2.04,2.04,1
VALEL594,2025-10-07,4.15,4.15,4.15,4.15,1
VALEW541,2025-10-07,0.17,0.17,0.17,0.17,2
VALEK466,2025-10-07,15.17,15.17,15.17,15.17,1
VALEK726,2025-10-07,0.06,0.06,0.06,0.06,1
VALEA275,2025-10-07,0.05,0.05,0.05,0.05,2
GOAU4,2025-10-07,9.92,9.85,9.84,10.03,5169
VALEK641,2025-10-07,0.85,0.67,0.67,0.89,44
VALEJ604,2025-10-07,1.58,0.9,0.9,1.58,1123
VALEK711,2025-10-07,0.07,0.06,0.06,0.07,13
VALEC635,2025-10-07,2.9,2.8,2.8,2.9,2
VALEJ590W2,2025-10-07,2.15,1.7,1.7,2.19,130
VALEB663,2025-10-07,1.65,1.73,1.65,1.85,6
VALEK666,2025-10-07,0.4,0.28,0.28,0.4,34
VALEJ550W4,2025-10-07,6.41,6.07,6.07,6.41,4
GGBRK197,2025-10-07,0.12,0.09,0.09,0.12,9
VALEK661,2025-10-07,0.45,0.33,0.33,0.45,34
VALEV670,2025-10-07,3.67,4.01,3.67,4.03,10
VALEJ593W4,2025-10-07,1.37,1.04,1.01,1.37,16
VALEC726,2025-10-07,0.9,0.8,0.8,0.9,6
VALEK716,2025-10-07,0.07,0.06,0.06,0.07,3
VALEV524,2025-10-07,0.01,0.01,0.01,0.02,10
VALEJ510W4,2025-10-07,9.88,9.87,9.87,9.89,5
VALEK556,2025-10-07,6.48,6.02,6.02,6.48,23
VALEJ684,2025-10-07,0.01,0.01,0.01,0.01,3
VALEW621,2025-10-07,1.68,1.88,1.68,1.89,36
VALEA647,2025-10-07,2.6,2.46,2.44,2.6,11
VALEJ1,2025-10-07,9.83,9.65,9.65,9.83,3
VALEJ570W2,2025-10-07,4.16,3.73,3.73,4.16,31
VALEJ525W2,2025-10-07,8.65,8.2,8.2,8.65,5
GGBRL240,2025-10-07,0.38,0.38,0.38,0.38,1
GGBRJ185,2025-10-07,0.07,0.03,0.03,0.07,14
VALEJ585W2,2025-10-07,2.64,2.3,2.3,2.64,25
VALEV530,2025-10-07,0.01,0.01,0.01,0.02,5
VALEC595,2025-10-07,4.87,4.95,4.87,5.22,3
GOAUJ929,2025-10-07,0.7,0.68,0.68,0.71,5
VALEA580,2025-10-07,9.31,9.15,9.12,9.31,46
VALEA577,2025-10-07,7.51,7.45,7.4,7.51,5
GGBRV155,2025-10-07,0.03,0.02,0.02,0.03,2
VALEU50,2025-10-07,0.75,0.75,0.75,0.75,1
GOAUK110,2025-10-07,0.12,0.09,0.09,0.12,9
GGBRJ180,2025-10-07,0.11,0.12,0.11,0.13,6
VALEO450,2025-10-07,0.08,0.07,0.04,0.08,4
VALEN622,2025-10-07,2.9,2.92,2.9,2.95,4
VALEW70,2025-10-07,5.93,5.93,5.93,5.93,1
VALEA607,2025-10-07,5.01,4.98,4.98,5.01,4
VALEL544,2025-10-07,7.99,7.99,7.99,7.99,1
GOAUK99,2025-10-07,0.47,0.42,0.42,0.47,8
GOAUD150,2025-10-07,0.48,0.48,0.48,0.48,1
VALEV603W4,2025-10-07,1.51,1.51,1.51,1.51,1
VALEL70,2025-10-07,0.61,0.5,0.48,0.61,5
GGBRK187,2025-10-07,0.29,0.26,0.25,0.29,3
VALEW501,2025-10-07,0.07,0.07,0.07,0.07,1
VALEK571,2025-10-07,5.14,5,5,5.14,2
VALEL659,2025-10-07,1,0.99,0.99,1,6
VALEV663W2,2025-10-07,6.83,7.09,6.83,7.09,2
VALEJ580W4,2025-10-07,3.58,3.4,3.4,3.58,7
VALEJ520W4,2025-10-07,9.26,9.18,9.18,9.26,3
VALEJ555W4,2025-10-07,5.89,5.81,5.81,5.89,3
GOAUL101,2025-10-07,0.51,0.51,0.51,0.51,1
VALEJ585W4,2025-10-07,3.15,3.01,3.01,3.15,5
GOAUL989,2025-10-07,0.51,0.51,0.51,0.51,2
VALEW488,2025-10-07,0.07,0.07,0.07,0.07,1
GGBRW190,2025-10-07,1.45,1.45,1.45,1.45,1
GGBRJ162,2025-10-07,1.39,1.32,1.32,1.39,2
PATI4F,2025-10-07,38.21,38.21,38.21,38.21,2
GGBRV210,2025-10-07,3.48,3.48,3.48,3.48,1
VALEX544,2025-10-07,0.28,0.28,0.28,0.28,2
VALEW696,2025-10-07,7.68,7.68,7.68,7.68,1
VALEV590W2,2025-10-07,0.06,0.07,0.06,0.07,27
VALEJ620,2025-10-07,1.73,1.27,1.27,1.87,1200
GOAUK949,2025-10-07,0.79,0.72,0.71,0.8,7
VALEW586,2025-10-07,0.58,0.64,0.58,0.64,146
FESA4F,2025-10-07,6.49,6.47,6.34,6.49,769
VALEW606,2025-10-07,1.12,1.23,1.1,1.24,118
VALEJ613W2,2025-10-07,0.1,0.05,0.05,0.1,58
VALEW601,2025-10-07,0.96,1.1,0.91,1.1,142
VALEV590,2025-10-07,0.07,0.06,0.05,0.07,80
VALEA620,2025-10-07,6,5.69,5.69,6.01,4
VALEK70,2025-10-07,0.27,0.2,0.2,0.27,26
VALEW561,2025-10-07,0.28,0.29,0.27,0.3,45
GGBRK167,2025-10-07,1.16,1.15,1.15,1.17,5
VALEW531,2025-10-07,0.13,0.13,0.12,0.14,12
VALEW551,2025-10-07,0.21,0.21,0.21,0.22,13
VALEK586,2025-10-07,3.88,3.48,3.48,3.9,66
VALEK596,2025-10-07,3.16,2.76,2.76,3.16,84
VALEK701,2025-10-07,0.12,0.09,0.08,0.12,14
VALEJ530W2,2025-10-07,8.07,7.69,7.69,8.07,8
GOAUX889,2025-10-07,0.1,0.1,0.1,0.1,1
VALEA592,2025-10-07,6.21,6.04,6.03,6.24,7
VALEK646,2025-10-07,0.78,0.56,0.56,0.78,87
VALEV593W4,2025-10-07,0.84,1,0.84,1,4
VALEX520,2025-10-07,0.11,0.11,0.11,0.11,1
VALEX550,2025-10-07,0.2,0.2,0.2,0.2,2
GOAUJ887,2025-10-07,1.17,1.12,1.12,1.17,2
GGBRW162,2025-10-07,0.2,0.22,0.2,0.22,5
VALEA711,2025-10-07,0.35,0.33,0.33,0.35,4
VALEK516,2025-10-07,9.95,9.95,9.95,9.95,1
VALEL69,2025-10-07,0.7,0.54,0.54,0.7,7
VALEA642,2025-10-07,2.77,2.7,2.7,3.18,13
VALEX799,2025-10-07,17.5,17.15,17.09,17.5,6
VALEA641,2025-10-07,1.82,1.77,1.77,1.82,7
GGBRJ170W2,2025-10-07,0.49,0.38,0.38,0.49,4
GOAUW929,2025-10-07,0.13,0.12,0.12,0.13,2
GGBRJ160,2025-10-07,1.46,1.46,1.46,1.46,1
VALEM620,2025-10-07,0.78,0.78,0.78,0.78,1
VALEC565,2025-10-07,6,6,6,6,1
GGBRL191,2025-10-07,0.51,0.51,0.51,0.51,11
VALEL724,2025-10-07,0.15,0.15,0.15,0.15,7
VALEL614,2025-10-07,2.69,2.55,2.45,3.2,8
VALER540,2025-10-07,1.53,1.21,1.19,1.53,3
GGBRJ175W2,2025-10-07,0.22,0.14,0.14,0.22,3
VALEQ43,2025-10-07,0.19,0.16,0.16,0.19,4
VALEV674,2025-10-07,6.46,6.46,6.46,6.46,1
VALEN638,2025-10-07,3.4,3.4,3.4,3.41,39
VALEV544,2025-10-07,0.03,0.03,0.02,0.03,9
VALEV575W4,2025-10-07,0.15,0.16,0.15,0.16,3
VALEC675,2025-10-07,1.35,1.35,1.35,1.35,1
VALEV680,2025-10-07,4.87,5.01,4.87,5.01,3
VALEV585W2,2025-10-07,0.04,0.05,0.04,0.05,10
VALEF602,2025-10-07,8.7,8.7,8.7,8.7,1
VALEV654,2025-10-07,4.38,4.38,4.38,4.38,1
VALEJ600W4,2025-10-07,1.93,1.78,1.78,1.93,5
VALEV580W4,2025-10-07,0.19,0.2,0.19,0.2,2
VALEB615,2025-10-07,5.5,5.5,5.5,5.5,1
VALEA572,2025-10-07,7.81,7.79,7.79,7.81,2
VALEK630W1,2025-10-07,0.88,0.97,0.88,0.97,2
VALEN530,2025-10-07,0.28,0.25,0.25,0.28,2
GGBRV180W2,2025-10-07,0.67,0.69,0.67,0.77,3
VALEX560,2025-10-07,0.26,0.26,0.26,0.26,1
VALEN602,2025-10-07,1.47,1.47,1.47,1.47,1
GOAUJ927,2025-10-07,0.82,0.82,0.82,0.82,1
GGBRK214,2025-10-07,0.02,0.02,0.02,0.02,1
GGBRJ190,2025-10-07,0.03,0.02,0.02,0.03,2
VALEK595W4,2025-10-07,1.75,2.09,1.75,2.09,2
VALEM485,2025-10-07,0.11,0.11,0.11,0.11,1
GGBRV205,2025-10-07,2.99,2.99,2.99,2.99,1
VALEM651,2025-10-07,3.5,3.5,3.5,3.5,1
VALEJ660,2025-10-07,0.15,0.08,0.08,0.15,91
GGBRL153,2025-10-07,3,3,3,3,1
VALE3F,2025-10-07,59.55,58.89,58.89,59.59,9061
VALEV595W4,2025-10-07,0.41,0.46,0.41,0.46,5
GGBR4F,2025-10-07,17.21,17.28,17.18,17.52,1519
VALEV614,2025-10-07,0.85,1.21,0.78,1.21,1055
VALEO350,2025-10-07,0.02,0.03,0.02,0.03,2
VALEV640,2025-10-07,1.15,1.44,0.85,1.44,811
GOAUW889,2025-10-07,0.07,0.08,0.07,0.08,10
VALEJ613W4,2025-10-07,0.43,0.33,0.33,0.43,7
VALEV574,2025-10-07,0.08,0.08,0.06,0.09,174
GGBRK175,2025-10-07,0.82,0.71,0.69,0.82,88
VALEJ565W2,2025-10-07,4.65,4.24,4.24,4.66,15
VALEA622,2025-10-07,4.05,3.88,3.71,4.05,13
GGBRV180,2025-10-07,0.71,0.74,0.68,0.74,10
GGBRW160,2025-10-07,0.15,0.17,0.15,0.17,7
VALEJ680,2025-10-07,0.04,0.03,0.03,0.04,301
GGBRJ165,2025-10-07,1.09,0.95,0.95,1.09,8
VALEX620,2025-10-07,1.1,1.16,1.1,1.17,27
GGBRV217,2025-10-07,4.36,4.36,4.36,4.36,1
GGBRJ170,2025-10-07,0.77,0.55,0.55,0.77,16
GOAUJ967,2025-10-07,0.45,0.38,0.38,0.45,16
GGBRK209,2025-10-07,0.03,0.03,0.03,0.03,1
VALEV644,2025-10-07,3.33,3.54,3.33,3.55,14
GOAUV10,2025-10-07,0.2,0.24,0.18,0.24,32
GOAU3,2025-10-07,9.95,9.84,9.82,10.03,274
VALEJ575W4,2025-10-07,4.14,3.68,3.68,4.14,9
VALEJ575W2,2025-10-07,3.56,3.27,3.27,3.56,13
GGBRM158,2025-10-07,0.04,0.29,0.04,0.29,2
VALEJ565W4,2025-10-07,4.97,4.62,4.62,4.97,9
VALEK671,2025-10-07,0.31,0.23,0.23,0.31,26
VALEK691,2025-10-07,0.16,0.14,0.13,0.16,19
VALEA632,2025-10-07,3.33,3.22,3.2,3.4,11
VALEV584,2025-10-07,0.12,0.15,0.1,0.15,272
VALEA612,2025-10-07,4.64,4.48,4.48,4.7,6
GGBRW175,2025-10-07,0.57,0.64,0.56,0.64,21
VALEK731,2025-10-07,0.04,0.04,0.04,0.04,1
GGBRV170,2025-10-07,0.13,0.19,0.13,0.19,14
GOAUW949,2025-10-07,0.17,0.18,0.17,0.18,2
VALEW516,2025-10-07,0.09,0.1,0.09,0.1,2
GGBRV190,2025-10-07,1.65,1.65,1.65,1.65,1
VALEW701,2025-10-07,8.47,8.47,8.47,8.47,1
VALEL220,2025-10-07,0.01,0.05,0.01,0.05,4
GGBRJ168,2025-10-07,0.77,0.78,0.77,0.78,2
GOAUW967,2025-10-07,0.2,0.2,0.2,0.2,2
VALEW526,2025-10-07,0.11,0.11,0.11,0.12,7
VALEB69,2025-10-07,0.8,1.08,0.8,1.08,3
GGBRW167,2025-10-07,0.33,0.35,0.33,0.35,3
GGBRK134,2025-10-07,4,4,4,4,1
GGBRJ195,2025-10-07,0.01,0.01,0.01,0.01,1
VALEX584,2025-10-07,0.8,0.36,0.36,0.81,5
VALEC655,2025-10-07,1.89,2,1.89,2.14,5
VALEV510,2025-10-07,0.01,0.01,0.01,0.01,2
VALEL590,2025-10-07,5.79,5.77,5.77,5.98,8
GGBRK192,2025-10-07,0.18,0.16,0.15,0.18,4
VALEV613W2,2025-10-07,2.03,2.29,2.03,2.29,3
GOAUW927,2025-10-07,0.11,0.11,0.11,0.11,1
VALEX472,2025-10-07,0.07,0.09,0.07,0.09,6
VALEJ630W5,2025-10-07,0.34,0.3,0.3,0.44,8
VALEW666,2025-10-07,5.02,5.01,5.01,5.02,2
VALEK426,2025-10-07,18.69,18.74,18.69,18.74,4
VALEJ421,2025-10-07,18.67,18.74,18.67,18.74,3
VALEK580W1,2025-10-07,1.93,2.53,1.91,2.53,4
VALEX644,2025-10-07,1.82,1.89,1.82,1.89,6
VALEJ690,2025-10-07,0.03,0.02,0.02,0.03,22
VALEL604,2025-10-07,3.15,3.15,3.15,3.15,2
VALEA637,2025-10-07,2.86,3.03,2.86,3.07,5
GGBRJ180W2,2025-10-07,0.05,0.03,0.03,0.05,4
VALEV653W2,2025-10-07,6.22,6.22,6.22,6.22,1
GGBRJ165W2,2025-10-07,0.91,0.86,0.86,0.93,6
VALEX594,2025-10-07,0.93,1.04,0.93,1.04,7
VALEJ545W4,2025-10-07,6.88,6.8,6.8,6.88,3
VALEX659,2025-10-07,4.2,4.2,4.2,4.2,1
VALEV580W2,2025-10-07,0.03,0.04,0.03,0.04,2
GGBRX177,2025-10-07,0.55,0.59,0.55,0.59,2
VALEC686,2025-10-07,1.7,1.7,1.7,1.7,1
VALEV53,2025-10-07,0.8,0.71,0.71,0.8,6
GOAUX979,2025-10-07,0.2,0.2,0.2,0.2,2
VALEW521,2025-10-07,0.1,0.1,0.1,0.1,2
VALEJ48,2025-10-07,11,11,11,11,3
GGBRV170W2,2025-10-07,0.08,0.07,0.07,0.08,3
GOAUV929,2025-10-07,0.03,0.03,0.03,0.03,1
VALEA651,2025-10-07,1.2,1.2,1.2,1.2,1
VALEJ595W5,2025-10-07,1.65,1.65,1.65,1.65,1
VALEL534,2025-10-07,9.1,9.17,9.1,9.17,2
VALEX564,2025-10-07,0.36,0.43,0.36,0.43,3
VALEV683W2,2025-10-07,8.8,8.8,8.8,8.8,1
GOAUL118,2025-10-07,0.07,0.07,0.07,0.07,1
VALEL1,2025-10-07,5.5,5.5,5.5,5.5,1
VALEJ515W2,2025-10-07,9.71,9.14,9.14,9.71,12
VALEV624,2025-10-07,1.5,1.82,1.4,1.84,365
GGBRW165,2025-10-07,0.24,0.29,0.24,0.29,6
GOAU4F,2025-10-07,9.94,9.87,9.84,10.04,1355
VALEV594,2025-10-07,0.19,0.3,0.19,0.3,403
GGBRL207,2025-10-07,0.16,0.16,0.16,0.16,1
VALEV593W2,2025-10-07,0.44,0.67,0.39,0.67,140
GOAU3F,2025-10-07,10,9.93,9.82,10.04,165
VALEJ603W2,2025-10-07,0.31,0.13,0.13,0.31,342
VALEK631,2025-10-07,1.02,0.95,0.95,1.24,96
VALEW596,2025-10-07,0.82,0.88,0.78,0.89,115
VALEK601,2025-10-07,2.8,2.4,2.4,2.87,112
VALEV600,2025-10-07,0.1,0.12,0.08,0.12,144
GGBRK18,2025-10-07,0.6,0.48,0.47,0.6,29
GGBRW155,2025-10-07,0.11,0.11,0.11,0.11,3
GGBRV177,2025-10-07,0.48,0.56,0.39,0.56,109
VALEK591,2025-10-07,3.51,3.17,3.17,3.51,91
PMAM3F,2025-10-07,1.24,1.25,1.22,1.28,182
VALEL649,2025-10-07,1.24,1.06,1.04,1.24,12
VALEJ580W2,2025-10-07,3.14,2.76,2.76,3.14,18
VALEV478W4,2025-10-07,0.01,0.01,0.01,0.01,1
VALEX600,2025-10-07,0.67,0.7,0.67,0.71,9
VALEK611,2025-10-07,2.25,1.83,1.83,2.25,108
VALEA665,2025-10-07,0.68,0.66,0.65,0.68,4
VALEK616,2025-10-07,1.9,1.57,1.57,1.97,222
PATI3F,2025-10-07,44,45.82,43.94,45.82,15
VALEA650,2025-10-07,3.67,3.53,3.53,3.67,15
VALEL639,2025-10-07,1.53,1.34,1.34,1.64,45
VALEJ554,2025-10-07,5.7,5.43,5.43,5.88,30
VALEV585W4,2025-10-07,0.25,0.25,0.25,0.25,1
VALEJ623W4,2025-10-07,0.26,0.19,0.19,0.29,13
VALEL627,2025-10-07,1.18,1.18,1.18,1.18,2
VALEJ633W4,2025-10-07,0.17,0.11,0.11,0.17,10
VALEV1,2025-10-07,0.02,0.02,0.02,0.02,1
GGBRW217,2025-10-07,4.11,4.11,4.11,4.11,1
VALEJ540W2,2025-10-07,7.07,6.71,6.71,7.07,6
VALEL694,2025-10-07,0.3,0.3,0.3,0.3,1
TKNO3F,2025-10-07,194.01,194.01,194.01,194.01,1
VALEV473W4,2025-10-07,0.01,0.01,0.01,0.01,1
GOAUW947,2025-10-07,0.13,0.16,0.13,0.16,4
VALEK566,2025-10-07,5.45,5.25,5.25,5.56,16
FESA3,2025-10-07,11.16,11.94,11.16,11.94,3
VALEK551,2025-10-07,6.91,6.6,6.6,6.91,4
VALEK581,2025-10-07,4.32,3.96,3.96,4.36,16
GGBRM213,2025-10-07,0.3,0.32,0.3,0.32,2
VALEN560,2025-10-07,0.42,0.46,0.42,0.47,35
VALED803,2025-10-07,3.01,3.01,3.01,3.01,1
GGBRW152,2025-10-07,0.09,0.09,0.09,0.09,1
GOAUW103,2025-10-07,0.48,0.48,0.48,0.48,2
GGBRL215,2025-10-07,0.09,0.09,0.09,0.09,1
GOAUW909,2025-10-07,0.09,0.1,0.09,0.1,2
VALEJ653W4,2025-10-07,0.05,0.05,0.05,0.05,1
VALEJ570W4,2025-10-07,4.43,4.25,4.25,4.43,16
VALEA710,2025-10-07,1.25,0.99,0.99,1.25,11
GOAUV907,2025-10-07,0.02,0.02,0.02,0.02,2
VALEP597,2025-10-07,2.05,2.1,2.05,2.1,2
VALEM525,2025-10-07,0.35,0.35,0.35,0.35,1
VALEJ530W4,2025-10-07,8.37,8.04,8.04,8.37,7
GOAUX829,2025-10-07,0.06,0.06,0.06,0.06,1
VALEA646,2025-10-07,1.62,1.63,1.62,1.63,3
VALEC580,2025-10-07,5.9,5.9,5.9,5.9,1
MGEL4,2025-10-07,6.44,6.3,6.3,6.44,2
VALEC690,2025-10-07,0.97,1.18,0.97,1.18,3
VALEJ700,2025-10-07,0.01,0.01,0.01,0.01,1
VALEJ590W4,2025-10-07,2.63,2.55,2.55,2.64,7
VALEN53,2025-10-07,0.82,0.83,0.82,0.83,3
VALEK635W2,2025-10-07,0.59,0.59,0.59,0.59,1
GOAUK867,2025-10-07,1.55,1.55,1.55,1.55,4
VALEJ633W2,2025-10-07,0.07,0.02,0.02,0.07,2
VALEL570,2025-10-07,7.75,7.8,7.75,7.8,2
VALEV700,2025-10-07,6.72,6.72,6.72,6.72,1
VALEW496,2025-10-07,0.06,0.06,0.06,0.06,2
VALEA661,2025-10-07,0.98,0.98,0.98,0.98,1
GOAUV110,2025-10-07,0.95,0.95,0.95,0.95,1
VALEV720,2025-10-07,8.68,8.68,8.68,8.68,1
VALEX609,2025-10-07,1.45,1.51,1.21,1.75,13
VALEV595W2,2025-10-07,0.1,0.2,0.09,0.2,101
FESA4,2025-10-07,6.45,6.39,6.33,6.45,1537
VALEK636,2025-10-07,1,0.81,0.81,1.03,83
VALEJ640,2025-10-07,0.58,0.33,0.33,0.58,1410
VALEJ634,2025-10-07,0.22,0.12,0.12,0.22,336
VALEV604,2025-10-07,0.43,0.58,0.41,0.58,852
VALEV580,2025-10-07,0.04,0.03,0.03,0.05,875
VALEW581,2025-10-07,0.51,0.65,0.48,0.65,70
TKNO4,2025-10-07,196.05,197,195,197,6
VALEV634,2025-10-07,2.36,2.69,2.2,2.72,454
VALED699,2025-10-07,5.58,7.25,5.58,7.25,3
GGBRX162,2025-10-07,0.19,0.2,0.1,0.22,7
GOAUJ10,2025-10-07,0.24,0.15,0.15,0.24,24
VALEW591,2025-10-07,0.56,0.75,0.55,0.76,178
VALEJ623W2,2025-10-07,0.04,0.02,0.02,0.05,32
VALEL644,2025-10-07,2.54,2.21,2,2.54,34
GOAUK108,2025-10-07,0.18,0.13,0.13,0.18,5
VALEX649,2025-10-07,3.61,3.62,3.61,3.7,4
GGBRL20,2025-10-07,0.27,0.27,0.27,0.27,1
VALEK686,2025-10-07,0.2,0.15,0.15,0.2,8
GGBRX270,2025-10-07,3.65,3.65,3.65,3.65,1
VALEA656,2025-10-07,1.35,1.22,1.22,1.38,7
GGBRJ137,2025-10-07,3.61,3.61,3.61,3.61,1
VALEL62,2025-10-07,0.4,0.4,0.4,0.4,1
VALEJ654,2025-10-07,0.06,0.04,0.03,0.06,48
VALEJ489,2025-10-07,10.51,10.11,10.11,10.51,2
GOAUW100,2025-10-07,0.29,0.29,0.29,0.29,1
GGBRJ172,2025-10-07,0.55,0.38,0.38,0.58,18
VALEV590W4,2025-10-07,0.32,0.34,0.32,0.35,4
VALEW486,2025-10-07,0.05,0.05,0.05,0.05,6
VALEB717,2025-10-07,0.49,0.44,0.43,0.49,9
VALEP538,2025-10-07,0.59,0.65,0.58,0.65,54
VALEW641,2025-10-07,2.91,3.16,2.91,3.16,16
VALEV540,2025-10-07,0.02,0.02,0.02,0.02,5
GOAUW118,2025-10-07,1.68,1.68,1.68,1.68,1
GOAUJ105,2025-10-07,0.05,0.04,0.03,0.06,9
GOAUV867,2025-10-07,0.01,0.01,0.01,0.01,1
GOAUK967,2025-10-07,0.73,0.67,0.67,0.77,12
TKNO4F,2025-10-07,195,195,195,195.5,4
GGBRK185,2025-10-07,0.35,0.32,0.32,0.35,3
VALEJ540,2025-10-07,9.29,9,9,9.33,8
VALEA696,2025-10-07,0.48,0.48,0.48,0.48,2
GOAUK847,2025-10-07,1.68,1.68,1.68,1.68,2
GGBRJ170W4,2025-10-07,0.66,0.61,0.61,0.66,2
VALEA582,2025-10-07,7.03,6.99,6.91,7.11,26
VALEX554,2025-10-07,0.34,0.36,0.34,0.36,5
VALEK721,2025-10-07,0.05,0.05,0.05,0.05,2
VALET614,2025-10-07,2.44,2.45,2.44,2.45,3
VALEW506,2025-10-07,0.08,0.08,0.08,0.08,1
VALEX604,2025-10-07,1.28,1.25,1.25,1.33,4
VALET538,2025-10-07,1.2,1.2,1.2,1.2,11
VALEN548,2025-10-07,1.2,1.29,1.2,1.29,11
VALES530,2025-10-07,0.57,0.53,0.53,0.57,5
VALEK746,2025-10-07,0.03,0.03,0.03,0.03,2
VALEW678,2025-10-07,4.1,4.1,4.1,4.1,2
VALEM637,2025-10-07,1.81,1.81,1.81,1.81,1
GGBRV165W2,2025-10-07,0.04,0.02,0.02,0.04,3
VALEV685,2025-10-07,5.18,5.25,5.15,5.25,4
VALEW536,2025-10-07,0.14,0.14,0.14,0.15,3
GOAUW105,2025-10-07,0.58,0.59,0.58,0.59,5
VALEX590,2025-10-07,0.46,0.46,0.46,0.46,1
GGBRK190,2025-10-07,0.25,0.25,0.25,0.25,1
GOAUO10,2025-10-07,0.38,0.38,0.38,0.38,1
GOAUL113,2025-10-07,0.12,0.12,0.12,0.12,1
GGBRV210W2,2025-10-07,3.66,3.66,3.66,3.66,1
GGBRM181,2025-10-07,1,1,1,1.06,3
VALE3,2025-10-07,59.5,58.75,58.75,59.62,30159
VALEJ624,2025-10-07,0.38,0.24,0.23,0.42,827
VALEJ574,2025-10-07,3.86,3.4,3.4,4.08,112
GGBR3F,2025-10-07,15.27,15.08,15.08,15.36,240
GGBRW18,2025-10-07,0.82,0.91,0.82,0.91,42
VALEJ610,2025-10-07,2.5,2.09,2.06,2.65,224
VALEK651,2025-10-07,0.66,0.46,0.46,0.66,113
VALEW576,2025-10-07,0.44,0.46,0.43,0.46,31
GGBRW180,2025-10-07,0.72,0.75,0.65,0.76,43
GGBR3,2025-10-07,15.11,15.21,15.05,15.34,95
VALEV610,2025-10-07,0.17,0.26,0.14,0.26,274
GGBRV168,2025-10-07,0.11,0.12,0.09,0.13,27
VALEJ650,2025-10-07,0.28,0.17,0.16,0.31,1038
GGBRJ175,2025-10-07,0.33,0.27,0.26,0.38,73
VALEV660,2025-10-07,2.84,3.16,2.77,3.18,410
GGBRV175W2,2025-10-07,0.3,0.38,0.28,0.38,4
GGBRK180,2025-10-07,0.67,0.6,0.59,0.68,29
VALEV600W2,2025-10-07,0.16,0.23,0.14,0.23,142
VALEW484,2025-10-07,0.04,0.04,0.04,0.04,2
VALEJ550,2025-10-07,8.25,7.98,7.97,8.31,26
GGBRW17,2025-10-07,0.45,0.53,0.44,0.53,12
VALEJ590,2025-10-07,4.41,3.94,3.94,4.42,35
VALEV585,2025-10-07,0.04,0.05,0.04,0.06,35
GGBRK170,2025-10-07,1.18,1,1,1.18,5
VALEJ534,2025-10-07,7.78,7.43,7.43,7.84,42
VALEJ520W2,2025-10-07,9.17,8.73,8.73,9.17,5
VALEK546,2025-10-07,7.39,7.05,7.05,7.43,23
GGBRV165,2025-10-07,0.08,0.08,0.07,0.09,8
VALEJ544,2025-10-07,6.82,6.41,6.41,6.83,20
VALEJ535W2,2025-10-07,7.58,7.2,7.2,7.75,10
VALEV570,2025-10-07,0.03,0.02,0.02,0.04,27
GGBRL18,2025-10-07,0.98,0.95,0.64,0.99,8
VALEW616,2025-10-07,1.52,1.76,1.46,1.76,81
VALEM642,2025-10-07,1.97,2.1,1.91,2.1,9
VALEW631,2025-10-07,2.28,2.48,2.28,2.48,15
VALEJ670,2025-10-07,0.08,0.04,0.04,0.08,146
VALEJ600W2,2025-10-07,1.28,0.9,0.9,1.4,59
VALEW636,2025-10-07,2.55,2.85,2.55,2.85,24
VALEJ530,2025-10-07,10.3,9.91,9.91,10.3,8
VALEL609,2025-10-07,2.98,2.65,2.58,3.18,7
VALEJ545W2,2025-10-07,6.55,6.22,6.22,6.55,6
GGBRV175,2025-10-07,0.33,0.39,0.32,0.4,14
VALEW471,2025-10-07,0.03,0.03,0.03,0.03,2
VALEJ603W4,2025-10-07,0.8,0.6,0.6,0.8,12
VALEC63,2025-10-07,3.25,2.99,2.99,5.72,4
VALEW566,2025-10-07,0.31,0.33,0.31,0.34,12
FESA3F,2025-10-07,11.43,11.47,11.15,12.01,40
VALEJ685,2025-10-07,0.03,0.03,0.03,0.03,4
VALEX57,2025-10-07,1.2,1.16,1.16,1.2,3
VALEJ595W4,2025-10-07,2.25,2.02,2.02,2.25,6
VALEX872,2025-10-07,20.05,20.05,20.05,20.05,1
GGBRV172,2025-10-07,0.24,0.26,0.21,0.28,50
VALEP563,2025-10-07,0.99,0.94,0.93,0.99,8
VALEK741,2025-10-07,0.03,0.03,0.03,0.03,2
GGBRJ175W4,2025-10-07,0.35,0.35,0.35,0.35,1
VALEA675,2025-10-07,0.54,0.54,0.54,0.54,3
VALEL629,2025-10-07,1.91,1.78,1.75,1.98,5
GOAUK105,2025-10-07,0.26,0.21,0.21,0.26,10
GGBRW173W4,2025-10-07,0.71,0.71,0.71,0.71,1
VALEV560,2025-10-07,0.02,0.03,0.02,0.03,9
VALEI837,2025-10-07,4,4,4,4,1
GGBRK195,2025-10-07,0.12,0.13,0.12,0.13,2
GGBRV150,2025-10-07,0.01,0.01,0.01,0.01,2
VALEC650,2025-10-07,2.1,2.1,2.1,2.1,1
VALEX524,2025-10-07,0.19,0.19,0.19,0.19,1
GOAUX100,2025-10-07,0.18,0.2,0.18,0.2,6
GGBRJ188,2025-10-07,0.03,0.03,0.03,0.03,1
VALEV573,2025-10-07,1.63,1.63,1.63,1.63,2
VALEJ494,2025-10-07,11.77,11.77,11.77,11.77,1
VALEW671,2025-10-07,5.39,5.41,5.39,5.41,3
VALEW436,2025-10-07,0.02,0.02,0.02,0.02,1
GGBRX16,2025-10-07,0.17,0.17,0.17,0.17,1
VALEK521,2025-10-07,9.77,9.77,9.77,9.77,1
VALEK610W2,2025-10-07,1.3,1.3,1.3,1.3,1
GOAUL121,2025-10-07,0.05,0.05,0.05,0.05,1
VALEJ584,2025-10-07,2.95,2.5,2.49,3.17,189
VALEV620,2025-10-07,0.28,0.39,0.28,0.4,667
GGBRK17,2025-10-07,0.97,0.86,0.82,1.03,101
VALEJ600,2025-10-07,3.39,2.95,2.95,3.56,111
VALEJ644,2025-10-07,0.11,0.06,0.06,0.11,108
VALEV650,2025-10-07,1.9,2.3,1.79,2.3,331
VALEJ594,2025-10-07,2.25,1.65,1.58,2.25,690
VALEK576,2025-10-07,4.75,4.27,4.26,4.75,65
VALEJ555W2,2025-10-07,5.67,5.23,5.23,5.67,6
VALEJ593W2,2025-10-07,0.66,0.33,0.33,0.68,142
GGBRJ177,2025-10-07,0.24,0.17,0.16,0.25,35
PMAM1F,2025-10-07,0.01,0.01,0.01,0.01,29
VALEK531,2025-10-07,8.84,8.43,8.43,8.84,25
VALEA652,2025-10-07,2.45,2.19,2.19,2.45,16
VALEJ535W4,2025-10-07,7.86,7.54,7.54,7.86,4
VALEW651,2025-10-07,3.64,4,3.64,4,10
VALEJ674,2025-10-07,0.02,0.02,0.02,0.02,7
VALEJ524,2025-10-07,8.75,8.5,8.48,8.83,14
GGBRL175,2025-10-07,1.25,1.25,1.25,1.25,1
VALEJ570,2025-10-07,6.35,6,6,6.35,21
VALEW626,2025-10-07,2.02,2.2,1.97,2.2,103
VALEW546,2025-10-07,0.18,0.18,0.18,0.19,7
GOAUV100,2025-10-07,0.11,0.15,0.11,0.15,5
GOAUV927,2025-10-07,0.03,0.03,0.03,0.03,2
VALEK696,2025-10-07,0.14,0.11,0.11,0.14,14
GGBRJ182,2025-10-07,0.12,0.07,0.07,0.12,20
VALEJ550W2,2025-10-07,6.07,5.72,5.72,6.07,14
GGBRW170,2025-10-07,0.43,0.43,0.41,0.43,4
VALEJ514,2025-10-07,9.85,9.41,9.41,9.85,4
VALEK610W4,2025-10-07,0.97,1.05,0.97,1.52,4
VALEJ600W5,2025-10-07,1.32,1.1,1.1,1.34,11
VALEV570W2,2025-10-07,0.03,0.03,0.02,0.03,4
VALEK681,2025-10-07,0.23,0.18,0.18,0.23,5
GGBRL187,2025-10-07,0.62,0.62,0.62,0.65,6
VALEU577,2025-10-07,1.8,2.35,1.8,2.35,2
VALEK561,2025-10-07,5.98,5.74,5.72,6,13
VALEW580W2,2025-10-07,0.75,0.75,0.75,0.75,1
GOAUJ100,2025-10-07,0.33,0.28,0.28,0.34,38
VALEV550,2025-10-07,0.02,0.02,0.02,0.02,1
GGBRV157,2025-10-07,0.03,0.03,0.03,0.03,1
VALEV623W2,2025-10-07,2.89,3.22,2.89,3.23,12
VALEP558,2025-10-07,0.8,0.84,0.8,0.92,81
VALEV580W5,2025-10-07,0.64,0.66,0.64,0.66,5
VALEX580,2025-10-07,0.4,0.4,0.4,0.42,64
VALEK541,2025-10-07,7.82,7.61,7.61,7.82,2
VALEB653,2025-10-07,2.25,2.21,2.18,2.25,4
VALEL584,2025-10-07,4.6,4.6,4.6,4.6,2
GGBRK155,2025-10-07,2.19,2.19,2.19,2.19,1
GOAUJ947,2025-10-07,0.67,0.59,0.58,0.67,5
VALEB632,2025-10-07,1.28,1.28,1.28,1.28,1
VALEM612,2025-10-07,1.1,1.1,1.1,1.1,1
VALEB613,2025-10-07,4.16,4.16,4.16,4.16,1
VALEA680,2025-10-07,2.11,2.06,2.02,2.11,4
VALEM530,2025-10-07,0.88,0.75,0.75,0.88,2
VALEL699,2025-10-07,0.28,0.28,0.28,0.28,1
VALEV80,2025-10-07,9.35,9.57,9.3,9.57,3
VALEA602,2025-10-07,5.52,5.48,5.48,5.52,2
VALEJ431,2025-10-07,17.85,17.85,17.85,17.85,2
GGBRW168W4,2025-10-07,0.36,0.36,0.36,0.36,1
VALEL819,2025-10-07,0.03,0.03,0.03,0.03,2
GOAUW99,2025-10-07,0.32,0.35,0.32,0.36,6
VALEJ540W4,2025-10-07,7.37,7.29,7.29,7.37,3
VALEV575W2,2025-10-07,0.02,0.02,0.02,0.02,1
VALEJ525W4,2025-10-07,8.8,8.72,8.72,8.8,3
VALEJ560W4,2025-10-07,5.43,5.35,5.35,5.43,3
VALEV673W2,2025-10-07,7.9,8.05,7.9,8.05,2
GOAUJ110,2025-10-07,0.01,0.01,0.01,0.01,2
VALEV560W2,2025-10-07,0.02,0.02,0.02,0.02,1
VALEK760,2025-10-07,0.02,0.02,0.02,0.02,1
GOAUK889,2025-10-07,1.28,1.28,1.28,1.28,3
VALEJ643W4,2025-10-07,0.1,0.09,0.09,0.1,3
VALEV600W4,2025-10-07,0.5,0.51,0.5,0.51,2
VALEL574,2025-10-07,5.54,5.54,5.54,5.54,1
VALEK706,2025-10-07,0.11,0.09,0.09,0.11,3
VALEX614,2025-10-07,1.24,1.24,1.24,1.24,1
GGBRX165,2025-10-07,0.21,0.21,0.21,0.21,1
VALEL595W1,2025-10-07,2.56,2.56,2.56,2.56,1
VALEV565W4,2025-10-07,0.09,0.09,0.09,0.09,1
PATI3,2025-10-07,43.57,43.57,43.57,43.57,1
FESA4T,2025-10-07,6.45,6.46,6.45,6.46,2
VALE3T,2025-10-07,61.4,61.41,61.4,61.41,2
VALE3T,2025-10-07,60.33,60.34,60.33,60.34,2
VALE3T,2025-10-07,61.3,61.31,61.3,61.31,2
PETRV308,2025-10-07,0.23,0.2,0.18,0.34,723
PETRV331,2025-10-07,0.54,0.48,0.44,0.75,2688
PETRW307,2025-10-07,0.41,0.37,0.37,0.47,192
CASH16,2025-10-07,0.04,0.04,0.04,0.04,8
PRIOJ385,2025-10-07,0.5,0.45,0.28,0.5,161
PRIOW394,2025-10-07,2.12,1.93,1.91,2.12,143
PRIOV382,2025-10-07,1.2,0.82,0.82,1.2,279
PETRV336,2025-10-07,0.84,0.78,0.74,1.12,609
PETRJ283,2025-10-07,3.1,3.2,2.82,3.25,71
PRIOV380,2025-10-07,0.9,0.67,0.67,1.04,123
PETRJ318,2025-10-07,0.34,0.34,0.2,0.36,668
PRIOW416,2025-10-07,3.72,3.54,3.53,3.74,29
PETRV305W4,2025-10-07,0.23,0.2,0.2,0.29,9
PRIOV337,2025-10-07,0.03,0.03,0.02,0.03,49
PRIOK404,2025-10-07,0.68,0.6,0.53,0.68,37
PRIOJ400,2025-10-07,0.08,0.15,0.08,0.15,128
PRIOJ395,2025-10-07,0.2,0.18,0.12,0.2,112
RENTK420W1,2025-10-07,0.1,0.1,0.1,0.1,1
PETRL41,2025-10-07,0.39,0.39,0.36,0.42,14
CSANV600W2,2025-10-07,0.14,0.19,0.14,0.19,9
BPACJ472,2025-10-07,1.19,0.61,0.61,1.19,38
PETRW312,2025-10-07,0.81,0.73,0.7,0.91,356
PETRV333,2025-10-07,1.93,1.83,1.79,2.25,345
PETRV391,2025-10-07,6.33,6.01,5.97,6.33,12
PETRJ319,2025-10-07,1.65,1.75,1.64,1.75,3
PETRW287,2025-10-07,0.21,0.2,0.19,0.24,61
BPACJ457,2025-10-07,1.56,1.45,1.3,1.93,46
PETRK337,2025-10-07,0.5,0.56,0.41,0.56,217
PETRJ344,2025-10-07,0.16,0.21,0.16,0.24,15
PETRV315W2,2025-10-07,0.35,0.28,0.26,0.57,136
RENTW37,2025-10-07,1.82,2.16,1.77,2.16,10
BPACV457,2025-10-07,0.29,0.48,0.25,0.65,76
PRIOK407W1,2025-10-07,0.35,0.38,0.34,0.38,6
PRIOK426,2025-10-07,0.21,0.21,0.21,0.24,41
CSANW520,2025-10-07,0.09,0.08,0.08,0.09,2
MOVIX70,2025-10-07,0.15,0.19,0.15,0.19,3
PRIOJ407,2025-10-07,0.05,0.05,0.04,0.07,145
PETRK311,2025-10-07,1.89,2.01,1.71,2.04,118
PETRV306,2025-10-07,0.05,0.04,0.03,0.05,32
PETRJ298,2025-10-07,1.63,1.8,1.43,1.81,35
RENTW346,2025-10-07,0.69,0.71,0.69,0.72,3
PRIOK401,2025-10-07,0.75,0.68,0.57,0.75,35
PRIOJ412,2025-10-07,0.05,0.05,0.03,0.05,23
PETRL345,2025-10-07,0.38,0.45,0.38,0.45,4
PRIOW436,2025-10-07,5.48,5.28,5.28,5.52,45
PRIOJ397,2025-10-07,0.1,0.13,0.1,0.15,80
PRIOW386,2025-10-07,1.71,1.51,1.5,1.71,128
MOVIJ710,2025-10-07,1.01,1.01,1.01,1.01,1
PETRW258,2025-10-07,0.06,0.05,0.05,0.06,2
PETRW284W4,2025-10-07,0.22,0.24,0.22,0.24,2
CSANJ680W4,2025-10-07,0.03,0.03,0.03,0.03,3
CSANJ550,2025-10-07,0.41,0.4,0.4,0.41,2
PETRW350,2025-10-07,3.43,3.22,3.22,3.43,12
PRIOW421,2025-10-07,4.14,3.96,3.92,4.14,39
CSANL900,2025-10-07,0.04,0.04,0.04,0.04,1
PETRK367,2025-10-07,0.04,0.04,0.04,0.05,13
PETRX30,2025-10-07,0.67,0.65,0.65,0.77,11
PETRK351,2025-10-07,0.12,0.13,0.09,0.13,40
PETRV337W4,2025-10-07,2.13,2.14,2.13,2.14,2
BPACJ497,2025-10-07,0.26,0.11,0.1,0.26,15
BPACK474,2025-10-07,2.2,1.66,1.56,2.2,52
PETRX360,2025-10-07,4.3,4.33,4.3,4.33,5
RENTM329,2025-10-07,0.65,0.66,0.65,0.66,2
PRIOV415,2025-10-07,3.8,3.57,3.57,3.8,18
PETRX323,2025-10-07,1.6,1.3,1.21,1.6,12
BPACX420,2025-10-07,0.6,0.6,0.6,0.6,2
RENTK436,2025-10-07,0.31,0.3,0.27,0.31,5
CSANJ620,2025-10-07,0.12,0.07,0.07,0.12,222
PETRA358,2025-10-07,0.65,0.76,0.65,0.76,4
BPACV427,2025-10-07,0.1,0.1,0.09,0.1,3
BPACV455W2,2025-10-07,0.12,0.41,0.12,0.46,10
BPACW457,2025-10-07,1.16,1.43,1.16,1.47,9
BPACX439,2025-10-07,1.09,1.1,1.09,1.1,2
PETRW437,2025-10-07,11.6,11.6,11.6,11.6,1
BPACW437,2025-10-07,0.82,0.84,0.82,0.87,3
PETRV334,2025-10-07,0.53,0.46,0.44,0.65,54
PETRV340W2,2025-10-07,2.64,2.52,2.52,3.17,1798
PETRV317W4,2025-10-07,0.72,0.61,0.61,0.88,5
PETRJ364,2025-10-07,0.03,0.03,0.03,0.03,1
PETRJ307W2,2025-10-07,0.67,0.82,0.46,0.82,22
BPACJ487,2025-10-07,0.4,0.15,0.15,0.4,33
CSANJ640,2025-10-07,0.06,0.05,0.05,0.08,23
PETRA321,2025-10-07,2.58,2.67,2.35,2.69,35
RENTV371,2025-10-07,0.65,0.6,0.54,0.65,4
CSANW610,2025-10-07,0.44,0.42,0.42,0.44,612
PETRK387,2025-10-07,0.01,0.02,0.01,0.02,7
PETRO350,2025-10-07,2.65,2.6,2.6,2.69,4
PRIOW419,2025-10-07,3.97,3.77,3.77,3.98,15
PETRL48,2025-10-07,0.02,0.02,0.02,0.02,2
PETRJ330W4,2025-10-07,0.1,0.14,0.1,0.14,12
PETRL55,2025-10-07,7.15,7.19,6.9,7.19,4
PETRX316,2025-10-07,1,0.98,0.98,1.25,8
PRIOJ335,2025-10-07,4.22,4.36,4.22,4.4,10
BPACW412,2025-10-07,0.45,0.45,0.45,0.45,1
PETRV315W4,2025-10-07,0.57,0.51,0.51,0.65,17
PETRK372,2025-10-07,0.03,0.03,0.03,0.03,14
BPACJ450,2025-10-07,2.25,2.06,1.97,2.27,5
BPACJ400,2025-10-07,6.75,6.7,6.7,6.75,5
BPACV440,2025-10-07,0.18,0.2,0.18,0.23,19
MOVIW853,2025-10-07,0.74,0.74,0.74,0.74,1
PRIOB402,2025-10-07,1.2,1.2,1.2,1.2,1
BPACJ495W5,2025-10-07,0.4,0.32,0.31,0.4,8
RENTV383,2025-10-07,0.87,1.2,0.87,1.26,17
PETRW304W2,2025-10-07,0.59,0.59,0.59,0.59,1
PETRJ324,2025-10-07,1.24,1.24,1.24,1.24,1
PETRJ269W4,2025-10-07,4.02,4.02,4.02,4.02,1
PRIOV510,2025-10-07,13.18,13.18,13.18,13.18,1
PETRI419,2025-10-07,3,3.2,2.66,3.2,5
PETRA368,2025-10-07,0.47,0.47,0.47,0.47,3
BPACX434,2025-10-07,1.01,0.97,0.97,1.04,5
RENTX372,2025-10-07,1.8,1.8,1.8,1.8,1
BPACJ410,2025-10-07,6.5,5.72,5.72,6.5,2
PETRV305W2,2025-10-07,0.06,0.06,0.05,0.1,23
RENTJ358,2025-10-07,2.3,2.3,2.3,2.3,1
BPACW462,2025-10-07,1.35,1.56,1.35,1.66,9
BPACV420,2025-10-07,0.07,0.07,0.06,0.07,5
PETRV344,2025-10-07,1.24,1.2,1.17,1.24,5
RENTV386,2025-10-07,1.03,1.37,0.99,1.37,5
PETRX435,2025-10-07,5.2,5.17,5.17,5.2,3
PRIOJ44,2025-10-07,2.9,2.9,2.9,2.9,1
RENTV395W2,2025-10-07,2.23,2.23,2.23,2.23,1
PRIOX55,2025-10-07,15.72,15.72,15.72,15.72,1
RENTV400W2,2025-10-07,2.7,2.7,2.7,2.7,1
BPACK464,2025-10-07,2.35,2.39,2.35,2.39,3
BPACW524,2025-10-07,5.65,5.5,5.48,5.65,3
RENTV370W2,2025-10-07,0.5,0.5,0.5,0.5,1
PETRJ344W4,2025-10-07,0.02,0.01,0.01,0.02,6
PETRL415,2025-10-07,0.28,0.28,0.26,0.3,6
BPACV435,2025-10-07,0.13,0.2,0.12,0.2,4
PETRV276,2025-10-07,0.01,0.01,0.01,0.01,4
RENTJ376,2025-10-07,1.42,1.02,1.02,1.43,13
PRIOK366,2025-10-07,2.14,2.37,2.14,2.38,11
PETRK160,2025-10-07,15.5,15.3,15.1,15.5,5
RENTK391,2025-10-07,1.52,1.27,1.27,1.54,3
RENTV343,2025-10-07,0.11,0.11,0.11,0.11,2
RENTK456,2025-10-07,0.14,0.14,0.14,0.14,2
PRIOJ380W2,2025-10-07,0.22,0.24,0.22,0.3,4
RENTK344,2025-10-07,4.12,4.12,4.12,4.12,1
CSANV540W2,2025-10-07,0.01,0.01,0.01,0.01,1
LWSAK460,2025-10-07,0.17,0.17,0.17,0.17,3
PETRJ371,2025-10-07,0.01,0.01,0.01,0.01,12
PETRB342,2025-10-07,0.88,0.88,0.88,0.88,1
RENTX315,2025-10-07,0.35,0.35,0.35,0.35,4
PETRV279W4,2025-10-07,0.06,0.06,0.06,0.06,2
RENTJ415W5,2025-10-07,0.3,0.25,0.2,0.3,10
PRIOX349,2025-10-07,0.45,0.45,0.45,0.45,1
PETRO278,2025-10-07,0.45,0.47,0.45,0.48,4
CASHK420,2025-10-07,0.37,0.49,0.37,0.53,5
RENTJ395W5,2025-10-07,0.3,0.3,0.3,0.3,1
CASHW365,2025-10-07,0.14,0.14,0.14,0.14,1
PRIOJ367,2025-10-07,1.06,1.27,1.06,1.35,18
MOVIJ105,2025-10-07,0.01,0.01,0.01,0.01,1
PETRW362,2025-10-07,4.48,4.71,4.48,4.71,2
PETRJ233,2025-10-07,7.78,7.78,7.78,7.78,1
PETRK153,2025-10-07,15.86,15.86,15.86,15.86,1
PETRX361,2025-10-07,1.95,2.12,1.95,2.12,5
PETRK248,2025-10-07,6.6,6.6,6.6,6.6,1
RENTJ385W2,2025-10-07,0.39,0.24,0.24,0.39,3
RENTV423,2025-10-07,3.96,4.63,3.96,4.63,3
PETRV354W2,2025-10-07,4.77,4.9,4.77,4.9,4
PETRW306,2025-10-07,0.28,0.32,0.28,0.32,7
RENTW304,2025-10-07,0.16,0.16,0.16,0.16,1
PETRN480,2025-10-07,6,6,6,6,1
RENTJ375W2,2025-10-07,0.69,0.69,0.69,0.69,1
PETRA445,2025-10-07,0.24,0.22,0.22,0.24,2
PETRU389,2025-10-07,4.9,4.9,4.9,4.9,2
RENTV385W2,2025-10-07,0.98,1.18,0.98,1.18,2
PETRV27,2025-10-07,0.01,0.01,0.01,0.01,1
RENTX385,2025-10-07,2.1,2.1,2.1,2.1,2
PRIOX356,2025-10-07,0.68,0.68,0.68,0.68,1
RENTJ370W2,2025-10-07,1.18,1.18,1.18,1.18,1
RENTJ370W4,2025-10-07,1.8,1.8,1.8,1.8,1
RENTJ386,2025-10-07,0.86,0.76,0.76,0.93,4
RENTK379,2025-10-07,2.26,2.26,2.26,2.26,1
PETRO200,2025-10-07,0.26,0.26,0.26,0.26,1
PRIOW375W1,2025-10-07,1.02,0.95,0.95,1.02,2
RENTJ483,2025-10-07,0.01,0.01,0.01,0.01,1
PRIOJ41,2025-10-07,5.4,5.4,5.4,5.4,1
PETRA356,2025-10-07,0.8,0.8,0.8,0.8,1
PETR4F,2025-10-07,30.75,30.8,30.36,30.88,25976
PRIO3F,2025-10-07,37.73,37.7,37.2,37.85,4841
PETRK322,2025-10-07,0.78,0.81,0.64,0.83,413
PETRJ323,2025-10-07,0.2,0.18,0.11,0.2,1383
PETRV321,2025-10-07,0.17,0.15,0.14,0.26,454
CASH3F,2025-10-07,4.24,4.23,4.1,4.29,587
PRIOV375,2025-10-07,0.5,0.45,0.45,0.74,126
PETRV323,2025-10-07,0.98,1.04,0.92,1.32,602
PETRA326,2025-10-07,2.2,2.31,2.2,2.35,16
PETRJ335,2025-10-07,0.1,0.1,0.05,0.11,2512
PETRJ303,2025-10-07,1.25,1.32,0.97,1.37,467
BPACV485W2,2025-10-07,2.48,2.48,2.48,2.48,2
PETRW322,2025-10-07,1.3,1.2,1.17,1.44,282
PETRK359,2025-10-07,0.07,0.08,0.06,0.09,26
PRIOW399,2025-10-07,2.37,2.23,2.23,2.42,51
PRIOW434,2025-10-07,5.26,5.06,5.02,5.29,71
PRIOK441,2025-10-07,0.12,0.11,0.11,0.12,17
PETRW334,2025-10-07,2.12,1.99,1.99,2.34,65
PETRW337,2025-10-07,1.75,1.65,1.61,1.95,152
PETRW311,2025-10-07,0.45,0.43,0.41,0.54,176
PETRJ343,2025-10-07,0.02,0.02,0.01,0.02,82
PRIOV367,2025-10-07,0.41,0.24,0.24,0.41,40
RENTK371,2025-10-07,2.72,2.21,2.21,2.72,6
PETRK297,2025-10-07,2.24,2.41,2.07,2.44,54
PRIOW374,2025-10-07,1.02,0.92,0.92,1.06,72
CSANW580,2025-10-07,0.26,0.29,0.25,0.3,12
MOVIX800,2025-10-07,0.47,0.55,0.47,0.6,5
PETRV298,2025-10-07,0.08,0.06,0.06,0.1,222
PRIOJ422,2025-10-07,0.01,0.01,0.01,0.03,28
LWSAK420,2025-10-07,0.34,0.34,0.34,0.34,1
PETRW292,2025-10-07,0.27,0.24,0.24,0.31,111
PRIOW359,2025-10-07,0.59,0.51,0.5,0.6,40
PETRK357,2025-10-07,0.07,0.1,0.06,0.1,41
RENTK421,2025-10-07,0.47,0.47,0.47,0.47,7
PETRK339,2025-10-07,0.26,0.29,0.23,0.3,167
BPACW460,2025-10-07,1.17,1.37,1.17,1.4,14
BPACV465,2025-10-07,0.41,0.79,0.41,0.97,128
PETRW267,2025-10-07,0.08,0.07,0.07,0.09,6
BPACW449,2025-10-07,0.88,1.22,0.88,1.25,38
PETRV359W2,2025-10-07,5.27,5.05,4.99,5.45,18
RENTJ371,2025-10-07,1.65,1.33,1.32,1.79,14
PETRL319,2025-10-07,2.5,2.49,2.47,2.5,48
PETRJ327W2,2025-10-07,0.02,0.02,0.01,0.03,71
PRIOK396,2025-10-07,0.74,0.84,0.73,0.89,14
PETRL354,2025-10-07,4.5,5,4.5,5,2
PRIOV377,2025-10-07,0.63,0.58,0.57,0.88,151
PRIOK391,2025-10-07,1.05,1.04,0.91,1.09,98
PETRW370,2025-10-07,2.74,2.55,2.55,2.92,19
PETRV366,2025-10-07,3.7,3.48,3.48,3.74,8
PETRJ335W2,2025-10-07,0.01,0.01,0.01,0.01,2
PETRJ310W4,2025-10-07,0.82,0.95,0.74,0.95,12
PRIOW426,2025-10-07,4.58,4.39,4.35,4.61,36
RENTW339,2025-10-07,0.4,0.56,0.4,0.56,7
LWSAV440,2025-10-07,0.22,0.22,0.22,0.22,1
PETRN313,2025-10-07,1.1,1.08,1.05,1.13,16
CASHX440,2025-10-07,0.56,0.54,0.54,0.56,2
PETRW275,2025-10-07,0.11,0.11,0.11,0.12,8
PRIOW391,2025-10-07,2.05,1.76,1.76,2.06,70
PRIOV350,2025-10-07,0.07,0.05,0.05,0.07,25
PETRW294,2025-10-07,0.3,0.29,0.27,0.36,93
PRIOV400,2025-10-07,2.39,2.17,2.17,2.39,41
PETRJ306,2025-10-07,2.35,2.49,2.19,2.53,30
MOVIK873,2025-10-07,0.39,0.39,0.39,0.39,1
RENTK449,2025-10-07,0.19,0.19,0.19,0.19,1
PETRP313,2025-10-07,1.3,1.27,1.27,1.34,4
PRIOW339,2025-10-07,0.24,0.22,0.2,0.24,5
PRIOW296,2025-10-07,0.03,0.03,0.03,0.03,1
PETRV269W4,2025-10-07,0.03,0.03,0.03,0.03,1
BPACJ460,2025-10-07,1.82,1.31,1.29,1.82,11
BPACK489,2025-10-07,1.51,0.91,0.91,1.51,27
CSANX510,2025-10-07,0.1,0.11,0.1,0.11,3
PETRV416,2025-10-07,8.47,8.4,8.4,8.47,2
PETRV30,2025-10-07,0.05,0.05,0.04,0.06,52
BPACJ495,2025-10-07,0.33,0.1,0.1,0.33,13
PETRK284,2025-10-07,3.45,3.51,3.45,3.51,4
PRIOW364,2025-10-07,0.8,0.63,0.63,0.8,34
BPACN280,2025-10-07,0.06,0.06,0.06,0.06,6
PETRX311,2025-10-07,0.94,0.75,0.75,0.94,9
BPACW452,2025-10-07,1.32,1.28,1.1,1.32,7
PETRB347,2025-10-07,0.81,0.82,0.81,0.82,3
LWSAV450,2025-10-07,0.29,0.28,0.28,0.29,2
CSANX550,2025-10-07,0.22,0.23,0.2,0.23,3
BPACK524,2025-10-07,0.48,0.3,0.3,0.48,10
CSANW455,2025-10-07,0.02,0.02,0.02,0.02,1
RENTK381,2025-10-07,2.06,1.72,1.72,2.12,8
MOVIJ82,2025-10-07,0.2,0.2,0.2,0.2,1
RENTW341,2025-10-07,0.39,0.6,0.39,0.6,7
BPACJ455W2,2025-10-07,1.17,0.92,0.92,1.17,2
PETRL335,2025-10-07,0.53,0.6,0.53,0.6,7
CSANR700,2025-10-07,1.15,1.15,1.15,1.15,1
PETRJ329,2025-10-07,0.71,0.97,0.62,0.97,23
PETRW352,2025-10-07,0.06,0.05,0.05,0.06,5
PRIOW351,2025-10-07,0.46,0.37,0.37,0.46,14
BPACK539,2025-10-07,0.25,0.18,0.18,0.25,7
PETRK318,2025-10-07,2.69,2.69,2.69,2.69,1
RENTJ388,2025-10-07,0.78,0.52,0.5,0.8,18
PETRK325W1,2025-10-07,0.5,0.6,0.45,0.6,6
PETRV289W2,2025-10-07,0.02,0.01,0.01,0.02,4
CSANV730,2025-10-07,1.42,1.47,1.33,1.47,4
RENTK411,2025-10-07,0.93,0.67,0.67,0.93,3
BPACW442,2025-10-07,0.7,0.98,0.7,1,4
PETRV330W2,2025-10-07,1.72,1.53,1.53,1.94,338
PRIOW361,2025-10-07,0.61,0.59,0.57,0.69,17
CASHK100,2025-10-07,0.43,0.47,0.4,0.47,14
CSANV540,2025-10-07,0.03,0.04,0.03,0.04,3
CSANW160,2025-10-07,9.9,9.9,9.9,9.9,1
MOVIJ940,2025-10-07,0.07,0.03,0.02,0.07,17
CSANV660,2025-10-07,0.75,0.74,0.74,0.75,5
BPACX469,2025-10-07,2.2,2.2,2.2,2.2,2
PETRW310W1,2025-10-07,0.59,0.52,0.52,0.63,14
PETRA328,2025-10-07,2.05,2.07,2.05,2.07,4
PETRX296,2025-10-07,0.49,0.46,0.46,0.49,5
PETRJ307W4,2025-10-07,0.83,1.04,0.83,1.04,4
RENTK396,2025-10-07,1.39,1.08,1.08,1.39,5
PRIOJ342,2025-10-07,3.7,3.61,3.45,3.7,6
PETRM328,2025-10-07,1,0.97,0.67,1.07,6
PETRK382,2025-10-07,0.01,0.02,0.01,0.02,6
PETRV324,2025-10-07,0.18,0.18,0.18,0.18,1
CSANV560,2025-10-07,0.06,0.07,0.06,0.08,11
PETRK362,2025-10-07,0.06,0.07,0.06,0.07,5
CSANW115,2025-10-07,5.45,5.51,5.45,5.51,9
BPACV422,2025-10-07,0.08,0.09,0.08,0.09,2
PETRX330,2025-10-07,1.77,1.68,1.68,1.87,5
MOVIW703,2025-10-07,0.16,0.16,0.16,0.16,2
BPACL512,2025-10-07,1,1.04,1,1.05,4
RENTJ385W4,2025-10-07,0.7,0.7,0.7,0.7,1
RENTV340W4,2025-10-07,0.22,0.22,0.22,0.22,2
PETRJ258,2025-10-07,5.48,5.56,5.48,5.56,5
PRIOX590,2025-10-07,19.66,19.65,19.65,19.66,2
RPMG3F,2025-10-07,2.4,2.22,2.16,2.4,30
PETRJ198,2025-10-07,11.55,11.55,11.55,11.55,1
CSANW200,2025-10-07,13.8,13.8,13.8,13.8,1
BPACV365,2025-10-07,0.01,0.01,0.01,0.01,1
PETRJ334,2025-10-07,0.61,0.56,0.38,0.61,68
PETRB420,2025-10-07,1.8,1.75,1.53,1.8,5
PETRJ286,2025-10-07,4.27,4.32,4.23,4.32,4
PETRW351,2025-10-07,3.82,3.57,3.55,3.82,4
PRIOW395W1,2025-10-07,2.02,2.02,2.02,2.02,1
PRIOW390W1,2025-10-07,1.7,1.7,1.7,1.7,1
PETRJ238,2025-10-07,7.54,7.54,7.54,7.54,1
PRIOL394,2025-10-07,1.4,1.43,1.4,1.43,4
CSANA710,2025-10-07,0.17,0.17,0.17,0.17,1
RENTV373,2025-10-07,0.72,0.71,0.62,0.78,8
PETRM323,2025-10-07,0.86,0.86,0.86,0.86,1
BPACV497,2025-10-07,3.19,3.19,3.19,3.19,1
BPACV425,2025-10-07,0.07,0.12,0.07,0.12,10
CSANW650,2025-10-07,0.68,0.69,0.68,0.7,53
CASHJ400,2025-10-07,0.33,0.33,0.33,0.33,6
CASHV620,2025-10-07,1.99,1.99,1.99,1.99,1
BPACK445,2025-10-07,3.94,3.94,3.94,3.94,1
BPACW467,2025-10-07,1.37,1.69,1.35,2,10
MOVIK893,2025-10-07,0.4,0.35,0.35,0.4,3
BPACK417,2025-10-07,6.33,6.13,5.7,6.33,8
PETRJ339,2025-10-07,0.28,0.33,0.26,0.33,7
PETRK245,2025-10-07,6.86,7.01,6.85,7.01,3
RENTK429,2025-10-07,0.43,0.36,0.36,0.43,15
PETRW253,2025-10-07,0.05,0.05,0.05,0.05,1
RENTK349,2025-10-07,3.65,3.59,3.59,3.65,3
RENTF30,2025-10-07,11.2,11.2,11.2,11.2,1
CSANV640,2025-10-07,0.49,0.59,0.49,0.59,9
CASHJ485,2025-10-07,0.08,0.08,0.08,0.08,1
RENTJ396,2025-10-07,0.47,0.34,0.3,0.48,11
CSANK730,2025-10-07,0.06,0.06,0.06,0.07,24
MOVIJ770,2025-10-07,0.67,0.67,0.67,0.67,1
PETRV428,2025-10-07,11.35,11.35,11.35,11.35,1
CASHJ410,2025-10-07,0.25,0.29,0.25,0.32,5
PETRJ302W2,2025-10-07,1.05,1.01,1.01,1.05,4
PETRX325,2025-10-07,1.33,1.33,1.33,1.33,1
PETRL54,2025-10-07,0.01,0.01,0.01,0.01,1
LWSAJ400,2025-10-07,0.29,0.29,0.29,0.29,1
BPACJ515,2025-10-07,0.06,0.05,0.04,0.06,12
CASHK510,2025-10-07,0.26,0.26,0.26,0.26,1
PRIOK371,2025-10-07,1.92,2.13,1.92,2.13,5
PETRA346,2025-10-07,0.91,0.91,0.91,0.91,1
PETRK208,2025-10-07,10.59,10.59,10.59,10.59,1
MOVIV84,2025-10-07,0.32,0.45,0.32,0.45,2
BPACL507,2025-10-07,1.3,1.27,1.09,1.32,10
RENTJ378,2025-10-07,1.27,1.04,1,1.34,13
PETRV284W4,2025-10-07,0.08,0.08,0.08,0.08,4
PETRL1,2025-10-07,0.1,0.1,0.04,0.1,6
BPACJ500W2,2025-10-07,0.02,0.01,0.01,0.02,2
PRIOJ385W4,2025-10-07,0.53,0.56,0.53,0.56,4
MOVIW893,2025-10-07,0.8,0.9,0.8,0.9,2
PRIOW311,2025-10-07,0.07,0.07,0.07,0.07,2
PETRX41,2025-10-07,3.15,3.18,3.15,3.18,5
RENTV298,2025-10-07,0.01,0.01,0.01,0.01,1
RENTV646,2025-10-07,26.97,26.97,26.97,26.97,1
PETRL52,2025-10-07,0.01,0.01,0.01,0.01,1
PRIOV360W2,2025-10-07,0.06,0.02,0.02,0.06,3
PRIOV400W2,2025-10-07,2.37,2.37,2.37,2.37,1
BPACJ455,2025-10-07,2.5,1.88,1.88,2.5,2
MOVIK933,2025-10-07,0.39,0.3,0.3,0.39,2
RENTV408,2025-10-07,2.87,3.22,2.87,3.22,4
PETRB357,2025-10-07,0.54,0.54,0.54,0.54,1
RENTJ446,2025-10-07,0.01,0.01,0.01,0.01,1
RENTX665,2025-10-07,27.3,27.3,27.3,27.3,1
PETRK305W1,2025-10-07,1.49,1.49,1.49,1.49,1
RENTJ476,2025-10-07,0.01,0.01,0.01,0.01,2
PETRJ168,2025-10-07,14.45,14.35,14.35,14.45,3
CASHK500,2025-10-07,0.27,0.27,0.27,0.27,1
CSANW760,2025-10-07,1.6,1.6,1.6,1.6,1
LWSAK360,2025-10-07,0.72,0.72,0.72,0.72,1
RENTJ380W2,2025-10-07,0.53,0.38,0.38,0.53,3
PETRJ350W5,2025-10-07,0.02,0.02,0.02,0.02,1
BPACV410W2,2025-10-07,0.01,0.01,0.01,0.01,6
CASHJ420,2025-10-07,0.21,0.21,0.21,0.21,1
PETRK175,2025-10-07,13.94,13.92,13.92,13.94,3
PETRB341,2025-10-07,1.5,1.5,1.5,1.5,1
MOVIJ110,2025-10-07,0.01,0.01,0.01,0.01,1
CSANJ520,2025-10-07,0.8,0.8,0.8,0.8,1
CASHK460,2025-10-07,0.34,0.34,0.34,0.34,2
CSANV720W2,2025-10-07,1.2,1.2,1.2,1.2,1
PRIOB450,2025-10-07,5.5,5.5,5.5,5.5,1
PRIO3,2025-10-07,37.6,37.73,37.16,37.83,15094
PETRJ356,2025-10-07,0.02,0.02,0.01,0.03,186
PETRV326,2025-10-07,0.31,0.26,0.25,0.45,622
CSANW570,2025-10-07,0.21,0.25,0.21,0.26,17
CSANL610,2025-10-07,0.4,0.46,0.35,0.51,31
RENTJ438,2025-10-07,0.02,0.02,0.01,0.02,7
PETRV313,2025-10-07,0.42,0.35,0.34,0.58,617
PRIOK381,2025-10-07,1.3,1.49,1.25,1.55,89
PRIOJ380,2025-10-07,0.5,0.65,0.41,0.66,113
PRIOK394,2025-10-07,0.8,0.92,0.8,0.95,140
PETRK338,2025-10-07,0.34,0.35,0.26,0.35,295
RENTW366,2025-10-07,1.31,1.32,1.29,1.34,7
PETRV335,2025-10-07,1.47,1.38,1.33,1.78,3785
PRIOV402,2025-10-07,2.6,2.39,2.38,2.6,67
PRIOW326,2025-10-07,0.12,0.13,0.12,0.13,6
PETRW299W4,2025-10-07,0.51,0.49,0.49,0.51,2
PETRK370,2025-10-07,0.25,0.25,0.19,0.26,255
PRIOJ405,2025-10-07,0.06,0.06,0.05,0.08,169
BPACV450,2025-10-07,0.33,0.35,0.25,0.38,38
PETRV401,2025-10-07,7.25,7,6.97,7.25,13
PETRJ317W4,2025-10-07,0.44,0.5,0.35,0.52,26
PETRK292,2025-10-07,2.55,2.81,2.55,2.84,3
CSANJ710,2025-10-07,0.01,0.02,0.01,0.02,2
RENTW336,2025-10-07,0.49,0.51,0.47,0.51,7
PRIOK344,2025-10-07,4.02,4.2,4.02,4.2,3
PRIOV362,2025-10-07,0.26,0.16,0.15,0.26,43
PETRD346,2025-10-07,1.81,1.81,1.81,1.81,1
PETRW332,2025-10-07,1.86,1.83,1.8,2.13,68
CSANW540,2025-10-07,0.12,0.14,0.11,0.14,10
PETRW230,2025-10-07,0.02,0.02,0.02,0.02,2
PETRX278,2025-10-07,0.2,0.2,0.2,0.25,7
PETRJ301,2025-10-07,2.87,3.17,2.6,3.17,39
PETRV381,2025-10-07,5.25,5.01,4.96,5.25,7
CSANW730,2025-10-07,1.39,1.43,1.39,1.43,3
BPACJ435W2,2025-10-07,2.56,2.54,2.54,2.56,2
PETRO326,2025-10-07,1.37,1.31,1.3,1.5,12
PETRV296,2025-10-07,0.02,0.02,0.01,0.03,73
BPACV500,2025-10-07,2.6,3.42,2.6,3.51,7
PETRV376,2025-10-07,4.54,4.34,4.34,4.54,2
PETRJ358,2025-10-07,0.01,0.01,0.01,0.01,4
PETRV248,2025-10-07,0.01,0.01,0.01,0.01,2
RENTW344,2025-10-07,0.64,0.66,0.62,0.66,5
PETRJ327W4,2025-10-07,0.17,0.19,0.13,0.19,14
RENTK466,2025-10-07,0.12,0.1,0.1,0.12,3
PETRV302W2,2025-10-07,0.06,0.02,0.02,0.06,4
PETRX450,2025-10-07,3.94,3.7,3.7,3.94,8
PRIOV397,2025-10-07,2.14,1.95,1.95,2.14,39
RENTW374,2025-10-07,1.5,1.65,1.49,1.67,10
CSANV600,2025-10-07,0.21,0.26,0.21,0.28,16
CASHK465,2025-10-07,0.35,0.35,0.35,0.35,1
BPAC5,2025-10-07,10.38,10.01,9.96,10.38,45
RENTW371,2025-10-07,1.51,1.55,1.51,1.55,5
CSANJ830,2025-10-07,0.01,0.01,0.01,0.01,2
PETRV300W5,2025-10-07,0.34,0.27,0.25,0.36,8
RENTJ425W4,2025-10-07,0.05,0.05,0.05,0.05,1
RENTW356,2025-10-07,1.01,1.01,0.95,1.02,7
PRIOK395W2,2025-10-07,0.82,0.82,0.82,0.82,1
MOVIW783,2025-10-07,0.37,0.43,0.37,0.43,3
RENTW334,2025-10-07,0.41,0.47,0.41,0.47,6
PRIOK406,2025-10-07,0.53,0.55,0.51,0.58,7
PRIOV432,2025-10-07,5.28,5.28,5.28,5.28,1
CSANV590,2025-10-07,0.17,0.21,0.15,0.22,10
PETRX286,2025-10-07,0.3,0.28,0.28,0.3,7
PETRV343,2025-10-07,2.85,2.74,2.73,3.21,43
PETRK455,2025-10-07,0.71,0.71,0.71,0.71,1
PRIOW366,2025-10-07,0.8,0.7,0.7,0.84,13
BPACV440W2,2025-10-07,0.07,0.1,0.07,0.1,2
PETRJ354,2025-10-07,0.06,0.08,0.06,0.08,10
RENTJ416,2025-10-07,0.12,0.07,0.06,0.12,10
CSANJ690,2025-10-07,0.02,0.02,0.02,0.03,5
CSANK580,2025-10-07,0.44,0.38,0.38,0.44,5
BPACJ475W2,2025-10-07,0.3,0.14,0.14,0.3,4
CSANW500,2025-10-07,0.06,0.05,0.04,0.06,7
PETRW255,2025-10-07,0.05,0.05,0.04,0.05,3
CSANJ600W2,2025-10-07,0.09,0.05,0.05,0.09,3
CSANW700,2025-10-07,1.13,1.15,1.13,1.16,5
PRIOW349,2025-10-07,0.4,0.33,0.33,0.4,6
RENTJ406,2025-10-07,0.43,0.15,0.13,0.43,22
BPACW444,2025-10-07,1.05,1.07,0.89,1.07,7
PETRC350,2025-10-07,5.1,5.32,5.05,5.32,5
PETRK369,2025-10-07,0.03,0.04,0.03,0.04,17
PRIOX366,2025-10-07,0.89,0.89,0.89,0.89,1
PETRJ349,2025-10-07,0.06,0.14,0.06,0.14,8
PETRL32,2025-10-07,5.8,5.8,5.8,5.8,8
PETRJ337W4,2025-10-07,0.05,0.07,0.05,0.07,10
PETRX291,2025-10-07,0.37,0.16,0.16,0.39,4
PETRW178,2025-10-07,0.01,0.01,0.01,0.01,1
PETRA273,2025-10-07,6.62,6.62,6.62,6.62,1
CSANJ560,2025-10-07,0.37,0.37,0.37,0.37,1
CSANK740,2025-10-07,0.04,0.04,0.04,0.04,1
PETRW379,2025-10-07,6.39,6.02,6.02,6.39,2
PRIOW356,2025-10-07,0.49,0.46,0.46,0.51,12
PETRJ310W2,2025-10-07,0.45,0.59,0.3,0.59,106
PETRJ335W4,2025-10-07,0.1,0.09,0.07,0.1,11
PETRJ312W4,2025-10-07,0.57,0.8,0.57,0.8,16
CSANL750,2025-10-07,0.15,0.15,0.15,0.15,1
PRIOJ390W2,2025-10-07,0.05,0.05,0.05,0.06,8
PRIOV375W4,2025-10-07,0.64,0.64,0.64,0.64,1
PRIOJ410,2025-10-07,0.04,0.04,0.03,0.06,21
PRION240,2025-10-07,0.3,0.31,0.3,0.31,3
PRIOJ395W2,2025-10-07,0.04,0.03,0.03,0.04,11
BPACX314,2025-10-07,0.06,0.06,0.06,0.06,3
BPACK435,2025-10-07,4.4,4.4,4.36,4.4,3
CSANL730,2025-10-07,0.11,0.11,0.11,0.11,1
PETRO300,2025-10-07,1.42,1.27,1.27,1.42,3
CSANJ700,2025-10-07,0.02,0.02,0.02,0.02,1
PETRK333,2025-10-07,1.28,1.55,1.23,1.55,25
PETRB20,2025-10-07,17.06,17.3,16.43,17.3,6
PETRL322,2025-10-07,0.98,1,0.83,1,17
PETRL326,2025-10-07,1.2,1.09,0.98,1.2,9
MOVIV880,2025-10-07,0.7,0.75,0.7,0.77,5
RENTK401,2025-10-07,1,0.91,0.91,1,2
MOVIW100,2025-10-07,1.9,1.9,1.9,1.9,1
LWSAJ450,2025-10-07,0.07,0.05,0.04,0.07,11
BPACX452,2025-10-07,1.5,1.5,0.93,1.53,6
LWSAJ410,2025-10-07,0.21,0.21,0.21,0.21,1
PETRK388,2025-10-07,0.07,0.09,0.07,0.09,9
RENTJ390W4,2025-10-07,0.54,0.53,0.53,0.54,2
PETRA366,2025-10-07,0.53,0.54,0.53,0.54,5
PETRC48,2025-10-07,1.32,1.35,1.29,1.35,5
PETRJ289W4,2025-10-07,2.11,2.09,2.09,2.11,2
PETRJ320W4,2025-10-07,0.33,0.37,0.27,0.38,10
PETRA363,2025-10-07,0.55,0.58,0.55,0.59,4
PETRJ300W4,2025-10-07,1.62,1.65,1.4,1.67,4
BPACV387,2025-10-07,0.02,0.02,0.02,0.02,2
RENTJ373,2025-10-07,1.59,1.16,1.16,1.59,6
PETRJ274W4,2025-10-07,3.53,3.53,3.53,3.53,1
RENTV366,2025-10-07,0.4,0.45,0.4,0.45,3
PETRJ263,2025-10-07,4.9,5.05,4.9,5.05,4
PETRA442,2025-10-07,0.27,0.25,0.25,0.27,2
PETRX31,2025-10-07,1.72,1.72,1.72,1.72,1
MOVIK993,2025-10-07,0.18,0.15,0.15,0.18,2
PETRK377,2025-10-07,0.02,0.03,0.01,0.03,23
RENTV375W4,2025-10-07,1.13,1.16,1.13,1.16,2
BPACK569,2025-10-07,0.1,0.1,0.09,0.1,4
CSANW790,2025-10-07,1.92,1.95,1.92,1.95,2
PRIOV325,2025-10-07,0.02,0.02,0.02,0.02,1
PETRV393,2025-10-07,8.05,7.9,7.9,8.05,3
PETRS289,2025-10-07,0.45,0.53,0.45,0.65,6
PETRK264,2025-10-07,5,5.2,5,5.2,3
BPACK432,2025-10-07,4.15,4.15,4.15,4.15,1
PRIOJ430,2025-10-07,0.01,0.02,0.01,0.02,3
PETRJ300W2,2025-10-07,1.1,1.25,1.1,1.27,10
BPACA417,2025-10-07,5.5,6.3,5.5,6.3,3
CSANV770,2025-10-07,1.81,1.81,1.81,1.81,33
RENTV345W2,2025-10-07,0.04,0.04,0.04,0.04,1
BPACK425,2025-10-07,5.64,5.64,5.64,5.64,1
PRIOX396,2025-10-07,2.21,2.21,2.21,2.21,1
BPACV49,2025-10-07,3.34,3.34,3.34,3.34,1
RENTJ368,2025-10-07,2.05,1.46,1.46,2.05,3
RENTJ366,2025-10-07,1.63,1.63,1.63,1.63,1
BPACL434,2025-10-07,4.97,4.97,4.97,4.97,1
CSANJ720,2025-10-07,0.01,0.01,0.01,0.01,13
CASHK430,2025-10-07,0.48,0.46,0.45,0.48,4
CSANK780,2025-10-07,0.03,0.03,0.03,0.03,17
PETRP400,2025-10-07,1.58,1.58,1.58,1.58,1
PETRJ130,2025-10-07,18.19,18.19,18.19,18.19,1
CSANK660,2025-10-07,0.15,0.13,0.13,0.15,4
PETRL291,2025-10-07,2.77,2.77,2.77,2.77,1
CASHJ450,2025-10-07,0.14,0.13,0.12,0.14,8
CSANW460,2025-10-07,0.02,0.02,0.02,0.02,2
PETRK220,2025-10-07,9.45,9.45,9.45,9.45,2
MOVIV920,2025-10-07,1.04,1.04,1.04,1.04,3
BPACW489,2025-10-07,3.02,3.02,3.02,3.02,1
PETRW384,2025-10-07,6.76,6.76,6.76,6.76,1
RENTK419,2025-10-07,0.53,0.53,0.53,0.53,1
BPACJ465W2,2025-10-07,0.52,0.57,0.52,0.73,4
PETRX306,2025-10-07,0.55,0.55,0.55,0.56,3
PETRK130,2025-10-07,18.25,18.25,18.25,18.25,1
PETRV364W4,2025-10-07,5.63,5.6,5.6,5.63,2
LWSAV430,2025-10-07,0.17,0.18,0.17,0.18,2
BPACJ450W2,2025-10-07,1.53,1.53,1.53,1.53,1
MOVIJ84,2025-10-07,0.17,0.18,0.17,0.18,2
RENTV313,2025-10-07,0.02,0.02,0.02,0.02,1
CSANM160,2025-10-07,7.75,7.83,7.75,7.83,4
PETRJ265W2,2025-10-07,4.68,4.68,4.68,4.68,1
MOVIK913,2025-10-07,0.33,0.35,0.33,0.35,2
RENTK386,2025-10-07,1.87,1.63,1.45,1.87,12
PETRM346,2025-10-07,1.88,1.87,1.87,1.88,2
RENTK441,2025-10-07,0.24,0.24,0.24,0.24,5
PETRJ208,2025-10-07,10.37,10.37,10.37,10.37,1
MOVIW733,2025-10-07,0.15,0.23,0.15,0.23,2
PRIOW321,2025-10-07,0.1,0.1,0.1,0.1,1
PETRK282,2025-10-07,3.59,3.31,3.31,3.59,2
BPACV440W4,2025-10-07,0.36,0.36,0.36,0.36,1
PRIOJ36,2025-10-07,11.8,12,10,12,4
PETRQ370,2025-10-07,3.3,3.3,3.3,3.3,2
PRIOJ420W5,2025-10-07,0.08,0.08,0.08,0.08,1
PETRV280W2,2025-10-07,0.01,0.01,0.01,0.01,3
PETRM364,2025-10-07,0.25,0.25,0.25,0.25,1
RENTV438,2025-10-07,5.47,6.1,5.47,6.1,3
RENTJ390W2,2025-10-07,0.1,0.1,0.1,0.1,1
CASHJ465,2025-10-07,0.1,0.1,0.1,0.1,1
RENTW234,2025-10-07,0.03,0.03,0.03,0.03,1
BPACW477,2025-10-07,2.01,2.01,2.01,2.01,1
BPACV432,2025-10-07,0.08,0.11,0.08,0.11,2
CSANL10,2025-10-07,0.02,0.02,0.02,0.02,1
CASHW720,2025-10-07,2.95,2.95,2.95,2.95,1
LWSAJ46,2025-10-07,0.03,0.03,0.03,0.03,1
PRIOJ400W4,2025-10-07,0.16,0.2,0.16,0.2,2
CSANK850,2025-10-07,0.02,0.02,0.02,0.02,1
PETRJ437,2025-10-07,2,2.2,2,2.2,2
LWSAV370,2025-10-07,0.01,0.01,0.01,0.01,1
RENTK346,2025-10-07,4.34,4.34,4.34,4.34,1
PETRW399,2025-10-07,8.17,8.21,8.17,8.21,2
PETRJ354W4,2025-10-07,0.01,0.01,0.01,0.01,2
PRIOB400,2025-10-07,7.4,7.4,7.4,7.4,1
RENTJ361,2025-10-07,2.73,2.73,2.73,2.73,1
PETRL365,2025-10-07,0.15,0.15,0.15,0.15,1
PETRA507,2025-10-07,0.03,0.03,0.03,0.03,1
RENTW329,2025-10-07,0.32,0.32,0.32,0.32,1
PETRX270,2025-10-07,0.2,0.2,0.2,0.2,1
PETR4,2025-10-07,30.72,30.83,30.35,30.86,29375
PETRJ331,2025-10-07,0.39,0.44,0.27,0.47,1122
RENT3F,2025-10-07,38,36.74,36.67,38,1120
RENT3,2025-10-07,37.8,36.81,36.65,37.87,21370
PETRJ333,2025-10-07,0.05,0.04,0.03,0.06,452
BPACV482,2025-10-07,1.06,1.85,1.02,1.96,51
PETRC200,2025-10-07,15.2,15.4,14.97,15.4,21
PETRW314,2025-10-07,0.91,0.83,0.8,1.02,320
PETRW447,2025-10-07,3.8,3.69,3.69,3.99,6
PETRK317,2025-10-07,1,1.05,0.84,1.08,282
PRIOV425,2025-10-07,4.78,4.56,4.51,4.79,94
PRIOK346,2025-10-07,3.81,3.97,3.81,3.97,9
PRIOJ387,2025-10-07,0.39,0.33,0.22,0.39,47
PRIOV417,2025-10-07,4.04,3.83,3.83,4.04,31
PETRV311,2025-10-07,0.06,0.05,0.04,0.08,96
PETRL323,2025-10-07,1.1,1.25,1,1.3,44
PETRK314,2025-10-07,1.08,1.17,0.95,1.22,620
PETRK332,2025-10-07,0.44,0.46,0.35,0.47,260
PRIOW379,2025-10-07,1.37,1.14,1.14,1.37,23
PETRA338,2025-10-07,1.3,1.3,1.3,1.3,1
CSANV550,2025-10-07,0.04,0.06,0.04,0.06,13
BPACJ475,2025-10-07,1.19,0.52,0.52,1.19,23
BPACV480,2025-10-07,0.93,1.77,0.89,1.94,183
PETRC326,2025-10-07,2.7,2.4,2.4,2.7,6
BPACJ500,2025-10-07,0.2,0.09,0.07,0.2,17
BPACV475W2,2025-10-07,0.79,1.59,0.79,1.59,15
PRIOK384,2025-10-07,1.32,1.39,1.27,1.41,25
PRIOJ402,2025-10-07,0.09,0.08,0.07,0.1,68
RENTW369,2025-10-07,1.44,1.44,1.44,1.44,1
CSANK620,2025-10-07,0.26,0.21,0.21,0.28,10
PETRL361,2025-10-07,0.79,0.81,0.71,0.82,19
CSANK610,2025-10-07,0.34,0.26,0.26,0.34,15
PRIOK356,2025-10-07,2.8,3.15,2.8,3.15,63
BPACW469,2025-10-07,1.47,2.02,1.47,2.18,39
PETRW297,2025-10-07,0.36,0.32,0.32,0.41,117
BPACV467,2025-10-07,0.45,0.9,0.45,1.1,77
CSANV610,2025-10-07,0.28,0.34,0.24,0.36,23
CSANX500,2025-10-07,0.09,0.05,0.05,0.09,2
PRIOW404,2025-10-07,2.94,2.57,2.55,2.94,25
PRIOV405W2,2025-10-07,2.69,2.69,2.69,2.69,4
PETRA353,2025-10-07,0.8,0.92,0.8,0.92,8
CSANV570,2025-10-07,0.11,0.12,0.1,0.12,8
PRIOV420,2025-10-07,4.29,4.07,4.05,4.3,124
PETRW235,2025-10-07,0.03,0.02,0.02,0.03,9
PRIOJ372,2025-10-07,0.84,1.07,0.72,1.09,130
PRIOK389,2025-10-07,1.01,1.15,0.98,1.17,44
RENTJ405W2,2025-10-07,0.02,0.01,0.01,0.02,2
RENTL475,2025-10-07,0.29,0.25,0.25,0.29,3
PRIOK436,2025-10-07,0.14,0.14,0.13,0.14,49
RENTJ408,2025-10-07,0.21,0.12,0.11,0.21,31
RENTK439,2025-10-07,0.24,0.25,0.24,0.25,5
PRIOL400W2,2025-10-07,1.14,1.14,1.14,1.14,1
RENTJ425W5,2025-10-07,0.21,0.15,0.15,0.21,2
PRIOW409,2025-10-07,3.11,2.94,2.94,3.14,25
BPACJ477,2025-10-07,0.93,0.43,0.41,0.95,39
RENTK369,2025-10-07,2.52,2.31,2.31,2.52,2
CASHX425,2025-10-07,0.45,0.45,0.45,0.45,1
BPACV460W2,2025-10-07,0.45,0.54,0.32,0.54,5
BPACW459,2025-10-07,1.12,1.49,1.12,1.67,39
RENTV341,2025-10-07,0.09,0.1,0.09,0.1,2
CSANV910,2025-10-07,3.2,3.2,3.2,3.2,1
PRIOK419,2025-10-07,0.3,0.32,0.3,0.32,15
CSANX610,2025-10-07,0.55,0.55,0.55,0.55,2
PRIOJ375,2025-10-07,0.72,0.89,0.6,0.93,154
CSANW590,2025-10-07,0.3,0.33,0.3,0.34,6
PETRV325W2,2025-10-07,1.31,1.04,1.03,1.48,87
BPACW425,2025-10-07,0.4,0.51,0.4,0.51,10
BPACJ480W2,2025-10-07,0.42,0.07,0.07,0.42,15
PETRV358,2025-10-07,4.58,4.22,4.22,4.58,6
PETRK343,2025-10-07,0.93,1.02,0.93,1.02,2
BPACJ490W2,2025-10-07,0.06,0.03,0.03,0.06,5
PETRJ340W2,2025-10-07,0.01,0.01,0.01,0.01,4
PETRK170,2025-10-07,14.43,14.62,14.43,14.62,4
PRIOK411,2025-10-07,0.4,0.44,0.4,0.47,16
BPACK482,2025-10-07,1.5,1.21,1.21,1.5,7
PETRV332W2,2025-10-07,2.12,1.77,1.77,2.19,9
RENTW379,2025-10-07,1.55,1.84,1.55,1.87,7
BPACV445,2025-10-07,0.24,0.29,0.23,0.3,61
CSANV520,2025-10-07,0.02,0.03,0.02,0.03,2
PETRV394W2,2025-10-07,8.5,8.5,8.5,8.5,1
PETRK358,2025-10-07,0.39,0.5,0.39,0.5,16
BPACK499,2025-10-07,1.09,0.71,0.71,1.09,35
PETRK307,2025-10-07,2.15,2.22,1.87,2.22,51
CSANV160,2025-10-07,10.15,10.15,10.15,10.15,1
BPACV480W2,2025-10-07,1.5,2,1.44,2.08,10
PETRV335W2,2025-10-07,2.28,2.01,2.01,2.47,19
PETRX55,2025-10-07,1.37,1.41,1.37,1.45,6
BPACV470W4,2025-10-07,1.43,1.43,1.43,1.43,1
PRIOK339,2025-10-07,4.45,4.62,4.45,4.62,3
PETRM336,2025-10-07,1.36,1.24,1.24,1.4,42
PETRV263,2025-10-07,0.01,0.01,0.01,0.01,3
PRIOK369,2025-10-07,2.15,2.18,2.11,2.25,11
MOVIV840,2025-10-07,0.49,0.53,0.49,0.53,2
BPACV455W4,2025-10-07,0.78,0.78,0.78,0.78,1
PETRW408,2025-10-07,4.78,4.63,4.63,4.78,7
MOVIJ800,2025-10-07,0.51,0.33,0.33,0.51,3
CSANK700,2025-10-07,0.1,0.07,0.07,0.1,8
BPACJ412,2025-10-07,5.45,5.45,5.45,5.45,1
BPACV445W2,2025-10-07,0.17,0.17,0.17,0.17,1
BPACJ485W5,2025-10-07,0.29,0.29,0.29,0.29,1
BPACJ470W2,2025-10-07,0.48,0.27,0.24,0.48,8
PETRM316,2025-10-07,0.63,0.63,0.63,0.63,2
CSANX105,2025-10-07,4.3,4.38,4.3,4.38,4
PETRA371,2025-10-07,0.4,0.44,0.4,0.44,5
PETRW289W1,2025-10-07,0.23,0.21,0.21,0.23,2
PRIOW424,2025-10-07,4.35,4.21,4.21,4.35,5
PETRM326,2025-10-07,1,0.9,0.9,1,7
PRIOV360W5,2025-10-07,0.31,0.31,0.31,0.31,2
PETRV310W4,2025-10-07,0.37,0.36,0.35,0.48,15
CSANN80,2025-10-07,1.9,1.9,1.9,1.9,2
BPACW464,2025-10-07,1.43,1.83,1.43,1.83,6
RENTV403,2025-10-07,2.56,2.68,2.56,2.77,4
PETRL450,2025-10-07,0.21,0.24,0.21,0.25,5
PETRK18,2025-10-07,13.07,13.07,13.07,13.07,1
CSANL570,2025-10-07,1.62,1.62,1.62,1.62,1
CSANX115,2025-10-07,5.35,5.35,5.35,5.35,2
RENTW381,2025-10-07,1.74,1.98,1.72,2.02,5
RENTX392,2025-10-07,2,2.75,2,2.75,4
PETRL339,2025-10-07,5.1,5,5,5.1,5
BPACK420,2025-10-07,6.3,5.59,5.59,6.3,2
PETRP333,2025-10-07,2.15,2.1,2.1,2.17,8
RENTV368,2025-10-07,0.41,0.55,0.41,0.58,8
CSANX780,2025-10-07,1.8,1.8,1.8,1.8,1
CSANN810,2025-10-07,1.98,1.98,1.98,1.98,1
CASHK450,2025-10-07,0.4,0.41,0.4,0.41,2
CSANK600,2025-10-07,0.37,0.31,0.31,0.37,29
CSANJ139,2025-10-07,4.49,4.49,4.49,4.49,1
PETRK394,2025-10-07,0.01,0.01,0.01,0.01,1
CSANV115,2025-10-07,5.57,5.62,5.55,5.63,4
PETRK310W1,2025-10-07,1.18,1.2,1.18,1.2,2
BPACV362,2025-10-07,0.01,0.01,0.01,0.01,1
BPACJ510,2025-10-07,0.08,0.06,0.06,0.08,8
MOVIX705,2025-10-07,0.13,0.13,0.13,0.13,1
CSANK230,2025-10-07,3.56,3.56,3.56,3.56,1
BPACW417,2025-10-07,0.36,0.36,0.36,0.36,1
PETRN420,2025-10-07,1.82,1.75,1.72,1.83,39
PETRM301,2025-10-07,0.31,0.37,0.31,0.37,3
PRIOB500,2025-10-07,3.8,3.6,3.6,3.8,2
PETRX283,2025-10-07,0.21,0.21,0.21,0.21,1
PETRV406,2025-10-07,7.65,7.65,7.65,7.65,1
LWSAJ440,2025-10-07,0.07,0.07,0.07,0.07,3
RENTW319,2025-10-07,0.27,0.27,0.27,0.27,1
BPACJ447,2025-10-07,2.34,2.49,2.22,2.49,5
PETRC250,2025-10-07,11.45,11.45,11.45,11.45,2
PETRK315W1,2025-10-07,1.02,0.86,0.58,1.02,8
PETRA413,2025-10-07,0.07,0.07,0.07,0.07,1
PETRJ300,2025-10-07,6.6,6.6,6.6,6.6,1
CSANK710,2025-10-07,0.08,0.06,0.06,0.08,4
BPACK469,2025-10-07,2.53,1.88,1.88,2.54,35
RENTV356,2025-10-07,0.19,0.25,0.19,0.25,3
PRIOW405W1,2025-10-07,2.74,2.74,2.74,2.74,1
PETRJ376,2025-10-07,0.01,0.01,0.01,0.01,3
MOVIW653,2025-10-07,0.08,0.08,0.08,0.08,2
PETRK392,2025-10-07,0.01,0.01,0.01,0.01,1
PRIOK454,2025-10-07,0.07,0.07,0.07,0.07,1
BPACK447,2025-10-07,3.74,3.01,3.01,3.74,3
RENTL450,2025-10-07,0.5,0.5,0.5,0.5,1
CSANJ770,2025-10-07,0.01,0.01,0.01,0.01,3
CSANV560W2,2025-10-07,0.02,0.02,0.02,0.02,1
BPACJ430,2025-10-07,4.2,4.2,4.2,4.2,1
CSANV600W4,2025-10-07,0.29,0.29,0.29,0.29,1
CSANX580,2025-10-07,0.35,0.35,0.35,0.35,1
RENTV381,2025-10-07,0.84,1.08,0.78,1.13,7
BPACK457,2025-10-07,2.8,2.8,2.8,2.8,1
CSANW465,2025-10-07,0.02,0.02,0.02,0.02,1
PETRL325,2025-10-07,2.25,2.25,2.25,2.25,1
PETRL350,2025-10-07,0.31,0.38,0.31,0.38,3
PRIOV435,2025-10-07,5.56,5.56,5.56,5.56,1
PETRT410,2025-10-07,5.5,5.65,5.5,5.65,4
RENTJ395W2,2025-10-07,0.05,0.05,0.05,0.05,1
RENTV396,2025-10-07,1.67,1.94,1.67,1.94,27
PETRO48,2025-10-07,9.05,9.18,9.05,9.18,2
PETRJ260W2,2025-10-07,5.18,5.18,5.18,5.18,1
PETRJ270W2,2025-10-07,4.18,4.18,4.18,4.18,1
BPACK460,2025-10-07,3,3,3,3,1
PETRK415,2025-10-07,0.01,0.01,0.01,0.01,1
LWSAW410,2025-10-07,0.2,0.2,0.2,0.2,1
PETRW220,2025-10-07,0.02,0.01,0.01,0.02,2
PETRM291,2025-10-07,0.25,0.25,0.25,0.25,1
RENTV325W2,2025-10-07,0.01,0.01,0.01,0.01,1
CASHW410,2025-10-07,0.37,0.36,0.36,0.37,4
CASHJ405,2025-10-07,0.28,0.28,0.28,0.28,1
PRIOS40,2025-10-07,2.7,2.9,2.7,2.9,2
PETRJ382,2025-10-07,0.01,0.01,0.01,0.01,2
PETRX405,2025-10-07,2.75,2.75,2.75,2.75,1
MOVIL825,2025-10-07,0.82,0.82,0.82,0.82,1
PETRW328,2025-10-07,0.8,0.82,0.8,0.82,2
RENTV406,2025-10-07,2.49,2.99,2.49,2.99,7
RENTJ423,2025-10-07,0.06,0.03,0.03,0.06,8
PETRL355,2025-10-07,0.19,0.18,0.18,0.19,2
PETRW343,2025-10-07,1.41,1.55,1.41,1.55,14
PETRJ243,2025-10-07,6.79,6.79,6.79,6.79,1
PETRW238,2025-10-07,0.03,0.03,0.03,0.03,1
RENTV431,2025-10-07,5.36,5.36,5.36,5.36,1
RENTV416,2025-10-07,3.91,3.91,3.91,3.91,1
RENTW401,2025-10-07,3.07,3.07,3.07,3.07,1
CSANW830,2025-10-07,2.28,2.28,2.28,2.28,2
CSANK820,2025-10-07,0.02,0.02,0.02,0.02,2
PETRJ27,2025-10-07,5.81,5.6,5.6,5.81,8
PETRV384W2,2025-10-07,7.85,7.85,7.85,7.85,1
BPACK477,2025-10-07,1.55,1.55,1.55,1.55,1
PETRA407,2025-10-07,1.95,1.8,1.8,2.5,3
BPACV460W4,2025-10-07,0.8,0.8,0.8,0.8,1
PETRK345W1,2025-10-07,0.08,0.08,0.08,0.08,1
CSANV103,2025-10-07,4.3,4.3,4.3,4.3,1
RENTW424,2025-10-07,4.47,4.47,4.47,4.47,7
CASHJ430,2025-10-07,0.17,0.17,0.17,0.17,1
CSANK840,2025-10-07,0.02,0.02,0.02,0.02,6
CSANJ810,2025-10-07,0.01,0.01,0.01,0.01,1
RENTW38,2025-10-07,2.08,2.17,2.08,2.17,3
RENTL350,2025-10-07,4.6,4.6,4.6,4.6,1
RENTJ383,2025-10-07,1.02,0.98,0.96,1.05,8
PETRK304W2,2025-10-07,1.33,1.33,1.33,1.33,1
RENTJ486,2025-10-07,0.01,0.01,0.01,0.01,1
PETRF446,2025-10-07,0.33,0.33,0.33,0.33,1
CSANJ790,2025-10-07,0.01,0.01,0.01,0.01,1
CSANJ80,2025-10-07,0.02,0.02,0.02,0.02,1
BPAC11,2025-10-07,47.32,46.04,45.67,47.54,31468
CSAN3,2025-10-07,6,5.81,5.81,6.03,19401
PETRJ346,2025-10-07,0.08,0.07,0.04,0.08,1930
MOVI3,2025-10-07,8.78,8.07,7.96,8.79,11605
LWSA3,2025-10-07,4.16,4.27,4.1,4.28,12246
RENTV358,2025-10-07,0.28,0.3,0.28,0.3,2
LWSA3F,2025-10-07,4.22,4.21,4.11,4.29,574
CSAN3F,2025-10-07,6.04,5.85,5.82,6.09,2212
CSANW510,2025-10-07,0.06,0.07,0.06,0.07,2
PETRV283,2025-10-07,0.02,0.02,0.02,0.03,10
BPAC5F,2025-10-07,10.46,10.05,9.95,10.46,367
PETRW304,2025-10-07,0.48,0.49,0.47,0.62,247
BPAC3,2025-10-07,26.48,25.73,25.73,26.58,43
PETR3F,2025-10-07,32.87,32.72,32.3,32.91,2905
PETRJ321,2025-10-07,1.04,1.11,0.78,1.15,964
PRIOW381,2025-10-07,1.44,1.23,1.23,1.54,105
PETRK312,2025-10-07,1.22,1.33,1.09,1.36,385
PETRV318,2025-10-07,0.65,0.61,0.58,0.91,550
PETRJ330W2,2025-10-07,0.02,0.01,0.01,0.02,364
BPACV475,2025-10-07,0.7,1.41,0.68,1.52,169
PETRK319,2025-10-07,0.83,0.92,0.73,0.96,278
PETRK308,2025-10-07,1.62,1.65,1.37,1.68,135
PRIOX381,2025-10-07,1.5,1.4,1.4,1.69,17
PETRV338,2025-10-07,2.37,2.3,2.26,2.72,61
PETRJ338,2025-10-07,0.03,0.03,0.02,0.04,343
PETRW324,2025-10-07,1.34,1.33,1.31,1.6,228
PRIOW444,2025-10-07,6.19,5.99,5.96,6.2,82
PRIOV407,2025-10-07,3.07,2.86,2.85,3.1,137
PRIOK416,2025-10-07,0.34,0.34,0.33,0.37,32
PRIOK359,2025-10-07,2.62,2.96,2.62,2.99,33
PETRK447,2025-10-07,0.1,0.11,0.08,0.11,28
PRIOW376,2025-10-07,1.11,1.04,1.04,1.16,117
CSANV580,2025-10-07,0.13,0.16,0.13,0.16,14
RENTJ353,2025-10-07,2.6,2.61,2.6,2.61,18
PRIOV357,2025-10-07,0.13,0.1,0.1,0.13,23
RENTW404,2025-10-07,3.42,3.41,3.4,3.42,3
PETRJ366,2025-10-07,0.01,0.01,0.01,0.01,56
PRIOV330,2025-10-07,0.02,0.02,0.02,0.02,1
PETRA370,2025-10-07,4.1,4.22,4.09,4.22,10
CSANV580W2,2025-10-07,0.04,0.09,0.04,0.09,5
BPACW445,2025-10-07,0.84,0.91,0.84,0.99,4
CSANJ760,2025-10-07,0.01,0.01,0.01,0.01,3
PETRW309,2025-10-07,0.7,0.65,0.62,0.8,342
PETRV351,2025-10-07,2.16,2.06,2.01,2.44,55
PRIOJ385W2,2025-10-07,0.08,0.12,0.08,0.15,8
PRIOK431,2025-10-07,0.17,0.17,0.17,0.19,17
CSANK720,2025-10-07,0.07,0.06,0.06,0.07,13
PRIOW344,2025-10-07,0.3,0.26,0.26,0.3,3
PETRV329,2025-10-07,0.4,0.29,0.29,0.47,7
PETRD291,2025-10-07,5,5,5,5.1,9
CSAND60,2025-10-07,1.63,1.6,1.6,2,5
PRIOJ377,2025-10-07,0.59,0.75,0.51,0.79,130
PETRV361,2025-10-07,3.19,3.03,2.99,3.46,212
RENTV393,2025-10-07,1.08,1.93,1.08,1.95,41
PETRV317W2,2025-10-07,0.58,0.4,0.4,0.78,41
CSANJ650,2025-10-07,0.05,0.04,0.03,0.06,65
PRIOK421,2025-10-07,0.27,0.27,0.26,0.29,41
PRIOW369,2025-10-07,0.9,0.78,0.78,0.93,43
PRIOJ357,2025-10-07,2.08,2.26,2.07,2.26,21
CSANO570,2025-10-07,0.45,0.45,0.45,0.45,2
RENTJ418,2025-10-07,0.11,0.06,0.05,0.11,6
PETRJ296,2025-10-07,3.36,3.47,3.07,3.51,57
PETRV278,2025-10-07,0.02,0.02,0.01,0.02,16
BPACV485,2025-10-07,1.33,2.17,1.31,2.21,121
CASHL100,2025-10-07,0.5,0.52,0.5,0.52,4
CSANM530,2025-10-07,0.1,0.2,0.1,0.2,8
BPACW474,2025-10-07,1.65,2.3,1.65,2.36,42
BPACK479,2025-10-07,1.92,1.42,1.37,1.93,25
PETRJ280,2025-10-07,6.27,6.54,6.27,6.54,2
PETRV320W4,2025-10-07,0.9,0.75,0.75,0.9,3
PETRK323,2025-10-07,2.07,2.2,2.07,2.2,4
OSXB3,2025-10-07,2.31,2.4,2.29,2.4,4
PRIOW415W1,2025-10-07,3.49,3.49,3.49,3.49,1
CASHK590,2025-10-07,0.15,0.15,0.15,0.15,1
BPACJ480,2025-10-07,0.91,0.44,0.31,0.91,38
BPACW427,2025-10-07,0.58,0.62,0.58,0.64,19
PETRL316,2025-10-07,1.51,1.67,1.13,1.84,9
PETRL344,2025-10-07,1.2,1.2,1.2,1.2,1
CSANK570,2025-10-07,0.54,0.44,0.44,0.54,2
PRIOK380W2,2025-10-07,1.48,1.46,1.46,1.49,6
PETRT322,2025-10-07,0.77,0.77,0.77,0.83,11
PRIOW401,2025-10-07,2.6,2.41,2.38,2.62,28
PRIOL421,2025-10-07,0.65,0.6,0.6,0.65,3
PETRW347,2025-10-07,3.09,3,2.97,3.37,27
PETRL30,2025-10-07,2,2.35,2,2.35,2
CSANV950,2025-10-07,3.66,3.66,3.66,3.66,1
CSANJ570,2025-10-07,0.3,0.26,0.26,0.33,4
CASHX400,2025-10-07,0.31,0.31,0.31,0.31,1
PETRA333,2025-10-07,1.63,1.77,1.63,1.83,7
PETRV291,2025-10-07,0.02,0.01,0.01,0.02,14
PETRK279,2025-10-07,3.67,3.94,3.54,3.94,40
RENTV376,2025-10-07,0.7,0.86,0.67,0.9,13
BPACJ482,2025-10-07,0.69,0.26,0.26,0.69,17
PETRW314W4,2025-10-07,0.61,1.02,0.61,1.02,2
PETRJ30,2025-10-07,1.85,2.28,1.85,2.29,19
PETRX42,2025-10-07,4.09,4.09,4.09,4.09,3
BPACK494,2025-10-07,1.45,0.79,0.79,1.45,24
CSANK680,2025-10-07,0.13,0.09,0.09,0.13,4
LWSAJ420,2025-10-07,0.18,0.18,0.15,0.18,6
PETRV253,2025-10-07,0.01,0.01,0.01,0.01,4
CASHJ415,2025-10-07,0.23,0.25,0.23,0.25,3
MOVIJ840,2025-10-07,0.18,0.18,0.15,0.18,4
BPACK449,2025-10-07,3.17,3,3,3.17,3
PETRV273,2025-10-07,0.01,0.01,0.01,0.02,9
CSANK670,2025-10-07,0.14,0.11,0.11,0.14,8
PRIOJ345,2025-10-07,3.22,3.43,3.22,3.43,10
PRIOW406,2025-10-07,2.91,2.78,2.78,2.91,5
MOVIW793,2025-10-07,0.42,0.42,0.42,0.42,1
PRIOV412,2025-10-07,3.55,3.36,3.36,3.55,5
RENTJ421,2025-10-07,0.04,0.06,0.04,0.06,2
CSANX540,2025-10-07,0.2,0.2,0.2,0.2,1
CSANK590,2025-10-07,0.33,0.33,0.33,0.33,1
PETRK348,2025-10-07,0.75,0.82,0.72,0.82,22
PETRV289W4,2025-10-07,0.1,0.09,0.09,0.1,2
PETRN303,2025-10-07,0.7,0.82,0.7,0.88,17
PETRK383,2025-10-07,0.1,0.12,0.1,0.12,10
MOVIK813,2025-10-07,0.7,0.65,0.65,0.72,7
PRIOK349,2025-10-07,3.62,3.74,3.62,3.74,3
PETRC342,2025-10-07,1.07,1.25,1.07,1.25,6
CSANJ600W4,2025-10-07,0.18,0.18,0.18,0.18,2
PRIOV335,2025-10-07,0.03,0.03,0.03,0.03,10
BPACK380,2025-10-07,10.4,9.36,9.36,10.4,5
PETRX319,2025-10-07,0.66,0.61,0.6,0.71,43
RENTK351,2025-10-07,3.48,3.48,3.41,3.48,4
PETRA2,2025-10-07,0.04,0.03,0.02,0.04,9
RENTJ468,2025-10-07,0.01,0.01,0.01,0.01,1
MOVIJ880,2025-10-07,0.23,0.08,0.08,0.23,11
MOVIJ920,2025-10-07,0.06,0.04,0.04,0.07,7
PETRJ305W5,2025-10-07,1.03,1.03,1.03,1.03,1
BPACV472,2025-10-07,0.62,1.15,0.62,1.21,48
RENTV380W2,2025-10-07,0.4,0.96,0.4,0.96,7
PETRN306,2025-10-07,0.7,0.7,0.7,0.7,1
PETRG440,2025-10-07,1.35,1.35,1.35,1.35,1
CSANJ800,2025-10-07,0.6,0.54,0.54,0.6,2
PRIOV342,2025-10-07,0.04,0.04,0.02,0.04,6
CSANV800,2025-10-07,1.8,1.73,1.73,1.8,2
CSANV600W5,2025-10-07,0.47,0.47,0.47,0.47,1
PETRJ325W4,2025-10-07,0.21,0.24,0.21,0.24,5
BPACK42,2025-10-07,4.96,4.96,4.96,4.96,1
RPMG3,2025-10-07,2.26,2.2,2.17,2.26,22
CSANJ630,2025-10-07,0.09,0.07,0.05,0.09,19
PETRL334,2025-10-07,2.8,2.75,2.75,2.8,2
PRIOF487,2025-10-07,1.43,1.35,1.35,1.43,2
CSANK650,2025-10-07,0.16,0.15,0.14,0.16,10
BPACV382,2025-10-07,0.02,0.02,0.02,0.02,1
PRIOW314,2025-10-07,0.07,0.07,0.07,0.07,1
PETRX271,2025-10-07,0.04,0.04,0.04,0.04,1
PETRJ284W4,2025-10-07,2.57,2.57,2.57,2.57,1
PETRJ305W4,2025-10-07,1.06,1.23,1.06,1.23,9
CSANV200,2025-10-07,14.15,14.15,14.15,14.15,1
PETRJ320W5,2025-10-07,0.3,0.31,0.25,0.31,157
PETRA323,2025-10-07,2.27,2.3,2.27,2.3,3
PRIOK400W4,2025-10-07,0.55,0.55,0.55,0.55,1
BPACJ392,2025-10-07,8.18,7.7,7.7,8.18,7
PETRK344,2025-10-07,4.5,4.61,4.5,4.61,2
RENTV390W4,2025-10-07,1.99,1.99,1.99,1.99,1
PRIOV350W2,2025-10-07,0.01,0.01,0.01,0.01,1
MOVIW753,2025-10-07,0.18,0.27,0.18,0.27,2
CASH15,2025-10-07,0.04,0.03,0.02,0.04,21
PETRX250,2025-10-07,0.1,0.1,0.1,0.1,20
RENTO300,2025-10-07,0.3,0.3,0.3,0.3,1
RENTX347,2025-10-07,0.75,0.81,0.75,0.81,3
BPACV450W2,2025-10-07,0.17,0.3,0.17,0.32,5
CASH15F,2025-10-07,0.04,0.04,0.04,0.04,1
PETRX308,2025-10-07,0.43,0.41,0.2,0.44,10
PETRS269,2025-10-07,1.06,1.08,1.06,1.08,3
CSANM580,2025-10-07,0.2,0.37,0.2,0.37,4
CSANV860,2025-10-07,2.71,2.71,2.71,2.71,1
BPACV435W2,2025-10-07,0.05,0.05,0.05,0.05,1
PRIOA370,2025-10-07,3.4,3.22,3.21,3.4,4
RENTJ443,2025-10-07,0.02,0.02,0.02,0.02,2
CSANI120,2025-10-07,0.09,0.04,0.04,0.09,2
RENTJ403,2025-10-07,0.22,0.17,0.16,0.23,8
PETRB500,2025-10-07,0.2,0.2,0.2,0.2,2
PETRN360,2025-10-07,0.28,0.26,0.26,0.28,3
RENTK359,2025-10-07,2.9,2.9,2.9,2.9,2
PETRA378,2025-10-07,0.28,0.29,0.28,0.29,3
PETRJ201,2025-10-07,15.48,15.4,15.3,15.48,5
CSANV870,2025-10-07,2.81,2.81,2.81,2.81,1
CSANK560,2025-10-07,0.53,0.53,0.53,0.53,2
RENTV363,2025-10-07,0.31,0.4,0.31,0.4,3
CASHK145,2025-10-07,0.02,0.01,0.01,0.02,2
RENTK464,2025-10-07,0.16,0.13,0.13,0.16,46
PETRX322,2025-10-07,1.33,1.69,1.33,1.69,2
PRIOV370W2,2025-10-07,0.15,0.1,0.1,0.15,5
PRIOV385W4,2025-10-07,1.25,1.07,1.07,1.25,2
CASHJ425,2025-10-07,0.2,0.21,0.2,0.21,2
PETRK235,2025-10-07,7.91,7.93,7.82,7.94,28
BPACJ460W2,2025-10-07,1,1,1,1,1
PRIOW410,2025-10-07,3.5,3.5,3.5,3.5,1
RENTX345,2025-10-07,0.85,0.85,0.85,0.85,1
PETRA316,2025-10-07,2.7,2.85,2.7,2.85,3
PETRM407,2025-10-07,1.1,1.12,1.08,1.12,8
PRIOW329,2025-10-07,0.14,0.14,0.14,0.14,1
PETRP286,2025-10-07,0.68,0.68,0.68,0.68,2
PETRM358,2025-10-07,2.7,2.7,2.7,2.7,1
PETRX40,2025-10-07,2.8,2.8,2.8,2.8,1
BPACL387,2025-10-07,9.37,9.37,9.37,9.37,1
RENTW349,2025-10-07,0.77,0.77,0.77,0.77,1
RENTJ365W2,2025-10-07,1.08,1.08,1.08,1.08,1
CSANW12,2025-10-07,5.93,5.93,5.93,5.93,1
PRIOW449,2025-10-07,6.67,6.67,6.67,6.67,4
RENTV418,2025-10-07,3.54,4.15,3.54,4.15,3
RENTV436,2025-10-07,5.43,5.85,5.43,5.85,2
PRIOW306,2025-10-07,0.05,0.05,0.05,0.05,1
RENTW354,2025-10-07,0.83,0.83,0.83,0.83,1
CASHK490,2025-10-07,0.29,0.29,0.29,0.29,1
RENTX377,2025-10-07,1.88,1.88,1.88,1.88,1
PRIOX401,2025-10-07,2.65,2.65,2.65,2.65,1
PETRV369,2025-10-07,3.64,3.64,3.64,3.64,1
BPACJ425,2025-10-07,4.5,4.5,4.5,4.5,1
PETRJ255W2,2025-10-07,5.73,5.73,5.73,5.73,1
PETRV300W4,2025-10-07,0.15,0.14,0.14,0.15,2
CSANK540,2025-10-07,0.75,0.75,0.75,0.75,1
BPACV395,2025-10-07,0.02,0.02,0.02,0.02,1
CSANW710,2025-10-07,1.16,1.16,1.16,1.16,1
BPACV445W4,2025-10-07,0.27,0.27,0.27,0.27,1
RENTW394,2025-10-07,2.45,2.45,2.45,2.45,1
RENTV355W5,2025-10-07,0.4,0.4,0.4,0.4,1
PETRV305W5,2025-10-07,0.49,0.49,0.49,0.49,1
RENTJ478,2025-10-07,0.01,0.01,0.01,0.01,1
PETRH410,2025-10-07,3.5,3.5,3.5,3.5,1
PETRJ200,2025-10-07,11.23,11.23,11.23,11.23,1
PETRW387,2025-10-07,6.94,6.94,6.94,6.94,1
PRION395,2025-10-07,2.5,2.5,2.5,2.5,1
PRIOM345,2025-10-07,0.55,0.55,0.55,0.55,1
PETR3,2025-10-07,32.75,32.92,32.29,32.92,13882
PETRV349W2,2025-10-07,4.01,4.04,4.01,4.05,3
BPACV367,2025-10-07,0.02,0.02,0.02,0.02,1
PETRX329,2025-10-07,0.94,0.88,0.78,1.07,30
PETRJ313,2025-10-07,0.52,0.57,0.37,0.6,1306
PRIOV365,2025-10-07,0.29,0.17,0.17,0.33,120
PETRV356,2025-10-07,2.72,2.54,2.5,2.87,81
PRIOL414,2025-10-07,0.44,0.78,0.44,0.78,2
PRIOK399,2025-10-07,0.69,0.75,0.69,0.78,52
PRIOV385,2025-10-07,1.38,0.99,0.97,1.38,203
PETRK269,2025-10-07,4.45,4.84,4.45,4.88,12
BPACV477,2025-10-07,0.81,1.49,0.78,1.67,24
MOVI3F,2025-10-07,8.76,8.11,7.97,8.8,701
PETRV379W2,2025-10-07,7.01,7.05,7.01,7.05,12
RENTV411,2025-10-07,3.44,3.39,3.36,3.48,7
PRIOV387,2025-10-07,1.57,1.16,1.15,1.57,47
PETRV312W2,2025-10-07,0.22,0.17,0.16,0.39,74
PETRM321,2025-10-07,0.72,0.72,0.72,0.8,13
PETRW272,2025-10-07,0.1,0.1,0.1,0.12,20
PETRW319,2025-10-07,1.07,1.06,1.03,1.29,189
PETRV295,2025-10-07,0.04,0.03,0.03,0.05,23
PRIOK444,2025-10-07,0.1,0.1,0.1,0.11,83
BPACV460,2025-10-07,0.35,0.6,0.35,0.75,94
CSANJ740,2025-10-07,0.01,0.01,0.01,0.01,2
CSANJ750,2025-10-07,0.01,0.01,0.01,0.01,3
PETRA376,2025-10-07,0.35,0.37,0.3,0.37,17
PETRJ348,2025-10-07,0.02,0.02,0.01,0.02,506
PETRJ361,2025-10-07,0.02,0.01,0.01,0.02,225
PETRL40,2025-10-07,0.62,0.74,0.51,0.74,9
OSXB3F,2025-10-07,2.29,2.3,2.29,2.3,10
PRIOV390,2025-10-07,1.59,1.33,1.29,1.77,121
BPACV455,2025-10-07,0.23,0.43,0.23,0.54,45
BPACJ48,2025-10-07,0.56,0.23,0.2,0.56,33
CSANJ670,2025-10-07,0.03,0.03,0.03,0.03,3
PETRJ320W2,2025-10-07,0.07,0.09,0.04,0.1,117
PETRL321,2025-10-07,1.2,1.35,1.2,1.35,18
PETRV346,2025-10-07,1.77,1.59,1.54,2,604
PETRV281,2025-10-07,0.02,0.01,0.01,0.02,6
PRIOJ382,2025-10-07,0.35,0.53,0.35,0.55,227
PETRV310W2,2025-10-07,0.17,0.1,0.1,0.26,55
BPAC3F,2025-10-07,26.99,25.74,25.74,26.99,408
PETRW284,2025-10-07,0.17,0.17,0.17,0.21,114
CSANJ610,2025-10-07,0.14,0.09,0.08,0.17,36
PETRV339W2,2025-10-07,3.22,3.04,3.01,3.3,20
CSANW560,2025-10-07,0.17,0.2,0.17,0.2,8
PETRJ291,2025-10-07,3.78,3.98,3.65,3.99,12
BPACV465W2,2025-10-07,0.55,0.85,0.55,0.85,11
PRIOL458,2025-10-07,0.2,0.2,0.2,0.2,2
BPACJ470,2025-10-07,1.52,0.78,0.73,1.52,83
RENTK426,2025-10-07,0.55,0.39,0.39,0.55,9
PRIOV365W2,2025-10-07,0.06,0.05,0.04,0.06,3
BPACV490,2025-10-07,1.61,2.6,1.52,2.6,38
PETRW264,2025-10-07,0.06,0.06,0.06,0.08,8
PETRM341,2025-10-07,1.52,1.45,1.45,1.52,8
CSANW495,2025-10-07,0.04,0.04,0.04,0.06,3
PETRK347,2025-10-07,0.18,0.19,0.13,0.19,110
PETRV339,2025-10-07,0.8,0.71,0.69,1.06,26
PETRK353,2025-10-07,0.2,0.22,0.16,0.22,201
PETRJ253,2025-10-07,5.94,6.23,5.92,6.28,34
CSANJ660W4,2025-10-07,0.04,0.05,0.04,0.05,2
BPACJ490,2025-10-07,0.48,0.2,0.15,0.48,56
PRIOW441,2025-10-07,5.95,5.75,5.75,5.96,15
PETRW294W4,2025-10-07,0.39,0.37,0.37,0.39,2
PRIOV422,2025-10-07,4.45,4.32,4.32,4.53,26
PRIOK336,2025-10-07,4.68,4.85,4.68,4.85,15
PRIOK409,2025-10-07,0.47,0.48,0.45,0.52,32
CASHV500,2025-10-07,0.79,0.79,0.79,0.79,2
PRIOK379,2025-10-07,1.45,1.68,1.42,1.68,31
BPACV452,2025-10-07,0.31,0.35,0.29,0.44,41
MOVIW833,2025-10-07,0.49,0.69,0.49,0.69,2
PRIOV345,2025-10-07,0.05,0.04,0.03,0.05,11
CSANJ660,2025-10-07,0.04,0.04,0.03,0.04,325
BPACK472,2025-10-07,2.39,1.7,1.69,2.39,5
PETRV307W4,2025-10-07,0.29,0.24,0.24,0.38,15
PRIOJ360,2025-10-07,1.86,2.03,1.86,2.03,23
PETRK30,2025-10-07,12.17,12.16,12.16,12.17,8
BPACW435,2025-10-07,0.67,0.69,0.67,0.69,2
RENTK374,2025-10-07,2.3,2.1,2.1,2.3,6
PRIOX360,2025-10-07,0.73,0.71,0.71,0.75,6
PETRV268,2025-10-07,0.01,0.01,0.01,0.01,9
BPACK534,2025-10-07,0.21,0.21,0.21,0.21,1
PETRX265,2025-10-07,0.16,0.14,0.14,0.16,4
PETRV369W4,2025-10-07,5.78,5.78,5.78,5.78,2
PETRV348,2025-10-07,3.44,3.26,3.26,3.67,466
MOVIV800,2025-10-07,0.22,0.25,0.2,0.25,5
RENTJ426,2025-10-07,0.06,0.04,0.04,0.06,5
BPACV415,2025-10-07,0.06,0.06,0.06,0.06,1
CSANV510,2025-10-07,0.01,0.01,0.01,0.01,1
BPACW422,2025-10-07,0.34,0.46,0.34,0.46,2
PETRJ325W2,2025-10-07,0.03,0.03,0.01,0.03,66
RENTX340,2025-10-07,0.75,0.75,0.75,0.75,1
CSANV560W4,2025-10-07,0.12,0.12,0.12,0.12,1
BPACK407,2025-10-07,7.2,6.67,6.67,7.21,6
PETRJ34,2025-10-07,7.76,7.39,7.39,7.76,4
PETRK150,2025-10-07,16.6,16.6,16.6,16.6,1
PETRM308,2025-10-07,0.46,0.45,0.45,0.5,4
PETRA336,2025-10-07,1.61,1.76,1.58,1.76,4
MOVIV900,2025-10-07,0.8,1,0.8,1,15
CSANW620,2025-10-07,0.51,0.5,0.49,0.51,5
PRIOK414,2025-10-07,0.38,0.39,0.37,0.41,17
CSANL800,2025-10-07,0.06,0.06,0.06,0.06,1
PRIOK334,2025-10-07,4.9,5.03,4.9,5.05,7
BPACW420,2025-10-07,0.4,0.41,0.38,0.42,11
PRIOV375W2,2025-10-07,0.4,0.2,0.2,0.42,13
CSANV530,2025-10-07,0.03,0.03,0.03,0.03,1
PRIOW414,2025-10-07,3.48,3.36,3.36,3.55,17
BPACV397,2025-10-07,0.03,0.03,0.03,0.03,5
PRIOJ440,2025-10-07,0.01,0.01,0.01,0.01,2
PETRV235W5,2025-10-07,0.01,0.01,0.01,0.01,3
RENTK431,2025-10-07,0.39,0.36,0.33,0.39,5
MOVIW773,2025-10-07,0.28,0.4,0.28,0.4,3
PETRJ325W5,2025-10-07,0.2,0.2,0.2,0.2,2
BPACJ407,2025-10-07,6.97,6.26,5.99,6.97,16
CSANW630,2025-10-07,0.56,0.56,0.55,0.56,7
PETRK33,2025-10-07,1.17,1.24,1.05,1.24,32
PETRJ305W2,2025-10-07,0.87,1.01,0.65,1.01,44
PRIOJ347,2025-10-07,2.74,3.17,2.72,3.18,14
RENTV388,2025-10-07,1.24,1.52,1.22,1.62,11
MOVIV820,2025-10-07,0.23,0.38,0.23,0.38,8
PETRK374,2025-10-07,0.02,0.03,0.02,0.03,12
PETRJ359,2025-10-07,0.03,0.04,0.03,0.04,3
PETRV368,2025-10-07,5.47,5.28,5.28,5.47,2
PETRC480,2025-10-07,0.4,0.4,0.4,0.4,2
CSANV580W4,2025-10-07,0.2,0.19,0.19,0.2,3
PETRW315W1,2025-10-07,0.83,0.7,0.7,0.83,2
PRIOW389,2025-10-07,1.92,1.68,1.63,1.92,18
PRIOV395,2025-10-07,1.93,1.78,1.78,1.93,12
PETRA447,2025-10-07,0.24,0.22,0.22,0.24,2
RENTV355W4,2025-10-07,0.45,0.45,0.45,0.45,1
BPACK584,2025-10-07,0.05,0.05,0.05,0.05,1
RENTK434,2025-10-07,0.38,0.3,0.29,0.38,5
PRIOJ405W2,2025-10-07,0.01,0.02,0.01,0.02,2
PETRB37,2025-10-07,4.35,4.44,4.35,5.14,4
PETRJ309,2025-10-07,2.63,2.57,2.57,2.63,2
PETRK352,2025-10-07,5.58,5.65,5.58,5.67,7
PETRD303,2025-10-07,4.05,4.05,4.05,4.05,1
PETRV302W4,2025-10-07,0.21,0.17,0.17,0.23,4
RENTW361,2025-10-07,1.07,1.13,1.07,1.13,3
PETRK240,2025-10-07,7.53,7.6,7.52,7.6,17
BPACN422,2025-10-07,1,1,0.99,1,4
MOVIV810,2025-10-07,0.25,0.29,0.25,0.3,4
RENTJ420W4,2025-10-07,0.21,0.1,0.1,0.21,2
PRIOJ365,2025-10-07,1.35,1.57,1.22,1.6,13
LWSAJ460,2025-10-07,0.04,0.03,0.03,0.04,3
MOVIK773,2025-10-07,0.85,0.85,0.85,0.85,1
RENTK406,2025-10-07,0.8,0.77,0.77,0.84,3
PETRJ302W4,2025-10-07,1.44,1.44,1.44,1.44,1
PETRV274W4,2025-10-07,0.04,0.04,0.04,0.04,1
PRIOV355W4,2025-10-07,0.2,0.15,0.15,0.2,2
PETRK287,2025-10-07,3.11,3.12,3.02,3.12,11
CSANC650,2025-10-07,0.52,0.3,0.3,0.52,2
BPACV48,2025-10-07,1.39,1.94,1.39,2.01,29
PRIOL55,2025-10-07,0.03,0.03,0.03,0.03,1
PETRJ213,2025-10-07,10.07,10.07,10.07,10.07,1
PETRV325W4,2025-10-07,1.19,1.23,1.19,1.37,3
PETRV344W2,2025-10-07,3.74,3.74,3.74,3.74,1
MOVIV860,2025-10-07,0.35,0.55,0.35,0.55,19
PETRA37,2025-10-07,4,4,4,4,1
BPACJ437,2025-10-07,3.1,3.1,3.1,3.1,1
PETRV373,2025-10-07,5.9,5.9,5.9,5.9,1
CSANN790,2025-10-07,1.8,1.8,1.8,1.8,3
PRIOV360W4,2025-10-07,0.23,0.23,0.23,0.23,1
MOVIJ475,2025-10-07,3.37,3.37,3.37,3.37,1
CSANJ680,2025-10-07,0.03,0.02,0.02,0.03,5
CSANU540,2025-10-07,0.6,0.1,0.1,0.61,3
CSANW80,2025-10-07,2,2.01,2,2.01,2
PETRV382,2025-10-07,7.06,6.96,6.96,7.06,5
RENTV239,2025-10-07,0.01,0.01,0.01,0.01,3
PRIOW324,2025-10-07,0.12,0.12,0.12,0.12,1
CASHJ460,2025-10-07,0.1,0.1,0.1,0.1,2
CSANV620W4,2025-10-07,0.42,0.41,0.41,0.42,2
CSANU60,2025-10-07,0.66,0.15,0.15,0.66,2
BPACJ435W4,2025-10-07,3.11,2.9,2.9,3.11,2
CSANW310,2025-10-07,24.62,24.62,24.62,24.62,1
CSANK500,2025-10-07,1.01,1,1,1.01,2
BPACJ485W2,2025-10-07,0.06,0.05,0.05,0.06,2
PRIOV442,2025-10-07,6.33,6.33,6.33,6.33,1
RENTK446,2025-10-07,0.21,0.2,0.2,0.21,3
RENTV346,2025-10-07,0.14,0.13,0.13,0.14,2
RENTJ348,2025-10-07,3.24,3.24,3.24,3.24,1
CSANJ560W2,2025-10-07,0.35,0.35,0.35,0.35,1
PETRP311,2025-10-07,1.26,1.26,1.26,1.26,1
PETRX262,2025-10-07,0.15,0.15,0.15,0.15,3
BPACJ505,2025-10-07,0.13,0.1,0.08,0.13,4
BPACW484,2025-10-07,2.57,2.57,2.57,2.57,1
PETRL42,2025-10-07,0.18,0.18,0.17,0.18,3
BPACX462,2025-10-07,1.75,1.75,1.75,1.75,1
PETRM298,2025-10-07,0.25,0.25,0.25,0.25,1
RENTK404,2025-10-07,0.93,0.96,0.93,0.96,2
RENTV390W2,2025-10-07,1.59,1.6,1.59,1.6,2
PETRK379,2025-10-07,0.02,0.02,0.02,0.02,2
PETRM273,2025-10-07,0.01,0.14,0.01,0.14,2
CASHK580,2025-10-07,0.17,0.17,0.17,0.17,1
PETRS320,2025-10-07,1.9,1.9,1.9,1.9,1
PETRP261,2025-10-07,0.28,0.28,0.28,0.28,1
RENTV401,2025-10-07,1.9,2.48,1.9,2.48,6
BPACJ442,2025-10-07,3.02,3.02,3.02,3.02,1
MOVIW843,2025-10-07,0.6,0.6,0.6,0.6,1
PETRK165,2025-10-07,14.66,14.63,14.63,14.66,7
PETRX350,2025-10-07,3,3.45,2.61,4.18,12
CSANW670,2025-10-07,0.83,0.83,0.83,0.83,1
RENTJ360W2,2025-10-07,1.6,1.6,1.6,1.6,1
PETRS365,2025-10-07,4.07,4.18,4.07,4.18,2
PETRB400,2025-10-07,2.75,2.75,2.75,2.75,1
BPACX482,2025-10-07,2.37,2.37,2.37,2.37,1
PRIOL411,2025-10-07,0.8,0.8,0.8,0.8,1
PETRD338,2025-10-07,2,2,2,2,1
PETRV374,2025-10-07,4.21,4.21,4.21,4.21,1
PRIOA375,2025-10-07,2.8,2.83,2.8,2.83,4
PETRA401,2025-10-07,0.14,0.14,0.14,0.14,1
PRIOE410,2025-10-07,3.31,3.27,3.27,3.31,2
PETRL435,2025-10-07,0.1,0.1,0.1,0.1,1
CSANV670,2025-10-07,0.75,0.74,0.74,0.75,3
PETRH363,2025-10-07,2.3,2.3,2.3,2.3,1
PETRK275,2025-10-07,4.19,4.19,4.19,4.19,1
PETRX375,2025-10-07,6,6,6,6,1
BPACJ440,2025-10-07,3.68,3.68,3.68,3.68,1
RENTV380W4,2025-10-07,1.12,1.12,1.12,1.12,1
BPACV487,2025-10-07,1.79,2.11,1.7,2.11,21
CSANV710,2025-10-07,1.14,1.14,1.14,1.14,1
RENTJ481,2025-10-07,0.01,0.01,0.01,0.01,1
BPACW492,2025-10-07,2.63,2.63,2.63,2.63,1
PRIOB410,2025-10-07,1.7,1.7,1.7,1.7,1
PRIOA480,2025-10-07,0.2,0.2,0.2,0.2,1
PETRJ326,2025-10-07,0.72,0.73,0.48,0.78,759
CSANK630,2025-10-07,0.22,0.19,0.19,0.22,16
RENTJ381,2025-10-07,1.18,0.76,0.74,1.2,128
CASH3,2025-10-07,4.2,4.24,4.1,4.29,4017
PETRJ351,2025-10-07,0.04,0.04,0.02,0.04,571
BPAC11F,2025-10-07,47.5,45.85,45.68,47.53,2236
PETRJ308,2025-10-07,0.89,0.9,0.61,0.95,959
PETRJ316,2025-10-07,1.45,1.53,1.18,1.59,136
PETRJ322W2,2025-10-07,0.04,0.05,0.02,0.06,50
PETRJ341,2025-10-07,0.13,0.13,0.08,0.15,1001
PETRJ336,2025-10-07,0.26,0.24,0.14,0.27,1076
BPACJ467,2025-10-07,1.46,0.83,0.83,1.46,53
PETRV341,2025-10-07,1.2,1.16,1.12,1.54,669
PETRJ317W2,2025-10-07,0.12,0.21,0.07,0.21,83
BPACV447,2025-10-07,0.27,0.28,0.24,0.34,28
PRIOK439,2025-10-07,0.13,0.12,0.12,0.13,79
PETRK309,2025-10-07,1.38,1.47,1.21,1.51,266
PETRW317,2025-10-07,1.02,0.93,0.91,1.15,249
PRIOW431,2025-10-07,5.03,4.84,4.83,5.03,14
PRIOK434,2025-10-07,0.15,0.15,0.15,0.18,73
PRIOJ425,2025-10-07,0.01,0.01,0.01,0.01,93
PETRK324,2025-10-07,0.69,0.75,0.55,0.75,587
PETRJ315W2,2025-10-07,0.36,0.23,0.11,0.36,106
PRIOJ337,2025-10-07,3.97,4.18,3.96,4.18,48
PETRJ322W4,2025-10-07,0.24,0.32,0.24,0.33,10
PETRJ312W2,2025-10-07,0.3,0.38,0.19,0.42,152
BPACV470,2025-10-07,0.62,0.97,0.62,1.24,255
PRIOJ375W2,2025-10-07,0.46,0.55,0.34,0.56,28
BPACJ462,2025-10-07,1.97,1.1,1.05,1.97,19
PETRK350,2025-10-07,0.15,0.14,0.12,0.16,51
PRIOW354,2025-10-07,0.51,0.41,0.4,0.51,32
PETRW289W4,2025-10-07,0.1,0.31,0.1,0.35,12
PRIOL381,2025-10-07,2.04,2.1,2.04,2.1,7
PRIOK376,2025-10-07,1.69,1.77,1.66,1.82,94
PETRJ311,2025-10-07,1.91,2.03,1.7,2.05,43
PETRV371,2025-10-07,4.4,4.03,3.99,4.4,9
PETRW233,2025-10-07,0.02,0.02,0.02,0.02,6
PRIOV36,2025-10-07,1.5,2.26,1.5,2.26,4
PRIOV435W4,2025-10-07,5.42,5.42,5.42,5.42,1
PETRW33,2025-10-07,1.19,1.03,1.03,1.3,52
CSANK690,2025-10-07,0.1,0.08,0.08,0.1,7
BPACK387,2025-10-07,8.65,8.65,8.6,8.65,6
PETRM286,2025-10-07,0.17,0.2,0.17,0.2,4
PRIOV370,2025-10-07,0.44,0.3,0.3,0.5,91
PRIOV405,2025-10-07,2.84,2.62,2.6,2.86,93
RENTJ435W4,2025-10-07,0.05,0.05,0.05,0.05,3
RENTV391,2025-10-07,1.55,1.73,1.55,1.8,13
PETRX301,2025-10-07,0.55,0.51,0.33,0.6,32
RENTK399,2025-10-07,1.3,1,0.99,1.3,8
PRIOV372,2025-10-07,0.41,0.38,0.37,0.62,110
BPACV495,2025-10-07,1.92,3.05,1.88,3.05,12
PETRK397,2025-10-07,0.01,0.01,0.01,0.02,14
PETRV320W2,2025-10-07,0.83,0.6,0.58,1,43
PETRS303,2025-10-07,1.23,1.2,1.19,1.23,8
PETRL329,2025-10-07,1.63,1.81,1.29,1.83,51
BPACV470W2,2025-10-07,0.69,1.11,0.69,1.22,28
BPACK484,2025-10-07,1.74,1.22,1.09,1.75,48
PETRK253,2025-10-07,6.55,6.54,6.54,6.57,26
PRIOJ370,2025-10-07,0.98,1.24,0.86,1.28,103
PRIOV405W5,2025-10-07,2.58,2.58,2.58,2.58,1
PRIOJ362,2025-10-07,1.71,1.82,1.64,1.83,32
PRIOJ355,2025-10-07,2.06,2.49,2.01,2.49,69
PRIOV392,2025-10-07,1.78,1.53,1.53,1.78,31
CSANA100,2025-10-07,0.45,0.43,0.43,0.45,3
PETRJ295,2025-10-07,2.47,2.73,2.47,2.73,55
PRIOK374,2025-10-07,1.68,1.92,1.68,1.96,33
PETRV301,2025-10-07,0.03,0.03,0.02,0.04,11
PRIOW396,2025-10-07,2.21,2.08,2.08,2.23,11
PETRW282,2025-10-07,0.17,0.14,0.14,0.18,26
PETRK294,2025-10-07,2.45,2.63,2.26,2.63,48
PETRD268,2025-10-07,7.97,7.97,7.97,7.97,1
PETRJ278,2025-10-07,3.61,3.76,3.44,3.76,8
PRIOV410,2025-10-07,3.4,3.1,3.1,3.4,9
CSANJ580,2025-10-07,0.27,0.22,0.22,0.27,8
PRIOJ355W2,2025-10-07,2.34,2.34,2.32,2.38,18
PETRV457,2025-10-07,3.95,3.72,3.72,4.19,17
PRIOJ380W4,2025-10-07,0.88,0.88,0.88,0.88,1
PRIOW294,2025-10-07,0.03,0.03,0.03,0.03,2
CSANJ600,2025-10-07,0.18,0.12,0.12,0.2,24
CSANK51,2025-10-07,0.2,0.17,0.17,0.2,21
BPACJ485,2025-10-07,0.67,0.22,0.22,0.67,58
PRIOJ415,2025-10-07,0.04,0.04,0.02,0.04,28
BPACV475W4,2025-10-07,1.93,1.93,1.93,1.93,1
PETRV364W2,2025-10-07,5.8,5.49,5.49,5.8,5
PRIOV370W4,2025-10-07,0.43,0.43,0.43,0.43,1
BPACW430,2025-10-07,0.41,0.55,0.41,0.61,22
PETRK442,2025-10-07,0.01,0.01,0.01,0.01,1
PETRX32,2025-10-07,2.02,2.06,2,2.09,4
CSANW550,2025-10-07,0.15,0.17,0.14,0.17,9
PETRL311,2025-10-07,2.61,1.97,1.82,2.61,6
BPACV442,2025-10-07,0.2,0.24,0.2,0.28,26
CSANV700,2025-10-07,1.1,1.19,1.1,1.19,5
PRIOK361,2025-10-07,2.44,2.75,2.44,2.82,6
PETRK373,2025-10-07,0.2,0.22,0.16,0.22,14
PRIOW360W2,2025-10-07,0.49,0.47,0.47,0.49,2
PETRK289,2025-10-07,2.87,3.03,2.68,3.03,60
PETRA419,2025-10-07,1.35,1.36,1.35,1.36,2
PETRN400,2025-10-07,0.9,0.91,0.9,1.13,14
PETRW338,2025-10-07,2.35,2.17,2.17,2.52,11
BPACJ520,2025-10-07,0.03,0.01,0.01,0.03,2
PRIOV380W2,2025-10-07,0.45,0.47,0.44,0.8,11
PETRU32,2025-10-07,0.84,0.78,0.77,0.84,5
RENTJ401,2025-10-07,0.32,0.19,0.19,0.32,17
PETRO273,2025-10-07,0.38,0.37,0.37,0.4,4
PETRK354,2025-10-07,0.55,0.63,0.55,0.63,27
PETRJ315W5,2025-10-07,0.51,0.5,0.5,0.51,3
BPACM412,2025-10-07,0.65,0.65,0.65,0.65,1
PRIOJ352,2025-10-07,2.28,2.75,2.26,2.75,27
PETRJ150,2025-10-07,16.01,16.4,16.01,16.4,3
BPACK405,2025-10-07,7.46,6.9,6.9,7.46,2
PETRX321,2025-10-07,1.22,1.18,1.18,1.49,14
CSANJ730,2025-10-07,0.02,0.02,0.01,0.02,6
RENTJ400W2,2025-10-07,0.04,0.03,0.03,0.04,2
PRIOK341,2025-10-07,4.23,4.38,4.23,4.4,9
CASHJ700,2025-10-07,0.01,0.01,0.01,0.01,2
PETRJ332W4,2025-10-07,0.11,0.11,0.08,0.11,13
BPACX472,2025-10-07,1.8,2,1.8,2,3
PRIOK424,2025-10-07,0.23,0.25,0.21,0.25,10
PETRB480,2025-10-07,0.29,0.24,0.23,0.29,5
BPACJ470W4,2025-10-07,1.41,0.8,0.8,1.41,4
PETRX260,2025-10-07,0.13,0.13,0.13,0.14,3
PRIOV347,2025-10-07,0.06,0.05,0.05,0.09,14
BPACJ417,2025-10-07,6,5,5,6,14
PRIOW429,2025-10-07,4.8,4.69,4.69,4.8,2
PRIOK429,2025-10-07,0.21,0.19,0.19,0.21,4
PRIOX321,2025-10-07,0.15,0.15,0.15,0.15,2
BPACK460W1,2025-10-07,1.76,1.76,1.76,1.76,2
PETRW359,2025-10-07,4.28,4.15,4.15,4.53,10
BPACW432,2025-10-07,0.64,0.72,0.62,0.72,3
PRIOW341,2025-10-07,0.25,0.25,0.24,0.27,11
MOVIV100,2025-10-07,1.91,1.91,1.91,1.91,1
PETRL44,2025-10-07,0.08,0.11,0.08,0.11,2
PETRP306,2025-10-07,1.08,1.08,1.08,1.11,7
PETRA242,2025-10-07,14.05,14.05,14.05,14.05,2
PETRX326,2025-10-07,1.72,1.51,1.51,2.38,4
BPACK402,2025-10-07,7.4,7.4,7.4,7.4,1
BPACV405W2,2025-10-07,0.01,0.01,0.01,0.01,3
PETRV363,2025-10-07,5.1,4.8,4.8,5.1,2
BPACK487,2025-10-07,1.57,1.15,1.13,1.57,5
RENTL397,2025-10-07,1.6,1.6,1.6,1.6,1
RENTV398,2025-10-07,1.7,2.29,1.68,2.31,18
PETRJ279W4,2025-10-07,3.04,3.04,3.04,3.04,1
BPACV430,2025-10-07,0.13,0.11,0.11,0.13,4
BPACV410,2025-10-07,0.06,0.05,0.05,0.06,6
PETRK363,2025-10-07,0.31,0.35,0.31,0.35,4
CSANV900,2025-10-07,3.1,3.1,3.1,3.1,2
PETRK238,2025-10-07,7.85,7.85,7.85,7.85,4
PETRW262,2025-10-07,0.07,0.07,0.07,0.07,6
PETRO360,2025-10-07,0.29,0.34,0.29,0.34,2
BPACJ420,2025-10-07,5.28,5.28,5.28,5.28,1
RENTJ436,2025-10-07,0.03,0.02,0.01,0.03,7
PRIOJ427,2025-10-07,0.01,0.01,0.01,0.01,2
RENTV385W4,2025-10-07,1.66,1.66,1.66,1.66,1
PRIOV495,2025-10-07,11.7,11.7,11.69,11.7,3
RENTW376,2025-10-07,1.73,1.79,1.63,1.79,3
BPACK462,2025-10-07,2.48,2.48,2.48,2.48,1
BPACK467,2025-10-07,2,2.12,2,2.12,3
PETRW357,2025-10-07,4.2,4.03,4.03,4.2,4
CASH16F,2025-10-07,0.03,0.03,0.03,0.03,2
PETRK264W1,2025-10-07,4.53,4.53,4.53,4.53,1
PETRK262,2025-10-07,5.23,5.37,5.16,5.37,7
BPACB422,2025-10-07,7,7,7,7,1
CSANV118,2025-10-07,5.9,5.9,5.9,5.9,1
RENTK37,2025-10-07,2.01,1.63,1.63,2.01,6
CSANV840,2025-10-07,2.55,2.55,2.55,2.55,1
CASHJ780,2025-10-07,0.02,0.02,0.02,0.02,2
PETRW382,2025-10-07,6.48,6.48,6.48,6.48,4
RENTV340W2,2025-10-07,0.03,0.03,0.03,0.03,1
PETRW448,2025-10-07,12.9,12.9,12.9,12.9,3
PRIOV365W4,2025-10-07,0.31,0.33,0.31,0.33,2
PETRW313,2025-10-07,0.34,0.34,0.34,0.34,1
PETRK408,2025-10-07,0.05,0.05,0.05,0.05,3
PRIOV437,2025-10-07,5.83,5.83,5.83,5.83,1
CSANW680,2025-10-07,0.95,0.95,0.95,0.95,1
RENTV378,2025-10-07,0.62,0.95,0.62,0.95,8
PETRF440,2025-10-07,1.3,1.3,1.3,1.3,1
PETRJ218,2025-10-07,9.5,9.5,9.5,9.5,1
PETRK320W1,2025-10-07,0.51,0.51,0.51,0.51,1
CSANV630,2025-10-07,0.4,0.4,0.4,0.4,1
PETRX299W1,2025-10-07,0.4,0.63,0.4,0.63,5
RENTJ441,2025-10-07,0.02,0.02,0.02,0.02,1
PETRL43,2025-10-07,0.14,0.14,0.14,0.14,1
RENTJ433,2025-10-07,0.03,0.03,0.03,0.03,2
RENTJ391,2025-10-07,0.66,0.43,0.43,0.66,78
MOVIV770,2025-10-07,0.07,0.05,0.05,0.07,2
BPACL472,2025-10-07,2,2,2,2,1
PETRJ340W4,2025-10-07,0.05,0.04,0.04,0.05,4
PETRP291,2025-10-07,0.77,0.77,0.77,0.77,1
RENTV413,2025-10-07,3.66,3.62,3.62,3.66,2
MOVIV82,2025-10-07,0.15,0.27,0.15,0.27,3
RENTK409,2025-10-07,0.73,0.73,0.73,0.73,1
RENTJ393,2025-10-07,0.66,0.38,0.36,0.66,8
RENTV395W4,2025-10-07,2.43,2.43,2.43,2.43,1
CSANA620,2025-10-07,0.5,0.5,0.5,0.5,1
PETRW257,2025-10-07,0.04,0.04,0.04,0.04,1
RENTV421,2025-10-07,4.39,4.39,4.39,4.39,1
PRIOV525,2025-10-07,14.72,14.72,14.72,14.72,1
PRIOS407,2025-10-07,3.29,3.3,3.29,3.32,6
PRIOF54,2025-10-07,0.67,0.64,0.64,0.67,5
LWSAJ350,2025-10-07,0.73,0.73,0.73,0.73,1
PETRD321,2025-10-07,2.8,2.8,2.8,2.8,1
RENTX325,2025-10-07,0.4,0.48,0.4,0.48,3
PETRJ188,2025-10-07,12.26,12.26,12.26,12.26,1
BPACJ347,2025-10-07,11.97,11.97,11.97,11.97,1
PETRM419,2025-10-07,1.5,1.7,1.5,1.7,7
CSANA750,2025-10-07,0.15,0.15,0.15,0.15,1
PRIOX334,2025-10-07,0.31,0.31,0.31,0.31,1
PRIOB330,2025-10-07,11.5,11.5,11.5,11.5,1
CSANW51,2025-10-07,0.58,0.58,0.58,0.58,1
RENTV426,2025-10-07,4.46,4.46,4.46,4.46,1
RENTL407,2025-10-07,1,1.47,1,1.47,4
PETRW394,2025-10-07,7.58,7.58,7.58,7.58,2
PETRJ310W5,2025-10-07,0.91,0.91,0.91,0.91,1
PRIOW331,2025-10-07,0.16,0.16,0.16,0.16,1
CSANL790,2025-10-07,0.15,0.15,0.15,0.15,1
PETRX194,2025-10-07,0.13,0.13,0.13,0.13,2
PETRJ13,2025-10-07,30,30,30,30,1
CSANW600,2025-10-07,0.35,0.39,0.35,0.4,10
BPACJ465,2025-10-07,1.3,0.94,0.92,1.46,134
PETRV303,2025-10-07,0.13,0.11,0.1,0.19,263
PRIOW439,2025-10-07,5.72,5.52,5.48,5.74,70
CSANV620W2,2025-10-07,0.27,0.37,0.25,0.39,220
PETRW289,2025-10-07,0.24,0.22,0.21,0.27,61
PETRK327,2025-10-07,0.57,0.6,0.47,0.63,222
PETRV307W2,2025-10-07,0.08,0.06,0.06,0.16,34
CSANW530,2025-10-07,0.09,0.11,0.09,0.11,9
PRIOW346,2025-10-07,0.35,0.29,0.29,0.35,15
PRIOW336,2025-10-07,0.21,0.19,0.18,0.22,19
PETRW327,2025-10-07,1.71,1.49,1.46,1.75,68
PETRV369W2,2025-10-07,6.01,6.05,6.01,6.05,11
RENTJ363,2025-10-07,1.84,1.84,1.84,1.86,24
PRIOV355,2025-10-07,0.14,0.06,0.06,0.14,132
PETRJ315W4,2025-10-07,0.55,0.63,0.51,0.65,12
BPACK459,2025-10-07,2.57,2.43,2.38,2.57,5
RENTW414,2025-10-07,4.07,4.12,4.07,4.15,3
PETRW308,2025-10-07,0.6,0.56,0.54,0.7,166
PRIOJ420,2025-10-07,0.02,0.02,0.02,0.03,128
PRIOK354,2025-10-07,2.99,3.36,2.99,3.36,21
PETRV290W2,2025-10-07,0.01,0.01,0.01,0.02,6
CSANJ590,2025-10-07,0.25,0.16,0.16,0.25,18
BPACW479,2025-10-07,2.14,2.59,2.14,2.68,76
PRIOK386,2025-10-07,1.2,1.3,1.06,1.31,269
PRIOJ390,2025-10-07,0.23,0.35,0.16,0.35,86
PETRV312W4,2025-10-07,0.46,0.41,0.4,0.54,13
PETRL405,2025-10-07,0.46,0.49,0.43,0.55,15
PRIOV360,2025-10-07,0.19,0.12,0.12,0.21,38
PRIOV340,2025-10-07,0.03,0.03,0.03,0.04,50
PRIOJ392,2025-10-07,0.16,0.21,0.16,0.22,25
PRIOJ417,2025-10-07,0.03,0.02,0.02,0.03,34
PETRK304,2025-10-07,1.8,1.83,1.53,1.85,217
PETRJ349W4,2025-10-07,0.01,0.01,0.01,0.01,2
PETRK334,2025-10-07,0.4,0.4,0.3,0.42,321
PRIOW384,2025-10-07,1.63,1.36,1.36,1.63,24
CSANM590,2025-10-07,0.69,0.69,0.69,0.69,1
MOVIK853,2025-10-07,0.56,0.45,0.45,0.56,3
PRIOL600,2025-10-07,1.35,1.37,1.32,1.37,3
RENTJ431,2025-10-07,0.02,0.03,0.02,0.03,2
CSANX560,2025-10-07,0.21,0.27,0.21,0.27,2
RENTJ435W5,2025-10-07,0.08,0.08,0.08,0.08,4
CSANJ540,2025-10-07,0.63,0.5,0.5,0.63,2
PETRJ332W2,2025-10-07,0.01,0.01,0.01,0.02,9
PRIOA382,2025-10-07,2.63,2.63,2.63,2.63,1
PETRW353,2025-10-07,3.16,2.78,2.77,3.16,22
PRIOJ350,2025-10-07,2.5,2.96,2.5,2.96,23
PRIOJ340,2025-10-07,3.72,3.93,3.71,3.99,48
BPACV462,2025-10-07,0.39,0.68,0.39,0.85,80
BPACJ49,2025-10-07,0.13,0.07,0.07,0.13,28
PETRW339,2025-10-07,2.54,2.38,2.38,2.54,3
RENTJ411,2025-10-07,0.09,0.1,0.09,0.14,11
CSANX147,2025-10-07,8.52,8.52,8.52,8.52,1
PETRV322W2,2025-10-07,1.01,0.8,0.8,1.13,16
RENTW326,2025-10-07,0.34,0.36,0.34,0.36,5
PRIOW371,2025-10-07,1.01,0.87,0.85,1.01,20
BPACK492,2025-10-07,1.35,0.93,0.92,1.35,18
PETRV327W2,2025-10-07,1.43,1.27,1.26,1.71,82
PETRL330,2025-10-07,0.85,0.93,0.8,0.94,26
CSANV620,2025-10-07,0.35,0.44,0.3,0.44,200
PETRJ285W2,2025-10-07,2.71,2.98,2.7,2.98,3
PETRV316,2025-10-07,0.11,0.08,0.08,0.14,180
PETRW269,2025-10-07,0.09,0.08,0.08,0.09,2
PETRJ275W2,2025-10-07,3.68,4,3.68,4,2
PETRW294W2,2025-10-07,0.13,0.3,0.13,0.31,5
CSANX530,2025-10-07,0.1,0.1,0.1,0.1,1
RENTW359,2025-10-07,1.08,1.05,1.05,1.1,5
CSANJ580W2,2025-10-07,0.13,0.14,0.13,0.14,2
BPACW472,2025-10-07,1.85,2.15,1.85,2.15,2
RENTK424,2025-10-07,0.45,0.43,0.42,0.45,4
PRIOT397,2025-10-07,2.9,2.92,2,2.92,3
CSANK470,2025-10-07,1.2,1.14,1.14,1.2,4
PRIOA380,2025-10-07,2.61,2.62,2.61,2.63,9
BPACJ432,2025-10-07,3.87,3.5,3.5,3.9,3
CSANW900,2025-10-07,3,3.07,3,3.07,5
PETRV332W4,2025-10-07,2.09,1.7,1.69,2.09,3
PRIOV352,2025-10-07,0.11,0.07,0.07,0.13,29
PRIOV385W2,2025-10-07,0.68,0.82,0.68,1.2,12
PETRW320W1,2025-10-07,1.05,0.93,0.93,1.05,6
RENTB300,2025-10-07,13.8,13.83,13.8,13.83,3
CSANV162,2025-10-07,9.81,9.89,9.81,9.89,3
CSANW750,2025-10-07,1.6,1.6,1.6,1.6,1
PETRL2,2025-10-07,0.7,0.75,0.6,1.3,19
BPACJ465W4,2025-10-07,1.15,1,1,1.15,4
PETRE370,2025-10-07,1.63,1.79,1.59,1.8,8
CSANV640W2,2025-10-07,0.45,0.53,0.45,0.53,2
PRIOW334,2025-10-07,0.18,0.16,0.16,0.19,8
PRIOK364,2025-10-07,2.46,2.55,2.44,2.58,14
BPACJ452,2025-10-07,1.94,1.84,1.84,2.16,5
RENTK416,2025-10-07,0.56,0.56,0.56,0.56,1
PETRJ289W2,2025-10-07,1.8,1.96,1.73,1.96,8
PETRJ457,2025-10-07,0.01,0.01,0.01,0.01,36
RENTW364,2025-10-07,1.08,1.24,1.08,1.24,5
BPACW440,2025-10-07,0.8,0.75,0.75,0.8,2
PRIOD41,2025-10-07,3,2.99,2.99,3,2
MOVIW813,2025-10-07,0.55,0.55,0.55,0.55,1
PETRG359,2025-10-07,5,5,5,5,1
BPACV430W2,2025-10-07,0.02,0.05,0.02,0.06,17
CSANM610,2025-10-07,0.7,0.5,0.5,0.7,3
PETRV300W2,2025-10-07,0.03,0.02,0.02,0.04,5
RENTJ398,2025-10-07,0.33,0.24,0.24,0.33,11
PETRX307,2025-10-07,0.79,0.77,0.77,0.86,9
PRIOV365W5,2025-10-07,0.42,0.42,0.42,0.42,2
PRIOV340W5,2025-10-07,0.1,0.09,0.09,0.1,2
PRIOK351,2025-10-07,3.1,3.53,3.1,3.55,11
MOVIJ730,2025-10-07,0.89,0.89,0.89,0.89,1
PETRW218,2025-10-07,0.01,0.01,0.01,0.01,2
BPACK422,2025-10-07,5.38,5.38,5.38,5.38,1
PETRM31,2025-10-07,0.56,0.51,0.51,0.57,4
PETRJ290W2,2025-10-07,2.18,2.42,2.18,2.42,6
MOVIW873,2025-10-07,0.55,0.87,0.55,0.87,7
PRIOW411,2025-10-07,3.5,3.24,3.15,3.5,11
PRIOK440W1,2025-10-07,0.08,0.07,0.07,0.08,2
RENTV360W4,2025-10-07,0.4,0.55,0.4,0.57,3
PETRG320,2025-10-07,7.12,7.3,7.12,7.3,3
PETRX267,2025-10-07,0.16,0.17,0.16,0.18,5
RENTL372,2025-10-07,2.75,2.75,2.75,2.75,1
CSANJ620W2,2025-10-07,0.06,0.03,0.03,0.06,64
CSANW840,2025-10-07,2.46,2.46,2.46,2.46,1
PETRG269,2025-10-07,9.9,9.85,9.85,9.9,3
PRIOW304,2025-10-07,0.05,0.05,0.05,0.05,1
PETRV285W2,2025-10-07,0.01,0.01,0.01,0.01,3
PETRW333,2025-10-07,0.92,0.89,0.88,1.06,14
PRIOF407,2025-10-07,3.9,3.85,3.85,3.9,2
PETRW392,2025-10-07,7.42,7.41,7.41,7.44,3
PRIOK440W2,2025-10-07,0.11,0.09,0.09,0.11,2
PETRK200,2025-10-07,11.32,11.49,11.32,11.49,5
RENTS420,2025-10-07,3.91,3.91,3.91,3.91,1
CSANJ640W2,2025-10-07,0.02,0.02,0.01,0.02,10
CSANJ700W5,2025-10-07,0.03,0.04,0.03,0.1,285
RENTK304,2025-10-07,7.36,7.36,7.36,7.36,1
PETRW277,2025-10-07,0.13,0.13,0.13,0.13,2
MOVIJ900,2025-10-07,0.07,0.07,0.07,0.07,13
PETRN311,2025-10-07,1.05,1.05,1.05,1.05,2
PETRJ240,2025-10-07,7.24,7.24,7.24,7.24,1
CSANX107,2025-10-07,4.62,4.62,4.62,4.62,1
CASHV400,2025-10-07,0.09,0.09,0.09,0.09,3
PETRW279,2025-10-07,0.14,0.14,0.14,0.16,15
MOVIJ860,2025-10-07,0.21,0.14,0.14,0.21,12
CSANL770,2025-10-07,0.08,0.08,0.08,0.08,1
BPACV437,2025-10-07,0.1,0.22,0.1,0.22,9
PETRI399,2025-10-07,3.95,3.89,3.89,3.95,2
PETRL307,2025-10-07,1.95,1.95,1.95,1.95,2
CSANW850,2025-10-07,2.56,2.56,2.56,2.56,1
PRIOA387,2025-10-07,2.15,2.15,2.15,2.15,1
BPACK497,2025-10-07,1.08,0.76,0.76,1.08,7
BPACK427,2025-10-07,4.97,4.97,4.97,4.97,1
PETRW374,2025-10-07,5.75,5.81,5.73,5.98,9
CSANV940W5,2025-10-07,3.44,3.44,3.44,3.44,1
PETRJ273,2025-10-07,4.06,4,4,4.06,3
PETRM318,2025-10-07,0.71,0.7,0.7,0.73,4
PETRP321,2025-10-07,1.59,1.62,1.59,1.62,17
BPACJ530,2025-10-07,0.02,0.01,0.01,0.02,3
CSANV690,2025-10-07,0.93,1,0.93,1,2
PETRL47,2025-10-07,0.02,0.02,0.02,0.02,1
PETRJ268,2025-10-07,4.32,4.54,4.32,4.54,2
PETRX238,2025-10-07,0.06,0.06,0.06,0.06,1
CASHJ395,2025-10-07,0.33,0.39,0.33,0.39,5
PRIOX344,2025-10-07,0.4,0.4,0.4,0.4,1
MOVIK953,2025-10-07,0.29,0.29,0.29,0.29,1
MOVIV790,2025-10-07,0.1,0.18,0.1,0.18,2
PETRM356,2025-10-07,2.4,2.4,2.4,2.4,1
CSANW485,2025-10-07,0.03,0.03,0.03,0.03,1
CASHL425,2025-10-07,0.53,0.53,0.53,0.53,1
PETRV335W4,2025-10-07,2.25,2.25,2.25,2.25,1
PETRW318,2025-10-07,0.46,0.51,0.46,0.51,5
PETRG450,2025-10-07,2,2,2,2,1
RENTK451,2025-10-07,0.17,0.17,0.17,0.17,1
PETRM303,2025-10-07,0.4,0.4,0.4,0.4,1
PETRV319,2025-10-07,0.14,0.14,0.14,0.14,1
PETRJ290W5,2025-10-07,1.95,1.95,1.95,1.95,1
PETRK328,2025-10-07,1.75,1.51,1.51,1.75,60
PETRV258,2025-10-07,0.01,0.01,0.01,0.01,1
PETRJ165,2025-10-07,14.5,14.48,14.48,14.5,7
RENTW324,2025-10-07,0.32,0.33,0.32,0.33,2
RENTW391,2025-10-07,2.6,2.6,2.6,2.6,1
RENTJ413,2025-10-07,0.07,0.08,0.07,0.08,2
CASHK410,2025-10-07,0.52,0.53,0.52,0.53,3
RENTJ428,2025-10-07,0.05,0.04,0.04,0.05,4
CSANM700,2025-10-07,0.98,0.98,0.98,0.98,1
LWSAW41,2025-10-07,0.23,0.23,0.23,0.23,1
CSANK465,2025-10-07,1.31,1.35,1.31,1.36,9
PETRU401,2025-10-07,4,5.2,4,5.2,3
RENTJ473,2025-10-07,0.01,0.01,0.01,0.01,2
PETRX295,2025-10-07,0.4,0.4,0.4,0.4,3
PETRW415,2025-10-07,9.7,9.7,9.7,9.7,1
PETRK267,2025-10-07,4.93,4.93,4.93,4.93,1
PRIOX386,2025-10-07,1.84,1.75,1.75,1.84,3
PRIOX544,2025-10-07,15.31,15.3,15.3,15.31,3
RENTW386,2025-10-07,2.02,2.1,2.02,2.1,2
PRIOO400,2025-10-07,2.8,2.79,2.79,2.8,2
BPACJ382,2025-10-07,9.6,9.18,9.18,9.6,5
CASHW740,2025-10-07,3.15,3.15,3.15,3.15,1
PRIOX371,2025-10-07,1.22,1.22,1.22,1.22,1
PETRW397,2025-10-07,7.85,7.85,7.85,7.85,1
RENTV433,2025-10-07,4.97,4.97,4.97,4.97,1
CASHK860,2025-10-07,0.05,0.05,0.05,0.05,1
CASHJ580,2025-10-07,0.02,0.02,0.02,0.02,1
PETRA373,2025-10-07,0.36,0.35,0.35,0.36,2
PRIOJ325,2025-10-07,5,5,5,5,1
CSANW720,2025-10-07,1.2,1.2,1.2,1.2,1
PRION380,2025-10-07,2.6,2.6,2.6,2.6,1
PETRO242,2025-10-07,0.17,0.17,0.17,0.17,1
CSANV750,2025-10-07,1.5,1.5,1.5,1.5,1
PETRT363,2025-10-07,3.5,3.5,3.5,3.5,1
BPACJ475W4,2025-10-07,1.2,1.2,1.2,1.2,1
PETRJ335W5,2025-10-07,0.08,0.08,0.08,0.08,1
PETRA3,2025-10-07,0.03,0.03,0.03,0.03,1
PETR3T,2025-10-07,33.12,33.13,33.12,33.13,2
PETR4T,2025-10-07,31.02,31.1,31.02,31.1,4
PRIO3T,2025-10-07,38.2,38.21,38.2,38.28,6
PRIO3T,2025-10-07,40.53,40.54,40.53,40.54,2
CSAN3T,2025-10-07,5.9,6.01,5.9,6.01,4
CSAN3T,2025-10-07,6.27,6.27,6.27,6.27,1
PETR4T,2025-10-07,31.28,31.29,31.28,31.29,2
RENT3T,2025-10-07,37.81,37.82,37.81,37.82,2
PETR4T,2025-10-07,31.95,31.96,31.95,31.96,2
BPAC11T,2025-10-07,47.05,47.06,47.05,47.06,2
BPAC11T,2025-10-07,47.75,47.76,47.75,47.76,2
PETR4T,2025-10-07,30.64,30.65,30.64,30.65,2
MOVI3T,2025-10-07,8.22,8.23,8.22,8.23,2
CASH3T,2025-10-07,4.53,4.54,4.53,4.54,2
MOVI3T,2025-10-07,8.69,8.56,8.55,8.7,4
PETR4T,2025-10-07,32.98,32.99,32.98,32.99,2
PETR4T,2025-10-07,32.17,32.18,32.17,32.18,2
NTNS11,2025-10-07,59.83,60.04,59.83,60.29,416
CPLE3,2025-10-07,11.69,11.53,11.42,11.69,6558
CMIG4F,2025-10-07,10.84,10.68,10.68,10.92,10213
SNLG11,2025-10-07,2.64,2.45,2.45,2.66,650
VISC11,2025-10-07,108.88,108.85,108.78,109.45,4829
LVBI11,2025-10-07,108.46,108.62,107.67,108.96,5076
TAEE11,2025-10-07,36.13,36,35.93,36.33,5580
CMIG4,2025-10-07,10.83,10.67,10.67,10.84,11072
BRKM5,2025-10-07,6.79,6.71,6.65,6.88,5029
SAPR4,2025-10-07,7.07,6.81,6.8,7.07,2428
PFRM3F,2025-10-07,7.53,7.42,7.23,7.53,145
HSAF11,2025-10-07,78.13,77.74,77.61,78.13,201
JHSF3F,2025-10-07,6.29,6.08,6.03,6.29,2658
TOTS3,2025-10-07,43.91,43.42,43.34,44.02,9389
EGIE3F,2025-10-07,40.06,40.06,39.69,40.77,3498
BBIG11,2025-10-07,6.93,6.94,6.92,7.02,3122
CSNAW909,2025-10-07,0.7,0.77,0.7,0.77,4
AZEV3F,2025-10-07,0.42,0.42,0.4,0.43,127
KFOF11,2025-10-07,78.71,77.75,77.6,78.71,4617
ELETW470,2025-10-07,0.38,0.43,0.36,0.44,23
LIGT3,2025-10-07,5.19,5.3,5.12,5.3,1623
LEVE3,2025-10-07,27.14,27.11,27.05,27.33,2169
AROA11,2025-10-07,1.02,1,0.99,1.03,189
BRKM5F,2025-10-07,6.76,6.73,6.65,6.88,983
FLCR11,2025-10-07,95.63,96.02,95.5,96.1,69
ELETK540,2025-10-07,1.35,1.2,1.2,1.35,2
CPLES115,2025-10-07,0.26,0.24,0.24,0.26,2
FAMB11,2025-10-07,860,879.99,858.01,879.99,78
ROMI3F,2025-10-07,7.95,7.89,7.78,7.95,605
FRAS3,2025-10-07,22.11,21.9,21.85,22.12,1370
HSLG11,2025-10-07,87.11,87.3,87.11,87.74,954
EQTLK348,2025-10-07,2.03,1.75,1.75,2.03,2
CSNAK869,2025-10-07,0.49,0.42,0.42,0.49,6
ENEV3F,2025-10-07,16.33,16.01,15.99,16.37,563
ELETV536,2025-10-07,0.74,0.89,0.74,1.11,164
ELETW530,2025-10-07,2.13,2.32,2.13,2.33,9
LUXM4,2025-10-07,3.2,3.25,3.15,3.3,31
HLOG11,2025-10-07,9.03,9,8.87,9.05,75
CSNAJ819,2025-10-07,0.53,0.44,0.44,0.53,15
JNJB34,2025-10-07,65.87,66.97,64.98,67.3,110
EUCA4F,2025-10-07,17.09,16.7,16.7,17.09,169
EQTLJ373,2025-10-07,0.18,0.05,0.05,0.18,21
CSNAJ889,2025-10-07,0.17,0.09,0.09,0.17,59
MGHT11,2025-10-07,16.67,15.73,15.61,17.02,870
RFOF11,2025-10-07,62.19,61.8,61.8,62.98,64
FIIP11,2025-10-07,157.11,158.14,156.5,163.39,100
FSRF11F,2025-10-07,0.1,0.1,0.09,0.1,78
VCRR11,2025-10-07,67,64.8,64.8,67.48,946
EGIEV416,2025-10-07,1.12,0.89,0.6,1.12,72
PTNT4,2025-10-07,4.94,4.9,4.68,4.94,21
INEP4,2025-10-07,1.39,1.3,1.3,1.4,28
VISA34,2025-10-07,94.57,94.58,92.92,94.58,338
EGIEK406,2025-10-07,1.55,1.96,1.55,2.1,95
RADLK183,2025-10-07,1.44,1.36,1.36,1.52,7
CPLEW118,2025-10-07,0.1,0.12,0.1,0.14,13
MAXR11,2025-10-07,64.56,64.24,64.02,64.56,17
ELETJ55,2025-10-07,0.65,0.43,0.37,0.75,17
ELETJ460,2025-10-07,11,10.5,10.5,11,6
IBCR11,2025-10-07,49.21,49.36,49.1,49.43,110
REGN34,2025-10-07,52.35,52,51.8,52.35,27
CGRA4F,2025-10-07,30.91,30.68,30.51,30.91,64
ICRI11,2025-10-07,90.15,89.91,89.36,90.77,1074
ELETW456,2025-10-07,0.13,0.15,0.13,0.15,17
TAEEJ366,2025-10-07,0.6,0.48,0.48,0.67,41
ENGI3F,2025-10-07,13.09,12.62,12.62,13.1,85
UNIPW695,2025-10-07,0.58,0.32,0.32,0.58,3
APXM11,2025-10-07,81.5,79.03,79.03,81.5,50
FSRF11,2025-10-07,0.1,0.09,0.09,0.1,15
ELETV518,2025-10-07,0.16,0.19,0.16,0.23,3
BRKMJ780,2025-10-07,0.05,0.04,0.04,0.05,2
EGIEJ426,2025-10-07,0.11,0.25,0.1,0.25,14
CEEB3F,2025-10-07,36.43,36.21,36.2,36.43,10
ENGI4,2025-10-07,8.94,8.88,8.88,9.18,40
BLCA11,2025-10-07,95.99,93.95,93.95,96,12
VOTS11,2025-10-07,77,77,77,77,1
VVCR11,2025-10-07,9.9,9.88,9.71,9.9,39
HAGA4F,2025-10-07,1.1,1.04,1.04,1.15,13
CRFF11,2025-10-07,74.99,74.99,74.02,74.99,4
NUTR3,2025-10-07,2.9,2.9,2.79,2.95,20
IB5M11,2025-10-07,114.79,114.3,114.3,114.93,565
ENEVJ160,2025-10-07,0.52,0.38,0.38,0.52,8
RADLJ178,2025-10-07,1.11,0.81,0.81,1.11,4
JHSFK590,2025-10-07,0.52,0.5,0.49,0.52,21
EGIEJ410,2025-10-07,0.74,0.71,0.55,1.02,38
RADLV185W2,2025-10-07,0.29,0.37,0.29,0.37,3
RADLW158,2025-10-07,0.19,0.19,0.19,0.19,1
STYI11,2025-10-07,1400,1400,1400,1400,6
Q1RV34,2025-10-07,241.25,241.25,241.25,241.25,1
MULTK316,2025-10-07,0.1,0.1,0.1,0.1,2
KNRE11,2025-10-07,0.33,0.31,0.31,0.33,11
ELETW460,2025-10-07,0.3,0.29,0.28,0.31,10
TELB3,2025-10-07,10.35,10.3,10.2,10.53,19
EGIEW413,2025-10-07,1.32,1.14,0.97,1.33,173
RNGO11,2025-10-07,52.89,51.96,51,53.28,108
ZAVI11,2025-10-07,87.73,87.8,87.7,88.39,20
BEEFK745,2025-10-07,0.13,0.2,0.12,0.2,17
CPLEV12,2025-10-07,0.08,0.09,0.07,0.09,5
PACG11,2025-10-07,106.28,106.15,106.15,106.35,382
IMBB11,2025-10-07,137.3,137.3,137.3,137.3,3
LFIN11,2025-10-07,100.4,100.44,100.38,100.44,15
SAPRJ303,2025-10-07,5.85,5.85,5.85,5.85,1
ENEVV157,2025-10-07,0.15,0.17,0.14,0.17,8
EQTLW330W1,2025-10-07,0.19,0.21,0.19,0.21,2
RADLV168,2025-10-07,0.05,0.05,0.05,0.06,6
ODPVJ135,2025-10-07,0.27,0.35,0.26,0.35,9
ELETK515,2025-10-07,2.44,2.3,2.24,2.44,6
ENEVJ167,2025-10-07,0.12,0.1,0.1,0.12,7
BIOM11F,2025-10-07,3.45,3.45,3.45,3.45,2
EGIEW408,2025-10-07,0.88,0.96,0.8,1.04,265
GLCR11,2025-10-07,99.57,99.57,99.57,99.57,1
ENEVV150,2025-10-07,0.04,0.04,0.04,0.04,1
ELETJ612,2025-10-07,0.05,0.04,0.04,0.05,2
ROXOA160,2025-10-07,0.34,0.34,0.34,0.34,2
LASC11,2025-10-07,99,101.5,97.85,101.5,29
CPLEK120,2025-10-07,0.65,0.65,0.6,0.65,20
CPLEK133,2025-10-07,0.13,0.1,0.09,0.13,9
EGIEK353,2025-10-07,6.39,6.39,6.39,6.39,1
R2HH34,2025-10-07,17.72,17.64,17.64,17.72,6
ENGI3,2025-10-07,12.88,12.77,12.6,12.88,22
CSNAK809,2025-10-07,0.85,0.75,0.75,0.86,13
V2ME34,2025-10-07,8.34,8.34,8.34,8.34,1
X1YZ34,2025-10-07,16.9,16.9,16.9,16.97,3
P1KX34,2025-10-07,64.7,64.3,64.3,64.7,5
EQTLW373,2025-10-07,1.78,2.06,1.75,2.09,14
TAEEJ371,2025-10-07,0.32,0.24,0.23,0.38,26
P1YC34,2025-10-07,36,36,36,36,1
TPIS3,2025-10-07,4.03,3.97,3.97,4.06,81
TGTB34,2025-10-07,473.61,477.52,473.61,478.46,7
BEEFK685,2025-10-07,0.35,0.35,0.35,0.35,1
RADLK198,2025-10-07,0.73,0.65,0.56,0.77,10
K2CG34,2025-10-07,13.72,13.15,13.04,13.72,53
EGIEK378,2025-10-07,3.7,4.03,3.7,4.17,140
EQTLW350,2025-10-07,0.82,0.85,0.82,0.85,3
RADLX150,2025-10-07,0.19,0.19,0.19,0.19,1
ELETW485,2025-10-07,0.64,0.64,0.64,0.64,2
EGIEW436,2025-10-07,2.61,2.47,2.27,2.71,34
BEEFV691,2025-10-07,0.29,0.29,0.28,0.29,6
BRKMV660,2025-10-07,0.22,0.25,0.2,0.25,3
EQTLW368,2025-10-07,1.49,1.77,1.41,1.77,18
JHSFS604,2025-10-07,0.24,0.25,0.24,0.26,6
CSNAW839,2025-10-07,0.37,0.39,0.37,0.4,7
BEEFW955,2025-10-07,2.68,2.68,2.68,2.68,1
S2UI34,2025-10-07,34.11,33.79,33.79,34.14,7
BEEFK615,2025-10-07,0.72,0.77,0.72,0.77,3
ENGIW500,2025-10-07,2.2,2.2,2.2,2.2,1
ROMIB140,2025-10-07,0.18,0.18,0.18,0.18,2
EQTLK390W1,2025-10-07,0.1,0.11,0.1,0.11,2
BEEFK635,2025-10-07,0.57,0.64,0.52,0.64,4
CMIGW126,2025-10-07,0.79,0.82,0.79,0.84,5
EQTLW330,2025-10-07,0.16,0.2,0.16,0.2,2
RADLA209,2025-10-07,0.5,0.5,0.5,0.5,2
BRKMV700,2025-10-07,0.45,0.48,0.38,0.49,8
SAPRK343,2025-10-07,1.87,1.81,1.81,1.87,3
BEEFK575,2025-10-07,1.08,1.07,1.07,1.08,4
ROMIO90,2025-10-07,0.6,0.6,0.6,0.6,1
EGIEP380,2025-10-07,0.12,0.12,0.12,0.12,2
PACC11,2025-10-07,108.04,108.14,108.04,108.87,146
EGIEK436,2025-10-07,0.43,0.6,0.38,0.6,44
MELIK114,2025-10-07,2.8,2.8,2.8,2.8,1
SAPRJ308,2025-10-07,5.51,5.51,5.51,5.51,1
CMIGM110,2025-10-07,0.1,0.1,0.1,0.1,1
CPLEW130,2025-10-07,0.64,0.68,0.64,0.68,3
ELETK569,2025-10-07,1.17,1.19,1.17,1.19,6
MULTW291,2025-10-07,1.6,1.55,1.55,1.71,14
RANIV832,2025-10-07,0.02,0.03,0.02,0.03,5
HBORV320,2025-10-07,0.1,0.1,0.1,0.1,1
T1CH34,2025-10-07,10.59,10.59,10.59,10.59,1
MULTK331,2025-10-07,0.05,0.05,0.05,0.06,5
CSNAW749,2025-10-07,0.12,0.13,0.12,0.14,7
XRXB34,2025-10-07,19.5,19.3,19.1,19.5,10
BEEFL681,2025-10-07,0.46,0.42,0.4,0.46,5
GRNDX501,2025-10-07,0.13,0.13,0.13,0.13,3
BEEFK725,2025-10-07,0.18,0.18,0.16,0.18,3
ELETW505,2025-10-07,1.17,1.26,1.17,1.3,5
ENGIW483,2025-10-07,1.41,1.44,1.35,1.44,12
Z1TS34,2025-10-07,47.85,48,47.85,48.1,4
SAPRJ331,2025-10-07,1.99,2,1.99,2,6
SAPRK340,2025-10-07,1.96,1.96,1.96,1.96,2
ELETW488,2025-10-07,0.16,0.16,0.15,0.18,6
RADLL205,2025-10-07,0.8,0.64,0.61,0.8,28
EQTLK345,2025-10-07,2.01,2.01,2.01,2.01,1
NUTR3F,2025-10-07,3.01,2.8,2.8,3.02,11
K1LA34,2025-10-07,1454.13,1454,1454,1465.52,6
UNIPW700,2025-10-07,0.4,0.4,0.4,0.4,1
MDIAJ295,2025-10-07,0.04,0.04,0.04,0.04,1
SAPRK323,2025-10-07,3.49,3.32,3.32,3.49,2
ENEVJ155,2025-10-07,0.81,0.7,0.7,0.81,16
HBORK330,2025-10-07,0.37,0.34,0.34,0.37,2
ELETV498,2025-10-07,0.12,0.09,0.09,0.12,3
RADLK248,2025-10-07,0.05,0.05,0.03,0.05,3
ELETX459,2025-10-07,0.23,0.23,0.23,0.23,1
ELETJ500W2,2025-10-07,1.88,1.69,1.69,1.88,3
HBORJ240,2025-10-07,0.95,0.95,0.95,0.95,1
BEEFK744,2025-10-07,0.85,0.82,0.71,0.85,4
ELETJ506,2025-10-07,3.01,3.01,3.01,3.01,1
EQTLJ365W4,2025-10-07,0.33,0.33,0.33,0.33,1
ELETV565,2025-10-07,0.12,0.12,0.12,0.12,2
CTXT11,2025-10-07,5.15,4.73,4.73,5.15,6
BEEFW685,2025-10-07,0.38,0.45,0.38,0.45,5
ELETW450,2025-10-07,0.21,0.22,0.21,0.22,4
ENGIW421,2025-10-07,0.09,0.09,0.09,0.09,1
ELETV532,2025-10-07,0.16,0.16,0.16,0.16,2
EQTLW313,2025-10-07,0.13,0.13,0.13,0.13,2
MULTV276,2025-10-07,0.48,0.49,0.48,0.49,2
RADLW188,2025-10-07,1.06,1.07,1.06,1.07,2
CMIGX114,2025-10-07,0.1,0.22,0.1,0.22,16
SAPRK318,2025-10-07,3.85,3.85,3.85,3.85,1
MULTL266,2025-10-07,2.26,2.26,2.26,2.26,1
RADLJ185W2,2025-10-07,0.44,0.23,0.23,0.44,2
CBOP11,2025-10-07,25,25,25,25.03,4
ELETW508,2025-10-07,0.33,0.33,0.33,0.33,1
CPLEW125,2025-10-07,0.34,0.42,0.34,0.43,6
JHSFG604,2025-10-07,1.15,1.06,1.06,1.15,8
TOTSV417,2025-10-07,0.22,0.16,0.16,0.22,2
RADLV175W2,2025-10-07,0.05,0.05,0.05,0.05,1
BEEFW695,2025-10-07,0.49,0.52,0.44,0.52,7
GEPA3F,2025-10-07,34.89,34.79,34.54,34.89,5
EQTLN360,2025-10-07,1.35,1.35,1.35,1.35,1
CSNAJ820W4,2025-10-07,0.47,0.47,0.47,0.47,1
TAEEV336,2025-10-07,0.02,0.01,0.01,0.02,2
ELETW466,2025-10-07,0.19,0.21,0.19,0.21,2
TOTSK465,2025-10-07,0.82,0.82,0.82,0.82,1
BRKMW980,2025-10-07,3.06,3.05,3.05,3.06,17
MWET4,2025-10-07,10.18,10.19,10.18,10.19,2
BRKMX530,2025-10-07,0.16,0.16,0.16,0.16,1
VULCK219,2025-10-07,0.2,0.28,0.2,0.28,4
BEEFW725,2025-10-07,0.71,0.71,0.71,0.71,1
EQTLV338,2025-10-07,0.12,0.12,0.12,0.12,1
TAEEX376,2025-10-07,1,1.3,0.9,1.3,20
CPLEV118,2025-10-07,0.03,0.04,0.03,0.04,5
BRKMV520,2025-10-07,0.01,0.01,0.01,0.01,2
HBORJ380,2025-10-07,0.07,0.04,0.04,0.07,3
EQTLX333,2025-10-07,0.47,0.47,0.47,0.47,1
BRKMJ920,2025-10-07,0.01,0.01,0.01,0.01,1
ALPAW931,2025-10-07,0.52,0.52,0.52,0.52,1
MRSA3BF,2025-10-07,30,30,30,30,2
BRKMV620,2025-10-07,0.09,0.11,0.09,0.11,6
BEEFW874,2025-10-07,0.79,0.77,0.74,0.79,4
CPLEE900,2025-10-07,4.44,4.4,4.4,4.44,2
TOTSK328,2025-10-07,11.4,11.4,11.4,11.4,1
ODPVK143,2025-10-07,0.18,0.19,0.18,0.19,2
ELETK535,2025-10-07,1.55,1.35,1.35,1.55,5
CSNAK769,2025-10-07,1.18,1.04,1.04,1.18,3
CPLEJ111,2025-10-07,1.31,1.29,1.29,1.31,2
PNDL11,2025-10-07,1000,1000,1000,1000,1
ELETW463,2025-10-07,0.07,0.09,0.07,0.09,4
JASC11,2025-10-07,105,104.98,104.98,105,2
RADLL209,2025-10-07,0.63,0.5,0.5,0.63,11
GRNDW530,2025-10-07,0.19,0.19,0.19,0.2,11
TAEEX346,2025-10-07,0.19,0.21,0.19,0.21,4
BRKML860,2025-10-07,0.16,0.16,0.16,0.16,2
JHSFK720,2025-10-07,0.06,0.06,0.06,0.06,1
AGROW195,2025-10-07,0.2,0.2,0.2,0.2,4
BRKMA810,2025-10-07,0.32,0.28,0.27,0.32,3
TAEEL386,2025-10-07,0.41,0.37,0.37,0.41,2
MULTK263,2025-10-07,2.06,2.14,2,2.14,3
UPSS34,2025-10-07,28.9,28.92,28.9,29.1,11
JHSFJ557,2025-10-07,0.66,0.66,0.66,0.66,1
CSNAK979,2025-10-07,0.12,0.12,0.12,0.12,1
BRKMV840W2,2025-10-07,1.7,1.57,1.57,1.7,4
MULTV266,2025-10-07,0.15,0.14,0.14,0.15,3
RADLK223,2025-10-07,0.16,0.16,0.15,0.16,3
LEVEJ287,2025-10-07,0.69,0.69,0.69,0.69,1
RADLV148,2025-10-07,0.02,0.02,0.02,0.02,1
SAPRJ376,2025-10-07,0.06,0.07,0.06,0.07,2
MULTJ263,2025-10-07,1.53,1.53,1.53,1.53,1
EZTCW167,2025-10-07,0.87,0.87,0.87,0.87,1
K1MX34,2025-10-07,123,122.65,122.64,123,3
U2PW34,2025-10-07,18.04,18.04,18.04,18.04,1
SAPP34,2025-10-07,1466,1466,1466,1466,1
TOTSK455,2025-10-07,1.09,1.09,1.09,1.09,1
ELETW458,2025-10-07,0.06,0.07,0.06,0.07,4
CPLEJ103,2025-10-07,2.08,2.08,2.08,2.08,1
U1AI34,2025-10-07,25.83,25.83,25.83,25.83,1
CPFEJ412,2025-10-07,0.03,0.03,0.03,0.03,2
BRKMK700W1,2025-10-07,0.36,0.34,0.34,0.36,2
BRKMJ720W5,2025-10-07,0.22,0.24,0.22,0.24,2
BRKMJ760W5,2025-10-07,0.13,0.14,0.13,0.14,2
ELETJ443,2025-10-07,9.56,9.56,9.56,9.56,1
MULTW281,2025-10-07,1.12,1.1,1.1,1.13,6
CPFEK417,2025-10-07,0.21,0.21,0.21,0.21,1
EGIEX388,2025-10-07,0.7,0.7,0.7,0.7,1
EZTCW177,2025-10-07,1.57,1.57,1.57,1.57,1
N1WL34,2025-10-07,28.34,27.84,27.84,28.34,2
ELETW6,2025-10-07,0.96,0.96,0.96,0.96,1
RADLW213,2025-10-07,2.68,2.68,2.68,2.68,1
BEEFK505,2025-10-07,1.66,1.71,1.66,1.73,9
SMFTV283,2025-10-07,3.5,3.5,3.5,3.5,8
CSNAW999,2025-10-07,1.35,1.35,1.35,1.35,2
EQMA3BF,2025-10-07,32.99,32.99,32.99,32.99,3
BEEFA701,2025-10-07,0.46,0.46,0.46,0.46,1
CMIGC11,2025-10-07,2.3,2.3,2.3,2.3,1
K1RC34,2025-10-07,350.19,350.19,350.19,350.19,1
ELETJ488,2025-10-07,4.89,4.69,4.69,4.89,3
ELETJ393,2025-10-07,14.1,14.1,14.1,14.1,1
ELETJ489,2025-10-07,3.02,3.03,3.02,3.03,2
CSNAK91,2025-10-07,1.7,1.7,1.7,1.7,1
MULTV236,2025-10-07,0.02,0.02,0.02,0.02,1
MULTK251,2025-10-07,3.05,3,3,3.05,6
PNVLK100,2025-10-07,0.14,0.14,0.14,0.14,1
MULTJ266,2025-10-07,1.18,1.18,1.18,1.18,1
CPFEX377,2025-10-07,0.85,0.85,0.85,0.85,1
M1UF34,2025-10-07,81.58,81.58,81.58,81.58,1
ENGIK520,2025-10-07,0.96,0.96,0.96,0.96,1
CPLEF927,2025-10-07,4.63,4.65,4.61,4.65,4
EZTCW137,2025-10-07,0.08,0.08,0.08,0.08,1
CSNAV109,2025-10-07,2.3,2.3,2.3,2.3,1
CSNAJ900W2,2025-10-07,0.03,0.03,0.03,0.03,1
ELETV470W4,2025-10-07,0.09,0.09,0.09,0.09,1
ELETV473,2025-10-07,0.04,0.04,0.04,0.04,1
VULCW189,2025-10-07,0.36,0.36,0.36,0.36,1
CSNAK719,2025-10-07,1.58,1.58,1.58,1.58,1
MYPKJ118,2025-10-07,0.04,0.04,0.04,0.04,1
MYPKB129,2025-10-07,1.76,1.76,1.76,1.76,1
GRNDW490,2025-10-07,0.04,0.04,0.04,0.04,2
EQTL3,2025-10-07,35.91,35.22,35.09,35.97,26664
RVBI11,2025-10-07,63.7,63.56,63.52,63.96,1863
ENGI11,2025-10-07,49.26,48.45,48.17,49.32,8541
VRTM11,2025-10-07,6.87,6.86,6.8,6.92,2043
HGBS11,2025-10-07,20.3,20.18,20.16,20.38,5323
CPTS11,2025-10-07,7.66,7.62,7.61,7.69,12120
CSNA3,2025-10-07,8.64,8.4,8.39,8.66,12392
RZTR11,2025-10-07,91.55,91.62,91.45,91.9,6499
FRAS3F,2025-10-07,22.36,22.04,21.86,22.37,144
CPLE6,2025-10-07,12.46,12.3,12.22,12.49,13113
JHSF3,2025-10-07,6.19,6.09,6.02,6.24,7026
BTCI11,2025-10-07,9.38,9.36,9.33,9.4,8565
ELETW457,2025-10-07,0.15,0.12,0.12,0.17,33
XPSF11,2025-10-07,6.34,6.27,6.24,6.34,736
CMIGV118,2025-10-07,0.15,0.18,0.14,0.2,54
MSFT34,2025-10-07,117.31,117.08,116.27,117.75,6063
TSLA34,2025-10-07,74.66,72.55,72.27,75.35,5838
AJFI11,2025-10-07,7.8,7.75,7.7,7.82,262
URPR11,2025-10-07,36.52,37,36.24,37.81,1411
BEEFJ661,2025-10-07,0.21,0.25,0.18,0.26,122
BEEF11,2025-10-07,2.9,3,2.77,3,263
RADL3F,2025-10-07,18.82,18.29,18.23,18.82,1006
BNFS11,2025-10-07,72.72,71.99,71.99,73.37,159
CCME11,2025-10-07,8.86,8.9,8.82,9.07,982
CPFE3F,2025-10-07,38.54,38,37.9,38.54,1370
RANI3,2025-10-07,8.78,8.71,8.67,8.82,2278
N1VO34,2025-10-07,40.24,39.87,39.09,40.24,225
DEBB11,2025-10-07,15.16,15.15,15.12,15.16,2283
FYTO11,2025-10-07,8,7.93,7.93,8,182
AZEV3,2025-10-07,0.42,0.41,0.4,0.43,134
ALPA4F,2025-10-07,9.55,9.2,9.14,9.55,428
BEEFN551,2025-10-07,0.14,0.19,0.14,0.19,4
TAEEK341,2025-10-07,3.27,3.2,3.17,3.29,12
NEWL11,2025-10-07,103.81,103.8,103.57,103.81,90
BCIA11,2025-10-07,83.5,83.27,83.14,83.64,376
CEBR3F,2025-10-07,22.6,23.5,22.4,23.87,712
CSNAK819,2025-10-07,0.8,0.69,0.69,0.82,15
BRKM3,2025-10-07,7.62,7.6,7.5,7.88,74
CMIG3,2025-10-07,14.28,14.03,14.03,14.28,570
SPTW11,2025-10-07,35.45,35,34.91,35.45,214
S2GM34,2025-10-07,13.8,13.34,12.85,14.2,220
JPMC34,2025-10-07,165.39,165.5,162.99,165.52,1042
EKTR4F,2025-10-07,45.15,44.99,44.01,45.32,32
BIOM3F,2025-10-07,9.81,10.24,9.7,10.26,40
SAPRJ386,2025-10-07,0.04,0.04,0.03,0.04,3
RADLJ183,2025-10-07,0.82,0.63,0.53,0.86,20
ROMI3,2025-10-07,7.89,7.85,7.77,7.89,502
ELETJ536,2025-10-07,1.22,0.82,0.76,1.22,25
ELETK520,2025-10-07,2.31,2,1.95,2.31,22
TRXB11,2025-10-07,163.99,155.45,151.65,164.01,31
BPML11,2025-10-07,79.96,79.41,79.2,79.96,1401
BEEFV591,2025-10-07,0.02,0.02,0.02,0.02,2
PMIS11,2025-10-07,8,7.9,7.89,8.03,248
RELG11,2025-10-07,66.6,66.98,66.33,66.98,54
CMIGV115,2025-10-07,0.06,0.08,0.06,0.08,13
EQTLW340,2025-10-07,0.35,0.54,0.35,0.54,20
EGIEK418,2025-10-07,0.96,1.3,0.94,1.39,73
BIME11,2025-10-07,6.81,6.77,6.19,6.88,1765
MULTJ306,2025-10-07,0.03,0.01,0.01,0.03,4
EQTLV360W2,2025-10-07,0.4,0.4,0.4,0.4,2
EMAE4,2025-10-07,35,37.45,34.2,37.45,74
BRKMJ740W2,2025-10-07,0.02,0.02,0.02,0.02,1
CLSC4F,2025-10-07,102.22,100.7,100.1,102.22,73
EQTLV378,2025-10-07,1.9,1.9,1.9,1.9,1
RBRL11,2025-10-07,84.81,84.44,84.3,84.81,462
RNEW3,2025-10-07,1.03,1.06,0.99,1.07,155
CSNAV849,2025-10-07,0.19,0.25,0.17,0.27,40
SNEC34,2025-10-07,156.6,159.52,156.6,162.4,17
SADI11,2025-10-07,8.69,8.62,8.62,8.69,180
ELETW48,2025-10-07,0.56,0.64,0.56,0.64,4
CSNAV869,2025-10-07,0.26,0.37,0.26,0.39,27
ELETW528,2025-10-07,0.48,0.48,0.48,0.48,1
CSNAJ729,2025-10-07,1.35,1.2,1.2,1.35,11
PNVLW925,2025-10-07,0.26,0.28,0.26,0.28,2
CMIGK888,2025-10-07,2.25,2.15,2.15,2.25,3
S2HO34,2025-10-07,7.39,7.2,7.18,7.45,42
TELB4F,2025-10-07,8.46,8.29,8.29,8.46,9
MRCK34,2025-10-07,59.5,58.49,58.25,59.5,54
LUXM4F,2025-10-07,3.27,3.19,3.19,3.33,20
MTSA4F,2025-10-07,42.29,44,42.29,44,25
SJAU11,2025-10-07,5.59,5.99,5.59,6,15
FLRP11,2025-10-07,20.44,20.38,20.3,20.44,24
ELET5F,2025-10-07,75.68,75.69,75.68,75.69,5
RNEW3F,2025-10-07,1.05,1.05,1,1.06,48
PABY11,2025-10-07,10.43,10.43,10.43,10.43,1
AFHF11,2025-10-07,10.05,10.05,10.02,10.05,10
DPRO11,2025-10-07,5.95,6.08,5.95,6.08,12
WHRL4,2025-10-07,4.69,4.66,4.66,4.8,44
EKTR3F,2025-10-07,46.5,46.5,46.5,46.5,2
INEP4F,2025-10-07,1.35,1.32,1.32,1.35,16
SCAR3,2025-10-07,21.39,20.85,20.85,21.42,63
RADLK178,2025-10-07,1.65,1.46,1.46,1.65,3
BEEFX691,2025-10-07,0.38,0.45,0.38,0.45,4
CPFEW377,2025-10-07,0.67,0.69,0.67,0.69,2
EQTLV355,2025-10-07,0.5,0.69,0.39,0.69,23
CSNAK799,2025-10-07,0.97,0.82,0.82,0.97,6
BRKMV920,2025-10-07,2.51,2.62,2.47,2.62,4
LUPA3,2025-10-07,0.98,0.97,0.97,0.99,44
B5MB11,2025-10-07,120.21,120.67,120.21,122.5,13
LTNB11,2025-10-07,103.49,103.53,103.49,103.62,3
MARG11,2025-10-07,108.71,108.77,108.61,108.77,21
RADLV158,2025-10-07,0.02,0.02,0.02,0.02,4
TAEEK381,2025-10-07,0.43,0.42,0.42,0.53,11
FPNG11,2025-10-07,405.42,405.42,405.42,405.42,2
CMIGK978,2025-10-07,1.29,1.31,1.29,1.31,2
ELETW529,2025-10-07,1.02,1.05,0.95,1.12,58
EGIEK413,2025-10-07,1.35,1.45,1.24,1.61,165
JHSFK540,2025-10-07,0.9,0.88,0.85,0.9,5
EQTLJ385W5,2025-10-07,0.09,0.08,0.08,0.09,2
ENEVW165,2025-10-07,0.61,0.71,0.61,0.73,11
AHEB3,2025-10-07,27.8,27.5,27.5,27.8,7
ELETW56,2025-10-07,2.1,2.32,2.1,2.33,19
EGIEX398,2025-10-07,0.85,1.05,0.85,1.05,3
CTSA4F,2025-10-07,2.36,2.36,2.36,2.36,7
TAEEK356,2025-10-07,2,1.94,1.91,2.01,7
ORLY34,2025-10-07,1.74,1.76,1.74,1.77,11
TAEEV356,2025-10-07,0.05,0.05,0.04,0.05,5
BEEFL671,2025-10-07,0.51,0.52,0.51,0.52,2
ELETV490,2025-10-07,0.03,0.03,0.03,0.03,1
JHSFW640,2025-10-07,0.3,0.31,0.3,0.37,8
ELETJ582,2025-10-07,0.36,0.29,0.29,0.37,18
SAPRJ321,2025-10-07,3.1,3.1,3.1,3.1,1
BRKMW940,2025-10-07,2.6,2.73,2.6,2.73,2
CSNAK849,2025-10-07,0.61,0.51,0.51,0.61,18
EGIEJ416,2025-10-07,0.3,0.53,0.3,0.65,15
EQTLW353,2025-10-07,0.79,0.95,0.72,0.98,67
N2TN34,2025-10-07,95.5,93.58,93.58,95.5,3
BEEFW444,2025-10-07,0.01,0.01,0.01,0.01,1
ELETC425,2025-10-07,11,11,11,11,1
RSUL4F,2025-10-07,64.98,64,63.91,65,6
MULTV263,2025-10-07,0.14,0.12,0.11,0.14,10
EQTLB279,2025-10-07,12.8,12.78,12.78,12.8,2
CPFEV374,2025-10-07,0.24,0.24,0.24,0.24,1
EGIEW416,2025-10-07,1.35,1.21,1.1,1.43,18
CTKA3F,2025-10-07,35,35,35,35,1
TAEEK346,2025-10-07,2.86,2.7,2.7,2.86,3
RADLK218,2025-10-07,0.19,0.2,0.19,0.2,2
BEEFW655,2025-10-07,0.28,0.24,0.23,0.31,31
BEEFK755,2025-10-07,0.11,0.13,0.11,0.13,8
JHSFV570,2025-10-07,0.01,0.01,0.01,0.01,1
ELETW490,2025-10-07,0.79,0.78,0.73,0.84,12
JHSFK640,2025-10-07,0.23,0.19,0.19,0.23,9
VLIDK221,2025-10-07,0.47,0.47,0.47,0.47,1
EQTLJ358,2025-10-07,0.59,0.39,0.39,0.64,8
SAPRK370,2025-10-07,0.65,0.63,0.61,0.68,8
RADLV180W2,2025-10-07,0.11,0.11,0.1,0.11,5
CSNAK739,2025-10-07,1.27,1.29,1.27,1.29,2
CMIGX113,2025-10-07,0.15,0.13,0.13,0.15,3
EGDB11,2025-10-07,1161.12,1161.12,1161.12,1161.12,1
EGIEK416,2025-10-07,1.1,1.32,1.08,1.41,36
BMKS3,2025-10-07,422,422,422,422,6
CMIGK116,2025-10-07,0.5,0.44,0.44,0.5,16
CSNAV819,2025-10-07,0.11,0.13,0.1,0.14,7
RADLW173,2025-10-07,0.49,0.49,0.49,0.49,1
BRKMV100,2025-10-07,3.33,3.3,3.3,3.33,2
ELETK519,2025-10-07,3.85,3.92,3.85,3.92,5
CPLEV115,2025-10-07,0.27,0.19,0.19,0.27,10
ELETK555,2025-10-07,0.72,0.7,0.67,0.72,4
CMIGV115W4,2025-10-07,0.58,0.58,0.58,0.58,1
CPLE5,2025-10-07,13.48,13.5,13.48,13.5,4
TAEEW376,2025-10-07,0.89,0.93,0.77,0.94,18
VVRI11,2025-10-07,87,87,87,87,1
SMFTK263,2025-10-07,0.5,0.51,0.5,0.51,2
ELETJ50,2025-10-07,4.8,4.4,4.4,4.8,5
ELETW475,2025-10-07,0.45,0.49,0.45,0.52,5
N1TA34,2025-10-07,635.92,630.58,630.58,635.92,2
BEEFJ621,2025-10-07,0.49,0.54,0.43,0.54,11
EGIEK430W1,2025-10-07,0.29,0.3,0.29,0.3,2
BEEFW745,2025-10-07,0.84,0.79,0.79,0.87,4
BRKMJ800,2025-10-07,0.04,0.03,0.03,0.04,8
HBORJ285,2025-10-07,0.6,0.54,0.52,0.6,4
BRKMK600,2025-10-07,0.92,0.92,0.92,0.92,5
CPFEV367,2025-10-07,0.11,0.07,0.07,0.11,2
ELETW519,2025-10-07,0.82,0.82,0.82,0.82,2
TAEEV351,2025-10-07,0.03,0.03,0.03,0.03,5
EQTLV348,2025-10-07,0.36,0.32,0.32,0.36,2
BEEFK705,2025-10-07,0.22,0.24,0.21,0.24,4
CMIGL114,2025-10-07,0.66,0.66,0.66,0.66,3
JHSFV647,2025-10-07,0.35,0.35,0.35,0.35,1
RADLW175,2025-10-07,0.46,0.57,0.46,0.57,5
BEEFK675,2025-10-07,0.37,0.36,0.35,0.4,17
ELETJ520W4,2025-10-07,1.04,1.04,1.04,1.04,1
SAPRW323,2025-10-07,0.13,0.13,0.13,0.13,1
JHSFW590,2025-10-07,0.1,0.12,0.1,0.12,4
MULTX263,2025-10-07,0.56,0.56,0.56,0.56,1
ELETK545,2025-10-07,1.04,0.97,0.97,1.04,4
ELETV542,2025-10-07,0.26,0.26,0.25,0.3,7
EQTLJ370,2025-10-07,0.11,0.09,0.09,0.14,10
CPFEJ392,2025-10-07,0.22,0.22,0.22,0.22,2
TOTSW416,2025-10-07,0.83,0.78,0.78,0.83,2
ENGIW441,2025-10-07,0.18,0.18,0.18,0.18,1
VLIDV226,2025-10-07,1.83,1.83,1.83,1.83,1
CSNAK102,2025-10-07,0.07,0.06,0.06,0.07,2
SMFTK268,2025-10-07,0.37,0.37,0.37,0.37,1
CSNAX780,2025-10-07,0.23,0.26,0.23,0.26,6
CSNAW789,2025-10-07,0.2,0.21,0.19,0.21,4
EQTLV350W2,2025-10-07,0.12,0.18,0.12,0.18,3
LEVEW265,2025-10-07,0.27,0.27,0.27,0.27,1
USBC34,2025-10-07,64.32,63.72,63.72,64.32,3
ELETK615,2025-10-07,0.08,0.1,0.08,0.1,2
CSNAK829,2025-10-07,0.73,0.63,0.62,0.75,25
JHSFV607,2025-10-07,0.05,0.08,0.05,0.08,9
BEEFW575,2025-10-07,0.07,0.07,0.07,0.07,1
BRKMV890,2025-10-07,2.22,2.22,2.22,2.22,1
MULTK266,2025-10-07,1.95,1.93,1.93,1.96,6
EQTLK375,2025-10-07,0.56,0.53,0.53,0.56,2
MULTJ251,2025-10-07,2.7,2.7,2.7,2.7,1
BRKMJ680W2,2025-10-07,0.15,0.12,0.11,0.2,15
VULCK234,2025-10-07,0.07,0.07,0.07,0.07,1
ELETK410,2025-10-07,11,11,11,11,1
HBORW330,2025-10-07,0.26,0.27,0.25,0.27,3
ENGIV496,2025-10-07,0.8,0.92,0.8,0.92,2
BEEFJ491,2025-10-07,1.77,1.77,1.77,1.77,1
BRKMJ740W5,2025-10-07,0.2,0.2,0.17,0.2,4
EGIEV433,2025-10-07,2.33,2.2,2.2,2.33,22
MDIAJ245,2025-10-07,3.05,3.05,3.05,3.05,1
ELETX494,2025-10-07,1.05,1.05,1.05,1.05,1
M1TC34,2025-10-07,8.84,8.84,8.84,8.84,1
CMIGR105,2025-10-07,0.14,0.12,0.12,0.14,3
ENGIK510,2025-10-07,1.02,1.02,1.02,1.02,1
CPLEJ128,2025-10-07,0.04,0.05,0.04,0.05,3
CSNAK919,2025-10-07,0.29,0.24,0.24,0.31,3
BRKMV660W2,2025-10-07,0.1,0.14,0.09,0.14,5
JHSFV587,2025-10-07,0.03,0.03,0.03,0.03,1
TOTSJ432,2025-10-07,1.08,1.27,1.08,1.35,4
TOTSV400,2025-10-07,0.07,0.07,0.07,0.07,1
CTKA4F,2025-10-07,29.01,35,29.01,35,5
AHEB3F,2025-10-07,27.83,27.75,27.75,27.83,2
TSNF34,2025-10-07,287.39,287.39,287.39,287.39,1
CPLEJ967,2025-10-07,4.44,4.44,4.44,4.44,1
ENEVV152,2025-10-07,0.05,0.05,0.05,0.05,1
JHSFK560,2025-10-07,0.72,0.72,0.72,0.72,1
EGIEJ415W4,2025-10-07,0.46,0.46,0.46,0.46,1
TOTSK403,2025-10-07,4.42,4.42,4.42,4.42,1
EGIEW363,2025-10-07,0.13,0.13,0.13,0.13,1
CPLEV128,2025-10-07,0.43,0.46,0.43,0.47,3
MULTW226,2025-10-07,0.06,0.06,0.06,0.06,1
TUPYX120,2025-10-07,0.41,0.41,0.41,0.41,1
TOTSW400,2025-10-07,0.39,0.39,0.39,0.39,1
S1EA34,2025-10-07,190.57,190.57,190.57,190.57,1
ELETW520,2025-10-07,1.8,1.72,1.72,1.8,4
WLMM4F,2025-10-07,20,20,20,20,1
BRKMX760,2025-10-07,0.9,0.9,0.9,0.9,1
MULTK243,2025-10-07,3.74,3.74,3.74,3.74,1
RADLV193,2025-10-07,0.73,1,0.73,1,16
BRKMJ640W2,2025-10-07,0.41,0.48,0.41,0.48,4
ELETL58,2025-10-07,0.55,0.55,0.55,0.55,1
EQTLW328,2025-10-07,0.25,0.2,0.2,0.25,4
ENGIJ466,2025-10-07,3.2,3.2,3.2,3.2,1
BRKMJ660W4,2025-10-07,0.45,0.43,0.43,0.45,2
CEEB5F,2025-10-07,34.01,33.8,33.8,34.01,3
V1RS34,2025-10-07,17.06,17.06,17.06,17.06,1
ROMIX790,2025-10-07,0.21,0.21,0.21,0.21,1
ENGIJ521,2025-10-07,0.15,0.15,0.15,0.15,1
CPFEJ417,2025-10-07,0.02,0.02,0.02,0.02,1
SMFTJ238,2025-10-07,1.2,1.2,1.2,1.2,1
VULCJ224,2025-10-07,0.03,0.03,0.03,0.03,1
MULTA210,2025-10-07,7.62,7.58,7.58,7.62,3
CSNAW699,2025-10-07,0.06,0.06,0.06,0.06,1
Z1TO34,2025-10-07,25.44,25.44,25.44,25.44,1
VULCW192,2025-10-07,0.08,0.08,0.08,0.08,2
P2CF34,2025-10-07,8.53,8.53,8.53,8.53,1
RADLW193,2025-10-07,1.16,1.17,1.16,1.19,5
CPFEV384,2025-10-07,0.69,0.69,0.69,0.69,2
EQTLJ395,2025-10-07,0.02,0.02,0.02,0.02,1
CSNAW142,2025-10-07,5.38,5.38,5.38,5.38,1
ELETV42,2025-10-07,0.01,0.01,0.01,0.02,3
ELETK460,2025-10-07,6.61,6.61,6.61,6.61,1
HBORJ370,2025-10-07,0.08,0.08,0.08,0.08,1
CSNAW959,2025-10-07,1.01,1.01,1.01,1.01,1
ELETV485W5,2025-10-07,0.32,0.3,0.3,0.32,2
KORE11,2025-10-07,68.89,69.27,68.77,69.67,4330
MCRE11,2025-10-07,8.87,8.87,8.81,8.87,8343
VGHF11,2025-10-07,7.61,7.57,7.56,7.62,13720
SAPR3F,2025-10-07,7.76,7.62,7.49,7.8,864
CPSH11,2025-10-07,9.82,9.8,9.75,9.82,5873
KNRI11,2025-10-07,144.96,144.35,144.33,145.3,5956
CLIN11,2025-10-07,87.99,88.21,87.37,88.48,4032
STZB34,2025-10-07,192.62,186.2,186.2,196,156
BTLG11,2025-10-07,104.35,103.99,103.58,104.4,15100
TAEE4F,2025-10-07,12.13,12.05,12,12.13,1747
GGRC11,2025-10-07,10.02,9.99,9.94,10.02,14419
BTRA11,2025-10-07,54.5,54.5,54.1,54.99,816
QUBT34,2025-10-07,122.04,117.73,112.36,126.78,309
SPXS11,2025-10-07,8.52,8.45,8.4,8.54,1748
CNES11,2025-10-07,1.6,1.6,1.55,1.6,318
KNIP11,2025-10-07,87.89,87.26,87.2,88.84,18950
GRND3,2025-10-07,5.05,5.01,4.99,5.06,5592
SHUL4F,2025-10-07,4.64,4.55,4.51,4.64,1060
MULT3,2025-10-07,27.73,27.54,27.18,27.73,16291
VCRI11,2025-10-07,7.21,7.18,7.14,7.29,563
AZEV4F,2025-10-07,0.43,0.41,0.41,0.43,169
EQTL3F,2025-10-07,35.99,35.18,35.16,36,1562
HCTR11,2025-10-07,23.11,22.9,22.88,23.18,1221
RBVA11,2025-10-07,9.4,9.32,9.32,9.42,3255
TAEE4,2025-10-07,12.14,12.06,12,12.14,556
NVDC34,2025-10-07,20.71,20.68,20.5,20.99,7744
STOC34,2025-10-07,95.55,94.85,93.25,95.92,970
EQIR11,2025-10-07,7.9,7.86,7.84,7.9,2001
CACR11,2025-10-07,74.16,74.36,74.16,74.92,1116
PNVL3,2025-10-07,9.31,9.22,9.17,9.34,1219
RBRX11,2025-10-07,8,7.92,7.92,8.05,943
XPIN11,2025-10-07,73.89,74.3,73.8,74.3,1109
MUTC34,2025-10-07,171.51,167,163.5,174.59,147
SMFT3F,2025-10-07,24.97,24.59,24.1,25.11,1933
EZTC3,2025-10-07,16.26,15.9,15.72,16.26,4795
GZIT11,2025-10-07,44.5,44.41,44.25,44.75,1630
CMIG3F,2025-10-07,14.41,14.17,14.05,14.41,1491
BCRI11,2025-10-07,63.11,62.89,62.77,63.11,1827
EQTLK360,2025-10-07,1.34,1.11,1.07,1.34,6
CLSC4,2025-10-07,101.3,100.89,100.04,101.34,46
TAEEJ341,2025-10-07,3.02,2.77,2.77,3.03,12
HREC11,2025-10-07,8.3,8.37,8.21,8.37,186
PFRM3,2025-10-07,7.47,7.34,7.22,7.47,564
SAPI11,2025-10-07,8.79,8.8,8.72,8.8,270
PEAB3F,2025-10-07,37.18,35.18,35.18,37.18,4
B5P211,2025-10-07,98.75,98.65,98.49,99,1328
ELETV510,2025-10-07,0.6,0.69,0.49,0.71,117
CPLEG90,2025-10-07,4.68,4.5,4.5,4.68,6
AFHI11,2025-10-07,94.77,94.34,94.1,94.77,683
EZTCW182,2025-10-07,1.74,2.04,1.74,2.04,4
U2ST34,2025-10-07,9.88,9.71,9.59,9.88,33
BEEFX650,2025-10-07,0.1,0.05,0.03,0.14,24
BRKMJ720,2025-10-07,0.12,0.1,0.1,0.14,10
WSEC11,2025-10-07,5.8,5.68,5.65,5.8,38
SNFF11,2025-10-07,71.57,70.95,70.7,71.57,480
AREA11,2025-10-07,100.49,99.99,99.99,100.5,331
HCRI11,2025-10-07,278.99,277,275.38,284.78,24
SBUB34,2025-10-07,439.82,433.01,433.01,439.82,6
PLAG11,2025-10-07,50.87,50.25,50.09,50.87,173
ABCP11,2025-10-07,74.59,74.9,74.59,75.07,113
UNIP3,2025-10-07,62.99,63.9,62.5,63.99,59
RBFF11,2025-10-07,50.16,49.71,49.64,50.85,330
CARE11,2025-10-07,1.07,1.04,1.04,1.07,132
GRUL11,2025-10-07,8.3,8.2,8.2,8.34,935
W1IX34,2025-10-07,26.34,24.55,24.55,26.34,13
L1UL34,2025-10-07,233.45,230.93,229.79,233.45,7
RSUL4,2025-10-07,64,63.99,63.99,64,4
CMIGK119,2025-10-07,0.37,0.32,0.31,0.37,35
CSNAV10,2025-10-07,0.07,0.08,0.06,0.09,28
PEPB34,2025-10-07,50.05,50.2,49.67,50.54,46
CTAX3,2025-10-07,1.2,1.13,1.12,1.2,9
ELETW54,2025-10-07,1.25,1.46,1.25,1.46,28
CSNAH762,2025-10-07,2.04,2.55,2.04,2.55,2
ELETK530,2025-10-07,1.78,1.51,1.51,1.78,9
CSNAW799,2025-10-07,0.22,0.26,0.22,0.26,6
ROMIK810,2025-10-07,0.36,0.28,0.28,0.36,2
CMIGJ105W4,2025-10-07,0.54,0.52,0.48,0.54,4
CMIGJ123,2025-10-07,0.03,0.02,0.01,0.03,58
P2AN34,2025-10-07,18.99,18.71,18.62,18.99,31
K1EL34,2025-10-07,221.76,221.76,221.76,221.76,1
ATSA11,2025-10-07,50.99,50.99,50.99,50.99,1
N1DA34,2025-10-07,229.09,236.3,229.09,236.46,13
ARXD11,2025-10-07,7.57,7.57,7.57,7.6,106
MMMC34,2025-10-07,207.27,208.04,207.27,209,4
TAEEJ381,2025-10-07,0.08,0.05,0.03,0.08,18
S1RP34,2025-10-07,6.29,6.11,6.11,6.32,8
W1DC34,2025-10-07,680.71,640.3,634,680.71,12
EQTLR375,2025-10-07,1.39,1.39,1.39,1.39,1
CSNAV719,2025-10-07,0.03,0.02,0.02,0.03,4
CXRI11,2025-10-07,64.98,62.03,62,64.98,21
EGYR11,2025-10-07,2.87,2.87,2.87,3.17,15
SEQR11,2025-10-07,50.51,49.96,49.94,50.51,235
EXES11,2025-10-07,9.89,9.76,9.64,9.89,57
PULV11,2025-10-07,8.86,8.8,8.8,8.86,12
L1YG34,2025-10-07,24.08,24,24,24.1,6
CLSC3F,2025-10-07,97.69,97.96,97.69,98.49,13
INEP3F,2025-10-07,1.51,1.45,1.44,1.51,14
ELETH540,2025-10-07,9.68,9.68,9.68,9.68,1
EQTLK395,2025-10-07,0.15,0.14,0.14,0.15,6
EQTLJ355,2025-10-07,0.52,0.44,0.44,0.54,142
BEEFK715,2025-10-07,0.22,0.22,0.18,0.24,16
CEBR6,2025-10-07,25,25.94,24.82,25.98,269
BEEFK795,2025-10-07,0.06,0.07,0.06,0.07,21
EQTLV360,2025-10-07,0.72,1.03,0.6,1.03,64
MELIN103,2025-10-07,11.39,11.4,11.39,11.4,2
JDCO34,2025-10-07,32.1,31.15,30.88,32.1,54
EQTLV358,2025-10-07,0.61,0.86,0.49,0.86,77
SNSY5,2025-10-07,3,3.17,3,3.17,5
EQTLW335,2025-10-07,0.42,0.42,0.41,0.42,9
ANCR11,2025-10-07,239.99,247.5,239.99,248.99,5
EQTLJ365,2025-10-07,0.16,0.13,0.13,0.17,13
CPLEJ123,2025-10-07,0.23,0.23,0.22,0.23,3
RENV11,2025-10-07,5.72,5.57,5.55,5.72,48
BEEFK775,2025-10-07,0.08,0.1,0.08,0.1,7
MELIB166,2025-10-07,0.43,0.43,0.43,0.43,1
EGIEV410,2025-10-07,0.8,0.59,0.45,0.8,24
PTNT4F,2025-10-07,4.9,4.9,4.9,4.9,3
EGIEK403,2025-10-07,1.82,2,1.81,2.28,369
WFCO34,2025-10-07,107.91,107.96,107.54,108.31,31
LLFT11,2025-10-07,104.64,104.62,104.6,104.64,151
JHSFJ667,2025-10-07,0.02,0.01,0.01,0.02,8
CMIGW125,2025-10-07,0.42,0.46,0.42,0.46,16
EGIEW406,2025-10-07,0.77,0.78,0.74,1.02,95
EGIEW403,2025-10-07,0.88,0.74,0.64,0.88,332
JHSFJ527,2025-10-07,0.97,0.97,0.97,0.98,3
ELETW4,2025-10-07,0.2,0.2,0.2,0.2,1
ENEVW160,2025-10-07,0.46,0.49,0.46,0.51,3
MULTW256,2025-10-07,0.28,0.26,0.26,0.3,7
GCDL11,2025-10-07,114.1,114.1,114.1,114.1,1
U2PS34,2025-10-07,13.92,13.77,13.5,13.96,13
R1CL34,2025-10-07,850.08,840,826,850.08,66
EGIEK388,2025-10-07,2.91,3.2,2.86,3.27,1068
WHRL3,2025-10-07,4.58,4.53,4.53,4.58,5
GRNDK550,2025-10-07,0.05,0.05,0.05,0.05,2
TAEEW366,2025-10-07,0.45,0.47,0.45,0.51,9
TAEEK371,2025-10-07,0.94,0.87,0.86,1.05,22
CPFEW372,2025-10-07,0.46,0.53,0.46,0.53,3
EGIEJ433,2025-10-07,0.11,0.08,0.07,0.11,7
ALPAW811,2025-10-07,0.12,0.11,0.11,0.12,10
TAEEK376,2025-10-07,0.71,0.64,0.62,0.78,37
MDLZ34,2025-10-07,166.24,167.04,166.24,167.84,3
SAPRV341,2025-10-07,0.15,0.19,0.12,0.22,10
BEEFW665,2025-10-07,0.28,0.29,0.28,0.29,2
QTOP39,2025-10-07,56,57.26,56,57.26,3
EGIEW433,2025-10-07,2.42,2.21,2.06,2.52,51
SAPRV346,2025-10-07,0.28,0.4,0.28,0.4,5
ELETJ37,2025-10-07,14.23,14.23,14.23,14.23,1
HBORW295,2025-10-07,0.12,0.12,0.12,0.12,1
GLPF11,2025-10-07,105.58,105.58,105.58,105.58,1
BEEFV761,2025-10-07,0.93,0.88,0.88,1.02,3
TOTSK448,2025-10-07,1.44,1.41,1.41,1.44,3
MULTV273,2025-10-07,0.32,0.32,0.32,0.38,6
JHSFL559,2025-10-07,0.8,0.8,0.8,0.8,1
CSNAJ789,2025-10-07,0.81,0.65,0.65,0.81,14
SIVR39,2025-10-07,81.9,81.2,80.9,81.9,5
RADLX160,2025-10-07,0.38,0.3,0.28,0.38,28
BEEFK655,2025-10-07,0.46,0.51,0.43,0.51,17
ROMIN900,2025-10-07,0.6,0.6,0.6,0.6,1
LEVEK285,2025-10-07,0.39,0.39,0.39,0.39,1
M1DB34,2025-10-07,84.54,84.54,84.54,84.54,1
BEEFJ551,2025-10-07,1.2,1.21,1.2,1.21,2
EGIEW438,2025-10-07,2.53,2.66,2.38,2.93,32
BEEFV790,2025-10-07,0.11,0.1,0.1,0.14,9
SAPRJ326,2025-10-07,2.55,2.55,2.55,2.55,1
ODPVB160,2025-10-07,1.63,1.63,1.63,1.63,1
CSNAJ880W4,2025-10-07,0.21,0.17,0.17,0.21,2
CSNAO998,2025-10-07,1.4,1.45,1.4,1.45,2
RADLJ200,2025-10-07,0.1,0.08,0.08,0.1,2
BEEFJ671,2025-10-07,0.2,0.21,0.13,0.22,25
EQTLK343,2025-10-07,2.2,2.11,2.11,2.2,8
BRKMW480,2025-10-07,0.05,0.05,0.05,0.05,1
CPLEK128,2025-10-07,0.25,0.25,0.2,0.28,27
EZTCJ167,2025-10-07,0.15,0.15,0.15,0.15,3
TAEEJ356,2025-10-07,1.36,1.32,1.32,1.4,5
JHSFL649,2025-10-07,0.24,0.24,0.24,0.24,1
BEEFV631,2025-10-07,0.06,0.06,0.06,0.06,2
CMIGW968,2025-10-07,0.03,0.03,0.03,0.03,2
ELETK524,2025-10-07,3.84,3.57,3.54,3.84,7
CSNAK729,2025-10-07,1.49,1.36,1.36,1.49,4
ELETX489,2025-10-07,1.05,0.95,0.95,1.05,2
TOTSK428,2025-10-07,2.65,2.6,2.6,2.65,2
RANIJ803,2025-10-07,0.88,0.88,0.8,0.88,5
CPLEV997,2025-10-07,0.1,0.07,0.07,0.1,2
ELETV49,2025-10-07,0.26,0.27,0.26,0.31,11
ELETW444,2025-10-07,0.18,0.17,0.17,0.19,3
JHSFW560,2025-10-07,0.05,0.05,0.05,0.05,3
TOTSV450,2025-10-07,1.69,1.32,1.32,1.69,3
MULTW210,2025-10-07,0.02,0.02,0.02,0.02,1
TAEEW381,2025-10-07,1.06,1.22,1.02,1.25,7
RANIL11,2025-10-07,0.03,0.03,0.03,0.03,1
BEEFL741,2025-10-07,0.21,0.23,0.2,0.23,5
T1EL34,2025-10-07,589,589,589,589,1
R1KU34,2025-10-07,28.33,27.4,27.4,28.33,3
EQTLK353,2025-10-07,1.44,1.45,1.44,1.49,3
CSNAW769,2025-10-07,0.16,0.17,0.16,0.17,3
CPFEK402,2025-10-07,0.55,0.56,0.55,0.56,3
CPFEW357,2025-10-07,0.15,0.15,0.15,0.15,1
EQTLV345,2025-10-07,0.28,0.28,0.28,0.28,1
ELETK386,2025-10-07,15.25,15.25,15.25,15.25,1
ROMIW770,2025-10-07,0.12,0.12,0.12,0.12,1
CMIGX104,2025-10-07,0.04,0.03,0.03,0.05,6
ELETV510W5,2025-10-07,1,1,1,1,1
ELETJ553,2025-10-07,0.08,0.06,0.06,0.08,3
RADLJ193,2025-10-07,0.28,0.16,0.16,0.28,15
ELETW515,2025-10-07,1.48,1.66,1.48,1.66,2
BRKMV820,2025-10-07,1.53,1.53,1.34,1.56,5
PNVLV965,2025-10-07,0.39,0.39,0.39,0.39,7
ELETV510W2,2025-10-07,0.4,0.4,0.4,0.4,2
ELETJ383,2025-10-07,15.15,14.89,14.89,15.15,2
EQTLJ365W2,2025-10-07,0.08,0.04,0.04,0.08,2
VULCW195,2025-10-07,0.2,0.14,0.14,0.2,2
BRKMJ950,2025-10-07,0.01,0.01,0.01,0.01,1
EVENW660,2025-10-07,0.16,0.16,0.16,0.16,1
CPFEJ402,2025-10-07,0.07,0.07,0.07,0.07,2
CSNAX820,2025-10-07,0.25,0.38,0.25,0.38,2
ALPAW891,2025-10-07,0.31,0.34,0.31,0.34,3
NOCG34,2025-10-07,668.19,662.64,662.64,668.19,2
TOTSK460,2025-10-07,0.95,0.95,0.95,0.95,1
CSNAX100,2025-10-07,1.35,1.45,1.35,1.45,3
CPLES90,2025-10-07,0.04,0.03,0.03,0.04,2
CSNAK879,2025-10-07,0.46,0.39,0.39,0.47,6
CMIGX105,2025-10-07,0.06,0.04,0.04,0.06,3
ELETW461,2025-10-07,0.16,0.17,0.16,0.17,2
ELETJ450,2025-10-07,11.77,11.28,11.28,11.77,11
RADLL213,2025-10-07,0.55,0.47,0.46,0.55,23
CPLEW105,2025-10-07,0.01,0.01,0.01,0.01,1
CPLEA128,2025-10-07,0.49,0.49,0.49,0.49,1
EQTLW343,2025-10-07,0.5,0.59,0.5,0.59,2
CPFEV387,2025-10-07,0.92,0.78,0.78,0.92,2
CSNAK949,2025-10-07,0.16,0.16,0.16,0.16,1
MULTW271,2025-10-07,0.66,0.63,0.63,0.7,3
ELETW436,2025-10-07,0.07,0.09,0.07,0.09,2
MDIAV270,2025-10-07,0.34,0.34,0.34,0.34,1
TAEEK34,2025-10-07,2.6,2.53,2.53,2.62,3
CPLEK153,2025-10-07,0.02,0.02,0.02,0.02,1
RADLL210,2025-10-07,0.69,0.58,0.57,0.69,24
BRKMK950,2025-10-07,0.05,0.05,0.05,0.05,1
TAEEL371,2025-10-07,0.95,0.95,0.95,1,3
ELETJ498,2025-10-07,3.83,3.83,3.83,3.83,1
CSNAX120,2025-10-07,3.22,3.24,3.22,3.24,3
BEEFJ486,2025-10-07,1.82,1.82,1.82,1.82,1
ELETV471,2025-10-07,0.03,0.03,0.03,0.03,2
BRKMK810,2025-10-07,0.14,0.15,0.14,0.15,2
RADLX155,2025-10-07,0.24,0.23,0.23,0.24,6
ELETW428,2025-10-07,0.03,0.03,0.03,0.03,4
ELETW580,2025-10-07,5.85,5.85,5.85,5.85,5
CMIGJ110W2,2025-10-07,0.1,0.05,0.05,0.1,3
TOTSJ325,2025-10-07,11.55,11.55,11.55,11.55,1
EZTCJ162,2025-10-07,0.38,0.38,0.38,0.38,1
ENEVV162,2025-10-07,0.33,0.33,0.33,0.33,1
MULTV271,2025-10-07,0.28,0.28,0.28,0.28,1
ELETV533,2025-10-07,1.83,2,1.79,2,5
VULCL195,2025-10-07,1,1,1,1,1
CSNAW689,2025-10-07,0.07,0.07,0.07,0.07,1
ALMI11,2025-10-07,599.81,599.82,599.81,599.82,2
TOTSK399,2025-10-07,4.7,4.99,4.7,4.99,2
SAPRV326,2025-10-07,0.01,0.02,0.01,0.02,2
EQTLX343,2025-10-07,0.65,0.7,0.65,0.7,2
CPLED900,2025-10-07,4.27,4.23,4.23,4.27,2
ALPAK771,2025-10-07,1.84,1.84,1.84,1.84,1
BEEFL70,2025-10-07,1.4,1.4,1.4,1.4,1
BEEFJ561,2025-10-07,1.07,1.07,1.07,1.07,2
ENEVL152,2025-10-07,1.64,1.64,1.64,1.64,1
L1KQ34,2025-10-07,162.5,162.5,162.5,162.5,1
BEEFJ511,2025-10-07,1.52,1.52,1.52,1.52,1
EGIEX376,2025-10-07,0.19,0.19,0.19,0.19,1
ELETV520W2,2025-10-07,0.7,0.77,0.7,0.77,2
CMIGN107,2025-10-07,0.09,0.09,0.09,0.09,2
W2YF34,2025-10-07,12.5,12.5,12.5,12.5,1
CSNAK779,2025-10-07,1.08,1,1,1.12,3
BEEFJ481,2025-10-07,1.87,1.87,1.87,1.87,1
BEEFJ436,2025-10-07,2.31,2.31,2.31,2.31,1
ELETX1,2025-10-07,0.02,0.02,0.02,0.02,1
PHMO34,2025-10-07,407.13,410.41,407.13,410.41,2
SAPRV361,2025-10-07,0.99,0.93,0.93,1.02,5
RANIK842,2025-10-07,0.58,0.58,0.58,0.58,2
BRKMK105,2025-10-07,0.03,0.03,0.03,0.03,1
CPLEK105,2025-10-07,2,1.97,1.97,2,2
MULTK321,2025-10-07,0.09,0.08,0.08,0.09,3
TUPYX115,2025-10-07,0.22,0.22,0.22,0.22,2
BRKMJ720W2,2025-10-07,0.05,0.05,0.05,0.05,4
EGIEW426,2025-10-07,1.95,1.74,1.74,1.99,11
GSHP3,2025-10-07,2.95,2.95,2.95,2.95,2
BRKMA730,2025-10-07,0.54,0.48,0.48,0.54,2
EGIEX353,2025-10-07,0.17,0.17,0.17,0.17,1
CMIGV105,2025-10-07,0.01,0.01,0.01,0.01,2
CMIGV128,2025-10-07,1.12,1.12,1.12,1.12,2
MULTJ256,2025-10-07,2.07,2.07,2.07,2.07,1
CPLEX125,2025-10-07,0.3,0.4,0.3,0.4,4
ELETJ542,2025-10-07,2.6,2.6,2.6,2.6,1
RADLL218,2025-10-07,0.46,0.39,0.39,0.46,10
ENGIK451,2025-10-07,5.42,5.46,5.42,5.46,3
EGIEV441,2025-10-07,2.75,2.75,2.75,2.75,1
ENGIW49,2025-10-07,1.98,2.01,1.98,2.01,3
TAEEJ336,2025-10-07,3.3,3.3,3.3,3.3,1
ELETJ480,2025-10-07,8.77,8.76,8.76,8.77,3
CSNAK999,2025-10-07,0.11,0.11,0.11,0.11,2
EVENK800,2025-10-07,0.08,0.08,0.08,0.08,1
ELETX461,2025-10-07,0.4,0.45,0.4,0.45,2
ELETX472,2025-10-07,0.56,0.55,0.55,0.56,4
TOTSV388,2025-10-07,0.05,0.05,0.05,0.05,1
ENGIK531,2025-10-07,0.57,0.56,0.56,0.57,3
ELET3Q,2025-10-07,51.8,51.8,51.8,51.8,1
CSNAW152,2025-10-07,6.36,6.36,6.36,6.36,1
UNIPK725,2025-10-07,3.83,3.83,3.83,3.83,1
ELETK580,2025-10-07,0.32,0.33,0.32,0.33,2
ALPAK931,2025-10-07,0.69,0.64,0.64,0.69,3
CMIGL129,2025-10-07,0.13,0.13,0.13,0.13,1
BEEFV721,2025-10-07,0.52,0.52,0.52,0.52,1
BEEFJ591,2025-10-07,0.76,0.76,0.76,0.76,1
S2CH34,2025-10-07,38.2,38.2,38.2,38.2,1
BEEFL811,2025-10-07,0.1,0.1,0.1,0.1,1
BEEFL821,2025-10-07,0.09,0.09,0.09,0.09,1
EQTLL403,2025-10-07,0.28,0.28,0.28,0.28,1
LEVEK269,2025-10-07,1.02,1.02,1.02,1.02,1
CSNAV969,2025-10-07,1.1,1.1,1.1,1.1,3
ELETK560,2025-10-07,0.65,0.65,0.65,0.65,1
VLIDV211,2025-10-07,0.59,0.59,0.59,0.59,1
TRNT11,2025-10-07,95.58,95.59,95.58,95.59,11
EGIEW368,2025-10-07,0.17,0.17,0.17,0.17,1
ROXOJ145,2025-10-07,0.1,0.1,0.1,0.1,1
MILSK115,2025-10-07,0.66,0.66,0.66,0.66,1
ENEVK182,2025-10-07,0.16,0.16,0.16,0.16,1
ELETV495W5,2025-10-07,0.5,0.5,0.5,0.5,2
PLAS3,2025-10-07,4.46,4.46,4.46,4.46,1
CMIGV110W2,2025-10-07,0.09,0.09,0.09,0.09,1
ENGIK501,2025-10-07,2.29,2.29,2.29,2.29,1
PVBI11,2025-10-07,76.55,76.98,76.29,77,17405
LEVE3F,2025-10-07,27.29,27.1,27.07,27.37,1785
SHUL4,2025-10-07,4.59,4.5,4.5,4.62,1508
ENGI11F,2025-10-07,49.25,48.47,48.1,49.34,895
PCIP11,2025-10-07,83.3,83.2,83.08,83.66,6563
SAPR11F,2025-10-07,36.14,34.86,34.81,36.14,2070
CPFE3,2025-10-07,38.44,37.9,37.89,38.44,3744
HGLG11,2025-10-07,160.61,160.1,159.3,161.5,12738
VERZ34,2025-10-07,37.05,36.8,36.77,37.18,65
MELI34,2025-10-07,96.31,97.15,94.15,97.15,3684
SAPR4F,2025-10-07,7.14,6.82,6.8,7.14,5053
P2LT34,2025-10-07,320,326.5,319.36,331.28,1092
VULC3,2025-10-07,19.42,19.08,18.91,19.42,3378
SAPR11,2025-10-07,36.13,34.81,34.81,36.14,5995
WHGR11,2025-10-07,9.02,9.04,9,9.13,4533
VGIR11,2025-10-07,9.56,9.54,9.52,9.56,9458
KISU11,2025-10-07,6.73,6.72,6.69,6.74,1404
VINO11,2025-10-07,4.96,4.99,4.96,5,2327
CSNAJ829,2025-10-07,0.47,0.35,0.34,0.47,22
TAEE3F,2025-10-07,12.02,11.93,11.9,12.05,1157
TOPP11,2025-10-07,68.5,68.47,67.93,68.5,3975
MDIA3,2025-10-07,27.6,27.04,26.79,27.66,2605
BTAL11,2025-10-07,80.23,79.4,79.1,80.67,755
MULTJ286,2025-10-07,0.22,0.16,0.16,0.22,9
NFLX34,2025-10-07,124.81,127.36,124.81,128,754
VGRI11,2025-10-07,8.53,8.52,8.49,8.53,1681
HFOF11,2025-10-07,6.13,6.17,6.13,6.18,2633
AGRO3F,2025-10-07,20.3,20.17,20.1,20.31,1406
EZTC3F,2025-10-07,16.29,15.98,15.72,16.29,810
RZAK11,2025-10-07,82.11,82.48,81.97,82.48,929
ODPV3F,2025-10-07,13.49,13.47,13.28,13.53,697
DAMA11,2025-10-07,6.96,6.9,6.76,6.97,25
IMAB11,2025-10-07,104.9,104.27,104.27,104.9,2734
BRKM6F,2025-10-07,7.24,7.25,7.24,7.25,9
SCPF11,2025-10-07,2.7,2.59,2.59,2.7,10
NAVT11,2025-10-07,70,70.33,69.62,70.5,72
ALZC11,2025-10-07,7.77,7.73,7.71,7.77,254
T2DH34,2025-10-07,1.53,1.51,1.47,1.54,24
FIIB11,2025-10-07,494.61,494.74,492.9,495.93,180
CEOC11,2025-10-07,45.54,45.11,45.11,45.81,28
TOTSW439,2025-10-07,1.59,1.72,1.59,1.82,11
RECM11,2025-10-07,8.6,8.6,8.59,8.67,37
TSMC34,2025-10-07,205,197.61,196.3,205.9,935
CSNAW869,2025-10-07,0.48,0.51,0.48,0.51,5
RCRB11,2025-10-07,127.99,126.54,125.41,127.99,3588
AZPL11,2025-10-07,7.63,7.65,7.56,7.67,391
ELETW540,2025-10-07,2.68,2.68,2.68,2.68,1
ELETW467,2025-10-07,0.35,0.32,0.32,0.35,2
CMIGJ118,2025-10-07,0.2,0.13,0.11,0.2,74
P2AT34,2025-10-07,10.1,9.85,9.53,10.1,12
INEP3,2025-10-07,1.47,1.42,1.42,1.53,53
APTO11,2025-10-07,8.44,8.41,8.4,8.46,115
EQTLV325,2025-10-07,0.02,0.02,0.02,0.02,1
TAEE3,2025-10-07,11.91,11.96,11.9,12.04,282
M2PM34,2025-10-07,80.87,79.29,77.5,83,30
PGCO34,2025-10-07,57.51,58.2,57.12,58.49,73
RNEW4F,2025-10-07,1,0.95,0.95,1,105
GSFI11,2025-10-07,9.6,9.55,9.49,9.96,57
REDE3F,2025-10-07,6.44,6.45,6.36,6.48,36
DAMT11,2025-10-07,13.9,13.8,13.8,13.9,2
RCRI11,2025-10-07,99.05,99.02,99.02,99.24,96
CMIGK11,2025-10-07,0.15,0.14,0.13,0.16,33
W1BD34,2025-10-07,101.42,99.41,99.41,101.42,3
TORD11,2025-10-07,3.11,3.1,3.1,3.13,124
WPLZ11,2025-10-07,49.95,49.94,47.01,49.95,8
RDNI3F,2025-10-07,2.05,2.04,2.04,2.06,21
BRKMK620,2025-10-07,0.83,0.79,0.79,0.9,16
ELETJ530,2025-10-07,0.62,0.41,0.4,0.62,48
JPPA11,2025-10-07,78.99,78.8,78.57,78.99,42
MOAR3F,2025-10-07,72.98,74,72.03,74.98,49
BBFO11,2025-10-07,61.99,62,61.7,62.43,135
TELB4,2025-10-07,8.23,8.28,8.23,8.46,16
V1OD34,2025-10-07,30.25,30.15,29.73,30.25,8
S2FM34,2025-10-07,182,180.37,180.37,182,2
TJKB11,2025-10-07,249,249.9,248.89,249.9,24
QCOM34,2025-10-07,75.3,73.84,73.58,76.39,108
RBRD11,2025-10-07,40.44,40.01,39.75,40.44,88
RIOT34,2025-10-07,350,355.32,350,357.11,8
ULEV34,2025-10-07,311.86,312.79,310.93,313.1,4
BIOM3,2025-10-07,9.9,10.14,9.76,10.31,206
S2EA34,2025-10-07,40.54,41.26,40.16,41.26,764
FSPE11F,2025-10-07,0.24,0.2,0.2,0.24,6
CPLE5F,2025-10-07,12.84,13.47,12.84,13.48,16
HYBR11,2025-10-07,50.6,50.31,50.3,50.6,13
RADLW168,2025-10-07,0.29,0.28,0.28,0.29,3
SIMN34,2025-10-07,240.41,239.8,237.72,240.41,14
EUCA4,2025-10-07,16.92,16.83,16.67,16.92,209
BTYU11,2025-10-07,9.25,9.25,9.25,9.96,44
LBRD34,2025-10-07,28.9,28.79,28.71,28.95,10
MYPKW108,2025-10-07,0.28,0.28,0.28,0.28,2
PTNT3F,2025-10-07,7.51,7.42,7.42,7.51,4
CEDO3F,2025-10-07,15.01,14.76,14.66,15.01,6
CTAX3F,2025-10-07,1.21,1.1,1.1,1.21,20
EMAE4F,2025-10-07,35.01,37.17,34.03,37.17,66
BRKML122,2025-10-07,0.02,0.03,0.02,0.03,3
ENEVV165,2025-10-07,0.45,0.51,0.44,0.53,13
RMAI11,2025-10-07,54.99,65,54.99,72,23
SMRE11,2025-10-07,79.67,78.79,78.79,79.85,495
MULTJ273,2025-10-07,0.76,0.71,0.69,0.76,17
SAPRK333,2025-10-07,2.59,2.54,2.53,2.59,14
MCEM11,2025-10-07,65.75,64.68,64.4,65.77,40
MULTK313,2025-10-07,0.13,0.12,0.12,0.13,3
AGROV200,2025-10-07,0.1,0.1,0.1,0.1,1
CPLEK125,2025-10-07,0.33,0.32,0.32,0.33,2
RBFY11,2025-10-07,89,73,60.04,89,33
PHIP11,2025-10-07,108.58,108.21,108.21,108.58,4
N1OW34,2025-10-07,97,96.51,95.44,97.11,206
V1TA34,2025-10-07,184.08,184.86,184.08,186.3,420
TAEEX382,2025-10-07,0.28,0.28,0.2,0.31,32
BRKMK960,2025-10-07,0.05,0.05,0.05,0.05,1
BRKMW600,2025-10-07,0.22,0.25,0.21,0.25,17
ALPAK971,2025-10-07,0.45,0.41,0.41,0.45,2
ELETJ426,2025-10-07,11.29,11,10.8,11.29,3
M1CK34,2025-10-07,983.61,1003.34,983.61,1003.52,65
EQTLV340W5,2025-10-07,0.3,0.29,0.29,0.3,2
L2AZ34,2025-10-07,5.84,5.52,5.44,5.84,13
EGIEW448,2025-10-07,3.64,3.38,3.26,3.64,20
L1MN34,2025-10-07,38.15,37.07,36.77,38.63,22
CGAS5F,2025-10-07,127.98,128,127.47,129.99,67
RADLK188,2025-10-07,1.02,1,0.96,1.09,19
ALPAJ971,2025-10-07,0.09,0.08,0.08,0.09,2
TAEEW371,2025-10-07,0.63,0.68,0.58,0.69,9
BRKMK100,2025-10-07,0.04,0.04,0.04,0.04,1
CPLEV123,2025-10-07,0.1,0.15,0.1,0.18,14
EQTLW338,2025-10-07,0.38,0.47,0.37,0.48,21
EQTLW333,2025-10-07,0.35,0.37,0.28,0.37,16
ELETX474,2025-10-07,0.62,0.62,0.62,0.72,4
TAEEX380,2025-10-07,0.45,0.55,0.43,0.56,43
SAPRK363,2025-10-07,0.85,0.79,0.79,0.85,3
BRKMV990,2025-10-07,3.15,3.24,3.15,3.24,3
EQTLJ363,2025-10-07,0.2,0.18,0.18,0.2,3
ELETV2,2025-10-07,0.22,0.24,0.22,0.26,6
MULTW251,2025-10-07,0.21,0.2,0.2,0.21,3
J2WA34,2025-10-07,41.09,41.28,41.09,41.28,3
TAEEV376,2025-10-07,0.78,0.85,0.58,0.86,25
CPFEK407,2025-10-07,0.4,0.4,0.4,0.4,1
RECD11,2025-10-07,8.05,8.39,8.05,8.39,7
RANIK932,2025-10-07,0.11,0.12,0.11,0.13,9
ENEVW170,2025-10-07,0.93,1.01,0.93,1.01,4
CGRA3F,2025-10-07,30.17,30.7,30.15,31.99,15
ELETJ49,2025-10-07,2.5,2.3,2.22,2.5,11
MDIAK290,2025-10-07,0.78,0.78,0.78,0.78,1
EQTLK368,2025-10-07,0.81,0.73,0.73,0.81,4
U1RI34,2025-10-07,189.9,188.49,188.1,191.11,77
MNDL3F,2025-10-07,18,18,18,18,1
EGIEV406,2025-10-07,0.35,0.4,0.26,0.47,15
HAGA3,2025-10-07,1.81,1.77,1.65,1.84,31
EGIEJ350,2025-10-07,7.4,7.4,7.4,7.4,1
CPLEK143,2025-10-07,0.02,0.02,0.02,0.02,2
BEEF11F,2025-10-07,2.82,2.81,2.78,2.91,18
MULTK286,2025-10-07,0.75,0.77,0.74,0.84,83
EQTLW358,2025-10-07,1.13,1.17,0.94,1.21,5
CPFEX392,2025-10-07,0.9,0.9,0.9,0.9,1
BEEFL751,2025-10-07,0.18,0.22,0.18,0.22,6
EGIEJ410W2,2025-10-07,0.2,0.2,0.2,0.2,1
CPLEK90,2025-10-07,4.81,4.74,4.74,4.81,6
TAEEM343,2025-10-07,0.2,0.24,0.2,0.24,3
GEPA4,2025-10-07,34.92,34.92,34.92,34.92,1
CMIGC115,2025-10-07,1.14,1.14,1.14,1.14,1
ELETW510,2025-10-07,1.37,1.4,1.37,1.46,8
CSNAX600,2025-10-07,0.04,0.04,0.04,0.04,1
TAEEJ351,2025-10-07,1.8,1.8,1.8,1.87,4
W1AB34,2025-10-07,530.17,530.17,530.17,530.17,1
WLMM3F,2025-10-07,21.34,21.26,21.26,21.34,5
EQTLM345,2025-10-07,0.85,0.85,0.85,0.85,1
BIED3F,2025-10-07,3.2,3.2,3.2,3.2,1
JHSFW620,2025-10-07,0.24,0.21,0.21,0.26,5
CSNAJ840W2,2025-10-07,0.27,0.16,0.16,0.28,5
TAEEW341,2025-10-07,0.08,0.08,0.08,0.08,1
SAPRK373,2025-10-07,0.53,0.45,0.45,0.53,4
BRKMV860,2025-10-07,1.92,1.92,1.92,1.92,1
SAPRW340,2025-10-07,0.34,0.5,0.34,0.5,3
BRKMW850,2025-10-07,1.87,1.87,1.87,1.87,1
GPAR3F,2025-10-07,19.08,19.08,19.08,19.08,4
EQTLW348,2025-10-07,0.77,0.78,0.7,0.78,3
CSNAV880W2,2025-10-07,0.39,0.4,0.39,0.4,9
ENEVW140,2025-10-07,0.06,0.06,0.06,0.06,1
CPLEW120,2025-10-07,0.18,0.2,0.18,0.2,2
EZTCW172,2025-10-07,1.3,1.3,1.3,1.3,1
EQTLV370,2025-10-07,1.67,1.67,1.67,1.67,1
MDIAW283,2025-10-07,1.79,1.79,1.79,1.79,1
N2ET34,2025-10-07,64.89,64.89,64.89,64.89,1
EQTLV365W2,2025-10-07,1.14,1.17,0.8,1.17,4
ELETV46,2025-10-07,0.06,0.07,0.04,0.22,5
BRKMV640,2025-10-07,0.14,0.15,0.14,0.15,2
ELETV562,2025-10-07,0.69,0.79,0.69,0.92,28
EZTCV157,2025-10-07,0.18,0.18,0.18,0.21,4
SMFTK253,2025-10-07,0.8,0.79,0.79,0.8,2
CSNAK839,2025-10-07,0.73,0.57,0.57,0.73,10
CSNAV789,2025-10-07,0.05,0.07,0.05,0.07,10
RADLL215,2025-10-07,0.44,0.42,0.4,0.44,10
SMFTJ253,2025-10-07,0.19,0.19,0.19,0.19,2
ENEVW150,2025-10-07,0.17,0.18,0.17,0.2,7
RADLK210,2025-10-07,0.42,0.37,0.35,0.42,5
TAEEX381,2025-10-07,1.45,1.64,1.44,1.64,31
SAPRJ316,2025-10-07,3.56,3.49,3.49,3.56,3
LEVEK290,2025-10-07,0.23,0.23,0.23,0.23,1
ELETL522,2025-10-07,2.6,2.6,2.6,2.6,1
ENEVK180,2025-10-07,0.15,0.15,0.15,0.15,1
SAPRW358,2025-10-07,1,1.24,1,1.24,4
RADLW163,2025-10-07,0.25,0.25,0.25,0.26,5
BRKMV740,2025-10-07,0.79,0.76,0.68,0.82,9
MULTW286,2025-10-07,1.3,1.34,1.26,1.34,13
PRSV11,2025-10-07,36.62,35.04,35.04,36.62,5
ELETV520W4,2025-10-07,1.15,1.22,1.15,1.22,2
BRKMV120,2025-10-07,5.27,5.27,5.27,5.27,1
RADLV190W4,2025-10-07,0.87,0.87,0.87,0.87,1
ENGIV501,2025-10-07,0.78,1.13,0.78,1.16,6
ODPVJ140,2025-10-07,0.08,0.08,0.07,0.1,4
CTKA4,2025-10-07,34.9,34.99,34.9,34.99,3
T1LK34,2025-10-07,49.15,49.15,49.15,49.15,1
CSNAW858,2025-10-07,0.7,0.61,0.61,0.7,102
VULCK196,2025-10-07,0.53,0.5,0.5,0.53,6
EDGA11,2025-10-07,15.06,14.63,14.63,15.06,6
CPFEJ404,2025-10-07,0.08,0.08,0.08,0.08,1
HUCG11,2025-10-07,94.6,98.99,94.6,98.99,4
ELETW490W1,2025-10-07,0.65,0.66,0.64,0.66,3
CSNAW719,2025-10-07,0.09,0.09,0.09,0.09,2
BMLC11,2025-10-07,94.62,94.61,94.61,94.62,4
BRKMW920,2025-10-07,2.52,2.52,2.52,2.52,1
BEEFX701,2025-10-07,0.58,0.58,0.58,0.58,1
AZEV12F,2025-10-07,0.07,0.07,0.07,0.07,1
FCFL11,2025-10-07,127.16,126,125.76,127.16,17
RADLW153,2025-10-07,0.13,0.13,0.13,0.13,1
S1YK34,2025-10-07,97.71,98.61,97.71,98.61,2
BRKMV720,2025-10-07,0.62,0.63,0.52,0.63,7
CMIGV105W4,2025-10-07,0.04,0.04,0.04,0.04,1
CSNAV114,2025-10-07,3.02,3.02,3.02,3.02,2
TAEEW401,2025-10-07,2.84,2.84,2.84,2.84,1
RADLK168,2025-10-07,2.15,2.15,2.15,2.15,1
SCHW34,2025-10-07,62.46,62.58,62.46,62.7,3
MDIAW269,2025-10-07,0.99,0.99,0.99,0.99,1
BRKMK760,2025-10-07,0.25,0.22,0.22,0.25,2
TOTSJ460,2025-10-07,0.2,0.2,0.2,0.2,2
TUPYW160,2025-10-07,3.1,3.1,3.1,3.1,1
VXXV11,2025-10-07,685,685,685,685,2
JHSFJ747,2025-10-07,0.04,0.03,0.03,0.04,2
SAPRK353,2025-10-07,1.26,1.24,1.24,1.26,3
EGIEL500,2025-10-07,0.21,0.21,0.21,0.21,1
CSNAW809,2025-10-07,0.29,0.27,0.27,0.29,2
ELETJ500,2025-10-07,6.4,6.4,6.4,6.4,1
MULTK296,2025-10-07,0.42,0.43,0.39,0.43,5
VULCL180,2025-10-07,1.9,1.9,1.9,1.9,1
TOTSV402,2025-10-07,0.06,0.06,0.06,0.06,1
BEEFJ740W4,2025-10-07,0.04,0.04,0.04,0.04,1
ELETV500W5,2025-10-07,0.66,0.66,0.66,0.66,1
TUPYW130,2025-10-07,0.7,0.7,0.7,0.7,1
VULCJ214,2025-10-07,0.06,0.06,0.06,0.06,1
TOTSE430,2025-10-07,5,5,5,5,1
BEEFJ720W2,2025-10-07,0.01,0.02,0.01,0.02,2
CPLER847,2025-10-07,0.02,0.02,0.02,0.02,2
ENGIJ511,2025-10-07,0.35,0.27,0.27,0.35,3
TAEEX391,2025-10-07,2.15,2.13,2.13,2.15,2
CSNAJ749,2025-10-07,1.17,1.06,1.05,1.17,3
SMFTW233,2025-10-07,0.45,0.5,0.45,0.5,2
MDIAK250,2025-10-07,3.18,3.18,3.18,3.18,1
ENGIW501,2025-10-07,1.5,1.73,1.5,1.73,7
TOTSJ400,2025-10-07,4.12,4.12,4.12,4.12,1
NMRH34,2025-10-07,38.24,38.24,38.24,38.24,1
BRKML700,2025-10-07,0.5,0.5,0.5,0.5,1
MYPKW113,2025-10-07,0.5,0.54,0.5,0.54,2
N2VC34,2025-10-07,7.64,7.64,7.64,7.64,1
ENEVJ157,2025-10-07,0.55,0.55,0.55,0.55,1
RADLV163,2025-10-07,0.03,0.03,0.03,0.03,1
ELETW495W1,2025-10-07,0.77,0.77,0.77,0.77,1
ALPAK791,2025-10-07,1.67,1.67,1.67,1.67,1
CMIGJ128,2025-10-07,0.01,0.01,0.01,0.01,6
CSNAJ769,2025-10-07,0.93,0.87,0.87,1.01,3
ENEVK145,2025-10-07,2.01,2,2,2.01,3
ELETL541,2025-10-07,4.59,4.59,4.59,4.59,1
M1KT34,2025-10-07,18.24,18.24,18.24,18.24,1
TOTSD431,2025-10-07,5,5,5,5,1
BRKMK820,2025-10-07,0.12,0.14,0.12,0.14,3
TAEEX336,2025-10-07,0.11,0.12,0.11,0.12,2
S2TW34,2025-10-07,33.7,33.9,33.7,33.9,5
BEEFJ431,2025-10-07,2.36,2.36,2.36,2.36,1
ALPAK991,2025-10-07,0.34,0.34,0.34,0.34,1
VLIDW201,2025-10-07,0.51,0.51,0.51,0.51,1
CSNAK759,2025-10-07,1.25,1.14,1.14,1.25,2
TOTSJ372,2025-10-07,6.82,6.82,6.82,6.82,1
EGIEJ420W4,2025-10-07,0.3,0.3,0.3,0.3,1
SAPRL367,2025-10-07,1,1,1,1,1
EGIEK390,2025-10-07,3.5,3.84,3.5,3.88,30
SPG211,2025-10-07,10,10.2,10,10.2,2
MULTJ241,2025-10-07,3.6,3.6,3.6,3.6,1
SAPRJ356,2025-10-07,0.62,0.48,0.4,0.62,5
CSNAK112,2025-10-07,0.03,0.03,0.03,0.03,1
BRKMK760W1,2025-10-07,0.17,0.17,0.17,0.19,4
GRNDJ550,2025-10-07,0.01,0.01,0.01,0.01,1
CSNAJ940W4,2025-10-07,0.06,0.06,0.06,0.06,1
ELETW451,2025-10-07,0.13,0.13,0.12,0.13,4
BEEFJ731,2025-10-07,0.03,0.03,0.03,0.04,7
JHSFW580,2025-10-07,0.07,0.08,0.07,0.08,2
EGIEX413,2025-10-07,1.6,1.7,1.3,1.7,6
CMIGW131,2025-10-07,1.23,1.23,1.23,1.23,2
BEEFE510,2025-10-07,2.1,2.1,2.1,2.1,1
BEEFK595,2025-10-07,0.82,0.99,0.82,0.99,2
RADLL230,2025-10-07,0.26,0.26,0.26,0.27,4
EQTLJ360W2,2025-10-07,0.17,0.17,0.17,0.17,1
EQTLJ370W4,2025-10-07,0.24,0.24,0.24,0.24,1
BRKMV107,2025-10-07,3.96,3.96,3.96,3.96,1
T2ER34,2025-10-07,43.5,43.5,43.5,43.5,1
CPFEV359,2025-10-07,0.04,0.04,0.04,0.04,1
ELETJ440,2025-10-07,9.4,9.4,9.4,9.4,1
ELETK614,2025-10-07,0.28,0.28,0.28,0.28,1
GRNDK610,2025-10-07,0.01,0.01,0.01,0.01,2
ELETV483,2025-10-07,0.05,0.05,0.05,0.06,4
EQTLJ393,2025-10-07,0.02,0.02,0.02,0.02,1
TOTSJ388,2025-10-07,5,5,5,5,1
EQTLK400,2025-10-07,0.14,0.13,0.13,0.14,2
EQTLL365,2025-10-07,1.75,1.75,1.75,1.75,1
EQTLJ385,2025-10-07,0.02,0.02,0.02,0.02,1
ELETJ453,2025-10-07,8.27,8.27,8.27,8.27,1
HBORL540,2025-10-07,0.05,0.05,0.05,0.05,1
CMIGV125,2025-10-07,0.83,0.83,0.83,0.83,2
CMIGR110,2025-10-07,0.19,0.19,0.19,0.19,1
BRKMK660,2025-10-07,0.6,0.6,0.6,0.6,1
LEVEL346,2025-10-07,0.18,0.18,0.18,0.18,1
SMFTL234,2025-10-07,3.25,2.8,2.8,3.25,3
CMIGN110,2025-10-07,0.14,0.14,0.14,0.14,2
BRKMK540,2025-10-07,1.44,1.44,1.44,1.44,1
SAPRW408,2025-10-07,4.86,4.86,4.86,4.86,1
ELETK600,2025-10-07,0.17,0.16,0.16,0.17,2
EQTLJ355W2,2025-10-07,0.51,0.51,0.51,0.51,1
BRKMK830,2025-10-07,0.11,0.11,0.11,0.11,1
CSNAV820W4,2025-10-07,0.16,0.16,0.16,0.16,1
ELET6,2025-10-07,54.99,54.45,54.06,54.99,4986
MANA11,2025-10-07,8.73,8.73,8.69,8.73,4483
SMFT3,2025-10-07,25,24.6,24.07,25.15,22443
HBOR3F,2025-10-07,3.84,3.3,3.25,3.84,456
MYPK3,2025-10-07,10.95,10.79,10.76,10.95,5083
XPML11,2025-10-07,106.1,105.17,105.17,106.34,12691
KNHF11,2025-10-07,92.67,92.51,92.02,92.67,5368
VSLH11,2025-10-07,2.63,2.61,2.61,2.64,784
MFII11,2025-10-07,76.88,76.44,76,77.15,1115
RADL3,2025-10-07,18.76,18.48,18.21,18.81,20548
UNIP6F,2025-10-07,74.32,76.4,73.68,76.4,1129
RECR11,2025-10-07,80.05,79.91,79.5,80.28,3520
HGCR11,2025-10-07,94.25,95,93.55,95,5676
LIFE11,2025-10-07,8.15,8.22,8.13,8.22,2268
JSRE11,2025-10-07,61.75,61.83,61.42,61.99,6022
VULC3F,2025-10-07,19.39,19.12,18.95,19.47,1707
EGIEV395,2025-10-07,0.3,0.13,0.13,0.3,4
BRCR11,2025-10-07,43.11,42.96,42.9,43.4,6886
RBRR11,2025-10-07,87.83,87.45,87.17,87.89,7185
HSML11,2025-10-07,83.93,83.4,83.17,83.93,5677
MYPK3F,2025-10-07,11,10.77,10.77,11,844
VLID3F,2025-10-07,20.84,20.62,20.61,20.94,496
MCCI11,2025-10-07,91.9,91.55,89.81,92.14,5518
LIGT3F,2025-10-07,5.25,5.15,5.14,5.26,192
AGRO3,2025-10-07,20.29,20.17,20.1,20.29,1576
SNCI11,2025-10-07,83.5,83.64,83,83.93,731
RADLV180,2025-10-07,0.19,0.26,0.18,0.3,7
MULTK326,2025-10-07,0.07,0.07,0.07,0.07,3
RPRI11,2025-10-07,85.8,85.05,84.86,86.28,166
VLID3,2025-10-07,20.88,20.59,20.58,20.88,1557
TEPP11,2025-10-07,83.04,81.7,81.61,83.04,4003
ELETV55,2025-10-07,1.44,1.73,1.43,1.84,43
RADLV188,2025-10-07,0.42,0.51,0.41,0.68,19
ENEVK165,2025-10-07,0.69,0.58,0.58,0.69,11
FDES11F,2025-10-07,0.44,0.44,0.43,0.44,14
ELETV582,2025-10-07,1.79,2.01,1.75,2.01,13
S2ED34,2025-10-07,5.68,5.48,5.48,5.79,31
EZTCK182,2025-10-07,0.25,0.17,0.17,0.25,5
MULTJ291,2025-10-07,0.12,0.1,0.1,0.12,6
CSNAV829,2025-10-07,0.13,0.17,0.12,0.17,29
WHRL4F,2025-10-07,4.78,4.69,4.69,4.84,83
NSLU11,2025-10-07,203.51,203.61,203.51,208.44,122
SAPRK378,2025-10-07,0.65,0.4,0.33,0.65,11
INLG11,2025-10-07,73.85,73.58,73.51,73.85,120
SNME11,2025-10-07,9.58,9.53,9.53,9.6,67
JSCR11,2025-10-07,8.05,8.02,8.02,8.07,79
IRFM11,2025-10-07,93.72,93.58,93.54,93.72,297
MILSJ123,2025-10-07,0.05,0.03,0.03,0.05,3
EGIEJ441,2025-10-07,0.03,0.03,0.02,0.03,4
TRXY11,2025-10-07,8.96,8.92,8.82,9.05,31
GCRI11,2025-10-07,66.2,66.17,65.58,66.39,182
MYPKA130,2025-10-07,1.49,0.33,0.32,1.49,4
ELETJ485,2025-10-07,3.66,3.4,3.37,3.66,7
T1TW34,2025-10-07,345.29,350,344.7,350,37
WLMM4,2025-10-07,20.24,20.15,20.14,20.24,5
TUPYW125,2025-10-07,0.47,0.45,0.45,0.47,3
BEEFW675,2025-10-07,0.38,0.32,0.32,0.4,4
BDAP11,2025-10-07,11.64,11.64,11.63,11.64,96
CEBR5F,2025-10-07,21.53,23.5,21.53,24.15,46
HGBL11,2025-10-07,8.82,8.85,8.82,9.09,68
ELETW476,2025-10-07,0.26,0.29,0.25,0.29,8
CSNAJ900W4,2025-10-07,0.17,0.17,0.17,0.17,1
NEXT34,2025-10-07,110,111.86,110,112.74,22
CPFEK412,2025-10-07,0.34,0.29,0.29,0.34,2
CSNAJ840W4,2025-10-07,0.44,0.37,0.37,0.46,4
TUPYW120,2025-10-07,0.28,0.28,0.28,0.28,1
ITIP11,2025-10-07,64.54,64.58,64.39,65.02,53
PRNR3F,2025-10-07,16.75,16.13,15.83,16.75,191
ITIT11,2025-10-07,68.41,67.85,67.85,68.47,139
ELETW424,2025-10-07,0.1,0.11,0.09,0.11,4
M1RN34,2025-10-07,7.69,7.32,7.2,7.69,49
EQTLK393,2025-10-07,0.36,0.21,0.21,0.36,2
S2NW34,2025-10-07,32.66,31.6,31.11,32.66,247
FIXA11,2025-10-07,17.92,17.85,17.85,17.92,153
VTLT11,2025-10-07,86.6,86.57,85.95,86.6,325
N2LY34,2025-10-07,108.33,109.5,108.33,109.5,4
ENMT3F,2025-10-07,49,49,49,50.99,12
V2TX34,2025-10-07,24.02,24.08,24,24.08,3
EQTLV353,2025-10-07,0.45,0.58,0.31,0.58,41
CMIGW109,2025-10-07,0.04,0.05,0.04,0.05,7
JHSFW520,2025-10-07,0.01,0.01,0.01,0.01,2
CSNAW929,2025-10-07,0.8,0.92,0.8,0.92,4
CGRA4,2025-10-07,30.6,30.85,30.52,30.85,88
SAPRK328,2025-10-07,3.5,2.92,2.82,3.5,4
MSBR34,2025-10-07,168.98,166.6,165.76,169.82,130
BOBR4,2025-10-07,1.32,1.32,1.32,1.32,8
BRKMV720W2,2025-10-07,0.57,0.52,0.52,0.57,4
N1IS34,2025-10-07,234.14,232.81,232.81,234.86,89
L2RN34,2025-10-07,188.3,185.64,185.45,188.3,62
ENGIJ483,2025-10-07,0.89,0.94,0.87,0.99,54
S1YY34,2025-10-07,212.1,212.31,211.89,213.36,239
MULTJ276,2025-10-07,0.52,0.57,0.52,0.57,12
J2BL34,2025-10-07,135.44,136.11,133.92,136.88,240
RADLK185,2025-10-07,1.14,1.2,1.1,1.2,5
MULTW266,2025-10-07,0.49,0.47,0.46,0.51,66
MULTK311,2025-10-07,0.16,0.16,0.16,0.16,1
BRKMK860,2025-10-07,0.08,0.08,0.08,0.08,1
ODPVB140,2025-10-07,2.13,2.2,2.13,2.2,12
SAPRW348,2025-10-07,0.58,0.8,0.58,0.8,2
EGIEK423,2025-10-07,0.82,0.97,0.79,1.1,126
EZTCW162,2025-10-07,0.65,0.7,0.63,0.71,6
CPFET382,2025-10-07,1,1.08,1,1.08,2
MULTK301,2025-10-07,0.32,0.31,0.29,0.32,7
EGIEJ41,2025-10-07,0.36,0.42,0.2,0.44,17
MYPKW123,2025-10-07,1.17,1.2,1.17,1.24,77
EGIEW373,2025-10-07,0.24,0.19,0.15,0.24,994
P1GR34,2025-10-07,643.84,648.32,643.84,650.88,37
CPLEI90,2025-10-07,4.7,4.66,4.62,4.72,104
ELETA499,2025-10-07,6.55,6.55,6.55,6.55,2
BIED3,2025-10-07,3.12,3.1,3.04,3.18,17
BRKMJ660,2025-10-07,0.37,0.33,0.33,0.39,4
OULG11,2025-10-07,37.4,36.63,36.61,37.4,29
JHSFK660,2025-10-07,0.13,0.12,0.11,0.13,8
AGROW200,2025-10-07,0.38,0.38,0.38,0.38,9
EGIEX383,2025-10-07,0.27,0.25,0.21,0.28,10
EQTLW323,2025-10-07,0.15,0.22,0.15,0.22,10
HSRE11,2025-10-07,98.8,98.81,98,98.81,5
ELETK518,2025-10-07,5.58,5.57,5.57,5.58,2
BRKMW660,2025-10-07,0.46,0.48,0.44,0.48,12
EZTCW147,2025-10-07,0.19,0.19,0.19,0.19,1
ODPVF150,2025-10-07,0.83,0.83,0.83,0.83,1
ELETV3,2025-10-07,0.06,0.06,0.06,0.06,1
TAEEK335,2025-10-07,3.09,2.95,2.95,3.09,3
EGIEW383,2025-10-07,0.37,0.31,0.25,0.37,224
JHSFW660,2025-10-07,0.41,0.42,0.41,0.47,5
ALPAJ102,2025-10-07,0.02,0.03,0.02,0.03,4
BLMO11,2025-10-07,83.34,88.99,82.5,88.99,4
BEEFJ790,2025-10-07,0.31,0.32,0.22,0.32,16
TEXA34,2025-10-07,64.09,63.33,63.33,64.3,13
EQTLK400W1,2025-10-07,0.06,0.05,0.05,0.06,2
EQTLK318,2025-10-07,4.18,4.18,4.18,4.18,1
BEEFH701,2025-10-07,1.1,1.05,1.05,1.13,3
CPLEK996,2025-10-07,2.55,2.48,2.48,2.55,3
TAEEW34,2025-10-07,0.16,0.13,0.13,0.16,2
EGIEK438,2025-10-07,0.4,0.49,0.32,0.5,37
RADLK175,2025-10-07,1.69,1.62,1.62,1.69,8
CSNAJ940W2,2025-10-07,0.01,0.01,0.01,0.01,1
S1NP34,2025-10-07,640.76,635.52,630.5,640.76,5
Z2SC34,2025-10-07,54.16,52.1,51.45,54.16,6
BEEFV701,2025-10-07,0.46,0.38,0.38,0.46,9
BEEFJ681,2025-10-07,0.13,0.15,0.09,0.15,7
JHSFV597,2025-10-07,0.06,0.04,0.04,0.06,3
CSNAK959,2025-10-07,0.14,0.14,0.14,0.14,1
EGIEK428,2025-10-07,0.78,0.76,0.59,0.86,165
ENGIV495,2025-10-07,1.4,1.4,1.4,1.4,1
EGIEW428,2025-10-07,2.08,1.87,1.79,2.16,148
EZTCK185,2025-10-07,0.1,0.1,0.1,0.1,1
LEVEW280,2025-10-07,0.99,0.99,0.99,0.99,1
HOSI11,2025-10-07,84.3,85,84.3,85,3
CTSA4,2025-10-07,2.35,2.35,2.35,2.35,5
CSNAV779,2025-10-07,0.05,0.05,0.05,0.05,1
SCAR3F,2025-10-07,21.15,21.27,21.12,21.99,195
EDFO11,2025-10-07,111.01,115,111.01,115.02,6
EGIEJ446,2025-10-07,0.02,0.02,0.02,0.02,1
SAPRV336,2025-10-07,0.1,0.1,0.09,0.1,3
CPFEV372,2025-10-07,0.15,0.16,0.15,0.16,2
SMFTV253,2025-10-07,1.24,1.23,1.23,1.24,3
TAEEJ361,2025-10-07,0.94,0.85,0.85,0.94,11
ELETJ562,2025-10-07,1.33,1.02,0.95,1.33,31
CPLEJ115,2025-10-07,0.43,0.2,0.2,0.43,11
W1MB34,2025-10-07,337.28,338.84,337.28,340.68,35
TUPYW115,2025-10-07,0.18,0.18,0.18,0.18,1
RADLJ163,2025-10-07,2.13,2.13,2.13,2.13,1
CSNAV740W2,2025-10-07,0.01,0.01,0.01,0.01,3
BEEFK645,2025-10-07,0.54,0.56,0.48,0.56,4
EQTLJ388,2025-10-07,0.02,0.02,0.02,0.02,3
VULCV209,2025-10-07,0.36,0.39,0.36,0.39,4
VULCV199,2025-10-07,0.09,0.09,0.09,0.09,1
ELETK510,2025-10-07,2.72,2.57,2.57,2.72,16
ALPAK117,2025-10-07,0.07,0.1,0.07,0.1,2
L2PL34,2025-10-07,94.23,94.23,94.23,94.23,1
CMIGL131,2025-10-07,0.09,0.08,0.08,0.09,6
UNIPL790,2025-10-07,2,2,2,2,1
BRKMV940,2025-10-07,2.71,2.71,2.71,2.71,1
CSNAW859,2025-10-07,0.42,0.48,0.42,0.5,6
BEEFJ571,2025-10-07,0.97,0.92,0.91,1.01,42
CSNAQ800,2025-10-07,0.6,0.54,0.53,0.6,63
BRKMW520,2025-10-07,0.1,0.1,0.09,0.1,7
SAPRJ381,2025-10-07,0.05,0.03,0.03,0.05,5
DAYM11,2025-10-07,4.39,4.39,4.37,4.39,76
ELETK464,2025-10-07,5.92,5.9,5.9,5.92,2
ELETV515,2025-10-07,0.06,0.06,0.06,0.06,2
Y2PF34,2025-10-07,131.17,129.61,128.96,131.17,6
ENGIV486,2025-10-07,0.27,0.51,0.27,0.51,3
CSNAX700,2025-10-07,0.1,0.1,0.1,0.1,1
ELETV44,2025-10-07,0.03,0.03,0.03,0.03,1
BRKMJ650,2025-10-07,0.47,0.39,0.39,0.47,3
PNVLJ965,2025-10-07,0.03,0.03,0.03,0.03,6
MDIAJ278,2025-10-07,0.34,0.34,0.34,0.34,1
CMIGO115,2025-10-07,0.32,0.32,0.32,0.32,1
EURO11,2025-10-07,263.97,264,263.97,266,12
MDIAV285,2025-10-07,1.28,1.45,1.28,1.45,3
CLSC3,2025-10-07,98.42,98.42,98.42,98.42,1
ELETX469,2025-10-07,0.56,0.55,0.55,0.56,4
HRDF11,2025-10-07,4.54,4.51,4.51,4.54,9
ROMIA900,2025-10-07,0.25,0.24,0.24,0.25,12
RANIJ832,2025-10-07,0.48,0.38,0.36,0.48,4
BEEFK785,2025-10-07,0.08,0.08,0.08,0.08,2
TOTSJ422,2025-10-07,2.05,2.05,2.05,2.05,1
EQTLM348,2025-10-07,0.9,0.9,0.9,0.9,1
M2PR34,2025-10-07,84.15,84.15,84.15,84.15,1
EGIEV390W4,2025-10-07,0.2,0.2,0.2,0.2,1
EQTLJ368,2025-10-07,0.18,0.13,0.13,0.18,16
CPLEK138,2025-10-07,0.04,0.04,0.04,0.04,1
ELETJ592,2025-10-07,0.14,0.14,0.14,0.14,1
CPFEV369,2025-10-07,0.12,0.09,0.09,0.13,5
SMFTW228,2025-10-07,0.42,0.42,0.42,0.42,1
CSNAV780W2,2025-10-07,0.02,0.01,0.01,0.02,3
W1BO34,2025-10-07,16.82,16.82,16.82,16.82,1
EQTLW360,2025-10-07,1.19,1.19,1.19,1.21,3
ELETW49,2025-10-07,0.84,0.84,0.84,0.84,10
RZLC11,2025-10-07,1003.08,1003.08,1003.08,1003.08,1
CPLEX119,2025-10-07,0.19,0.23,0.19,0.23,4
ELETV552,2025-10-07,0.4,0.51,0.4,0.51,12
CSNAX850,2025-10-07,0.51,0.51,0.51,0.51,1
BRKMW410,2025-10-07,0.04,0.04,0.04,0.04,1
CMIGV123,2025-10-07,0.49,0.58,0.49,0.58,11
EGIEK426,2025-10-07,0.72,0.85,0.67,0.96,21
EQTLK390,2025-10-07,0.25,0.23,0.23,0.25,4
CSNAW739,2025-10-07,0.12,0.12,0.12,0.12,1
N1WG34,2025-10-07,78.16,77.68,77.68,78.16,3
BRKMV650,2025-10-07,0.2,0.2,0.2,0.2,1
BEEFJ521,2025-10-07,1.46,1.46,1.46,1.46,1
JHSFJ707,2025-10-07,0.04,0.04,0.04,0.04,2
ELETV478,2025-10-07,0.05,0.05,0.05,0.05,1
BRKMV700W2,2025-10-07,0.42,0.29,0.28,0.42,6
BEEFW715,2025-10-07,0.6,0.62,0.6,0.62,2
CPFEK397,2025-10-07,0.74,0.75,0.74,0.75,2
MDIAK310,2025-10-07,0.4,0.4,0.4,0.4,1
WTSP11,2025-10-07,58.75,58.75,58.75,58.75,3
EGIEJ405W2,2025-10-07,0.27,0.27,0.27,0.27,1
GRNDJ590,2025-10-07,0.01,0.01,0.01,0.01,1
RADLX158,2025-10-07,0.28,0.28,0.28,0.28,1
ELETT540,2025-10-07,1.7,1.67,1.65,1.7,4
RADLJ185W4,2025-10-07,0.82,0.68,0.68,0.82,2
UNIPK730,2025-10-07,4.57,3.95,3.95,4.57,2
VULCW196,2025-10-07,0.67,0.67,0.67,0.67,1
COCE3F,2025-10-07,33.9,33.9,33.9,33.9,1
CSNAM800,2025-10-07,0.31,0.35,0.31,0.35,2
ELETW5,2025-10-07,0.75,0.73,0.73,0.75,2
TOTSW448,2025-10-07,2.13,2.01,1.99,2.13,3
TAEEX366,2025-10-07,0.76,0.69,0.69,0.76,3
BRKMJ760,2025-10-07,0.06,0.07,0.06,0.08,8
PSKY34,2025-10-07,100.57,98,98,100.57,3
V2EE34,2025-10-07,54.25,54.25,54.25,54.25,1
CSNAW117,2025-10-07,3.1,3.11,3.1,3.11,3
MULTK291,2025-10-07,0.63,0.63,0.63,0.63,1
ROMIW830,2025-10-07,0.38,0.41,0.38,0.41,7
TAEEX361,2025-10-07,0.53,0.52,0.52,0.53,2
N1UE34,2025-10-07,60.41,60.41,60.41,60.41,1
EQTLV373,2025-10-07,1.59,1.59,1.59,1.59,2
ROMIX770,2025-10-07,0.14,0.14,0.14,0.14,1
ONDV11,2025-10-07,10,10,10,10,4
BEEFV681,2025-10-07,0.23,0.26,0.23,0.26,2
BEEFV680W2,2025-10-07,0.2,0.2,0.2,0.2,1
MULTJ311,2025-10-07,0.01,0.01,0.01,0.01,1
CMIGX114W4,2025-10-07,0.61,0.61,0.61,0.61,1
ELETL56,2025-10-07,0.94,0.95,0.94,1.01,8
RADLL233,2025-10-07,0.21,0.18,0.18,0.21,6
CMIGP100,2025-10-07,0.07,0.07,0.07,0.07,3
ENGIJ541,2025-10-07,0.03,0.03,0.03,0.03,1
CMIGJ110W4,2025-10-07,0.2,0.19,0.19,0.2,3
BRKMC900,2025-10-07,0.32,0.26,0.26,0.32,2
CSNAW979,2025-10-07,1.2,1.2,1.15,1.2,28
BRKMJ720W4,2025-10-07,0.17,0.2,0.17,0.2,2
ELETK55,2025-10-07,2.29,2.24,2.2,2.33,18
EZTCK177,2025-10-07,0.26,0.26,0.26,0.26,1
ELETK54,2025-10-07,2.78,2.78,2.78,2.78,1
RADLL203,2025-10-07,0.75,0.73,0.73,0.75,2
JHSFK680,2025-10-07,0.07,0.09,0.07,0.09,5
HBORW390,2025-10-07,0.59,0.59,0.59,0.59,1
BRKMJ820,2025-10-07,0.02,0.03,0.02,0.03,3
ELETJ465,2025-10-07,10.25,10.24,10.24,10.25,4
ELETK514,2025-10-07,4.74,4.68,4.6,4.74,3
EGIEX440,2025-10-07,1.3,1.3,1.3,1.3,1
BRKMJ940,2025-10-07,0.02,0.01,0.01,0.02,2
ELETW472,2025-10-07,0.17,0.16,0.16,0.17,2
MULTJ246,2025-10-07,3.05,3,3,3.05,5
CSNAK939,2025-10-07,0.21,0.23,0.21,0.23,3
KEVE11,2025-10-07,850.02,850.02,850.02,850.02,1
TAEEW335,2025-10-07,0.1,0.1,0.1,0.1,1
BRKMW760,2025-10-07,1.1,1.1,1.1,1.1,1
UBSG34,2025-10-07,217.8,217.8,217.8,217.8,1
M1KC34,2025-10-07,89.9,89.9,89.9,89.9,5
ALPAL159,2025-10-07,0.03,0.03,0.03,0.03,1
VLIDW206,2025-10-07,0.69,0.69,0.69,0.69,1
BEEFL791,2025-10-07,0.13,0.13,0.13,0.13,1
GRNDK510,2025-10-07,0.22,0.21,0.21,0.22,2
CSNAK889,2025-10-07,0.41,0.43,0.41,0.43,2
ELETV6,2025-10-07,0.1,0.1,0.1,0.1,1
MYPKK133,2025-10-07,0.02,0.04,0.02,0.04,13
BRKMW580,2025-10-07,0.19,0.19,0.19,0.19,1
CSNAW949,2025-10-07,0.9,0.9,0.9,0.9,1
ELETV493,2025-10-07,0.09,0.09,0.09,0.09,1
MULTL271,2025-10-07,1.95,1.95,1.95,1.95,1
ELETJ466,2025-10-07,7.1,7.1,7.1,7.1,1
ELETJ7,2025-10-07,2.37,2.37,2.37,2.37,1
LEVEV275,2025-10-07,0.38,0.38,0.38,0.38,1
N1VS34,2025-10-07,70.35,70.35,70.35,70.35,1
ELETK605,2025-10-07,0.14,0.13,0.13,0.14,2
PLRI11,2025-10-07,9.71,9.71,9.71,9.71,1
HBORW30,2025-10-07,0.07,0.07,0.07,0.07,1
VULCJ229,2025-10-07,0.02,0.02,0.02,0.02,1
XPCI11,2025-10-07,84.15,84.16,83.98,84.84,4358
CPLE6F,2025-10-07,12.45,12.3,12.22,12.51,2439
XPLG11,2025-10-07,100.2,100.17,99.6,100.35,4349
HGRE11,2025-10-07,118.93,117.63,115.56,118.93,5107
PMLL11,2025-10-07,100.21,100,99.57,100.21,4850
ENGI4F,2025-10-07,8.94,8.94,8.9,9.09,92
AZEV4,2025-10-07,0.42,0.41,0.4,0.43,574
HBOR3,2025-10-07,3.71,3.21,3.21,3.74,5857
TAEE11F,2025-10-07,36.3,35.95,35.93,36.35,3999
ELETJ533,2025-10-07,0.52,0.3,0.28,0.52,12
BTHF11,2025-10-07,8.74,8.7,8.68,8.76,6241
TGAR11,2025-10-07,85.52,85.77,85.3,86.59,7342
VCJR11,2025-10-07,77.6,76.56,76.31,77.6,7050
ENEV3,2025-10-07,16.31,16.08,16.03,16.38,16658
CSNA3F,2025-10-07,8.7,8.44,8.4,8.73,1106
EGIE3,2025-10-07,39.88,40.15,39.68,40.79,14513
ROXO34,2025-10-07,13.66,13.6,13.39,13.85,15284
RBRY11,2025-10-07,95.54,95.58,95.16,95.75,7353
SAPR3,2025-10-07,7.76,7.49,7.39,7.77,542
BRCO11,2025-10-07,115.43,114.56,114.14,115.43,2816
M1TA34,2025-10-07,136.38,136.74,134.8,137.07,1176
GAME11,2025-10-07,8.49,8.44,8.42,8.49,882
ODPV3,2025-10-07,13.36,13.46,13.27,13.51,4265
AIEC11,2025-10-07,51.23,51.27,51.14,51.27,748
TVRI11,2025-10-07,94.2,93.5,93.3,94.5,1284
CSNAK789,2025-10-07,1.02,1.02,1.02,1.02,1
EVEN3,2025-10-07,7.24,7.13,7.01,7.27,4512
KNHY11,2025-10-07,99.93,99.62,99.52,100.39,9633
KCRE11,2025-10-07,8.42,8.43,8.4,8.43,1008
BRKMJ680,2025-10-07,0.23,0.26,0.23,0.32,12
PRNR3,2025-10-07,16.59,15.91,15.81,16.59,1850
SARE11,2025-10-07,4.7,4.72,4.7,4.77,602
RBHY11,2025-10-07,74.39,74.34,74.22,74.59,74
CSNAW849,2025-10-07,0.39,0.41,0.38,0.45,14
MULT3F,2025-10-07,27.92,27.41,27.18,27.92,871
Q2SC34,2025-10-07,28.4,27.47,26.89,29,47
RZAT11,2025-10-07,90.82,91.28,90.82,91.52,395
UNHH34,2025-10-07,27.64,27.76,27.35,27.86,191
CSNAK859,2025-10-07,0.6,0.48,0.46,0.6,37
FIVN11,2025-10-07,4.53,4.83,4.49,4.85,77
HABT11,2025-10-07,75.96,74.99,74.7,75.96,3486
ELETJ448,2025-10-07,8.9,8.35,8.35,8.9,4
JSAF11,2025-10-07,7.4,7.33,7.28,7.4,2810
ELETW455,2025-10-07,0.06,0.07,0.06,0.07,2
CPLET90,2025-10-07,0.05,0.04,0.03,0.05,17
XPCM11,2025-10-07,10.05,9.99,9.99,10.43,66
TOTSJ447,2025-10-07,0.52,0.5,0.5,0.55,9
NIKE34,2025-10-07,38.05,36.89,36.81,38.05,325
CSNAJ849,2025-10-07,0.31,0.21,0.21,0.34,102
ELETK570,2025-10-07,0.58,0.44,0.4,0.66,14
CSNAV860W2,2025-10-07,0.17,0.25,0.14,0.25,14
CXCO11,2025-10-07,58.6,58.7,58,59.74,129
CPLEJ13,2025-10-07,0.03,0.02,0.01,0.03,17
IRIM11,2025-10-07,66.56,66.42,65.71,66.56,34
M2ST34,2025-10-07,27.2,25.3,25.1,27.35,1636
RECT11,2025-10-07,34.23,33.95,33.87,34.23,353
EGIEW390,2025-10-07,0.32,0.25,0.25,0.33,34
CSNAJ909,2025-10-07,0.1,0.06,0.06,0.1,7
MULTV286,2025-10-07,1.1,1.02,0.99,1.1,4
CSNAK117,2025-10-07,0.02,0.02,0.02,0.02,1
RDNI3,2025-10-07,2.1,2.02,2.01,2.1,17
MULTX256,2025-10-07,0.38,0.37,0.37,0.38,2
S1TX34,2025-10-07,1267.45,1204.77,1191.74,1303.96,27
HGIC11,2025-10-07,68.4,65.16,65.16,68.4,19
MNDL3,2025-10-07,17.85,18.09,17.5,18.1,21
HAGA3F,2025-10-07,1.89,1.77,1.75,1.89,11
ELETK595,2025-10-07,0.2,0.16,0.16,0.21,7
IDKA11,2025-10-07,55.58,55.17,55.08,55.58,116
BEEFK765,2025-10-07,0.09,0.1,0.09,0.1,10
JFLL11,2025-10-07,68.73,67.47,67.43,68.73,39
TELB3F,2025-10-07,10.41,10.36,10.2,10.75,15
EGIEV401,2025-10-07,0.35,0.21,0.2,0.35,10
TUPYV130,2025-10-07,0.43,0.43,0.43,0.43,1
CSNAW899,2025-10-07,0.62,0.62,0.62,0.62,2
INRD11,2025-10-07,74,74.47,73.02,74.47,39
CSNAV749,2025-10-07,0.03,0.03,0.02,0.03,5
BRKMJ740,2025-10-07,0.1,0.09,0.07,0.1,9
DOHL4F,2025-10-07,3.75,3.75,3.75,3.94,6
CGAS3F,2025-10-07,124.99,125,122.97,125,14
DOHL4,2025-10-07,3.95,3.95,3.95,3.95,2
CXCI11,2025-10-07,67.1,67.28,67.05,67.28,57
CMIGW116,2025-10-07,0.18,0.21,0.18,0.23,35
VULCV205,2025-10-07,0.18,0.18,0.18,0.18,1
CSNAV909,2025-10-07,0.56,0.67,0.56,0.68,9
ALPAW991,2025-10-07,0.74,0.74,0.74,0.74,1
TAEEJ386,2025-10-07,0.02,0.01,0.01,0.02,4
PATC11,2025-10-07,39.35,38.95,38.95,39.35,58
ENGIK541,2025-10-07,0.53,0.38,0.38,0.53,2
ENMT4,2025-10-07,50,50,50,50,1
CPUR11,2025-10-07,10.56,10.55,10.39,10.56,24
MOAR3,2025-10-07,73.9,74,73.9,74,3
CMIGS111,2025-10-07,0.23,0.24,0.23,0.24,2
TAEEK386,2025-10-07,0.37,0.29,0.29,0.38,13
UNIP5F,2025-10-07,72.5,74.49,71.21,74.49,48
W1EL34,2025-10-07,455.4,462.04,455.4,462.29,3
HGBR11,2025-10-07,50.73,50.29,50.23,50.73,36
VSHO11,2025-10-07,74,73.99,73,74,45
AFLT3F,2025-10-07,7.29,7.42,7.26,7.42,22
HCHG11,2025-10-07,78.31,77.85,73.31,78.31,24
S2TA34,2025-10-07,39.19,38.72,38.52,39.19,8
FAED11,2025-10-07,152,152.89,151.99,153.88,30
PATA11,2025-10-07,10,9.99,9.07,10,6
FVPQ11,2025-10-07,65.85,66.15,65.85,66.6,29
IBBP11,2025-10-07,7.5,7.5,7.5,7.5,7
EGIEW398,2025-10-07,0.71,0.59,0.5,0.71,276
RANIK120,2025-10-07,0.47,0.56,0.47,0.6,10
BEEFJ741,2025-10-07,0.02,0.02,0.02,0.02,7
EGIEV41,2025-10-07,1.25,1.24,0.85,1.28,50
M2RV34,2025-10-07,47.99,46.51,46.02,47.99,25
EQTLV343,2025-10-07,0.16,0.23,0.16,0.23,11
EALT3,2025-10-07,12.38,12.21,12.21,12.7,9
BEEFV671,2025-10-07,0.23,0.17,0.17,0.23,12
P1DD34,2025-10-07,70.99,70.7,70.7,71.75,15
EQTLV350,2025-10-07,0.4,0.45,0.28,0.45,26
SAPRW338,2025-10-07,0.34,0.46,0.34,0.46,8
EGIEK383,2025-10-07,3.3,3.56,3.3,3.87,187
EGIEW443,2025-10-07,3.2,2.94,2.8,3.2,11
BEEFL800,2025-10-07,0.5,0.58,0.5,0.58,8
EGIEK448,2025-10-07,0.27,0.24,0.18,0.32,24
TAEEJ346,2025-10-07,2.39,2.2,2.2,2.4,6
ZIFI11,2025-10-07,506.7,520,505,520,9
ELETJ565,2025-10-07,4.06,3.81,3.81,4.06,3
NVHO11,2025-10-07,12.12,12.59,12.12,12.59,5
PDBM11,2025-10-07,115,115,115,115,1
LMTB34,2025-10-07,2741.1,2741.1,2741.1,2741.1,1
ODPVK138,2025-10-07,0.37,0.37,0.37,0.37,1
ALPAW911,2025-10-07,0.38,0.41,0.38,0.43,15
CSNAK969,2025-10-07,0.16,0.13,0.13,0.16,3
R2BL34,2025-10-07,66.8,68.53,65.54,68.53,38
TAEEV366,2025-10-07,0.21,0.21,0.15,0.27,20
CMIGJ130,2025-10-07,0.01,0.01,0.01,0.01,1
ELETJ510,2025-10-07,1.41,1.3,1.26,1.41,8
SAPRW333,2025-10-07,0.28,0.28,0.28,0.28,1
MELIN121,2025-10-07,23.15,23.15,23.15,23.15,1
MULTK281,2025-10-07,1.06,1.02,0.98,1.06,4
JHSFK620,2025-10-07,0.25,0.29,0.25,0.3,4
RIGG34,2025-10-07,18.35,18.54,18.19,18.54,14
TOTSV437,2025-10-07,0.66,0.78,0.66,0.8,6
BRKMV500,2025-10-07,0.02,0.02,0.02,0.02,1
EGIEV426,2025-10-07,1.38,1.35,1.23,1.38,4
ELETW498,2025-10-07,0.2,0.22,0.2,0.22,2
EQTLW345,2025-10-07,0.64,0.68,0.64,0.68,3
BRKMN700,2025-10-07,0.93,0.93,0.93,0.93,1
RRCI11,2025-10-07,79.6,79.01,79.01,79.6,4
URHF11,2025-10-07,78.88,76.49,75,78.88,19
ZAGH11,2025-10-07,10.03,10.04,9.8,10.04,10
EQTLW318,2025-10-07,0.16,0.17,0.16,0.17,2
CSNAK909,2025-10-07,0.3,0.27,0.27,0.3,2
CMIGW119,2025-10-07,0.28,0.32,0.28,0.33,24
RADLV198,2025-10-07,1.31,1.2,1.2,1.52,3
BRKMW780,2025-10-07,1.26,1.27,1.26,1.27,2
CPLEW123,2025-10-07,0.23,0.29,0.23,0.31,9
ENGIK481,2025-10-07,3.15,3.15,3.15,3.15,1
ROXOA135,2025-10-07,1.46,1.46,1.46,1.46,2
TOTSJ442,2025-10-07,0.69,0.65,0.55,0.7,7
BEEFK665,2025-10-07,0.44,0.43,0.36,0.45,6
RANIW842,2025-10-07,0.09,0.12,0.09,0.12,4
EGIEW385W1,2025-10-07,0.32,0.3,0.3,0.32,2
BEEFK625,2025-10-07,0.69,0.7,0.58,0.7,16
ENEVJ142,2025-10-07,1.97,1.93,1.93,1.98,4
CSNAJ880W2,2025-10-07,0.08,0.03,0.03,0.08,14
RADLV183,2025-10-07,0.27,0.37,0.27,0.43,7
UPAC34,2025-10-07,311,311,311,311,1
TUPYL892,2025-10-07,4,4,4,4,1
JHSFJ570,2025-10-07,0.5,0.54,0.5,0.54,3
EGIEJ436,2025-10-07,0.08,0.07,0.07,0.08,4
ENGIJ471,2025-10-07,2.75,2.75,2.75,2.75,1
CSNAV840W2,2025-10-07,0.07,0.11,0.07,0.14,5
TAEEX371,2025-10-07,0.9,1.04,0.9,1.06,12
BRKMX770,2025-10-07,1.01,1.26,1.01,1.26,2
CPLEJ12,2025-10-07,0.45,0.4,0.33,0.45,5
SAPRW343,2025-10-07,0.4,0.6,0.4,0.6,3
ALPAX880,2025-10-07,0.3,0.3,0.3,0.3,1
CPFEJ399,2025-10-07,0.11,0.08,0.08,0.11,3
CMIGK134,2025-10-07,0.02,0.02,0.02,0.02,1
CSNAW879,2025-10-07,0.53,0.57,0.53,0.59,3
PACL11,2025-10-07,100.91,100.91,100.91,100.91,1
BRKMV720W5,2025-10-07,0.67,0.75,0.66,0.75,4
BRKMV840,2025-10-07,1.67,1.7,1.62,1.75,7
ELETK471,2025-10-07,7.26,6.98,6.98,7.26,2
AZEV11F,2025-10-07,0.07,0.07,0.07,0.09,6
CMIGL2,2025-10-07,0.36,0.32,0.32,0.36,3
TAEEK406,2025-10-07,0.05,0.05,0.05,0.05,2
ELETJ6,2025-10-07,3.94,3.94,3.94,3.94,1
ELETK56,2025-10-07,1.8,1.53,1.53,1.8,10
TLNC34,2025-10-07,26.46,26.73,26.46,26.73,6
R1HI34,2025-10-07,180.9,178,178,180.9,2
ELETJ468,2025-10-07,6.5,6.5,6.5,6.5,1
MDIAV268,2025-10-07,0.3,0.3,0.3,0.3,1
MDIAJ290,2025-10-07,0.06,0.06,0.06,0.06,1
VLIDK206,2025-10-07,1.02,1.02,1.02,1.02,1
SAPRV351,2025-10-07,0.39,0.61,0.39,0.61,4
ENEVJ170,2025-10-07,0.08,0.06,0.06,0.08,5
BRKMW740,2025-10-07,0.95,0.94,0.86,0.99,16
JHSFJ627,2025-10-07,0.11,0.08,0.08,0.11,7
CSNAJ809,2025-10-07,0.65,0.5,0.48,0.65,8
ELETK505,2025-10-07,2.9,2.9,2.9,2.9,1
RADLJ203,2025-10-07,0.05,0.04,0.04,0.05,8
GSHP3F,2025-10-07,2.73,2.95,2.73,2.95,3
RADLW180,2025-10-07,0.61,0.76,0.61,0.76,6
ELETW487,2025-10-07,0.29,0.3,0.28,0.3,4
CMIGK111,2025-10-07,0.83,0.81,0.81,0.83,3
RANIJ823,2025-10-07,0.7,0.7,0.7,0.7,1
SAPRK393,2025-10-07,0.2,0.22,0.2,0.22,2
EZTCV147,2025-10-07,0.03,0.03,0.03,0.03,1
CSNAV800W2,2025-10-07,0.03,0.03,0.03,0.03,3
MYPKV118,2025-10-07,0.68,0.68,0.68,0.68,1
ELETW524,2025-10-07,0.97,0.97,0.97,0.97,1
RADLX145,2025-10-07,0.14,0.14,0.14,0.14,1
SOND5,2025-10-07,44.3,44.3,44.3,44.3,1
MULTK261,2025-10-07,2.25,2.27,2.17,2.33,4
BRKMV680W2,2025-10-07,0.26,0.24,0.24,0.26,2
ENEVK167,2025-10-07,0.47,0.47,0.47,0.47,1
BEEFW765,2025-10-07,1.01,1.01,1.01,1.01,2
MULTV291,2025-10-07,1.44,1.52,1.39,1.65,7
BEEFJ631,2025-10-07,0.37,0.35,0.35,0.37,8
CMIGX118,2025-10-07,0.4,0.4,0.4,0.41,6
P2AX34,2025-10-07,36.99,36.99,36.99,36.99,1
PNVLJ985,2025-10-07,0.03,0.03,0.03,0.03,1
W1MC34,2025-10-07,579.42,581.82,579.42,581.82,3
ROMIM900,2025-10-07,0.65,0.63,0.63,0.65,12
MWET4F,2025-10-07,10.06,10.06,10.06,10.06,1
ELETJ543,2025-10-07,0.17,0.14,0.14,0.17,3
OCRE11,2025-10-07,93.99,93.99,93.99,93.99,3
BRKMJ990,2025-10-07,0.01,0.01,0.01,0.01,1
BEEFJ700W2,2025-10-07,0.02,0.02,0.02,0.02,3
HETA4F,2025-10-07,4.61,4.61,4.61,4.61,2
EQTLK388,2025-10-07,0.34,0.27,0.27,0.34,3
ELETW452,2025-10-07,0.13,0.14,0.13,0.14,2
BRKMK800,2025-10-07,0.18,0.15,0.15,0.18,4
MULTK276,2025-10-07,1.21,1.27,1.21,1.28,4
HPDP11,2025-10-07,91.07,91.06,89,91.07,5
BRKMJ840,2025-10-07,0.02,0.02,0.02,0.02,8
ROMIK850,2025-10-07,0.15,0.15,0.15,0.15,1
CPLEJ118,2025-10-07,0.63,0.55,0.55,0.63,2
CMIGV110,2025-10-07,0.02,0.02,0.02,0.02,2
BRKMV950,2025-10-07,2.75,2.81,2.75,2.81,2
MULTK256,2025-10-07,2.68,2.68,2.68,2.68,1
ALPAV951,2025-10-07,0.3,0.35,0.3,0.35,2
BRKMV740W2,2025-10-07,0.65,0.75,0.64,0.75,3
TOTSW433,2025-10-07,1.27,1.27,1.27,1.27,1
VULCK221,2025-10-07,0.21,0.13,0.13,0.21,2
ELETW453,2025-10-07,0.05,0.07,0.05,0.07,4
CPLEG110,2025-10-07,2.46,2.39,2.39,2.46,2
CPLER927,2025-10-07,0.03,0.03,0.03,0.03,2
MULTW276,2025-10-07,0.89,0.79,0.79,0.89,3
EGIEL403,2025-10-07,1,2,1,2,2
ALPAW871,2025-10-07,0.25,0.25,0.25,0.25,1
CPLEH90,2025-10-07,4.65,4.64,4.64,4.65,2
ELETJ578,2025-10-07,0.03,0.02,0.02,0.03,8
BEEFW585,2025-10-07,0.07,0.07,0.07,0.07,1
BRKMK720,2025-10-07,0.36,0.36,0.36,0.36,1
ELETK480,2025-10-07,4.86,4.85,4.85,4.95,7
CGAS5,2025-10-07,129.89,128,128,130,6
JHSFJ597,2025-10-07,0.29,0.29,0.29,0.29,1
BEEFL581,2025-10-07,1,1,1,1,1
CEDO4,2025-10-07,12.21,11.9,11.9,12.25,4
TUPYV160,2025-10-07,3.35,3.35,3.35,3.35,1
ELETV48,2025-10-07,0.13,0.14,0.11,0.14,3
BRKMW690,2025-10-07,0.64,0.64,0.64,0.64,1
JHSFK600,2025-10-07,0.38,0.38,0.38,0.38,1
SAPRK338,2025-10-07,2.4,2.4,2.4,2.4,1
ELETP452,2025-10-07,0.4,0.4,0.4,0.4,1
EGIEW418,2025-10-07,1.53,1.47,1.29,1.55,60
TAEEX341,2025-10-07,0.15,0.16,0.15,0.16,2
N1GG34,2025-10-07,65.94,65.94,65.94,65.94,1
SMFTX223,2025-10-07,0.34,0.34,0.34,0.34,1
BRKMV680,2025-10-07,0.31,0.31,0.27,0.31,5
TAEEX356,2025-10-07,0.4,0.39,0.39,0.4,2
MULTW296,2025-10-07,1.99,1.87,1.87,1.99,3
HETA4,2025-10-07,4.52,4.51,4.51,4.52,2
ELETJ46,2025-10-07,5.5,5.4,5.4,5.5,2
TUPYK125,2025-10-07,0.8,0.8,0.8,0.8,1
MULTV256,2025-10-07,0.06,0.06,0.06,0.06,1
ENGIL526,2025-10-07,2.2,2.2,2.2,2.2,1
ELETJ552,2025-10-07,1.91,1.86,1.85,1.91,7
SLBG34,2025-10-07,91.71,92.52,91.71,92.52,2
RADLK233,2025-10-07,0.09,0.09,0.09,0.09,1
ENEVJ180,2025-10-07,0.02,0.02,0.02,0.02,1
ENEVK152,2025-10-07,1.42,1.42,1.42,1.42,1
ELETK565,2025-10-07,0.53,0.53,0.53,0.53,1
BEEFN661,2025-10-07,0.52,0.52,0.52,0.52,1
BRKMW700W2,2025-10-07,0.63,0.61,0.61,0.63,2
EGIEJ395,2025-10-07,1.91,1.91,1.91,1.91,1
BRKMK770W2,2025-10-07,0.18,0.19,0.18,0.19,2
BRKMV700W4,2025-10-07,0.5,0.48,0.48,0.5,2
SMFTJ243,2025-10-07,0.85,0.85,0.85,0.85,1
SAPRK408,2025-10-07,0.08,0.08,0.08,0.08,1
ELETJ458,2025-10-07,8.1,7.96,7.96,8.1,2
ELETJ428,2025-10-07,10.99,10.99,10.99,10.99,1
ENEVJ150,2025-10-07,1.28,1.28,1.28,1.28,1
EGIEJ456,2025-10-07,0.01,0.01,0.01,0.01,1
CSNAK899,2025-10-07,0.36,0.35,0.35,0.41,4
MDIAK305,2025-10-07,0.45,0.45,0.45,0.45,1
SAPRW363,2025-10-07,1.29,1.32,1.29,1.32,2
BEEFJ496,2025-10-07,1.75,1.76,1.75,1.77,9
EQTLJ370W2,2025-10-07,0.02,0.02,0.02,0.02,1
ENGIJ441,2025-10-07,5.57,5.58,5.57,5.58,3
MULTJ301,2025-10-07,0.02,0.02,0.02,0.02,2
MDIAK315,2025-10-07,0.34,0.34,0.34,0.34,1
EVENJ660,2025-10-07,0.55,0.55,0.55,0.55,1
CSNAV158,2025-10-07,7.32,7.32,7.32,7.32,2
ELETV47,2025-10-07,0.06,0.07,0.06,0.08,4
ELETK452,2025-10-07,8.9,8.9,8.9,8.9,1
BRKMK500,2025-10-07,1.78,1.78,1.78,1.78,1
BEEFH660,2025-10-07,2.1,2.1,2.1,2.1,1
PRSN11,2025-10-07,0.98,0.98,0.98,0.98,1
BEEFW105,2025-10-07,3.69,3.69,3.69,3.69,1
CSNAV929,2025-10-07,0.73,0.73,0.73,0.73,1
ELETV543,2025-10-07,2.67,2.67,2.67,2.67,1
MULTV278,2025-10-07,0.62,0.63,0.61,0.63,3
BEEFV620W4,2025-10-07,0.07,0.07,0.07,0.07,1
SAPRJ371,2025-10-07,0.17,0.1,0.1,0.17,3
PNVLK103,2025-10-07,0.12,0.12,0.12,0.12,1
MYPKE13,2025-10-07,0.83,0.83,0.83,0.83,1
ELETX507,2025-10-07,1.36,1.36,1.36,1.36,1
MACY34,2025-10-07,98.4,98.4,98.4,98.4,1
ELETW460W1,2025-10-07,0.19,0.21,0.18,0.21,3
ROMIW810,2025-10-07,0.32,0.32,0.32,0.32,1
ELETV485,2025-10-07,0.14,0.14,0.14,0.14,1
MXRF11,2025-10-07,9.63,9.61,9.58,9.65,35981
KNSC11,2025-10-07,8.67,8.66,8.63,8.69,12784
ELET3,2025-10-07,52,51.59,51.24,52.19,18183
RGTI34,2025-10-07,232.99,238.22,217.72,246.6,981
KNCR11,2025-10-07,104.2,103.77,103.69,104.26,17531
PYPL34,2025-10-07,19.92,20,19.58,20.16,389
BEEF3,2025-10-07,6.6,6.69,6.55,6.72,9600
ELETW481,2025-10-07,0.29,0.33,0.27,0.34,6
TUPY3,2025-10-07,12.79,12.59,12.59,12.8,3103
LFTB11,2025-10-07,111.83,111.84,111.81,111.9,2307
BEEF3F,2025-10-07,6.66,6.7,6.55,6.72,1162
PFIZ34,2025-10-07,35,35,34.89,35.4,296
ELET3F,2025-10-07,52.01,51.6,51.25,52.25,2143
RBRP11,2025-10-07,52.4,52.4,52.4,52.99,1286
ALPA4,2025-10-07,9.39,9.32,9.13,9.47,6335
FATN11,2025-10-07,88.19,86.5,86.28,88.19,3025
S1BS34,2025-10-07,31,30.81,30.42,31.45,22
ARRI11,2025-10-07,6.57,6.55,6.5,6.57,746
GRND3F,2025-10-07,5.1,5.05,5,5.1,1667
CEBR6F,2025-10-07,24.95,25.06,24.8,25.9,557
PATL11,2025-10-07,60.53,60.26,60,60.57,600
MSCD34,2025-10-07,101.39,100.28,99.56,101.39,105
TGMA3,2025-10-07,34.26,33.85,33.8,34.52,1341
ELET6F,2025-10-07,55.3,54.56,54.07,55.3,1074
UNIP6,2025-10-07,74.42,76.4,73.77,76.4,1646
ELETW430,2025-10-07,0.11,0.12,0.09,0.12,9
HTMX11,2025-10-07,138.1,135.62,135.62,139.23,1181
TUPY3F,2025-10-07,12.88,12.63,12.62,12.88,790
CYCR11,2025-10-07,8.6,8.48,8.47,8.6,1018
ITRI11,2025-10-07,79.04,79.05,78.65,79.1,339
ELETW47,2025-10-07,0.41,0.48,0.38,0.48,37
EQTLK373,2025-10-07,0.73,0.58,0.58,0.74,9
KIVO11,2025-10-07,62.45,61.75,61.18,62.8,1025
CPLE3F,2025-10-07,11.72,11.59,11.43,11.72,851
DEVA11,2025-10-07,26.68,26.2,26.08,26.68,1272
CSNAJ869,2025-10-07,0.23,0.14,0.13,0.24,105
EALT4F,2025-10-07,11.5,11.31,11.31,11.52,112
LFTS11,2025-10-07,140.85,140.92,140.83,140.97,2288
TRBL11,2025-10-07,61.75,62.5,61.75,63,401
BROF11,2025-10-07,52.73,52.91,52.73,53.74,213
CSNAV889,2025-10-07,0.41,0.52,0.41,0.52,9
NCRI11,2025-10-07,8.87,8.25,8.25,8.91,39
MILS3F,2025-10-07,11.57,11.61,11.5,11.66,153
VULCW200,2025-10-07,0.27,0.32,0.25,0.32,3
HGPO11,2025-10-07,137.7,137.7,137.45,138.38,86
EALT4,2025-10-07,11.41,11.31,11.3,11.42,42
EQTLJ353,2025-10-07,0.84,0.67,0.67,0.94,10
U1BE34,2025-10-07,134.28,130.92,129.57,134.28,696
BEEFJ711,2025-10-07,0.05,0.09,0.05,0.09,9
REDE3,2025-10-07,6.35,6.41,6.35,6.41,4
BLMG11,2025-10-07,34.05,33.6,33.58,34.05,360
PAGS34,2025-10-07,9.85,9.56,9.56,9.85,336
TMCO34,2025-10-07,66.02,66.85,66.02,66.99,52
VPPR11,2025-10-07,13.51,13.52,13.5,13.65,86
WALM34,2025-10-07,34.25,34.35,33.61,34.39,147
BBRC11,2025-10-07,96,98.5,96,98.5,89
DVFF11,2025-10-07,5.99,5.99,5.91,6,189
SSFO34,2025-10-07,59.56,58.49,57.67,59.77,126
CMIGJ113,2025-10-07,0.54,0.47,0.45,0.54,15
CMIGK125,2025-10-07,0.25,0.2,0.2,0.25,34
TUPYX125,2025-10-07,0.62,0.59,0.59,0.62,2
BRKM3F,2025-10-07,7.62,7.69,7.49,7.85,482
S2NA34,2025-10-07,7.65,7.31,7.31,7.65,3
BRKMK750,2025-10-07,0.28,0.25,0.24,0.28,4
ELETJ478,2025-10-07,6.4,5.55,5.5,6.4,20
CMIGW114,2025-10-07,0.12,0.13,0.12,0.15,34
CSNAL780,2025-10-07,1.2,1.15,1.15,1.2,2
MYPKW105,2025-10-07,0.21,0.23,0.2,0.24,11
CEBR3,2025-10-07,22.64,23.83,22.43,23.83,74
N1EM34,2025-10-07,475.5,467.28,462.49,475.5,64
CPFEV389,2025-10-07,0.65,0.89,0.65,0.89,2
BEEFJ641,2025-10-07,0.3,0.35,0.3,0.4,61
CSNAW889,2025-10-07,0.52,0.63,0.52,0.63,13
R1IN34,2025-10-07,161.12,159.6,159.6,161.12,9
SHPH11,2025-10-07,942.02,949.79,942.02,955,18
BTHI11,2025-10-07,41.5,41.49,41.06,41.5,17
WHRL3F,2025-10-07,4.55,4.54,4.48,4.55,35
BRIM11,2025-10-07,454,435,435,454,15
CPLG11,2025-10-07,12.25,12.24,12.08,12.25,26
OXYP34,2025-10-07,40.17,40.21,40.05,40.33,22
FIGS11,2025-10-07,47.91,47.87,47.87,48.23,99
MCDC34,2025-10-07,79.25,79.8,78.5,79.8,114
P1LD34,2025-10-07,53,52.04,52,53,8
ESTR4F,2025-10-07,5.61,5.61,5.61,5.61,1
RBIR11,2025-10-07,96.09,95.65,94,96.09,69
CEDO4F,2025-10-07,11.51,11.51,11.51,12.21,5
HAAA11,2025-10-07,49.11,50.96,45.01,50.96,6
GEPA4F,2025-10-07,35.68,35.6,35,37,49
V1ST34,2025-10-07,77.09,77.09,77.09,77.09,1
EQTLK355,2025-10-07,1.28,1.28,1.28,1.28,1
BEEFJ701,2025-10-07,0.08,0.08,0.06,0.1,25
MULTJ293,2025-10-07,0.06,0.06,0.06,0.06,2
CEBR5,2025-10-07,22.81,23.54,22.8,23.54,52
EGIEJ406,2025-10-07,0.72,0.93,0.72,1.38,103
EGIEW393,2025-10-07,0.55,0.46,0.38,0.59,76
VVCO11,2025-10-07,14.67,14.85,14.63,14.85,17
JHSFJ647,2025-10-07,0.06,0.04,0.03,0.06,16
RADLJ173,2025-10-07,1.6,1.3,1.22,1.6,16
CSNAJ919,2025-10-07,0.06,0.03,0.03,0.06,4
CGRA3,2025-10-07,30.57,30.6,30.56,30.6,10
ELETJ520W2,2025-10-07,0.33,0.32,0.32,0.34,5
TAEEK351,2025-10-07,2.39,2.35,2.35,2.39,2
JHSFJ607,2025-10-07,0.2,0.2,0.15,0.2,8
EGIEK408,2025-10-07,1.41,1.75,1.41,1.93,263
TPIS3F,2025-10-07,4.03,4.05,3.98,4.08,126
EGIEW388,2025-10-07,0.35,0.39,0.34,0.49,1344
GRNDW510,2025-10-07,0.1,0.09,0.09,0.1,8
EQTLK358,2025-10-07,1.23,1.19,1.19,1.25,5
R1LC34,2025-10-07,857.29,862.65,855.45,863.51,57
VULCK192,2025-10-07,1.55,1.55,1.55,1.55,1
ENGIW466,2025-10-07,0.53,0.53,0.53,0.53,1
ELETK508,2025-10-07,6.55,6.55,6.55,6.55,1
EQTLV363,2025-10-07,0.85,1.16,0.74,1.16,115
CPFEK392,2025-10-07,1.03,0.95,0.93,1.03,13
PQDP11,2025-10-07,2363.95,2340.05,2315,2364.99,61
VVMR11,2025-10-07,84.44,84.74,83.9,84.74,19
JHSFW610,2025-10-07,0.19,0.14,0.14,0.19,2
TAEEV371,2025-10-07,0.36,0.5,0.3,0.51,43
ELETW55,2025-10-07,1.64,1.86,1.64,1.86,15
T1AM34,2025-10-07,39.77,39.96,39.16,39.96,5
CMIGK126,2025-10-07,0.09,0.09,0.08,0.09,9
EALT3F,2025-10-07,12.7,12.3,12.3,12.7,29
BRKMJ700,2025-10-07,0.2,0.17,0.17,0.2,6
EGIEK433,2025-10-07,0.47,0.59,0.43,0.67,36
HOOT4F,2025-10-07,4.24,4.15,4.15,4.24,2
CMIGJ125,2025-10-07,0.02,0.01,0.01,0.02,36
RADLW170,2025-10-07,0.4,0.43,0.39,0.43,3
RADLV173,2025-10-07,0.07,0.12,0.07,0.12,4
RADLJ188,2025-10-07,0.49,0.35,0.3,0.49,40
V1RT34,2025-10-07,85.93,85.5,84.86,85.93,3
BALM3F,2025-10-07,26.88,24.5,23.02,26.88,12
TAEEV361,2025-10-07,0.1,0.11,0.1,0.11,4
MTSA4,2025-10-07,43.11,43.99,43.1,44,7
ELETV572,2025-10-07,1.16,1.39,1.13,1.49,56
EGIEK443,2025-10-07,0.35,0.31,0.26,0.37,15
HOMS11,2025-10-07,117.87,117.87,117.87,117.87,1
BRKMV780,2025-10-07,1,1.15,1,1.15,4
RZZR11,2025-10-07,140,140.51,138,140.51,5
CPFEJ389,2025-10-07,0.24,0.23,0.23,0.36,3
BEEFK874,2025-10-07,0.14,0.17,0.14,0.17,2
EGIEW423,2025-10-07,1.51,1.6,1.43,1.82,103
MYPKV123,2025-10-07,1.18,1.18,1.18,1.18,1
ELETL54,2025-10-07,1.5,1.48,1.48,1.54,5
EQTLJ360,2025-10-07,0.45,0.28,0.28,0.49,18
EGIEW353,2025-10-07,0.07,0.07,0.07,0.07,2
EGIEK410W1,2025-10-07,1.11,1.07,1.07,1.11,2
BRKMV900,2025-10-07,2.27,2.32,2.27,2.32,4
ODPVK133,2025-10-07,0.6,0.63,0.6,0.63,5
BEEFW705,2025-10-07,0.5,0.5,0.5,0.53,7
ELETK560W1,2025-10-07,0.41,0.37,0.37,0.41,4
TAEEW351,2025-10-07,0.16,0.16,0.14,0.16,5
CPLEJ996,2025-10-07,2.43,2.36,2.36,2.43,3
ENEVK150,2025-10-07,1.54,1.54,1.54,1.54,1
BEEFL771,2025-10-07,0.16,0.17,0.15,0.17,13
ELETV468,2025-10-07,0.05,0.05,0.05,0.05,1
EGIEV400W2,2025-10-07,0.14,0.14,0.14,0.14,1
EGIEV395W4,2025-10-07,0.3,0.3,0.3,0.3,1
SAPRJ361,2025-10-07,0.41,0.24,0.22,0.41,7
TAEEK361,2025-10-07,1.58,1.53,1.52,1.58,3
TAEEW361,2025-10-07,0.3,0.34,0.3,0.35,6
CSNAB927,2025-10-07,1.23,1.23,1.23,1.23,1
JHSFL539,2025-10-07,0.96,0.96,0.96,0.96,1
CMIGV113,2025-10-07,0.03,0.03,0.03,0.03,6
ELETW464,2025-10-07,0.38,0.36,0.35,0.38,6
CPLEW115,2025-10-07,0.06,0.08,0.06,0.09,6
JHSFV627,2025-10-07,0.19,0.15,0.15,0.2,4
BBFI11,2025-10-07,347.51,351,347.51,351,10
CPLEU90,2025-10-07,0.04,0.04,0.04,0.05,10
ELETV7,2025-10-07,0.3,0.32,0.3,0.35,19
CMIGF139,2025-10-07,0.34,0.33,0.33,0.34,2
LEVEW269,2025-10-07,0.44,0.47,0.44,0.47,2
CSNAJ860W2,2025-10-07,0.16,0.08,0.08,0.18,21
ELETK497,2025-10-07,5.72,5.72,5.72,5.72,2
EQTLJ310,2025-10-07,4.38,4.38,4.38,4.38,1
BRKMW710,2025-10-07,0.76,0.76,0.76,0.76,1
CMIGK114,2025-10-07,0.63,0.62,0.61,0.63,8
ELETK3,2025-10-07,8.35,8.39,8.35,8.42,15
ENEVK175,2025-10-07,0.25,0.25,0.25,0.25,1
VULCV204,2025-10-07,0.16,0.16,0.16,0.16,3
RBOP11,2025-10-07,207.55,210,207.54,210,6
TAEEW391,2025-10-07,1.96,1.96,1.96,1.96,1
TOTSK470,2025-10-07,0.65,0.65,0.65,0.65,1
CMIGK131,2025-10-07,0.04,0.03,0.03,0.04,6
SAPRW353,2025-10-07,0.81,0.98,0.81,0.99,4
EGIEL435,2025-10-07,0.5,0.5,0.5,0.5,1
HBORK255,2025-10-07,0.83,0.83,0.83,0.83,1
EQTLV360W4,2025-10-07,0.94,0.94,0.94,0.94,1
BEEFK585,2025-10-07,0.98,0.91,0.9,0.98,43
RADLW183,2025-10-07,0.85,0.83,0.82,0.85,3
SAPRK358,2025-10-07,1.29,1,1,1.29,8
SAPRJ351,2025-10-07,1,0.5,0.5,1,18
RADLW185,2025-10-07,0.81,0.98,0.81,0.98,7
EUCA3F,2025-10-07,20.24,20.24,20.24,21.08,3
JHSFW600,2025-10-07,0.13,0.15,0.12,0.15,5
CMIGW106,2025-10-07,0.04,0.04,0.04,0.04,2
L1EN34,2025-10-07,655.55,653.93,653.92,655.55,4
CMIGM115,2025-10-07,0.21,0.22,0.21,0.22,4
ELETK500,2025-10-07,3.2,3.2,3.2,3.2,12
ELETJ572,2025-10-07,0.7,0.52,0.52,0.7,13
TUPYK160,2025-10-07,0.05,0.03,0.03,0.05,2
VULCJ219,2025-10-07,0.07,0.07,0.07,0.07,1
ENEVK190,2025-10-07,0.06,0.06,0.06,0.06,1
ELETV470W5,2025-10-07,0.19,0.18,0.18,0.19,2
EZTCW152,2025-10-07,0.33,0.33,0.33,0.33,1
CMIGJ110,2025-10-07,0.71,0.7,0.67,0.71,6
CSNAX115,2025-10-07,2.76,2.76,2.76,2.76,2
BRKMK900,2025-10-07,0.06,0.06,0.06,0.06,1
ENGIW463,2025-10-07,0.73,0.73,0.73,0.73,1
TMOS34,2025-10-07,60.31,60.16,60.13,60.37,7
BRKMK680,2025-10-07,0.47,0.5,0.47,0.54,5
EQTLJ380,2025-10-07,0.03,0.03,0.03,0.03,6
EGIEL470,2025-10-07,0.52,0.6,0.52,0.6,6
MULTJ283,2025-10-07,0.27,0.24,0.21,0.28,10
RADLK180,2025-10-07,1.61,1.41,1.41,1.66,7
ENEVV167,2025-10-07,0.61,0.66,0.61,0.66,7
CPFEJ397,2025-10-07,0.12,0.12,0.12,0.12,1
ELETW471,2025-10-07,0.23,0.24,0.23,0.24,2
ELETH560,2025-10-07,8.4,8.31,8.31,8.4,4
SAPRK348,2025-10-07,1.5,1.5,1.5,1.5,1
CPFEW382,2025-10-07,0.83,0.88,0.83,0.96,3
RADLL188,2025-10-07,1.3,1.3,1.3,1.3,1
ALPAK112,2025-10-07,0.15,0.09,0.09,0.15,5
M2PW34,2025-10-07,14.58,14.44,14.44,14.64,5
CSNAJ820W2,2025-10-07,0.47,0.32,0.32,0.47,58
TAEEX351,2025-10-07,0.27,0.34,0.27,0.36,31
ENGIW481,2025-10-07,0.99,0.99,0.99,0.99,1
BRIP11,2025-10-07,768.5,759.5,759.5,768.5,2
SMFTJ263,2025-10-07,0.03,0.03,0.03,0.03,1
VULCW197,2025-10-07,0.25,0.25,0.25,0.25,1
SAPRJ346,2025-10-07,0.88,0.88,0.88,0.88,1
BEEFJ771,2025-10-07,0.01,0.01,0.01,0.01,1
EZTCK162,2025-10-07,0.86,0.89,0.86,0.92,4
WUNI34,2025-10-07,44,43.53,43.53,44,4
CSNAK749,2025-10-07,1.32,1.2,1.2,1.35,8
BRKMW640,2025-10-07,0.37,0.37,0.37,0.37,1
PNVLW965,2025-10-07,0.46,0.46,0.46,0.46,1
BRKML770,2025-10-07,0.4,0.4,0.4,0.4,3
EZTCJ192,2025-10-07,0.01,0.01,0.01,0.01,2
CPLEL130,2025-10-07,0.31,0.3,0.3,0.33,4
CPLEP900,2025-10-07,0.02,0.03,0.02,0.03,2
EGIEV451,2025-10-07,3.45,3.4,3.4,3.45,2
TOTSK450,2025-10-07,1.17,1.31,1.17,1.31,2
TUPYK135,2025-10-07,0.35,0.35,0.35,0.35,1
TUPYX110,2025-10-07,0.17,0.17,0.17,0.17,1
BIOM12,2025-10-07,0.16,0.16,0.16,0.16,1
AGROW215,2025-10-07,1.2,1.2,1.2,1.2,1
HOOT4,2025-10-07,4.15,4.15,4.15,4.15,2
LOWC34,2025-10-07,64.56,63.66,63.66,64.56,2
SAPRL382,2025-10-07,0.5,0.55,0.5,0.58,3
BRKMA710,2025-10-07,0.64,0.64,0.64,0.64,1
CSNAJ689,2025-10-07,1.6,1.6,1.6,1.6,1
ENGIW461,2025-10-07,0.45,0.47,0.45,0.47,2
MRSA6BF,2025-10-07,23.75,23.75,23.75,23.75,1
CSNAW829,2025-10-07,0.34,0.34,0.34,0.34,1
SAPRW320,2025-10-07,0.04,0.04,0.04,0.04,1
MOSC34,2025-10-07,31.4,31.4,31.4,31.4,1
ELETV466,2025-10-07,0.05,0.02,0.02,0.05,4
RADLV178,2025-10-07,0.15,0.17,0.15,0.2,4
EQTLX348,2025-10-07,0.72,0.72,0.72,0.72,1
CMIGO11,2025-10-07,0.4,0.4,0.4,0.4,2
BRKMV680W4,2025-10-07,0.36,0.34,0.34,0.36,2
MULTK283,2025-10-07,0.9,0.9,0.9,0.9,1
CSNAV800W4,2025-10-07,0.1,0.1,0.1,0.1,1
MOOO34,2025-10-07,352.45,352.45,352.45,352.45,1
SOND5F,2025-10-07,51.5,51.5,51.5,51.5,1
BRKMK490,2025-10-07,1.94,1.94,1.94,1.94,3
BRKMK810W2,2025-10-07,0.11,0.13,0.11,0.13,2
EZTCJ205,2025-10-07,1.9,1.9,1.9,1.9,1
ELETK620,2025-10-07,0.09,0.09,0.07,0.09,4
EQTLJ360W4,2025-10-07,0.59,0.72,0.59,0.72,2
CSNAV820W2,2025-10-07,0.05,0.05,0.05,0.05,2
ENEVJ140,2025-10-07,2.23,2.23,2.23,2.23,1
EZTCJ166,2025-10-07,0.1,0.1,0.1,0.1,1
SAPRK383,2025-10-07,0.31,0.31,0.31,0.31,1
P1HM34,2025-10-07,697.48,697.48,697.48,697.48,2
HBORK355,2025-10-07,0.27,0.26,0.26,0.27,2
BRKMK740,2025-10-07,0.3,0.3,0.3,0.3,1
ENEVV155,2025-10-07,0.09,0.09,0.09,0.09,15
EQTLJ350W4,2025-10-07,1.14,1.14,1.14,1.14,1
ELETK380,2025-10-07,14.1,14.14,14.1,14.14,4
BRKMV760,2025-10-07,0.94,0.92,0.89,0.94,4
RADLX170,2025-10-07,0.52,0.52,0.52,0.52,1
MCLO11,2025-10-07,10.01,10,10,10.01,2
BEEFJ720W4,2025-10-07,0.08,0.08,0.08,0.08,1
TOTSW399,2025-10-07,0.36,0.42,0.36,0.42,2
FPAB11,2025-10-07,209.19,209.19,209.19,209.19,1
M1MC34,2025-10-07,538.56,538.56,538.56,538.56,1
S1LG34,2025-10-07,158.4,158.7,158.4,158.7,2
SPGI34,2025-10-07,71.33,71.34,71.33,71.34,2
MDIAJ300,2025-10-07,0.05,0.05,0.05,0.05,1
BEEFL700,2025-10-07,1.32,1.32,1.32,1.32,2
CSNAJ719,2025-10-07,1.47,1.47,1.47,1.47,1
EQTLW363,2025-10-07,1.35,1.35,1.35,1.35,2
SAPRK388,2025-10-07,0.28,0.28,0.28,0.28,1
MULTX291,2025-10-07,1.74,1.74,1.74,1.74,1
CSNAV840W4,2025-10-07,0.21,0.19,0.19,0.21,2
M1AA34,2025-10-07,181.98,181.98,181.98,181.98,1
ALPAK107,2025-10-07,0.14,0.14,0.14,0.14,1
ELETJ530W5,2025-10-07,1,1,1,1,1
CPFEW362,2025-10-07,0.3,0.3,0.3,0.3,1
ELETW420,2025-10-07,0.08,0.09,0.08,0.09,3
BRKMJ880,2025-10-07,0.02,0.02,0.02,0.02,1
EGIEJ451,2025-10-07,0.01,0.01,0.01,0.01,1
TRXF11,2025-10-07,99.97,100,99.5,100.38,11965
SNEL11,2025-10-07,8.57,8.55,8.5,8.59,2593
IRDM11,2025-10-07,60.01,60.03,59.9,60.1,3868
GARE11,2025-10-07,8.98,8.96,8.94,9,33856
HGRU11,2025-10-07,126.34,126.11,125.82,126.58,8828
ALZR11,2025-10-07,10.63,10.55,10.54,10.63,4811
MYPKW133,2025-10-07,1.91,1.95,1.9,1.96,33
CSNAV809,2025-10-07,0.09,0.12,0.08,0.12,8
KNUQ11,2025-10-07,103.6,103.64,103.11,104.03,3156
RANI3F,2025-10-07,8.79,8.79,8.69,8.81,1044
PORD11,2025-10-07,8.01,7.95,7.92,8.02,1547
VGIP11,2025-10-07,79.74,79.94,79.5,80.2,1680
VIUR11,2025-10-07,5.69,5.6,5.6,5.69,537
EVEN3F,2025-10-07,7.29,7.02,7.02,7.29,136
TGMA3F,2025-10-07,34.16,33.82,33.8,34.5,322
UNIP3F,2025-10-07,63.1,63.85,62.01,64,1201
MILS3,2025-10-07,11.68,11.57,11.48,11.68,4139
RBHG11,2025-10-07,65.37,65.28,65.01,65.37,219
VRTA11,2025-10-07,76.4,76.34,76.31,76.9,2091
TOTS3F,2025-10-07,44,43.27,43.27,44.13,583
ELETK575,2025-10-07,0.47,0.4,0.4,0.49,7
MDIA3F,2025-10-07,27.7,26.88,26.8,27.7,450
VILG11,2025-10-07,85.8,86,85.6,86.5,3339
LILY34,2025-10-07,150.77,149.56,148.66,150.9,408
TOTSV412,2025-10-07,0.11,0.11,0.11,0.12,7
VLIDV201,2025-10-07,0.12,0.12,0.12,0.12,1
OUJP11,2025-10-07,75.39,74.5,74.5,75.39,640
ELETV530,2025-10-07,1.21,1.62,1.21,1.72,41
MULTJ296,2025-10-07,0.09,0.04,0.04,0.09,13
GTWR11,2025-10-07,77.2,76.91,76.87,77.71,1242
RADLK193,2025-10-07,0.9,0.87,0.74,0.94,15
TXSA34,2025-10-07,195.13,193.04,192.47,195.13,5
HAGA4,2025-10-07,1.09,1.03,1.03,1.13,156
ELETW495,2025-10-07,0.82,0.93,0.8,0.94,14
TMPS11,2025-10-07,79.8,78.38,77.98,79.8,445
RNEW4,2025-10-07,0.99,0.97,0.95,1,135
PNVL3F,2025-10-07,9.28,9.17,9.17,9.37,184
CSNAJ10,2025-10-07,0.67,0.56,0.55,0.67,7
CMIGV120,2025-10-07,0.32,0.36,0.31,0.37,22
ORCL34,2025-10-07,254.63,251.87,241.99,260.9,664
CXAG11,2025-10-07,74.2,74.23,74.2,74.45,67
BRKMJ660W2,2025-10-07,0.2,0.21,0.2,0.34,57
ELETK585,2025-10-07,0.32,0.24,0.24,0.35,5
ENMT4F,2025-10-07,50.3,50,50,50.31,5
ELETK525,2025-10-07,2.05,1.78,1.77,2.05,11
LUPA3F,2025-10-07,0.98,0.98,0.97,0.99,40
ELETJ538,2025-10-07,0.32,0.21,0.21,0.32,3
MULTJ281,2025-10-07,0.45,0.33,0.31,0.45,7
HOFC11,2025-10-07,29,28.8,28.44,29.64,29
ZAVC11,2025-10-07,9.3,9.18,9.16,9.3,21
T2TD34,2025-10-07,2.91,2.87,2.84,3,54
ENGIW471,2025-10-07,0.47,0.47,0.47,0.47,1
TAEEJ376,2025-10-07,0.15,0.15,0.08,0.15,21
ELETK554,2025-10-07,2.1,1.97,1.97,2.1,8
ALPA3F,2025-10-07,9.7,9.59,9.49,9.7,81
ODPVV130,2025-10-07,0.04,0.04,0.04,0.09,3
BEEFJ691,2025-10-07,0.09,0.16,0.08,0.16,8
MULTV281,2025-10-07,0.5,0.65,0.5,0.84,19
FLMA11,2025-10-07,144.91,144.91,144.91,145.6,34
M1NS34,2025-10-07,45.03,45.2,44.64,45.59,9
CSNAW779,2025-10-07,0.17,0.19,0.17,0.2,7
TAEEK391,2025-10-07,0.24,0.2,0.18,0.24,7
BALM4F,2025-10-07,17.49,17.95,17.1,18.55,29
W1PP34,2025-10-07,26.58,26.52,26.25,27,12
ALPA3,2025-10-07,9.58,9.55,9.47,9.69,22
KHCB34,2025-10-07,34,33.82,33.39,34.09,33
CXCE11,2025-10-07,40.9,40.5,40.21,40.9,24
RINV11,2025-10-07,103.2,102.51,102.5,103.2,939
PACB11,2025-10-07,10,10.08,10,10.12,965
T1OW34,2025-10-07,40.45,41.6,40.45,41.6,5
EGIEK398,2025-10-07,2.59,2.43,2.11,2.65,271
COCE5F,2025-10-07,29.53,29.4,29.22,29.53,56
BEEFJ721,2025-10-07,0.04,0.05,0.03,0.06,26
S1PO34,2025-10-07,910,907.5,898,910,40
BOBR4F,2025-10-07,1.4,1.4,1.4,1.4,8
L1RC34,2025-10-07,17.52,17.08,17.08,17.59,25
CMIGJ120,2025-10-07,0.08,0.05,0.05,0.08,34
SFIX11,2025-10-07,101,100.82,100.62,102,39
CPFEW367,2025-10-07,0.41,0.4,0.38,0.41,6
O1KT34,2025-10-07,24.46,24.42,24.42,24.47,6
CEEB3,2025-10-07,36.12,36,36,36.12,3
RADLJ198,2025-10-07,0.1,0.1,0.09,0.1,3
EGIEJ420W2,2025-10-07,0.07,0.07,0.07,0.07,2
LEVEK295,2025-10-07,0.15,0.17,0.14,0.17,3
ALPAJ991,2025-10-07,0.04,0.05,0.04,0.06,4
EQTLK383,2025-10-07,0.38,0.33,0.33,0.38,11
CMIGJ115,2025-10-07,0.33,0.27,0.25,0.33,17
CMIGN99,2025-10-07,0.04,0.04,0.04,0.04,1
CPFER369,2025-10-07,0.82,0.76,0.76,0.85,5
UNIPK620,2025-10-07,15,15,15,15,1
UNIP5,2025-10-07,73,73.91,72.5,73.91,5
CPLEV124,2025-10-07,0.25,0.28,0.25,0.35,22
EQTLX318,2025-10-07,0.23,0.26,0.23,0.26,2
COCE5,2025-10-07,29.4,29.25,29.2,29.4,28
EGIEK373,2025-10-07,4.13,4.51,4.13,4.77,852
EQTLW355,2025-10-07,0.9,1.04,0.9,1.05,6
RADLJ180,2025-10-07,0.81,0.85,0.7,0.85,6
LEVEK280,2025-10-07,0.55,0.52,0.52,0.55,3
EGIEW378,2025-10-07,0.29,0.24,0.17,0.29,148
CSNAL920,2025-10-07,0.36,0.36,0.36,0.36,1
CPFEJ394,2025-10-07,0.15,0.15,0.15,0.16,5
ALPAJ951,2025-10-07,0.13,0.13,0.13,0.13,2
RADLV153,2025-10-07,0.02,0.02,0.02,0.02,2
CMIGW111,2025-10-07,0.08,0.08,0.08,0.09,20
TAEEK366,2025-10-07,1.25,1.17,1.15,1.38,19
EGIEK393,2025-10-07,2.59,2.83,2.41,2.88,69
BRKMV130,2025-10-07,6.31,6.31,6.31,6.31,1
S1HW34,2025-10-07,179.46,179.82,179.46,179.82,2
GLOG11,2025-10-07,65.55,65.54,65.54,66.1,15
ELETK401,2025-10-07,13.72,13.72,13.72,13.72,1
BEEFL701,2025-10-07,0.38,0.37,0.37,0.38,2
EKTR4,2025-10-07,44.52,44.58,44.52,45,3
MULTW261,2025-10-07,0.4,0.35,0.35,0.4,4
ENGIV451,2025-10-07,0.02,0.02,0.02,0.02,1
ELETW500,2025-10-07,1.03,1.05,1.03,1.09,6
EQTLK363,2025-10-07,1.15,0.94,0.94,1.15,7
MDIAV265,2025-10-07,0.15,0.2,0.15,0.2,2
BRKMW900,2025-10-07,2.3,2.32,2.3,2.32,3
MULTK306,2025-10-07,0.22,0.22,0.2,0.22,3
MYPKJ123,2025-10-07,0.01,0.01,0.01,0.01,1
TOTSW450,2025-10-07,2.34,2.31,2.31,2.34,2
BRKMK700,2025-10-07,0.43,0.41,0.41,0.43,4
MYPKL130,2025-10-07,1.33,1.37,1.33,1.37,2
ENGIV481,2025-10-07,0.3,0.3,0.3,0.3,1
TAEEW356,2025-10-07,0.21,0.23,0.21,0.25,4
BEEFV661,2025-10-07,0.15,0.14,0.14,0.19,11
BEEFJ601,2025-10-07,0.73,0.71,0.61,0.73,4
SAPRJ336,2025-10-07,1.59,1.59,1.59,1.59,2
SAPRB308,2025-10-07,5.51,5.51,5.51,5.51,2
MYPKK123,2025-10-07,0.19,0.19,0.19,0.2,80
BEEFV611,2025-10-07,0.03,0.02,0.02,0.03,6
TUPYJ140,2025-10-07,0.02,0.02,0.02,0.02,1
CSNAJ949,2025-10-07,0.01,0.01,0.01,0.01,2
CPLEF767,2025-10-07,6.03,5.99,5.9,6.04,8
TOTSW413,2025-10-07,0.69,0.69,0.69,0.69,1
RYTT34,2025-10-07,150.9,150.9,150.15,151.77,95
BEEFJ751,2025-10-07,0.02,0.02,0.02,0.02,2
ALPAJ931,2025-10-07,0.27,0.21,0.21,0.27,2
SAPRJ366,2025-10-07,0.14,0.12,0.12,0.18,6
ELETK550,2025-10-07,0.92,0.82,0.82,0.92,5
BEEFJ611,2025-10-07,0.6,0.67,0.51,0.67,7
CSNAW679,2025-10-07,0.05,0.06,0.05,0.06,2
TOPB39,2025-10-07,54.01,56.05,54.01,56.05,5
JHSFW570,2025-10-07,0.07,0.06,0.06,0.07,4
BIOM14,2025-10-07,2.33,2.33,2.33,2.33,1
CPLEK130,2025-10-07,0.22,0.16,0.14,0.22,6
BAUH4,2025-10-07,86.95,86.95,86.95,86.95,1
BEEFV660W2,2025-10-07,0.09,0.1,0.08,0.13,10
ENEVJ165,2025-10-07,0.23,0.15,0.15,0.23,9
CPLEK123,2025-10-07,0.49,0.47,0.44,0.5,6
RADLW203,2025-10-07,1.77,2.07,1.74,2.07,11
BRKMW720,2025-10-07,0.8,0.82,0.79,0.82,4
CMIGJ106,2025-10-07,1.18,1.18,1.18,1.18,1
BRKMK690,2025-10-07,0.47,0.42,0.42,0.48,9
GRNDV510,2025-10-07,0.05,0.04,0.03,0.05,3
ELETW454,2025-10-07,0.25,0.26,0.23,0.28,35
BEEFW595,2025-10-07,0.08,0.08,0.08,0.08,1
CSNAW759,2025-10-07,0.15,0.15,0.15,0.15,1
GRNDK530,2025-10-07,0.13,0.11,0.09,0.14,12
HBORV380,2025-10-07,0.49,0.49,0.49,0.49,1
BRKMK840,2025-10-07,0.11,0.11,0.11,0.11,5
BRKMJ980,2025-10-07,0.01,0.01,0.01,0.01,1
EGIEP440,2025-10-07,1.62,1.55,1.55,1.62,2
FISC11,2025-10-07,65,65,65,65,5
RADLK203,2025-10-07,0.55,0.49,0.44,0.57,16
JHSFV577,2025-10-07,0.02,0.02,0.02,0.02,2
CPLEJ133,2025-10-07,0.01,0.02,0.01,0.02,6
Q1UA34,2025-10-07,188.29,188.29,188.29,188.29,1
ELETV45,2025-10-07,0.05,0.03,0.03,0.09,5
BEEFK695,2025-10-07,0.3,0.28,0.28,0.3,10
BRKMJ700W2,2025-10-07,0.07,0.07,0.07,0.11,8
MULTV288,2025-10-07,1.3,1.3,1.3,1.3,1
BEEFL801,2025-10-07,0.11,0.12,0.11,0.12,8
BRKMW890,2025-10-07,2.23,2.23,2.23,2.23,2
T10R11,2025-10-07,51.03,51.03,51.03,51.03,1
CSNAK107,2025-10-07,0.05,0.04,0.04,0.05,4
JHSFL689,2025-10-07,0.14,0.12,0.12,0.14,2
BRKMW620,2025-10-07,0.33,0.31,0.31,0.33,3
BRKMW500,2025-10-07,0.08,0.08,0.08,0.08,7
MDIAW280,2025-10-07,1.6,1.6,1.6,1.6,1
EGIEJ391,2025-10-07,2.38,2.38,2.38,2.38,1
RADLW178,2025-10-07,0.65,0.67,0.65,0.67,3
BEEFM400,2025-10-07,0.08,0.08,0.08,0.08,1
CMIGL118,2025-10-07,0.4,0.39,0.39,0.4,12
EGIEV385,2025-10-07,0.07,0.05,0.05,0.07,2
ELETJ532,2025-10-07,3.25,3.22,3.2,3.25,11
BALM4,2025-10-07,19,18.59,18.59,19.01,5
CMIGX93,2025-10-07,0.03,0.03,0.03,0.03,3
TOTSK481,2025-10-07,0.48,0.48,0.48,0.48,2
ELETJ418,2025-10-07,11.6,11.6,11.6,11.6,1
EZTCW157,2025-10-07,0.45,0.5,0.45,0.5,5
O2HI34,2025-10-07,73.57,73.57,73.57,73.57,1
CPLEJ124,2025-10-07,0.11,0.09,0.09,0.12,18
CMIGX11,2025-10-07,0.28,0.31,0.28,0.33,10
BRKMV620W2,2025-10-07,0.03,0.03,0.03,0.03,3
SAPRV331,2025-10-07,0.06,0.06,0.06,0.06,3
CMIGK129,2025-10-07,0.06,0.06,0.05,0.06,20
VULCW187,2025-10-07,0.08,0.08,0.08,0.08,1
RADLW210,2025-10-07,2.45,2.45,2.45,2.45,1
U1AL34,2025-10-07,257,258.3,257,258.3,2
BRKMW840,2025-10-07,1.7,1.77,1.67,1.77,3
BRKMW950,2025-10-07,2.79,2.79,2.79,2.79,1
EGIEV391,2025-10-07,0.14,0.1,0.08,0.14,5
ELETK579,2025-10-07,0.83,0.84,0.83,0.84,3
JHSFX569,2025-10-07,0.1,0.1,0.1,0.1,1
JHSFJ587,2025-10-07,0.37,0.29,0.29,0.37,2
EZTCK172,2025-10-07,0.38,0.38,0.38,0.38,1
CSNAV760W2,2025-10-07,0.01,0.01,0.01,0.01,1
VULCL241,2025-10-07,0.1,0.1,0.1,0.1,1
Z1OM34,2025-10-07,16.9,17.06,16.9,17.06,3
BRKML820,2025-10-07,0.19,0.2,0.19,0.22,13
COCE3,2025-10-07,36.84,36.85,36.84,36.85,5
TOTSK556,2025-10-07,0.06,0.06,0.06,0.06,1
TUPYK140,2025-10-07,0.21,0.21,0.21,0.21,1
EGIEW358,2025-10-07,0.08,0.08,0.08,0.08,3
TOTSK433,2025-10-07,2.27,2.27,2.27,2.27,1
EGIEJ420,2025-10-07,0.14,0.15,0.13,0.15,6
EQTLV355W2,2025-10-07,0.43,0.49,0.36,0.49,9
CSNAV709,2025-10-07,0.02,0.02,0.02,0.02,1
CMIGW11,2025-10-07,0.62,0.64,0.58,0.64,3
BRKMX820,2025-10-07,1.49,1.49,1.49,1.49,1
BIOM12F,2025-10-07,0.01,0.01,0.01,0.01,1
PTNT3,2025-10-07,7.84,7.84,7.84,7.84,1
MULTJ261,2025-10-07,1.58,1.75,1.58,1.75,2
ELETW441,2025-10-07,0.09,0.1,0.09,0.1,2
ALPAK102,2025-10-07,0.24,0.23,0.23,0.24,2
EQTLK350,2025-10-07,1.6,1.6,1.6,1.6,1
O1MC34,2025-10-07,214.2,214.2,214.2,214.2,1
BRKMV120W5,2025-10-07,5.2,5.2,5.2,5.2,1
GRNDK600,2025-10-07,0.03,0.02,0.02,0.03,2
BRKMX690,2025-10-07,0.7,0.75,0.69,0.75,7
BEEFX621,2025-10-07,0.2,0.2,0.2,0.2,1
TOTSK375,2025-10-07,6.84,6.84,6.84,6.84,1
BRKMW440,2025-10-07,0.04,0.04,0.04,0.04,2
TAEEX375,2025-10-07,0.37,0.4,0.32,0.4,13
SAPRW335,2025-10-07,0.33,0.33,0.33,0.33,1
BRKMK710,2025-10-07,0.38,0.39,0.38,0.39,4
GRNDJ600,2025-10-07,0.02,0.02,0.02,0.02,1
BRKMJ860,2025-10-07,0.02,0.02,0.02,0.02,1
CSNAV769,2025-10-07,0.04,0.04,0.04,0.04,2
CSNAW107,2025-10-07,2.04,2.16,2.04,2.16,2
T1DG34,2025-10-07,138.65,138.45,137.97,138.65,6
ROMIK830,2025-10-07,0.19,0.21,0.19,0.22,8
AGROK215,2025-10-07,0.2,0.2,0.2,0.2,1
SMFTV248,2025-10-07,0.55,0.55,0.55,0.55,1
EGIEL419,2025-10-07,1.1,1.7,1.1,1.7,5
ALPAV911,2025-10-07,0.12,0.14,0.12,0.14,3
EZTCV162,2025-10-07,0.4,0.38,0.38,0.4,2
BRKMW660W1,2025-10-07,0.38,0.36,0.36,0.38,3
HUSC11,2025-10-07,95.01,95.01,95.01,95.01,1
TAEEX365,2025-10-07,0.17,0.18,0.17,0.18,2
BRKMV600,2025-10-07,0.06,0.06,0.06,0.06,1
CMIGV110W4,2025-10-07,0.18,0.18,0.18,0.18,1
BRKMW750,2025-10-07,0.97,0.97,0.97,0.97,1
EQTLV368,2025-10-07,1.39,1.07,1.07,1.39,3
BRKMJ620W2,2025-10-07,0.6,0.66,0.6,0.66,4
CPFEV382,2025-10-07,0.47,0.47,0.47,0.47,1
EZTCJ142,2025-10-07,2.1,2.1,2.1,2.1,1
BRKML100,2025-10-07,0.2,0.2,0.2,0.2,1
CPFEJ379,2025-10-07,0.82,0.82,0.82,0.82,1
P1AY34,2025-10-07,335.61,335.61,335.61,335.61,1
VULCK224,2025-10-07,0.16,0.09,0.09,0.16,3
AFLT3,2025-10-07,7.32,7.32,7.32,7.32,1
TAEEL382,2025-10-07,2.4,2.4,2.4,2.4,1
ENEVK142,2025-10-07,2.21,2.21,2.21,2.21,1
ELETW478,2025-10-07,0.53,0.55,0.53,0.55,2
CMIGK109,2025-10-07,1.05,1.05,1.05,1.05,1
BRKMW680,2025-10-07,0.56,0.55,0.55,0.56,3
NTST34,2025-10-07,49.05,49.05,49.05,49.05,1
ENGIV483,2025-10-07,0.72,0.72,0.72,0.72,3
MULTW246,2025-10-07,0.16,0.16,0.16,0.16,1
MSPA3F,2025-10-07,45.45,45.45,45.45,45.45,1
ELETW446,2025-10-07,0.1,0.12,0.1,0.12,2
AZEV11,2025-10-07,0.07,0.07,0.07,0.07,1
CJCT11,2025-10-07,61,61,61,61,1
BRKMW820,2025-10-07,1.54,1.54,1.54,1.54,1
CSNAV999,2025-10-07,1.34,1.37,1.34,1.37,4
CSNAV920W2,2025-10-07,0.63,0.58,0.58,0.63,2
EGIEX418,2025-10-07,1.8,1.8,1.8,1.8,2
ELETK625,2025-10-07,0.08,0.06,0.06,0.08,2
ELETW525,2025-10-07,2,1.92,1.92,2,2
CMIGW928,2025-10-07,0.03,0.02,0.02,0.03,3
CSNAL900,2025-10-07,0.49,0.49,0.49,0.49,1
RADLJ200W4,2025-10-07,0.23,0.23,0.23,0.23,1
BEEFW625,2025-10-07,0.17,0.17,0.17,0.17,1
ENMT3,2025-10-07,50.15,50.5,50.15,50.5,2
AZEV12,2025-10-07,0.07,0.07,0.07,0.07,1
ELETJ2,2025-10-07,2.8,2.8,2.8,2.8,1
MILSJ110,2025-10-07,0.99,0.99,0.99,0.99,1
ENEVK170,2025-10-07,0.46,0.46,0.46,0.46,1
S2RE34,2025-10-07,84.64,84.64,84.64,84.64,3
TOTSJ459,2025-10-07,0.2,0.2,0.2,0.2,1
EQTLV345W4,2025-10-07,0.24,0.24,0.24,0.24,1
LIGT3T,2025-10-07,5.22,5.23,5.22,5.23,2
BEEF3T,2025-10-07,6.94,6.97,6.94,6.97,4
MDIA3T,2025-10-07,27.5,27.51,27.5,27.51,2
HBOR3T,2025-10-07,3.42,3.43,3.42,3.43,2
IRDM11T,2025-10-07,64.5,64.51,64.5,64.51,2
CMIG4T,2025-10-07,10.98,10.99,10.98,10.99,2
IRDM11T,2025-10-07,62.16,62.17,62.16,62.17,2
CSNA3T,2025-10-07,8.56,8.57,8.56,8.57,2
ELET3T,2025-10-07,52.27,52.28,52.27,52.28,2
EQTL3T,2025-10-07,36.65,36.66,36.65,36.66,2
ALPA4T,2025-10-07,9.45,9.46,9.45,9.46,2
JHSF3T,2025-10-07,6.16,6.17,6.16,6.17,2
CMIG4T,2025-10-07,10.86,10.87,10.86,10.87,2
TSLA34T,2025-10-07,76.63,75.85,75.84,76.63,3
JHSF3T,2025-10-07,6.52,6.52,6.51,6.53,6
M2ST34T,2025-10-07,27.36,27.37,27.36,27.37,2
TUPY3T,2025-10-07,12.79,12.8,12.79,12.8,2
IRDM11T,2025-10-07,63.73,63.74,63.73,63.74,2
MSFT34T,2025-10-07,118.07,118.08,118.07,118.08,2
CPLE3T,2025-10-07,11.68,11.69,11.68,11.69,2
IRDM11T,2025-10-07,62.98,62.99,62.98,62.99,2
MSFT34T,2025-10-07,118.77,118.78,118.77,118.78,2
BEEF3T,2025-10-07,6.78,6.79,6.78,6.79,2
VULC3T,2025-10-07,19.47,19.49,19.47,19.5,10
ROXO34T,2025-10-07,13.79,13.8,13.79,13.8,2
ELET3T,2025-10-07,53.38,53.39,53.38,53.39,2
ALPA4T,2025-10-07,9.54,9.55,9.54,9.55,2
ENGI11T,2025-10-07,49.26,49.27,49.26,49.27,2
IRDM11T,2025-10-07,60.92,60.93,60.92,60.93,4
BRKM5T,2025-10-07,8.13,8.14,8.13,8.14,2
NEOE3F,2025-10-07,27.87,27.2,27.09,27.87,652
PDGR3F,2025-10-07,0.02,0.01,0.01,0.02,1229
TIMS3,2025-10-07,23.32,22.85,22.77,23.42,17014
XPBR31,2025-10-07,90.3,88,87.55,90.56,17809
CEAB3,2025-10-07,15.2,15.12,14.72,15.26,17871
SLCE3,2025-10-07,15.85,15.73,15.64,15.9,6635
COGN3,2025-10-07,3.14,3.05,3.04,3.15,16313
G2DI33,2025-10-07,1.59,1.55,1.55,1.59,76
BLAU3,2025-10-07,13.32,13.16,13.12,13.48,1606
CXSE3,2025-10-07,15.17,15.15,15.02,15.29,13693
BRAV3F,2025-10-07,17.55,17.52,17.36,17.76,2653
MBRFV180,2025-10-07,1.06,1.56,0.98,1.6,9
AALR3,2025-10-07,6.17,5.82,5.82,6.17,183
AMBP3F,2025-10-07,0.88,0.7,0.7,1.03,4468
AURE3F,2025-10-07,10.42,10.18,10.05,10.42,1874
HYPEV222,2025-10-07,0.45,0.43,0.43,0.45,4
CDII11,2025-10-07,110.42,110,109.97,110.85,4466
BRAVK182,2025-10-07,0.6,0.59,0.56,0.67,14
AZZAK280,2025-10-07,0.82,0.68,0.5,0.86,55
OBTC3,2025-10-07,24,24,23.13,29,873
CAML3,2025-10-07,4.94,4.76,4.76,4.94,1822
IGTI11F,2025-10-07,23.21,23.22,22.88,23.22,518
ENJU3,2025-10-07,0.92,0.91,0.9,0.92,449
ARML3F,2025-10-07,3.37,3.22,3.21,3.37,282
TECN3,2025-10-07,6.64,6.59,6.54,6.68,318
AMER3F,2025-10-07,5.93,5.63,5.62,6,665
RAIZV106,2025-10-07,0.15,0.16,0.14,0.17,6
IFCM1,2025-10-07,0.01,0.01,0.01,0.01,32
DMVF3,2025-10-07,4.86,4.7,4.63,4.86,223
MOTVK134,2025-10-07,0.91,0.8,0.76,0.91,34
AZIN11,2025-10-07,104.7,101.68,101.25,104.7,885
SOJA3F,2025-10-07,10.33,10.11,10.09,10.36,925
BRZP11,2025-10-07,146.02,144.5,144.28,147.15,571
AMBPF400,2025-10-07,0.24,0.22,0.18,0.25,34
SBFG3F,2025-10-07,12.27,11.7,11.58,12.27,463
BRAVV210,2025-10-07,3.62,3.44,3.44,3.62,3
VCRA11,2025-10-07,60.6,60.42,60.41,60.69,613
BRAVJ182,2025-10-07,0.11,0.12,0.11,0.16,9
SBSPJ131,2025-10-07,0.6,0.29,0.28,0.6,33
CYREJ300W2,2025-10-07,0.27,0.09,0.09,0.27,4
PCARV380W5,2025-10-07,0.25,0.24,0.22,0.27,46
RAIZK115,2025-10-07,0.03,0.03,0.02,0.03,6
CYREV300,2025-10-07,0.35,0.42,0.34,0.62,29
TIMSW221,2025-10-07,0.21,0.29,0.21,0.29,5
CAMB3,2025-10-07,9.9,9.77,9.52,9.9,198
AERI3F,2025-10-07,4.08,4.08,4.02,4.08,439
INBRK470,2025-10-07,1.59,1.59,1.59,1.59,3
TASA3F,2025-10-07,5.33,5.27,5.25,5.33,194
FIQE3F,2025-10-07,4.48,4.49,4.31,4.5,1092
ISAEK234,2025-10-07,1.2,1.07,1.07,1.22,4
CYREW309,2025-10-07,1.86,1.96,1.86,2.19,27
MLAS3F,2025-10-07,1.05,1,0.98,1.05,133
KLBNV182,2025-10-07,0.33,0.4,0.21,0.4,28
PCARW370W1,2025-10-07,0.25,0.26,0.25,0.26,14
VAMOV340,2025-10-07,0.31,0.38,0.31,0.38,34
BDIV11,2025-10-07,41.2,41.5,41.17,41.5,124
VIVTV336,2025-10-07,1.22,1.22,1.22,1.22,1
MBRFK179,2025-10-07,0.85,0.68,0.6,0.95,9
VITT3F,2025-10-07,4.9,4.78,4.74,4.9,58
TCSA3,2025-10-07,1.48,1.45,1.45,1.52,128
BRAVV292,2025-10-07,11.66,11.66,11.66,11.66,1
BBSEW337,2025-10-07,0.32,0.22,0.22,0.32,67
AZZAK240,2025-10-07,2.45,2.28,2.11,2.45,45
VAMOJ340,2025-10-07,0.02,0.01,0.01,0.02,32
VAMOX280,2025-10-07,0.06,0.09,0.06,0.09,9
BBSEX38,2025-10-07,0.95,0.95,0.95,0.95,1
VTRU3F,2025-10-07,11,10.62,10.49,11.01,129
BBSEW362,2025-10-07,1.26,1.15,1.15,1.26,5
BBSEV330,2025-10-07,0.4,0.24,0.22,0.41,34
NATUW780,2025-10-07,0.25,0.3,0.25,0.32,12
CYREV299,2025-10-07,0.7,0.96,0.68,1.22,69
CURYJ343,2025-10-07,0.37,0.11,0.08,0.37,7
MBRFW18,2025-10-07,1.98,2.21,1.98,2.54,31
COGNJ308,2025-10-07,0.12,0.08,0.07,0.12,109
RDORW423,2025-10-07,1.79,1.88,1.79,1.88,2
MOTVW139,2025-10-07,0.35,0.48,0.35,0.49,10
MOTVK143,2025-10-07,0.48,0.38,0.36,0.48,51
EVTC31,2025-10-07,166.94,171.02,166.94,171.02,9
CYREV254,2025-10-07,0.03,0.02,0.01,0.03,11
EQPA3,2025-10-07,5.7,5.65,5.65,5.7,10
IGTIV230,2025-10-07,0.4,0.47,0.37,0.47,6
ISAEJ251,2025-10-07,0.04,0.02,0.02,0.05,7
FLRYJ160,2025-10-07,0.29,0.27,0.27,0.29,4
JBSSX750,2025-10-07,4,4,4,4,1
PCARV410W5,2025-10-07,0.42,0.38,0.38,0.43,14
KLBNK187,2025-10-07,0.41,0.31,0.31,0.41,7
BRAVJ180,2025-10-07,0.15,0.17,0.15,0.22,71
ISAEK246,2025-10-07,0.54,0.38,0.38,0.54,8
SBSPK121,2025-10-07,7.98,7.69,7.53,8.15,17
AZZAA32,2025-10-07,3.59,2.89,2.89,3.59,6
COGNJ318,2025-10-07,0.08,0.05,0.05,0.08,21
VIVAJ283,2025-10-07,0.37,0.32,0.31,0.4,9
SLCEW164,2025-10-07,0.59,0.59,0.59,0.59,2
MOTVW138,2025-10-07,0.28,0.37,0.28,0.38,8
RDORJ380,2025-10-07,3.23,3.1,3.1,3.23,2
SBSPV118,2025-10-07,0.37,0.46,0.37,0.47,13
CMINK522,2025-10-07,0.59,0.59,0.59,0.59,2
GUARW888,2025-10-07,0.57,0.56,0.56,0.57,2
SLCEW169,2025-10-07,0.93,0.93,0.93,0.93,1
VBBRJ242,2025-10-07,0.17,0.13,0.09,0.17,26
NATUJ966,2025-10-07,0.05,0.03,0.02,0.05,16
RDORK418,2025-10-07,1.55,1.55,1.55,1.55,1
CYREV259,2025-10-07,0.04,0.04,0.04,0.04,1
ALUP4,2025-10-07,9.84,9.75,9.72,9.86,44
YDUQJ127,2025-10-07,0.14,0.14,0.14,0.14,1
COGNV313,2025-10-07,0.1,0.12,0.09,0.13,16
ISAE3,2025-10-07,31.08,30.77,30.77,31.15,16
BRAVX250,2025-10-07,7,6.91,6.78,7,5
MBRFW181,2025-10-07,1.91,1.83,1.83,2.01,5
CBAVJ420,2025-10-07,0.14,0.06,0.05,0.16,17
BRAVV180W2,2025-10-07,0.6,0.52,0.51,0.62,6
BHIAJ580,2025-10-07,0.01,0.01,0.01,0.02,7
VIVAW275,2025-10-07,1.49,1.45,1.45,1.49,3
SBSPJ114,2025-10-07,12.3,10.45,10.45,12.3,5
SIMHK593,2025-10-07,0.04,0.04,0.04,0.04,3
ASAIM839,2025-10-07,0.45,0.46,0.45,0.46,2
NATUK760,2025-10-07,1.09,0.91,0.91,1.09,17
SBSPK131,2025-10-07,3.6,2.5,2.49,3.6,7
BRAVK180,2025-10-07,0.71,0.69,0.69,0.71,15
AZZAJ300,2025-10-07,0.07,0.05,0.05,0.07,4
HYPEK265,2025-10-07,0.12,0.11,0.1,0.12,3
SBSPJ130W2,2025-10-07,0.41,0.1,0.1,0.41,19
CYREW299,2025-10-07,1.22,1.37,1.22,1.61,25
VBBRK224,2025-10-07,1.76,1.44,1.44,1.76,4
LJQQW200,2025-10-07,0.09,0.11,0.09,0.11,4
CXSEJ151,2025-10-07,0.6,0.71,0.6,0.71,4
SBSPJ124,2025-10-07,3.7,2.19,2.08,3.7,36
CYREV340,2025-10-07,3.9,3.89,3.83,3.9,6
BHIAJ270,2025-10-07,0.65,0.6,0.55,0.65,15
CXSEV156,2025-10-07,0.07,0.07,0.07,0.12,15
VIVTJ356,2025-10-07,0.03,0.02,0.02,0.03,5
CYREK279,2025-10-07,2.23,2.23,2.23,2.23,1
LSAG11,2025-10-07,75.2,75.01,75.01,75.57,73
SOJAL110,2025-10-07,0.47,0.47,0.47,0.47,3
NATUV936,2025-10-07,1,1.18,1,1.2,11
BMGBV372,2025-10-07,0.01,0.01,0.01,0.01,1
RAIZK900,2025-10-07,0.09,0.1,0.09,0.1,4
ALOSK254,2025-10-07,0.62,0.57,0.57,0.62,2
BRAVV175W2,2025-10-07,0.24,0.23,0.22,0.24,21
BBSEW342,2025-10-07,0.4,0.34,0.34,0.45,9
VBBRV237,2025-10-07,0.74,0.97,0.69,1.07,158
MATD3F,2025-10-07,4.45,4.27,4.26,4.45,27
MBRFV198,2025-10-07,0.31,0.42,0.31,0.42,5
NATUW820,2025-10-07,0.4,0.48,0.4,0.48,6
COGNV303,2025-10-07,0.05,0.07,0.05,0.07,10
NATUW790,2025-10-07,0.31,0.33,0.31,0.34,4
AGXY3F,2025-10-07,5.73,5.71,5.57,5.88,846
VBBRJ232,2025-10-07,0.3,0.39,0.3,0.42,13
PETZJ370,2025-10-07,0.1,0.07,0.07,0.1,26
BBSEW364,2025-10-07,1.45,1.26,1.26,1.45,5
ASAIJ809,2025-10-07,0.69,0.71,0.69,0.72,129
VAMOS350,2025-10-07,0.45,0.54,0.45,0.54,13
COGNK378,2025-10-07,0.02,0.02,0.02,0.02,2
CYREJ236,2025-10-07,6.35,5.67,5.36,6.35,19
ISAEX261,2025-10-07,1.39,1.71,1.39,1.71,5
BRAVK187,2025-10-07,0.43,0.44,0.4,0.44,5
BRAVV192,2025-10-07,1.78,1.74,1.7,1.78,17
PCARX355,2025-10-07,0.26,0.28,0.26,0.28,4
BRAVW160,2025-10-07,0.21,0.2,0.2,0.23,15
LAND3F,2025-10-07,8.7,8.79,8.69,8.79,40
BRAVW180,2025-10-07,0.95,0.9,0.85,0.95,15
NATUV796,2025-10-07,0.09,0.16,0.09,0.16,11
SBSPW129,2025-10-07,5.37,5.93,5.37,6.1,9
BRAVV290,2025-10-07,11.46,11.44,11.44,11.46,2
BRAVV165,2025-10-07,0.07,0.06,0.05,0.07,7
VAMOW340,2025-10-07,0.31,0.38,0.31,0.38,13
ANIMV590,2025-10-07,2.95,2.95,2.95,2.95,1
BBSEK362,2025-10-07,0.58,0.64,0.51,0.7,28
VAMOB50,2025-10-07,0.42,0.32,0.32,0.42,10
IGTIV240,2025-10-07,1.16,1.16,1.16,1.16,1
PETZV390,2025-10-07,0.17,0.18,0.16,0.18,11
KLBNV179,2025-10-07,0.18,0.25,0.13,0.25,20
VBBRV217,2025-10-07,0.07,0.16,0.07,0.16,12
HYPEK242,2025-10-07,0.39,0.42,0.39,0.42,2
FLRYK17,2025-10-07,0.22,0.22,0.22,0.22,1
CRPG5F,2025-10-07,12.02,12,11.7,12.46,51
ISAEL276,2025-10-07,0.36,0.36,0.36,0.36,1
RDORX359,2025-10-07,0.31,0.31,0.31,0.31,4
TRAD3,2025-10-07,5.24,5.06,5.06,5.24,19
KLBNW19,2025-10-07,1.17,1.25,1.14,1.25,5
ALUPJ310,2025-10-07,0.4,0.44,0.4,0.44,2
ISAEV231,2025-10-07,0.05,0.05,0.05,0.05,2
COGNJ218,2025-10-07,1.01,0.9,0.87,1.01,11
BBSEV352,2025-10-07,0.55,0.34,0.32,0.55,32
RAIZG100,2025-10-07,0.18,0.17,0.17,0.18,3
SMTOK216,2025-10-07,0.03,0.03,0.03,0.03,1
PSSAK531,2025-10-07,0.24,0.16,0.16,0.24,3
RAIZJ111,2025-10-07,0.01,0.01,0.01,0.01,10
QUALB199,2025-10-07,0.83,0.83,0.83,0.83,1
AZZAW240,2025-10-07,0.65,0.94,0.65,1,19
RECVW107,2025-10-07,0.03,0.02,0.02,0.03,2
SIMHK298,2025-10-07,1.58,1.57,1.57,1.58,3
XPBRK900,2025-10-07,4.82,4.4,4.4,4.82,3
SLCEJ152,2025-10-07,0.62,0.68,0.56,0.75,9
NATUK940,2025-10-07,0.22,0.2,0.2,0.22,3
XPBRW860,2025-10-07,3.25,3.4,3.25,3.4,2
DIRRW149,2025-10-07,0.4,0.51,0.4,0.6,9
SMTOW160,2025-10-07,0.29,0.28,0.28,0.29,5
VBBRV202,2025-10-07,0.03,0.03,0.03,0.03,1
BRAVJ195W4,2025-10-07,0.05,0.05,0.05,0.05,1
AUREK994,2025-10-07,0.53,0.63,0.53,0.63,36
SMTOV200,2025-10-07,3.15,3.15,3.15,3.15,1
QUALW200,2025-10-07,0.07,0.07,0.07,0.07,1
CYREK294,2025-10-07,1.49,1.47,1.35,1.49,6
BBSEW299,2025-10-07,0.03,0.03,0.03,0.03,1
PCARJ380W2,2025-10-07,0.21,0.21,0.21,0.21,1
PCARK560,2025-10-07,0.06,0.05,0.05,0.06,2
VAMOK380,2025-10-07,0.04,0.03,0.03,0.04,17
BRAVV177,2025-10-07,0.5,0.46,0.38,0.51,23
PETZK391,2025-10-07,0.14,0.15,0.13,0.15,4
LJQQJ230,2025-10-07,0.03,0.02,0.02,0.03,4
KLBNV212,2025-10-07,3.05,3.05,3.05,3.05,1
ALOSW246,2025-10-07,0.74,0.75,0.74,0.75,2
COGNN1,2025-10-07,0.02,0.02,0.02,0.02,1
XPBRW920,2025-10-07,6.11,6.22,6.11,6.22,2
RAIZJ900W4,2025-10-07,0.08,0.08,0.08,0.08,1
CXSEJ161,2025-10-07,0.08,0.04,0.02,0.08,4
HYPEV220,2025-10-07,0.35,0.43,0.35,0.43,6
NATUV800W2,2025-10-07,0.08,0.08,0.08,0.08,2
VAMOV390,2025-10-07,0.84,0.85,0.84,0.85,4
BHIAV580,2025-10-07,2.52,2.57,2.52,2.58,3
COGNW298,2025-10-07,0.11,0.12,0.11,0.12,4
BBSEK387,2025-10-07,0.09,0.1,0.09,0.1,4
GMATX609,2025-10-07,0.1,0.13,0.1,0.13,3
SBSPV131,2025-10-07,6.62,7.33,6.62,7.33,2
SBSPJ12,2025-10-07,1.6,1.6,1.6,1.6,2
PCARJ408,2025-10-07,0.15,0.14,0.14,0.15,4
AUREX984,2025-10-07,0.15,0.2,0.14,0.22,23
COGNK298,2025-10-07,0.26,0.25,0.25,0.26,3
VAMOX410,2025-10-07,0.94,0.94,0.94,0.94,2
HYPEV217,2025-10-07,0.22,0.22,0.22,0.22,1
BRAVV187,2025-10-07,1.25,1.31,1.2,1.31,14
COGNW293,2025-10-07,0.09,0.1,0.09,0.1,6
CURYV318,2025-10-07,0.45,0.66,0.45,0.66,2
CMINK622,2025-10-07,0.08,0.08,0.08,0.08,2
LJQQW210,2025-10-07,0.13,0.15,0.13,0.15,5
VAMOV430,2025-10-07,1.18,1.26,1.18,1.26,6
BRAVV212,2025-10-07,3.74,3.74,3.74,3.74,1
NATUX720,2025-10-07,0.19,0.19,0.19,0.19,3
COGNW453,2025-10-07,1.37,1.38,1.36,1.38,18
SIMHK553,2025-10-07,0.08,0.08,0.08,0.08,3
BRAVW177,2025-10-07,0.8,0.76,0.76,0.83,15
WIZCJ875,2025-10-07,0.04,0.04,0.04,0.04,2
ASAIW909,2025-10-07,0.65,0.62,0.62,0.66,6
BRAVK207,2025-10-07,0.12,0.11,0.11,0.12,2
SBSPK134,2025-10-07,1.82,1.82,1.82,1.82,1
NATUV760W2,2025-10-07,0.02,0.02,0.02,0.02,1
LJQQW240,2025-10-07,0.33,0.33,0.33,0.33,1
BHIAW300,2025-10-07,0.18,0.15,0.1,0.18,50
TIMSJ238,2025-10-07,0.18,0.19,0.18,0.19,2
HYPEV21,2025-10-07,0.21,0.24,0.21,0.3,6
BBSEV402,2025-10-07,5.1,5,5,5.1,2
CYREW251,2025-10-07,0.2,0.15,0.15,0.2,9
XPBRJ105,2025-10-07,0.04,0.04,0.04,0.04,1
RAIZV900W4,2025-10-07,0.04,0.04,0.04,0.04,1
VAMOV395,2025-10-07,0.89,0.89,0.89,0.89,1
MBRFJ203,2025-10-07,0.62,0.41,0.41,0.62,3
KLBNW207,2025-10-07,2.2,2.25,2.2,2.25,2
VAMOV450,2025-10-07,1.42,1.42,1.42,1.42,1
IGTIW205,2025-10-07,0.17,0.17,0.17,0.17,1
YDUQW127,2025-10-07,0.95,1.09,0.95,1.09,3
COGNJ288,2025-10-07,0.27,0.22,0.22,0.27,7
SBSPF130,2025-10-07,15.79,14.99,14.99,15.79,2
CYREV274,2025-10-07,0.09,0.16,0.09,0.16,2
MBRFJ205,2025-10-07,0.02,0.02,0.02,0.02,2
GUARJ100,2025-10-07,0.06,0.06,0.06,0.06,1
SBSPV127,2025-10-07,2.25,3.75,2.25,3.89,24
PCARJ318,2025-10-07,0.75,0.75,0.75,0.75,1
BBSEJ367,2025-10-07,0.03,0.04,0.02,0.04,12
BRAVW167,2025-10-07,0.39,0.37,0.37,0.39,9
BMGBW352,2025-10-07,0.02,0.02,0.02,0.02,1
ASAIW969,2025-10-07,1.07,1.07,1.07,1.07,1
IGTI4F,2025-10-07,10.51,10.51,10.51,10.51,1
BBSEK317,2025-10-07,3.82,3.82,3.82,3.82,1
INTBW110,2025-10-07,0.34,0.3,0.3,0.34,2
VIVTJ346,2025-10-07,0.04,0.05,0.03,0.05,5
VBBRW224,2025-10-07,0.67,0.67,0.67,0.67,1
LJQQV249,2025-10-07,0.33,0.36,0.32,0.36,16
VIVTX304,2025-10-07,0.31,0.28,0.28,0.31,5
ASAIK879,2025-10-07,0.66,0.6,0.57,0.68,8
AUREK954,2025-10-07,0.99,0.89,0.89,0.99,2
BRAVV185W2,2025-10-07,0.91,0.92,0.91,0.92,17
COGNJ120,2025-10-07,1.97,1.97,1.97,1.97,1
AZZAE450,2025-10-07,2.32,1.29,1.29,2.32,4
VBBRJ287,2025-10-07,0.01,0.01,0.01,0.01,1
SLCEX154,2025-10-07,0.2,0.2,0.2,0.2,1
MBRFK165,2025-10-07,1.59,1.49,1.49,1.59,3
NATUW830,2025-10-07,0.44,0.51,0.43,0.51,10
PCARV393,2025-10-07,0.19,0.19,0.19,0.19,1
RAIZV860,2025-10-07,0.02,0.03,0.01,0.03,25
HYPEW227,2025-10-07,0.98,1.06,0.98,1.11,4
ISAEC244,2025-10-07,1.5,1.5,1.5,1.5,3
COGNV293,2025-10-07,0.03,0.03,0.03,0.03,5
BHIAW320,2025-10-07,0.23,0.24,0.23,0.24,20
ALUPJ315,2025-10-07,0.26,0.26,0.26,0.26,1
CSMGK300,2025-10-07,4.55,4.65,4.55,4.65,2
NATUW100,2025-10-07,1.63,1.7,1.63,1.7,2
PETZW356,2025-10-07,0.1,0.11,0.1,0.11,3
RAIZM850,2025-10-07,0.07,0.07,0.07,0.08,7
RAIZM900,2025-10-07,0.1,0.1,0.1,0.1,1
RAIZM800,2025-10-07,0.05,0.05,0.05,0.05,1
GMATW689,2025-10-07,0.42,0.42,0.42,0.42,2
GMATW629,2025-10-07,0.13,0.14,0.13,0.14,3
PSSAK541,2025-10-07,0.14,0.14,0.1,0.14,3
YDUQK135,2025-10-07,0.5,0.43,0.43,0.52,6
AZZAX255,2025-10-07,1.75,1.75,1.75,1.75,1
BRAVV190W2,2025-10-07,1.6,1.5,1.5,1.6,15
PSSAK491,2025-10-07,0.8,0.69,0.69,0.8,2
SIMHW463,2025-10-07,0.29,0.29,0.29,0.29,2
AZZAJ260,2025-10-07,0.58,0.32,0.32,0.58,4
AZZAO32,2025-10-07,6,6.5,6,6.5,3
COGNK218,2025-10-07,0.95,0.91,0.91,0.95,4
AZZAJ300W2,2025-10-07,0.03,0.03,0.03,0.03,1
COGNX303,2025-10-07,0.15,0.15,0.15,0.15,1
SBSPV106,2025-10-07,0.11,0.11,0.11,0.11,1
IGTIK205,2025-10-07,2.88,2.88,2.88,2.88,1
CSMGW240,2025-10-07,0.02,0.02,0.02,0.02,1
RDORV41,2025-10-07,0.57,0.59,0.54,0.69,27
VBBRK277,2025-10-07,0.09,0.09,0.09,0.09,1
PETZW921,2025-10-07,5.3,5.3,5.3,5.3,3
VIVAV270,2025-10-07,0.58,0.65,0.58,0.65,2
AZZAJ255,2025-10-07,0.78,0.51,0.46,0.78,45
CYREA309,2025-10-07,1.7,1.7,1.7,1.7,1
CSMGW345,2025-10-07,1.15,1.16,1.15,1.16,2
XPBRK920,2025-10-07,4.25,4.25,4.25,4.25,1
FLRYJ175,2025-10-07,0.03,0.02,0.02,0.03,5
FLRYJ155,2025-10-07,0.66,0.6,0.6,0.66,3
AZTE11F,2025-10-07,0.2,0.2,0.2,0.2,2
RAIZW140,2025-10-07,0.5,0.5,0.5,0.5,1
CYREJ279,2025-10-07,1.79,1.7,1.7,1.79,3
AUREJ117,2025-10-07,0.01,0.01,0.01,0.01,1
XPBRW960,2025-10-07,8,8,8,8,1
CYREA291,2025-10-07,2.55,2.55,2.55,2.55,1
SMTOJ170,2025-10-07,0.31,0.31,0.31,0.31,1
BRAVM160,2025-10-07,0.45,0.45,0.45,0.45,2
RECVX151,2025-10-07,2.11,2.11,2.11,2.11,1
BRAVX145,2025-10-07,0.14,0.14,0.14,0.14,1
WIZCV815,2025-10-07,0.13,0.13,0.13,0.13,1
IGTIW243,2025-10-07,1.43,1.43,1.43,1.43,4
ISAEW241,2025-10-07,0.39,0.5,0.39,0.5,2
BHIAV500,2025-10-07,1.75,1.75,1.75,1.75,1
VAMOJ380,2025-10-07,0.01,0.01,0.01,0.01,3
RAIZW115,2025-10-07,0.24,0.25,0.24,0.25,2
GMATV689,2025-10-07,0.38,0.38,0.38,0.38,1
KEPLV740,2025-10-07,0.09,0.1,0.09,0.1,4
MBRFV185,2025-10-07,1.68,1.68,1.68,1.68,1
BBSEB340,2025-10-07,1.94,1.76,1.76,1.94,3
IGTIW238,2025-10-07,1.13,1.13,1.13,1.13,1
SBSPR125,2025-10-07,5,5,5,5,1
SBSPO131,2025-10-07,6.02,7.37,6.02,7.37,2
VBBRK299,2025-10-07,0.03,0.03,0.03,0.03,1
RAIZW110,2025-10-07,0.2,0.22,0.2,0.22,3
AZZAQ270,2025-10-07,3,3,3,3,1
COGNV323,2025-10-07,0.14,0.19,0.14,0.19,31
SMTOV175,2025-10-07,0.64,0.74,0.64,0.74,2
BBSEJ310W4,2025-10-07,2.08,2.08,2.08,2.08,1
COGNW288,2025-10-07,0.08,0.08,0.08,0.08,3
POSIK503,2025-10-07,0.05,0.05,0.05,0.05,1
PCARV308,2025-10-07,0.02,0.02,0.02,0.02,1
XPBRK125,2025-10-07,0.12,0.12,0.12,0.12,1
ASAIV103,2025-10-07,1.39,1.6,1.39,1.6,3
RDORW350,2025-10-07,0.12,0.12,0.12,0.12,1
PSSAJ561,2025-10-07,0.04,0.04,0.04,0.04,1
IGTIV223,2025-10-07,0.18,0.18,0.18,0.18,1
RDORK413,2025-10-07,1.99,1.99,1.99,1.99,1
ASAIW699,2025-10-07,0.04,0.05,0.04,0.05,2
VIVAK328,2025-10-07,0.2,0.2,0.2,0.2,1
VIVAJ288,2025-10-07,0.33,0.3,0.3,0.33,2
RECVJ132,2025-10-07,0.02,0.01,0.01,0.02,2
VIVAV288,2025-10-07,1.3,1.3,1.3,1.3,1
KLBNK202,2025-10-07,0.07,0.06,0.06,0.07,4
JBSSW740,2025-10-07,4,4,4,4,2
AZZAJ330,2025-10-07,0.03,0.03,0.03,0.03,5
INTBK120,2025-10-07,0.22,0.22,0.22,0.22,1
YDUQK125,2025-10-07,0.9,0.87,0.87,0.9,2
AZZAK347,2025-10-07,0.11,0.11,0.11,0.11,1
PSSAK551,2025-10-07,0.11,0.13,0.11,0.13,3
VBBRW217,2025-10-07,0.38,0.4,0.38,0.4,3
BMOBK218,2025-10-07,0.97,0.97,0.97,0.97,1
NATUV132,2025-10-07,4.89,4.89,4.89,4.89,1
RDORW395,2025-10-07,0.81,0.81,0.81,0.81,1
ASAIK849,2025-10-07,0.73,0.73,0.73,0.73,1
SBSPK139,2025-10-07,1,0.85,0.85,1,4
SIMHW453,2025-10-07,0.26,0.25,0.25,0.26,2
PCARV368,2025-10-07,0.1,0.1,0.1,0.1,1
PETZV360W2,2025-10-07,0.03,0.01,0.01,0.03,166
JBSSK730,2025-10-07,2.6,2.7,2.6,2.7,2
RDORV399,2025-10-07,0.22,0.24,0.22,0.25,12
YDUQW132,2025-10-07,1.16,1.19,1.16,1.19,16
VBBRK252,2025-10-07,0.5,0.5,0.5,0.5,1
LJQQK220,2025-10-07,0.18,0.18,0.18,0.18,3
AZZAQ282,2025-10-07,3.39,3.39,3.39,3.39,1
ISAEW244,2025-10-07,0.38,0.38,0.38,0.38,1
ALOSV219,2025-10-07,0.01,0.01,0.01,0.01,1
BRAVL180,2025-10-07,1.08,1.08,1.08,1.08,2
AUREJ102,2025-10-07,0.17,0.17,0.17,0.17,1
AZZAX290,2025-10-07,3.39,4.15,3.39,4.15,2
NATUX860,2025-10-07,0.65,0.65,0.65,0.65,1
TIMSV233,2025-10-07,0.25,0.25,0.25,0.25,1
AZZAJ270W4,2025-10-07,0.6,0.35,0.35,0.6,4
CSMGJ370,2025-10-07,0.03,0.03,0.03,0.03,2
TENDK250,2025-10-07,0.98,0.98,0.98,0.98,1
ALOSL213,2025-10-07,3.8,3.8,3.8,3.8,2
BBSEW317,2025-10-07,0.06,0.06,0.06,0.06,2
COGNV338,2025-10-07,0.26,0.26,0.26,0.26,1
BBSEM347,2025-10-07,0.2,0.2,0.2,0.2,1
PETZK476,2025-10-07,0.02,0.02,0.02,0.02,1
RDORW327,2025-10-07,0.03,0.03,0.03,0.03,1
CSMGW335,2025-10-07,0.7,0.7,0.7,0.7,1
BRAVX28,2025-10-07,9.65,9.65,9.65,9.65,1
BHIAV700,2025-10-07,0.01,0.01,0.01,0.01,1
HYPEX220,2025-10-07,0.84,0.84,0.84,0.84,1
YDUQW122,2025-10-07,0.9,0.9,0.9,0.9,1
HYPEV220W2,2025-10-07,0.27,0.27,0.27,0.27,1
COGNM323,2025-10-07,0.27,0.27,0.27,0.27,19
RAIZW600,2025-10-07,0.01,0.01,0.01,0.01,1
VBBRV204,2025-10-07,0.02,0.02,0.02,0.02,4
SBSPK120,2025-10-07,7.88,7.89,7.88,7.89,2
AUREV974,2025-10-07,0.02,0.1,0.02,0.1,2
VAMOL320,2025-10-07,0.3,0.3,0.3,0.3,1
SIMHJ503,2025-10-07,0.03,0.03,0.03,0.03,1
KLBNW161,2025-10-07,0.06,0.06,0.06,0.06,1
BHIAW290,2025-10-07,0.24,0.24,0.24,0.24,1
QUALW219,2025-10-07,0.16,0.16,0.16,0.16,2
ISAEK261,2025-10-07,0.05,0.05,0.05,0.05,1
DXCOK639,2025-10-07,0.03,0.02,0.02,0.03,4
NATUJ796,2025-10-07,0.35,0.33,0.33,0.35,2
PETZW451,2025-10-07,0.79,0.79,0.79,0.79,1
AZZAW220,2025-10-07,0.4,0.45,0.4,0.47,10
AZZAJ400,2025-10-07,0.01,0.01,0.01,0.01,1
POSIK458,2025-10-07,0.11,0.13,0.11,0.13,2
JALLX260,2025-10-07,0.12,0.12,0.12,0.12,1
AZZAV305,2025-10-07,5.5,5.5,5.5,5.5,1
VIVTJ316,2025-10-07,1.01,1.02,1.01,1.02,4
AZZAJ375,2025-10-07,0.01,0.01,0.01,0.01,1
POSIJ468,2025-10-07,0.01,0.01,0.01,0.01,1
QUALK140,2025-10-07,2.03,2.03,2.03,2.03,1
ISAEK224,2025-10-07,1.94,1.94,1.94,1.94,1
CMINO500,2025-10-07,0.07,0.07,0.07,0.07,2
ALOSV250W2,2025-10-07,0.7,0.7,0.7,0.7,1
MOTVK159,2025-10-07,0.07,0.07,0.07,0.07,1
PCARK440,2025-10-07,0.21,0.21,0.21,0.21,1
XPBRW900,2025-10-07,4.91,4.91,4.91,4.91,1
HYPEK255,2025-10-07,0.19,0.19,0.19,0.19,1
NEOE3,2025-10-07,27.82,27.26,27.09,27.82,5927
BBSE3F,2025-10-07,32.83,33.12,32.75,33.34,9638
CBAV3,2025-10-07,4.2,4.07,3.99,4.26,13380
PORT3,2025-10-07,18.29,18.32,18.29,18.33,3329
QUAL3,2025-10-07,2.29,2.19,2.16,2.31,3477
VIVA3,2025-10-07,28.2,27.17,26.96,28.32,13761
AZZAK260,2025-10-07,1.9,1.24,1.15,1.9,34
NATU3,2025-10-07,8.59,8.13,8.07,8.59,22139
SBFG3,2025-10-07,12.23,11.77,11.57,12.23,6652
RURA11,2025-10-07,8.19,8.19,8.17,8.22,3606
KLBN3,2025-10-07,3.59,3.54,3.51,3.63,3068
KLBN4,2025-10-07,3.57,3.54,3.53,3.59,4715
ONCO3,2025-10-07,3.75,3.68,3.5,3.77,12016
TEND3,2025-10-07,24.8,23.91,23.45,24.9,14744
YDUQ3,2025-10-07,12.51,11.99,11.87,12.57,9860
MATD3,2025-10-07,4.45,4.25,4.25,4.45,259
SIMH3,2025-10-07,4.6,4.49,4.45,4.63,12087
IGTI11,2025-10-07,23.2,23.26,22.88,23.31,7007
SBSP3,2025-10-07,126.5,124.81,123.94,127.47,11497
PSSA3,2025-10-07,46.86,46.1,45.51,46.86,16733
HBSA3F,2025-10-07,3.56,3.64,3.54,3.71,158
AZZAJ280,2025-10-07,0.22,0.08,0.07,0.22,14
RIFF11,2025-10-07,7.6,7.58,7.55,7.61,480
MBRFW200,2025-10-07,0.8,0.85,0.78,1.04,16
VTRU3,2025-10-07,10.92,10.73,10.5,10.95,1267
PTBL3,2025-10-07,3.97,3.88,3.75,3.97,507
MTRE3F,2025-10-07,3.79,3.7,3.66,3.79,1413
YDUQW117,2025-10-07,0.47,0.66,0.47,0.66,5
NEXG11,2025-10-07,132,131.99,129.6,132,60
FGAA11,2025-10-07,9,8.99,8.95,9.02,2785
BBSEW347,2025-10-07,0.59,0.5,0.47,0.62,25
AZTE3,2025-10-07,0.41,0.41,0.41,0.43,368
PPEI11,2025-10-07,88.02,87.49,87.49,88.23,1438
DXCO3F,2025-10-07,5.41,5.25,5.24,5.42,573
BRAVV162,2025-10-07,0.05,0.04,0.04,0.05,15
BBSEW344,2025-10-07,0.5,0.41,0.4,0.52,14
SIMH3F,2025-10-07,4.61,4.48,4.41,4.64,589
FLRY3F,2025-10-07,15.85,15.7,15.65,15.92,1050
OPCT3F,2025-10-07,7.6,7.42,7.32,7.6,46
CPTR11,2025-10-07,7.65,7.6,7.56,7.67,1205
MBRFJ175,2025-10-07,0.49,0.29,0.24,0.49,52
VAMOV360,2025-10-07,0.5,0.59,0.5,0.59,69
MBRFV253,2025-10-07,4.79,5.2,4.79,5.24,5
ISAEJ236,2025-10-07,0.85,0.58,0.57,0.85,12
CURYK343,2025-10-07,0.75,0.63,0.63,0.75,2
BBSEJ352,2025-10-07,0.31,0.39,0.25,0.48,78
PCARV410W2,2025-10-07,0.22,0.24,0.22,0.27,10
CYREJ299,2025-10-07,0.75,0.4,0.29,0.75,65
VAMOW310,2025-10-07,0.12,0.19,0.12,0.19,100
IGTIJ238,2025-10-07,0.14,0.14,0.14,0.14,2
BRAVW190,2025-10-07,1.54,1.57,1.47,1.6,39
CBAVJ450,2025-10-07,0.12,0.06,0.03,0.12,8
NGRD3,2025-10-07,26,25.36,25.35,26.02,24
GGPS3F,2025-10-07,19.01,18.53,18.4,19.2,119
ISAEK236,2025-10-07,0.98,0.9,0.9,1.02,6
AZZAV265,2025-10-07,1.49,1.6,1.49,1.61,6
CYREJ309,2025-10-07,0.27,0.15,0.11,0.27,36
ALUP4F,2025-10-07,10,9.9,9.73,10,205
PSSAV471,2025-10-07,1.08,1.17,1.05,1.2,10
BBSEJ380,2025-10-07,0.12,0.18,0.11,0.24,56
PSSAJ481,2025-10-07,0.29,0.24,0.24,0.29,7
CYREK309,2025-10-07,1.1,0.8,0.69,1.1,34
KLBNW202,2025-10-07,1.88,1.78,1.78,1.88,4
CYREW246,2025-10-07,0.14,0.14,0.14,0.14,1
SBSPV132,2025-10-07,5.8,8.2,5.8,8.2,8
COGNK328,2025-10-07,0.15,0.11,0.11,0.15,7
KLBNJ177,2025-10-07,0.62,0.43,0.43,0.64,13
BBSEV367,2025-10-07,1.69,1.4,1.4,1.69,23
CMINW552,2025-10-07,0.12,0.13,0.12,0.13,4
GFSAJ70,2025-10-07,0.6,0.62,0.48,0.62,32
AZZAV240,2025-10-07,0.23,0.42,0.23,0.42,19
PSSAJ466,2025-10-07,0.72,0.65,0.65,0.72,4
VAMOV370,2025-10-07,0.59,0.65,0.59,0.66,118
BBSEW335,2025-10-07,0.78,0.72,0.72,0.78,2
BBSEV342,2025-10-07,0.14,0.08,0.07,0.14,62
INTBV140,2025-10-07,2.32,2.32,2.32,2.32,1
CMINK592,2025-10-07,0.22,0.17,0.16,0.22,7
SBSPK127,2025-10-07,4.73,4.13,4.01,4.73,20
TOKY3F,2025-10-07,0.98,0.9,0.85,0.98,49
RAIZV256,2025-10-07,1.67,1.67,1.67,1.67,1
ISAEJ241,2025-10-07,0.41,0.21,0.21,0.43,19
ISAEW224,2025-10-07,0.06,0.06,0.05,0.06,4
RAIZH13,2025-10-07,0.12,0.12,0.12,0.13,4
PCARW360W1,2025-10-07,0.21,0.19,0.19,0.22,11
HYPEJ222,2025-10-07,0.67,0.53,0.53,0.76,15
CMINV564,2025-10-07,0.08,0.08,0.07,0.09,13
IGTIJ240,2025-10-07,0.09,0.09,0.09,0.09,1
YDUQW150,2025-10-07,2.92,2.85,2.85,2.92,8
CYREJ294,2025-10-07,1.07,0.62,0.47,1.07,115
CBAVW330,2025-10-07,0.05,0.05,0.05,0.05,2
DCRA11,2025-10-07,7.32,7.2,7.2,7.32,280
MBRFK285,2025-10-07,0.03,0.03,0.03,0.03,5
RECVV127,2025-10-07,0.4,0.32,0.32,0.4,4
SBSPV119,2025-10-07,0.48,0.51,0.46,0.62,32
AZZAX242,2025-10-07,1.05,1.3,1.05,1.3,9
SEQL1F,2025-10-07,0.03,0.03,0.02,0.04,37
RAIZM200,2025-10-07,1.05,1.05,1.05,1.05,2
BBSEK367,2025-10-07,0.4,0.44,0.35,0.5,49
SBSPV120,2025-10-07,0.68,0.73,0.68,0.79,16
OFSA3F,2025-10-07,22.04,21.87,21.86,22.04,16
SMTOV170,2025-10-07,0.34,0.41,0.34,0.41,3
PSSAK426,2025-10-07,4.54,4.54,4.54,4.54,1
BRAVV170W4,2025-10-07,0.2,0.2,0.2,0.2,1
BBSEW352,2025-10-07,0.81,0.61,0.61,0.81,18
AALR3F,2025-10-07,6.06,5.96,5.88,6.06,68
MBRFJ238,2025-10-07,0.01,0.01,0.01,0.01,1
RECVK122,2025-10-07,0.55,0.6,0.53,0.6,11
BBSEK350,2025-10-07,0.34,0.37,0.29,0.42,33
BRAVJ185W2,2025-10-07,0.02,0.02,0.02,0.02,2
DIRRK156,2025-10-07,0.59,0.55,0.41,0.59,93
KLBNW17,2025-10-07,0.32,0.42,0.29,0.42,36
CSMGW305,2025-10-07,0.18,0.15,0.15,0.18,2
PSSAV486,2025-10-07,1.7,2.29,1.7,2.41,14
COGNK343,2025-10-07,0.07,0.07,0.07,0.08,3
GMATK729,2025-10-07,0.07,0.07,0.07,0.07,1
MBRFJ24,2025-10-07,0.01,0.01,0.01,0.01,8
VSTE3,2025-10-07,4.97,4.74,4.72,4.97,22
COGNV253,2025-10-07,0.01,0.01,0.01,0.01,1
VIVTX332,2025-10-07,1.2,1.27,1.2,1.27,3
VBBRW227,2025-10-07,0.87,0.78,0.78,0.87,2
COGNK333,2025-10-07,0.11,0.1,0.1,0.11,13
PETZV370,2025-10-07,0.04,0.07,0.04,0.07,25
BRAVJ200,2025-10-07,0.02,0.02,0.02,0.02,4
BHIAV270,2025-10-07,0.04,0.04,0.02,0.04,14
PETZW380W1,2025-10-07,0.2,0.19,0.16,0.21,20
NATUK850,2025-10-07,0.55,0.43,0.43,0.55,9
VAMOX290,2025-10-07,0.09,0.12,0.09,0.12,10
NUIF11,2025-10-07,94.5,94.5,93.9,94.5,199
PSSAJ511,2025-10-07,0.05,0.04,0.04,0.05,2
BBSEV377,2025-10-07,2.7,2.4,2.4,2.7,8
SBSPW122,2025-10-07,1.95,2.72,1.95,2.85,29
BRAVW175,2025-10-07,0.65,0.64,0.64,0.69,24
AMBPX699,2025-10-07,5.95,6.25,5.89,6.27,10
NATUW870,2025-10-07,0.71,0.75,0.71,0.75,4
NATUV880W2,2025-10-07,0.55,0.71,0.55,0.71,4
SLCEV152,2025-10-07,0.05,0.03,0.03,0.05,9
SIMHW398,2025-10-07,0.08,0.08,0.08,0.08,1
CSMGK32,2025-10-07,2.29,2.28,2.28,2.29,3
COGNJ178,2025-10-07,1.3,1.3,1.3,1.3,1
VAMOK400,2025-10-07,0.03,0.02,0.02,0.03,543
COGNK353,2025-10-07,0.06,0.06,0.05,0.06,9
ALOSW231,2025-10-07,0.19,0.23,0.19,0.25,15
QUALJ179,2025-10-07,0.41,0.41,0.41,0.41,1
BRAVT200,2025-10-07,2.5,2.5,2.5,2.5,1
RAIZV131,2025-10-07,0.39,0.4,0.37,0.4,3
COGNW723,2025-10-07,4.03,4.03,4.03,4.03,1
JBSSK750,2025-10-07,1.95,1.95,1.95,1.95,1
CMINJ544,2025-10-07,0.48,0.28,0.28,0.48,14
ISAEX266,2025-10-07,2.38,2.39,2.38,2.39,2
YDUQK160,2025-10-07,0.07,0.08,0.06,0.08,7
RDORW385,2025-10-07,0.53,0.53,0.52,0.53,5
TIMSJ233,2025-10-07,0.45,0.32,0.32,0.5,6
VAMOG350,2025-10-07,0.45,0.41,0.41,0.45,13
ISAEL261,2025-10-07,0.22,0.22,0.22,0.22,2
WEST3F,2025-10-07,4.9,4.72,4.72,5.19,904
CEABJ148,2025-10-07,0.45,0.45,0.45,0.45,1
MOTVK139,2025-10-07,0.5,0.5,0.48,0.51,6
NATUW800,2025-10-07,0.34,0.38,0.34,0.4,5
YDUQW900,2025-10-07,0.04,0.05,0.03,0.05,6
VAMOX320,2025-10-07,0.23,0.29,0.23,0.29,12
HBRE3F,2025-10-07,4.59,4.37,4.3,4.59,84
CEABK193,2025-10-07,0.3,0.22,0.19,0.3,22
YDUQX114,2025-10-07,0.41,0.45,0.41,0.45,2
SBSPV130,2025-10-07,5.76,6.2,5.76,6.25,4
CEABV148,2025-10-07,0.45,0.45,0.45,0.45,1
MBRFK200,2025-10-07,1.7,1.25,1.25,1.7,19
VBBRK249,2025-10-07,0.42,0.42,0.42,0.42,2
PCARV320W5,2025-10-07,0.08,0.06,0.06,0.08,2
BBSEJ345W2,2025-10-07,0.04,0.04,0.04,0.04,1
SBSPV114,2025-10-07,0.2,0.21,0.2,0.21,2
PCARJ423,2025-10-07,0.13,0.09,0.09,0.13,6
BRAVV182,2025-10-07,0.82,0.83,0.78,0.9,22
KLBNV172,2025-10-07,0.03,0.02,0.02,0.03,3
VIVAJ177,2025-10-07,10.08,10.08,10.08,10.08,1
SLCEK149,2025-10-07,1.16,1.23,1.16,1.28,81
AUREJ994,2025-10-07,0.31,0.31,0.31,0.31,1
YDUQW130,2025-10-07,1.19,1.36,1.19,1.36,2
SLCEJ16,2025-10-07,0.06,0.06,0.05,0.08,40
SBSPK126,2025-10-07,5.12,4.63,4.52,5.12,10
AAGR11,2025-10-07,94.8,94.8,94.78,94.8,15
AZZAK32,2025-10-07,0.2,0.16,0.16,0.2,8
YDUQJ125,2025-10-07,0.38,0.21,0.18,0.4,26
SBSPK132,2025-10-07,3.17,2.26,2.23,3.17,46
BRAVV247,2025-10-07,7.2,7.2,7.2,7.2,1
FLRYW160,2025-10-07,0.45,0.45,0.45,0.45,1
KLBNJ189,2025-10-07,0.05,0.03,0.02,0.05,9
COGNJ293,2025-10-07,0.2,0.17,0.17,0.2,4
CBAVK430,2025-10-07,0.09,0.09,0.09,0.09,1
PETZJ380,2025-10-07,0.04,0.03,0.03,0.05,66
MBRFX18,2025-10-07,1.55,1.55,1.55,1.55,1
PCARK390,2025-10-07,0.45,0.39,0.38,0.45,12
CBAVJ360,2025-10-07,0.65,0.41,0.41,0.65,6
PCARV348,2025-10-07,0.06,0.06,0.06,0.06,1
YDUQX123,2025-10-07,1.08,1.08,1.08,1.08,1
VAMOJ330,2025-10-07,0.04,0.02,0.02,0.04,187
PSSAW426,2025-10-07,0.21,0.25,0.21,0.25,3
PSSAW480,2025-10-07,2.5,2.5,2.5,2.5,1
MOTVW148,2025-10-07,0.79,0.92,0.79,0.92,12
CYREV269,2025-10-07,0.1,0.1,0.1,0.1,1
CYREJ339,2025-10-07,0.01,0.01,0.01,0.01,53
CYREJ354,2025-10-07,0.01,0.01,0.01,0.01,53
ASAIX939,2025-10-07,0.76,0.75,0.75,0.9,8
ASAIX839,2025-10-07,0.33,0.33,0.33,0.33,3
MBRFK23,2025-10-07,0.2,0.2,0.2,0.2,1
SEERK990,2025-10-07,1.05,1.05,1.05,1.05,1
PCARL400,2025-10-07,1.1,1.1,1.1,1.1,1
CXSEJ156,2025-10-07,0.25,0.31,0.16,0.31,9
CYREJ334,2025-10-07,0.01,0.01,0.01,0.01,5
MOTVV148,2025-10-07,0.77,0.94,0.77,0.94,3
CSMGV310,2025-10-07,0.02,0.01,0.01,0.02,4
CYREJ194,2025-10-07,9.68,9.61,9.61,9.68,4
RAIZL110,2025-10-07,0.05,0.05,0.05,0.05,5
BRAVW197,2025-10-07,2.24,2.16,2.14,2.24,5
LJQQK249,2025-10-07,0.05,0.05,0.05,0.05,1
CMINJ479,2025-10-07,0.91,0.89,0.89,0.91,2
NATUJ986,2025-10-07,0.02,0.02,0.02,0.02,1
NATUJ112,2025-10-07,0.01,0.01,0.01,0.01,8
AUREW105,2025-10-07,0.41,0.5,0.41,0.5,8
SBSPK135,2025-10-07,1.88,1.5,1.5,1.88,7
COGNK308,2025-10-07,0.2,0.2,0.19,0.2,3
COGNX338,2025-10-07,0.33,0.35,0.33,0.36,5
CEABJ185,2025-10-07,0.01,0.01,0.01,0.01,3
BRAVV205,2025-10-07,3.03,3.03,3.03,3.03,2
CYREX257,2025-10-07,0.24,0.22,0.22,0.24,2
DIRRW146,2025-10-07,0.35,0.36,0.35,0.45,8
SBSPJ140,2025-10-07,0.06,0.05,0.05,0.06,4
AUREK105,2025-10-07,0.16,0.2,0.16,0.24,10
RAIZV100W2,2025-10-07,0.06,0.08,0.06,0.09,3
MBRFV230,2025-10-07,6.88,7.29,6.88,7.29,2
CYREK296,2025-10-07,1.2,1.2,1.2,1.2,1
SMTOW171,2025-10-07,0.86,0.96,0.86,0.96,21
BHIAV470,2025-10-07,1.4,1.42,1.4,1.47,6
BRAVJ202,2025-10-07,0.01,0.02,0.01,0.02,2
RAIZW105,2025-10-07,0.16,0.19,0.16,0.19,7
IGTIW208,2025-10-07,0.18,0.18,0.18,0.18,1
RAIZJ130W4,2025-10-07,0.01,0.01,0.01,0.01,1
INTBB230,2025-10-07,0.2,0.18,0.18,0.2,8
PCARV333,2025-10-07,0.18,0.04,0.03,0.18,5
AZZAK310,2025-10-07,0.26,0.26,0.26,0.26,1
DIRRJ470,2025-10-07,0.26,0.16,0.14,0.26,7
ASAIV919,2025-10-07,0.4,0.51,0.4,0.56,18
COGNG350,2025-10-07,0.48,0.48,0.48,0.48,2
QUALJ204,2025-10-07,0.2,0.2,0.2,0.2,1
COGNJ328,2025-10-07,0.03,0.02,0.02,0.03,27
CXSEK160,2025-10-07,0.33,0.35,0.29,0.35,4
KLBNA182,2025-10-07,1.05,1.05,1.05,1.05,2
DIRRJ140,2025-10-07,0.88,0.88,0.88,0.88,1
HYPEK235,2025-10-07,0.62,0.62,0.62,0.62,1
VIVAW253,2025-10-07,0.27,0.52,0.27,0.52,3
HYPEJ250,2025-10-07,0.02,0.01,0.01,0.02,4
BHIAV350W2,2025-10-07,0.25,0.25,0.25,0.25,1
MBRFV165,2025-10-07,0.36,0.3,0.3,0.36,2
SIMHJ473,2025-10-07,0.11,0.08,0.08,0.11,12
RAIZL800,2025-10-07,0.17,0.17,0.17,0.17,4
COGNJ173,2025-10-07,1.36,1.36,1.36,1.36,1
SBSPJ128W2,2025-10-07,0.95,0.26,0.26,0.95,30
TENDK270,2025-10-07,0.28,0.28,0.28,0.28,1
MBRFL224,2025-10-07,0.18,0.16,0.16,0.18,2
AMBPW120,2025-10-07,10.91,11,10.91,11.06,15
PSSAK581,2025-10-07,0.07,0.07,0.07,0.07,1
VBBRX228,2025-10-07,0.92,0.92,0.92,0.92,1
MBRFK280,2025-10-07,0.03,0.03,0.03,0.03,1
COGNV318,2025-10-07,0.12,0.15,0.12,0.15,33
MBRFJ185,2025-10-07,0.1,0.07,0.07,0.1,3
FLRYV155,2025-10-07,0.08,0.06,0.06,0.08,3
ASAIV899,2025-10-07,0.41,0.4,0.37,0.42,11
MOTVJ133,2025-10-07,0.76,0.73,0.73,0.8,4
PETZM700,2025-10-07,2.84,2.8,2.77,2.84,3
SBSPW131,2025-10-07,7.08,7.08,7.08,7.08,1
SBSPK136,2025-10-07,1.52,1.32,1.32,1.53,12
ASAIX799,2025-10-07,0.15,0.15,0.15,0.15,1
PCARJ418,2025-10-07,0.1,0.1,0.1,0.1,1
MBRFV22,2025-10-07,1.86,2.5,1.86,2.5,6
PCARJ373,2025-10-07,0.32,0.32,0.31,0.32,3
CSMGK370,2025-10-07,0.42,0.45,0.42,0.45,2
SEERK102,2025-10-07,1.09,0.96,0.96,1.09,6
VBBRW229,2025-10-07,0.9,0.9,0.9,0.9,1
NEOEJ282,2025-10-07,0.32,0.32,0.32,0.32,2
TRISJ760,2025-10-07,0.04,0.03,0.03,0.04,2
VBBRK232,2025-10-07,1.27,1.1,1,1.27,27
CSMGW315,2025-10-07,0.33,0.33,0.33,0.33,1
ISAEX244,2025-10-07,0.4,0.4,0.4,0.4,1
BRAVK157,2025-10-07,2.28,2.28,2.28,2.28,1
AZZAK292,2025-10-07,0.46,0.38,0.36,0.46,6
NATUX740,2025-10-07,0.22,0.25,0.22,0.25,2
COGNK293,2025-10-07,0.31,0.31,0.31,0.31,1
ANIMX275,2025-10-07,0.14,0.14,0.14,0.14,1
LJQQJ249,2025-10-07,0.01,0.01,0.01,0.01,17
ALOSJ226,2025-10-07,2.08,2.08,2.08,2.08,1
PSSAJ531,2025-10-07,0.01,0.02,0.01,0.03,3
BRAVV225,2025-10-07,4.86,4.85,4.85,4.86,2
AUREJ112,2025-10-07,0.01,0.01,0.01,0.01,2
HYPEJ23,2025-10-07,0.09,0.07,0.07,0.09,3
QUALV224,2025-10-07,0.1,0.11,0.1,0.11,2
LJQQK260,2025-10-07,0.05,0.05,0.05,0.05,1
VIVAK348,2025-10-07,0.09,0.1,0.09,0.1,2
CEABK168,2025-10-07,0.7,0.61,0.6,0.7,5
BRAVW215,2025-10-07,3.64,3.64,3.64,3.64,1
CXSEW151,2025-10-07,0.12,0.11,0.11,0.17,5
BHIAJ350W2,2025-10-07,0.02,0.02,0.02,0.02,1
PCARW270,2025-10-07,0.04,0.04,0.04,0.04,1
YDUQK923,2025-10-07,3.16,3.16,3.16,3.16,1
COGNV310W2,2025-10-07,0.06,0.06,0.06,0.06,1
POSIL699,2025-10-07,0.35,0.31,0.31,0.35,3
ANIMW355,2025-10-07,0.57,0.57,0.57,0.57,1
PCARK430,2025-10-07,0.27,0.26,0.26,0.27,4
RAIZW125,2025-10-07,0.35,0.34,0.34,0.35,3
BHIAW310,2025-10-07,0.25,0.2,0.19,0.25,5
BBSEX325,2025-10-07,0.57,0.42,0.42,0.58,7
CURYV316,2025-10-07,0.4,0.4,0.4,0.4,1
CXSEW152,2025-10-07,0.07,0.07,0.07,0.1,5
PSSAL486,2025-10-07,1.5,1.45,1.44,1.5,3
VIVAW283,2025-10-07,1.4,1.9,1.4,1.9,2
XPBRN760,2025-10-07,1.55,1.55,1.55,1.55,1
PCARK540,2025-10-07,0.07,0.07,0.07,0.07,1
BBSEW307,2025-10-07,0.04,0.04,0.04,0.04,1
MBRFJ223,2025-10-07,0.08,0.08,0.08,0.08,2
CYREK261,2025-10-07,3.76,3.76,3.76,3.76,1
NATUJ105,2025-10-07,0.02,0.01,0.01,0.02,3
VBBRV247,2025-10-07,2,1.91,1.91,2,2
IGTIK243,2025-10-07,0.52,0.51,0.51,0.52,3
RDORK425,2025-10-07,1.25,1.25,1.25,1.25,1
PCARW300,2025-10-07,0.07,0.07,0.07,0.07,3
RAIZL20,2025-10-07,0.09,0.09,0.07,0.09,7
COGNJ353,2025-10-07,0.01,0.01,0.01,0.01,4
VIVTX320,2025-10-07,0.6,0.69,0.6,0.69,2
NATUK980,2025-10-07,0.18,0.13,0.13,0.18,3
BHIAW900,2025-10-07,5.55,5.55,5.55,5.55,1
BRAVK155,2025-10-07,2.49,2.49,2.49,2.49,1
SIMHK30,2025-10-07,2.5,2.5,2.5,2.5,1
RDORJ405,2025-10-07,1.2,1.2,1.2,1.2,1
BBSEV315W2,2025-10-07,0.01,0.01,0.01,0.01,1
COGNV328,2025-10-07,0.18,0.19,0.18,0.2,18
TTENV11,2025-10-07,0.01,0.01,0.01,0.01,3
CYREW314,2025-10-07,1.8,2.35,1.8,2.35,6
CYREJ359,2025-10-07,0.01,0.01,0.01,0.01,1
IGTIW228,2025-10-07,0.65,0.65,0.65,0.67,8
CXSEV151,2025-10-07,0.02,0.02,0.02,0.02,1
YDUQK100,2025-10-07,2.44,2.44,2.44,2.44,1
NEOEK289,2025-10-07,0.43,0.61,0.4,0.61,5
VBBRL238,2025-10-07,1.1,1.15,1.1,1.15,7
CYREK239,2025-10-07,5.75,5.75,5.75,5.75,1
AZZAL327,2025-10-07,0.3,0.3,0.3,0.3,1
ALOSJ255W4,2025-10-07,0.15,0.15,0.15,0.15,5
CYREJ340,2025-10-07,0.04,0.02,0.02,0.04,4
ANIMV325,2025-10-07,0.24,0.24,0.24,0.24,1
PCARW415,2025-10-07,0.46,0.49,0.46,0.49,6
CSMGV350,2025-10-07,1.24,1.22,1.22,1.24,2
AZZAL320,2025-10-07,0.56,0.33,0.33,0.56,6
TENDJ250,2025-10-07,0.4,0.4,0.4,0.4,1
HYPEK270,2025-10-07,0.08,0.07,0.07,0.08,3
BBSEV315W4,2025-10-07,0.06,0.08,0.06,0.08,2
VBBRR224,2025-10-07,1.26,1.26,1.26,1.26,1
BRAVW202,2025-10-07,2.58,2.61,2.58,2.61,2
BMGBL40,2025-10-07,0.7,0.7,0.7,0.7,1
SLCEJ172,2025-10-07,0.01,0.01,0.01,0.01,1
CYREJ310W2,2025-10-07,0.03,0.03,0.03,0.03,1
VIVAK315,2025-10-07,0.25,0.25,0.25,0.25,1
DIRRK166,2025-10-07,0.26,0.21,0.2,0.26,3
AZZAV220,2025-10-07,0.04,0.07,0.04,0.07,8
IGTIK215,2025-10-07,2.08,2.08,2.08,2.08,1
RAIZX115,2025-10-07,0.25,0.25,0.25,0.25,1
RDORV366,2025-10-07,0.02,0.02,0.02,0.02,1
MOTVK148,2025-10-07,0.28,0.27,0.27,0.28,2
QUALK239,2025-10-07,0.14,0.1,0.1,0.15,6
CSMGW330,2025-10-07,0.69,0.69,0.69,0.69,1
BRAVJ187,2025-10-07,0.07,0.06,0.06,0.07,12
BRAVX310,2025-10-07,13,12.72,12.72,13,3
SBSPV111,2025-10-07,0.13,0.13,0.13,0.14,3
RAIZL125,2025-10-07,0.04,0.04,0.04,0.04,2
ALOSW199,2025-10-07,0.03,0.03,0.03,0.03,1
JBSSV920,2025-10-07,7.13,7,7,7.41,3
AZZAV225,2025-10-07,0.07,0.07,0.07,0.07,1
SMTOJ175,2025-10-07,0.16,0.16,0.16,0.16,1
HYPEB280,2025-10-07,2.67,2.67,2.67,2.67,1
ASAIJ829,2025-10-07,0.54,0.54,0.54,0.54,1
CMINA700,2025-10-07,0.08,0.08,0.08,0.08,1
ALOSJ231,2025-10-07,1.57,1.57,1.57,1.57,1
KLBNX170,2025-10-07,0.17,0.19,0.15,0.19,6
ASAIX859,2025-10-07,0.5,0.5,0.5,0.5,1
IGTIV228,2025-10-07,0.31,0.31,0.29,0.31,7
CURYW333,2025-10-07,1.65,1.65,1.65,1.65,1
PETZA600,2025-10-07,0.04,0.04,0.04,0.04,1
CMINC600,2025-10-07,0.57,0.57,0.57,0.57,1
RDORK393,2025-10-07,3.18,3.18,3.18,3.18,1
AZZAW327,2025-10-07,6.59,6.55,6.55,6.59,2
JBSSW720,2025-10-07,2.4,2.4,2.4,2.4,1
RAIZI16,2025-10-07,0.1,0.1,0.1,0.1,1
CSMGL320,2025-10-07,3,3.3,3,3.3,2
NATUJ886,2025-10-07,0.13,0.07,0.07,0.13,3
JBSSJ760,2025-10-07,0.71,0.75,0.71,0.75,2
IGTIK235,2025-10-07,0.84,0.84,0.84,0.84,2
GUARV900,2025-10-07,0.21,0.21,0.21,0.21,1
RDORV394,2025-10-07,0.14,0.14,0.14,0.14,1
SIMHJ553,2025-10-07,0.02,0.02,0.02,0.02,1
ISAEJ246,2025-10-07,0.18,0.07,0.07,0.18,3
JBSSV830,2025-10-07,11.55,11.55,11.55,11.55,1
AUREV954,2025-10-07,0.02,0.02,0.02,0.02,1
SIMHK473,2025-10-07,0.27,0.27,0.27,0.27,37
SLCEV180,2025-10-07,2.1,2.1,2.1,2.1,2
BRAVK175,2025-10-07,0.92,0.9,0.9,0.92,2
CYREJ249,2025-10-07,4.7,4.2,4.2,4.7,2
GUARK100,2025-10-07,0.37,0.37,0.37,0.37,3
ALUPW310,2025-10-07,0.24,0.24,0.24,0.24,1
SBFGW119,2025-10-07,0.58,0.58,0.58,0.58,1
GMATX669,2025-10-07,0.28,0.28,0.28,0.28,1
XPBRK114,2025-10-07,0.38,0.38,0.38,0.38,1
MBRFL200,2025-10-07,0.7,0.71,0.7,0.71,2
BBSEJ394,2025-10-07,0.01,0.01,0.01,0.01,1
DIRRJ171,2025-10-07,0.02,0.02,0.02,0.02,1
CXSEC200,2025-10-07,0.07,0.07,0.07,0.07,1
COGNJ320W2,2025-10-07,0.02,0.02,0.02,0.02,1
NATUV10,2025-10-07,1.58,1.58,1.58,1.58,1
PRIF11,2025-10-07,99.5,99.5,99.5,99.5,1
VIVAV293,2025-10-07,1.72,2.26,1.72,2.26,2
SIMHW488,2025-10-07,0.42,0.42,0.42,0.42,1
SIMHK448,2025-10-07,0.4,0.4,0.4,0.4,1
SBFGW114,2025-10-07,0.35,0.35,0.35,0.35,1
ADMF3F,2025-10-07,34.31,30.03,30.03,34.31,2
PCARL450,2025-10-07,0.27,0.26,0.26,0.27,2
REAG3,2025-10-07,2.25,2.25,2.25,2.25,3
NATUK720,2025-10-07,1.21,1.21,1.21,1.21,1
BRAVL230,2025-10-07,0.1,0.1,0.1,0.1,1
NATUJ800W2,2025-10-07,0.2,0.2,0.2,0.2,1
SBSPK113,2025-10-07,13.8,13.8,13.8,13.8,2
KLBNU168,2025-10-07,0.45,0.45,0.45,0.45,1
LJQQN200,2025-10-07,0.15,0.16,0.15,0.16,2
SBSPX121,2025-10-07,3,3,3,3,1
KLBNX190,2025-10-07,0.96,1,0.96,1,5
NATUJ786,2025-10-07,0.43,0.41,0.39,0.43,19
AZZAW405,2025-10-07,14.95,14.95,14.95,14.95,1
BBSEK344,2025-10-07,1.7,1.66,1.66,1.7,4
NATUW720,2025-10-07,0.13,0.14,0.13,0.14,5
CEABK163,2025-10-07,0.74,0.74,0.74,0.74,1
CXSEL152,2025-10-07,1.09,1.09,1.09,1.09,1
AZZAJ35,2025-10-07,3.4,3.4,3.4,3.4,1
AZZAV405,2025-10-07,15.54,15.54,15.54,15.54,1
CURYW308,2025-10-07,0.68,0.68,0.68,0.68,1
KLBNK177,2025-10-07,0.79,0.79,0.79,0.79,1
PETZW540,2025-10-07,1.35,1.35,1.35,1.35,3
AZZAK335,2025-10-07,0.1,0.1,0.1,0.1,1
ALOSV240W2,2025-10-07,0.12,0.12,0.12,0.12,1
PCARW275,2025-10-07,0.05,0.05,0.05,0.05,1
PCARK125,2025-10-07,2.63,2.63,2.63,2.63,1
VIVAV253,2025-10-07,0.15,0.15,0.15,0.15,3
BBSEJ340W2,2025-10-07,0.03,0.04,0.03,0.04,2
ALOSV250W4,2025-10-07,0.78,0.78,0.78,0.78,1
SIMHJ603,2025-10-07,0.01,0.01,0.01,0.01,2
CSMGJ310,2025-10-07,3.2,3.2,3.2,3.2,1
RAIZV296,2025-10-07,2.04,2.04,2.04,2.04,1
SIMHX403,2025-10-07,0.14,0.14,0.14,0.14,1
KLBNK220,2025-10-07,0.02,0.02,0.02,0.02,1
VBBRK199,2025-10-07,3.4,3.4,3.4,3.4,1
JBSSJ940,2025-10-07,0.23,0.23,0.23,0.23,1
CXSEX137,2025-10-07,0.02,0.02,0.02,0.02,1
VAMOE160,2025-10-07,0.07,0.07,0.07,0.07,1
SIMHJ573,2025-10-07,0.01,0.01,0.01,0.01,1
ARML3,2025-10-07,3.43,3.23,3.19,3.43,2534
CURY3,2025-10-07,32.72,31.51,31.05,32.79,10536
RECV3,2025-10-07,12.29,12.46,12.26,12.46,5524
ZAMP3F,2025-10-07,3.5,3.49,3.49,3.51,178
CSMG3,2025-10-07,33.64,33.57,33,33.66,7044
PCAR3,2025-10-07,3.91,3.89,3.88,4.07,7193
BRBI11,2025-10-07,17.87,17.65,17.46,17.87,2396
PSSAV491,2025-10-07,2.81,2.84,2.81,2.84,2
BBSE3,2025-10-07,32.82,33.06,32.74,33.35,14101
VGIA11,2025-10-07,9.67,9.71,9.63,9.71,3230
KDOL11,2025-10-07,93,93.01,93,93.16,1531
SMTO3,2025-10-07,16.64,16.31,16.3,16.64,4720
CEAB3F,2025-10-07,15.38,15.22,14.73,15.39,871
AMOB3,2025-10-07,12.27,12.01,12.01,12.4,309
BMOB3,2025-10-07,21.17,21.27,21.04,21.74,2877
ALUP11,2025-10-07,31.06,30.8,30.61,31.48,2564
TIMS3F,2025-10-07,23.57,22.87,22.79,23.57,966
MDNE3F,2025-10-07,27.27,26.19,25.9,27.28,2329
PETZ3F,2025-10-07,3.73,3.69,3.67,3.75,2026
SOJA3,2025-10-07,10.26,10.19,10.08,10.26,1976
AMAR3,2025-10-07,1.18,1.17,1.15,1.18,218
SLCEW154,2025-10-07,0.2,0.16,0.16,0.2,9
BMOB3F,2025-10-07,21.55,21.33,21.02,21.69,253
BRAVK190,2025-10-07,0.35,0.36,0.33,0.4,21
WIZC3F,2025-10-07,8.36,8.12,8.05,8.37,642
AMBPJ120,2025-10-07,0.01,0.01,0.01,0.02,27
ALUP3F,2025-10-07,11.37,11.22,11.22,11.54,86
BRBI11F,2025-10-07,17.74,17.64,17.48,17.89,1170
XPCA11,2025-10-07,7.91,7.88,7.88,7.93,1511
MOTVK158,2025-10-07,0.08,0.07,0.07,0.09,50
BMGB4F,2025-10-07,3.96,3.88,3.86,3.99,1803
ISEN11,2025-10-07,104.7,104.7,104.7,104.79,325
KEPLM70,2025-10-07,0.08,0.08,0.08,0.08,1
SBSPK130,2025-10-07,3.6,2.88,2.82,3.6,52
SBSPJ132,2025-10-07,0.5,0.22,0.21,0.5,57
RAIZV900W2,2025-10-07,0.02,0.02,0.02,0.03,6
SBSPK147,2025-10-07,0.43,0.35,0.35,0.43,33
LAND3,2025-10-07,8.77,8.7,8.64,8.77,127
NATUK115,2025-10-07,0.07,0.04,0.04,0.07,5
BBSEW349,2025-10-07,0.67,0.51,0.51,0.71,18
ASAIJ919,2025-10-07,0.1,0.09,0.09,0.11,6
ZAMP3,2025-10-07,3.5,3.49,3.49,3.51,272
COGNK303,2025-10-07,0.21,0.23,0.21,0.23,3
NATUV806,2025-10-07,0.14,0.18,0.14,0.21,128
VAMOK320,2025-10-07,0.2,0.12,0.12,0.2,608
CYREJ319,2025-10-07,0.09,0.05,0.04,0.09,55
AZTE3F,2025-10-07,0.43,0.42,0.41,0.43,338
ETER3F,2025-10-07,4.46,4.45,4.35,4.47,96
INTBJ112,2025-10-07,0.31,0.31,0.31,0.31,1
CMINV604,2025-10-07,0.32,0.36,0.32,0.36,2
ESPA3,2025-10-07,1.12,1.12,1.09,1.14,181
NATUV866,2025-10-07,0.43,0.57,0.42,0.6,9
BRAVK185,2025-10-07,0.51,0.49,0.46,0.56,211
MBRFJ233,2025-10-07,0.02,0.02,0.02,0.02,2
TASAV479,2025-10-07,0.1,0.12,0.1,0.12,9
HYPEJ21,2025-10-07,0.82,0.84,0.71,0.87,8
BBSEJ200,2025-10-07,13.19,13.18,13.18,13.19,2
BBSEK340,2025-10-07,0.67,0.81,0.64,0.81,26
VIVTV321,2025-10-07,0.3,0.32,0.27,0.32,3
YDUQV125,2025-10-07,0.37,0.72,0.37,0.75,17
BBSEV315,2025-10-07,0.03,0.03,0.03,0.04,7
VAMOW350,2025-10-07,0.34,0.5,0.34,0.5,750
AZZAK250,2025-10-07,2.43,1.63,1.57,2.43,57
NATUK820,2025-10-07,0.67,0.6,0.58,0.69,8
NATUJ906,2025-10-07,0.07,0.06,0.06,0.07,5
SHOW3F,2025-10-07,5.81,5.71,5.64,5.81,22
BBSEJ365,2025-10-07,0.01,0.01,0.01,0.01,2
CYREL369,2025-10-07,0.14,0.12,0.12,0.14,3
BBSEJ347,2025-10-07,0.65,0.67,0.51,0.84,146
BRAVJ177,2025-10-07,0.25,0.25,0.25,0.27,3
BBSEW350,2025-10-07,1.76,1.55,1.55,1.76,7
BHIAK320,2025-10-07,0.36,0.3,0.3,0.36,15
TFCO4F,2025-10-07,16.5,16.3,16.14,16.71,74
VAMOF50,2025-10-07,0.1,0.1,0.1,0.1,2
VIVTW324,2025-10-07,0.8,0.82,0.75,0.82,5
MBRFW184,2025-10-07,1.93,2.21,1.93,2.3,6
SMRT11,2025-10-07,100,100,100,100,5
TENDV250,2025-10-07,0.9,1.2,0.9,1.2,3
VIVAW278,2025-10-07,1.62,1.62,1.62,1.62,3
AZZAV260,2025-10-07,0.62,1.34,0.62,1.55,16
IRIF11,2025-10-07,8.5,8.59,8.3,8.6,190
LJQQJ200,2025-10-07,0.21,0.15,0.14,0.22,99
MBRFW25,2025-10-07,5.17,5.17,5.17,5.17,2
CYREK299,2025-10-07,1.29,1.11,1.09,1.32,11
BRAVX220,2025-10-07,3.99,3.99,3.99,3.99,1
EPAR3F,2025-10-07,4.47,4.46,4.42,4.48,84
LJQQV200,2025-10-07,0.04,0.04,0.03,0.05,94
AZZAV275W4,2025-10-07,2.49,2.49,2.49,2.49,1
CURYK348,2025-10-07,0.5,0.55,0.5,0.55,2
KEPLL716,2025-10-07,0.33,0.33,0.33,0.33,1
TIMSV228,2025-10-07,0.15,0.21,0.15,0.21,8
VBBRW234,2025-10-07,0.99,1.06,0.98,1.15,13
ASAIW899,2025-10-07,0.58,0.57,0.57,0.6,3
MBRFW229,2025-10-07,2.18,2.07,2.07,2.18,3
ASAIV859,2025-10-07,0.15,0.16,0.15,0.2,13
CYREB309,2025-10-07,1.86,1.86,1.86,1.86,1
SLCEW162,2025-10-07,0.44,0.44,0.44,0.44,1
PCARK400,2025-10-07,0.39,0.34,0.34,0.44,29
AZZAW210,2025-10-07,0.23,0.26,0.23,0.26,6
SBSPK124,2025-10-07,6.01,5.69,5.69,6.17,14
ANIMW295,2025-10-07,0.18,0.18,0.18,0.18,1
BBSEK380,2025-10-07,0.74,0.93,0.72,0.93,23
NATUV856,2025-10-07,0.39,0.49,0.38,0.52,12
MBRFJ208,2025-10-07,0.42,0.4,0.31,0.57,32
SLCEJ185,2025-10-07,0.01,0.01,0.01,0.01,1
DIRRW154,2025-10-07,0.77,0.73,0.73,0.8,5
COGNJ330W2,2025-10-07,0.01,0.01,0.01,0.01,2
SLCEK169,2025-10-07,0.14,0.13,0.13,0.15,5
PSSAW481,2025-10-07,2,2.12,2,2.12,3
VBBRK294,2025-10-07,0.04,0.04,0.04,0.04,1
BBSEW327,2025-10-07,0.15,0.13,0.11,0.15,4
VIVAJ285,2025-10-07,0.39,0.28,0.25,0.39,5
RAIZH150,2025-10-07,0.19,0.18,0.18,0.19,9
BBSEV380,2025-10-07,0.85,0.61,0.58,0.85,29
ALOSV240W4,2025-10-07,0.3,0.3,0.3,0.3,1
BRAVJ192,2025-10-07,0.04,0.04,0.04,0.04,4
BHIAV370,2025-10-07,0.4,0.44,0.4,0.51,124
CBAVJ400,2025-10-07,0.22,0.1,0.07,0.28,108
YDUQV110,2025-10-07,0.06,0.08,0.06,0.09,3
NATUL700,2025-10-07,1.54,1.53,1.53,1.54,2
PETZW410W1,2025-10-07,0.41,0.41,0.4,0.42,7
PCARK520W1,2025-10-07,0.07,0.04,0.04,0.07,2
VBBRV239,2025-10-07,0.84,1.25,0.84,1.31,36
BHIAK880,2025-10-07,0.01,0.01,0.01,0.01,1
ALOSV256,2025-10-07,1.12,1.15,1.12,1.15,2
HYPEW220,2025-10-07,0.76,0.83,0.76,0.85,7
PCARJ383,2025-10-07,0.3,0.24,0.23,0.3,11
COGNV713,2025-10-07,4.05,4.05,4.05,4.05,1
BBSEW372,2025-10-07,1.83,1.77,1.77,1.83,10
ISAEW231,2025-10-07,0.1,0.18,0.1,0.18,10
VIVAW263,2025-10-07,0.86,0.89,0.86,0.91,3
SBSPK118,2025-10-07,9.75,9.75,9.75,9.75,1
VBBRW199,2025-10-07,0.15,0.13,0.13,0.15,2
SMTOJ200,2025-10-07,0.01,0.01,0.01,0.01,1
PCARW320,2025-10-07,0.11,0.11,0.11,0.11,8
PSSAW541,2025-10-07,7.1,7.09,7.09,7.35,4
BRAVV195,2025-10-07,1.77,1.97,1.77,2.04,20
COGNW563,2025-10-07,2.42,2.46,2.42,2.46,5
TTENW130,2025-10-07,0.35,0.35,0.35,0.35,1
VIVAS260,2025-10-07,1.41,1.49,1.41,1.49,2
BRAVX160,2025-10-07,0.35,0.35,0.35,0.35,2
SBSPJ148,2025-10-07,0.02,0.02,0.02,0.02,1
SBSPJ127,2025-10-07,1.87,0.94,0.91,1.87,15
VBBRW212,2025-10-07,0.3,0.35,0.3,0.35,11
AMBPG70,2025-10-07,0.4,0.39,0.39,0.4,2
AZZAV265W2,2025-10-07,1.35,1.35,1.35,1.35,2
BRAVW192,2025-10-07,1.72,1.76,1.72,1.76,18
RDORW360,2025-10-07,0.2,0.2,0.2,0.2,1
FICT3F,2025-10-07,3.29,3.21,3.17,3.29,12
VBBRV232,2025-10-07,0.4,0.52,0.4,0.75,83
TIMSJ223,2025-10-07,1.38,1.03,1.03,1.38,2
VBBRJ214,2025-10-07,1.48,1.48,1.48,1.48,1
ISAEK251,2025-10-07,0.33,0.21,0.21,0.33,12
BRAVW23,2025-10-07,4.22,4.13,4.13,4.22,2
RAIZV960,2025-10-07,0.05,0.08,0.05,0.08,30
MBRFW19,2025-10-07,0.49,0.5,0.49,0.55,10
HYPEK259,2025-10-07,0.14,0.15,0.14,0.15,2
CYREJ314,2025-10-07,0.22,0.06,0.06,0.22,23
VBBRX220,2025-10-07,0.28,0.28,0.28,0.28,1
QUALK194,2025-10-07,0.33,0.33,0.33,0.33,1
VBBRW222,2025-10-07,0.54,0.58,0.54,0.67,7
QUALK219,2025-10-07,0.16,0.17,0.16,0.17,2
VIVTK321,2025-10-07,1.27,1.26,1.26,1.32,21
COGNJ213,2025-10-07,0.95,0.95,0.92,0.98,9
COGNJ168,2025-10-07,1.36,1.37,1.36,1.37,3
MBRFJ190,2025-10-07,0.05,0.05,0.03,0.08,39
BBSEJ340W5,2025-10-07,0.34,0.34,0.34,0.34,4
PCARL50,2025-10-07,0.19,0.17,0.16,0.19,6
ANIMW285,2025-10-07,0.1,0.16,0.1,0.16,5
PCARV283,2025-10-07,0.01,0.01,0.01,0.01,1
POSIK443,2025-10-07,0.16,0.16,0.16,0.16,1
CSMGV335,2025-10-07,0.28,0.3,0.28,0.37,6
TTENW133,2025-10-07,0.38,0.39,0.38,0.39,14
PCARJ453,2025-10-07,0.04,0.04,0.04,0.04,2
TIMSK239,2025-10-07,0.56,0.47,0.47,0.6,6
AZTE11,2025-10-07,0.21,0.19,0.18,0.21,4
KLBNV187,2025-10-07,0.6,0.8,0.5,0.8,11
TTENK14,2025-10-07,2.45,2.45,2.45,2.45,1
BMGBK412,2025-10-07,0.04,0.06,0.04,0.06,3
ALOSV251,2025-10-07,0.77,0.73,0.66,0.78,14
MBRFJ263,2025-10-07,0.01,0.01,0.01,0.01,1
CEABJ218,2025-10-07,0.01,0.01,0.01,0.01,1
CSMGK375,2025-10-07,0.3,0.37,0.3,0.37,6
VBBRJ237,2025-10-07,0.37,0.22,0.17,0.37,32
TIMSK251,2025-10-07,0.22,0.16,0.16,0.22,3
PETZW366,2025-10-07,0.14,0.14,0.14,0.14,3
PCARJ328,2025-10-07,0.67,0.67,0.67,0.67,1
NATUK950,2025-10-07,0.22,0.19,0.18,0.23,5
BBSER440,2025-10-07,3.1,3.06,3.06,3.1,2
RAIZA99,2025-10-07,0.09,0.08,0.08,0.09,2
JBSSJ720,2025-10-07,0.63,0.63,0.63,0.63,1
PETZV410,2025-10-07,0.35,0.36,0.35,0.36,2
SBSPW112W1,2025-10-07,0.4,0.42,0.39,0.42,4
ISAEK241,2025-10-07,0.83,0.66,0.66,0.83,7
SBSPJ126W2,2025-10-07,1.25,0.7,0.65,1.26,11
COGNJ298,2025-10-07,0.18,0.13,0.13,0.18,69
YDUQX111,2025-10-07,0.5,0.5,0.5,0.5,1
FLRYK165,2025-10-07,0.5,0.43,0.43,0.5,2
IGTIJ248,2025-10-07,0.06,0.04,0.04,0.06,2
HYPEK237,2025-10-07,0.51,0.51,0.51,0.51,1
KLBNK186,2025-10-07,0.29,0.24,0.24,0.29,5
LJQQK210,2025-10-07,0.24,0.19,0.19,0.24,4
KLBNW187,2025-10-07,0.7,0.81,0.65,0.81,13
AMBPL899,2025-10-07,0.06,0.05,0.05,0.06,6
PSSAW521,2025-10-07,4.82,5.44,4.82,5.44,3
NATUV846,2025-10-07,0.3,0.44,0.3,0.44,2
SBSPJ122,2025-10-07,5.2,3.28,3.28,5.2,9
POSIV600,2025-10-07,1.6,1.6,1.6,1.6,1
LJQQW249,2025-10-07,0.4,0.4,0.4,0.4,1
LJQQV230,2025-10-07,0.21,0.2,0.2,0.21,3
COGNJ223,2025-10-07,0.85,0.85,0.85,0.85,1
PSSAV476,2025-10-07,1.09,1.57,1.09,1.57,4
VBBRK212,2025-10-07,2.33,2.39,2.33,2.39,2
YDUQV127,2025-10-07,0.61,0.83,0.61,0.83,4
PSSAJ521,2025-10-07,0.05,0.03,0.02,0.05,5
VIVAK303,2025-10-07,0.38,0.49,0.38,0.5,4
SBSPJ137,2025-10-07,0.1,0.07,0.07,0.1,5
CBAVV380,2025-10-07,0.06,0.01,0.01,0.06,259
INTBL130,2025-10-07,0.15,0.14,0.14,0.15,2
CBAVJ370,2025-10-07,0.33,0.33,0.33,0.33,4
MBRFV238,2025-10-07,3.5,3.5,3.4,3.7,22
AZZAV32,2025-10-07,6.5,6.59,6.5,6.61,6
PSSAV496,2025-10-07,2.49,2.85,2.49,2.85,3
QUALL194,2025-10-07,0.4,0.38,0.38,0.4,2
RDORW390,2025-10-07,0.63,0.63,0.63,0.63,1
ANIMW270,2025-10-07,0.09,0.09,0.09,0.09,1
MBRFK181,2025-10-07,0.71,0.57,0.57,0.71,3
WIZCV805,2025-10-07,0.13,0.17,0.13,0.17,3
BBSEW340,2025-10-07,1.14,1.04,1.01,1.14,4
KLBNJ191,2025-10-07,0.01,0.01,0.01,0.02,5
VIVTW314,2025-10-07,0.4,0.44,0.4,0.46,3
MBRFV165W2,2025-10-07,0.13,0.13,0.13,0.13,1
BBSEJ315,2025-10-07,1.8,1.8,1.8,1.8,1
CYREV249,2025-10-07,0.01,0.01,0.01,0.01,4
AMBPJ130,2025-10-07,0.01,0.01,0.01,0.01,1
BBSEJ320W2,2025-10-07,1.2,1.2,1.2,1.2,1
VIVTK356,2025-10-07,0.21,0.18,0.18,0.21,2
SBSPJ138,2025-10-07,0.08,0.08,0.05,0.08,4
SBSPJ132W2,2025-10-07,0.17,0.04,0.04,0.17,3
COGNV280W4,2025-10-07,0.02,0.02,0.02,0.02,1
IGTIJ253,2025-10-07,0.03,0.03,0.03,0.03,1
BHIAF50,2025-10-07,1.5,1.18,1.18,1.5,3
SMTOV185,2025-10-07,1.68,1.68,1.68,1.68,1
BRAVJ205,2025-10-07,0.01,0.02,0.01,0.02,2
BBSEL38,2025-10-07,1.25,1.25,1.25,1.25,1
BBSEL354,2025-10-07,1.23,1.23,1.23,1.23,1
VBBRK227,2025-10-07,1.29,1.38,1.29,1.38,2
VBBRJ222,2025-10-07,0.95,1.01,0.87,1.05,6
FLRYK150,2025-10-07,1.42,1.41,1.41,1.42,2
VIVTK324,2025-10-07,1.2,1.16,1.16,1.29,6
MBRFV24,2025-10-07,3.83,3.88,3.81,3.91,4
FLRYW155,2025-10-07,0.26,0.27,0.26,0.27,2
PSSAJ38,2025-10-07,14.5,14.5,14.5,14.5,1
ISAEW239,2025-10-07,0.24,0.36,0.24,0.36,5
ASAIL105,2025-10-07,0.18,0.19,0.18,0.19,3
BBSEV335W2,2025-10-07,0.57,0.57,0.57,0.57,1
BBSEW397,2025-10-07,4.17,4.16,4.16,4.17,2
TTENJ12,2025-10-07,1.46,1.56,1.46,1.56,2
DIRRV400,2025-10-07,0.01,0.01,0.01,0.01,1
YDUQJ145,2025-10-07,0.01,0.02,0.01,0.02,3
CMINW522,2025-10-07,0.06,0.06,0.06,0.06,1
NATUV906,2025-10-07,0.8,0.8,0.8,0.83,3
TIMSK219,2025-10-07,1.82,1.8,1.8,1.82,2
LJQQJ220,2025-10-07,0.06,0.06,0.06,0.06,1
MBRFW220,2025-10-07,5.81,5.81,5.81,5.81,1
TIMSJ218,2025-10-07,1.68,1.67,1.67,1.68,2
PETZQ500,2025-10-07,0.82,0.82,0.82,0.82,1
ISAEW240,2025-10-07,0.07,0.09,0.07,0.09,3
MOTVJ148,2025-10-07,0.06,0.05,0.05,0.06,2
MBRFK24,2025-10-07,0.17,0.14,0.14,0.17,3
COGNB20,2025-10-07,1.56,1.56,1.56,1.56,1
RDORK447,2025-10-07,0.58,0.58,0.58,0.58,1
VIVTC750,2025-10-07,3.4,3.31,3.3,3.4,7
QUALL149,2025-10-07,0.77,0.77,0.77,0.77,1
VAMOK390,2025-10-07,0.04,0.03,0.03,0.04,9
RDORW41,2025-10-07,1.24,1.29,1.23,1.33,27
RAIZD200,2025-10-07,0.03,0.03,0.03,0.03,3
ISAEK266,2025-10-07,0.04,0.04,0.04,0.04,2
VIVAJ313,2025-10-07,0.04,0.02,0.02,0.04,3
ASAIW989,2025-10-07,1.19,1.21,1.19,1.21,2
PCARK840,2025-10-07,0.01,0.01,0.01,0.01,5
IGTIJ228,2025-10-07,0.63,0.59,0.54,0.66,10
NATUK120,2025-10-07,0.04,0.04,0.04,0.04,3
FLRYX156,2025-10-07,0.39,0.39,0.39,0.39,1
IGTIJ203,2025-10-07,2.76,2.76,2.76,2.76,1
VIVAW268,2025-10-07,0.8,1.13,0.8,1.13,4
WIZCW865,2025-10-07,0.6,0.6,0.6,0.6,1
RECVG16,2025-10-07,0.7,0.7,0.7,0.7,1
JFEN3,2025-10-07,1.57,1.63,1.57,1.63,6
RAIZV389,2025-10-07,2.96,2.94,2.94,2.96,11
NATUK840,2025-10-07,0.6,0.56,0.55,0.6,5
BHIAW410,2025-10-07,0.74,0.74,0.74,0.74,1
PCARK55,2025-10-07,0.07,0.06,0.06,0.07,2
NATUW940,2025-10-07,1.21,1.21,1.21,1.21,2
MBRFS179,2025-10-07,2.25,2.29,2.25,2.29,3
COGNV13,2025-10-07,9.9,9.9,9.9,9.9,1
ALOSV246,2025-10-07,0.42,0.44,0.4,0.44,5
COGNK313,2025-10-07,0.2,0.18,0.18,0.2,7
QUALJ244,2025-10-07,0.02,0.02,0.02,0.02,1
RAIZW700,2025-10-07,0.02,0.01,0.01,0.02,5
ASAIV799,2025-10-07,0.05,0.05,0.05,0.05,1
VIVAW295,2025-10-07,2.55,2.57,2.55,2.57,2
HYPEK245,2025-10-07,0.37,0.36,0.35,0.37,4
AZZAJ292,2025-10-07,0.07,0.07,0.07,0.07,1
COGNN50,2025-10-07,1.57,1.61,1.57,1.61,2
PSSAJ476,2025-10-07,0.46,0.46,0.46,0.46,1
VBBRN197,2025-10-07,0.35,0.35,0.35,0.35,1
QUALJ224,2025-10-07,0.1,0.1,0.09,0.1,3
ANIMV320,2025-10-07,0.17,0.17,0.17,0.17,1
VIVAJ293,2025-10-07,0.14,0.14,0.14,0.14,1
BRAVK177,2025-10-07,0.78,0.8,0.78,0.81,4
PETZW351,2025-10-07,0.09,0.1,0.09,0.1,4
VIVAJ278,2025-10-07,0.68,0.5,0.5,0.68,3
VIVAV283,2025-10-07,1.24,1.24,1.24,1.24,2
BHIAL400,2025-10-07,0.16,0.16,0.16,0.16,1
ALOSJ266,2025-10-07,0.02,0.02,0.02,0.02,4
CEABV158,2025-10-07,0.9,0.9,0.9,0.9,1
PETZV400W4,2025-10-07,0.24,0.24,0.24,0.24,1
BHIAW35,2025-10-07,0.35,0.35,0.35,0.35,1
MBRFV190,2025-10-07,2.2,2.39,2.2,2.39,12
CYREJ229,2025-10-07,6.37,6.37,6.37,6.37,2
KLBNK207,2025-10-07,0.04,0.04,0.04,0.04,2
POSIG60,2025-10-07,0.3,0.3,0.3,0.3,1
KLBNL200,2025-10-07,0.19,0.19,0.19,0.19,1
AZZAJ275W2,2025-10-07,0.08,0.08,0.08,0.08,1
IGTIK233,2025-10-07,0.96,0.94,0.94,0.96,5
CSMGJ300,2025-10-07,4.4,4,4,4.4,2
CSMGV325,2025-10-07,0.21,0.08,0.08,0.21,3
BRAVL202,2025-10-07,0.34,0.34,0.34,0.34,1
IGTIJ235,2025-10-07,0.21,0.21,0.21,0.21,1
ASAIK929,2025-10-07,0.37,0.35,0.35,0.37,3
NATUK960,2025-10-07,0.22,0.22,0.22,0.22,1
MOTVB175,2025-10-07,0.17,0.14,0.14,0.17,2
QUALV264,2025-10-07,0.38,0.38,0.38,0.38,1
NEOEV304,2025-10-07,2.54,2.8,2.54,3,7
PCARV460W4,2025-10-07,0.68,0.7,0.68,0.7,2
RAIZA200,2025-10-07,0.02,0.02,0.02,0.02,4
ASAIW799,2025-10-07,0.21,0.21,0.21,0.21,1
BRAVW155,2025-10-07,0.15,0.15,0.15,0.15,2
DASAP200,2025-10-07,0.67,0.67,0.67,0.67,1
BHIAK510,2025-10-07,0.04,0.04,0.04,0.04,2
WIZCW815,2025-10-07,0.35,0.35,0.35,0.35,1
COGNJ310W5,2025-10-07,0.16,0.14,0.14,0.16,2
SBFGV119,2025-10-07,0.34,0.4,0.34,0.4,2
CEABW153,2025-10-07,1.09,1.09,1.09,1.09,1
CURYV311,2025-10-07,0.19,0.19,0.19,0.19,1
CYREV244,2025-10-07,0.01,0.01,0.01,0.01,1
BRAVV195W4,2025-10-07,2.03,2.03,2.03,2.03,1
BBSEW392,2025-10-07,3.75,3.74,3.74,3.75,2
IGTIJ225,2025-10-07,0.81,0.76,0.76,0.81,2
SLCEK177,2025-10-07,0.05,0.05,0.05,0.05,1
CEABX133,2025-10-07,0.45,0.47,0.45,0.47,2
NATUN12,2025-10-07,3.1,3.1,3.1,3.1,1
GMATV669,2025-10-07,0.1,0.12,0.1,0.12,3
SBSPV128W2,2025-10-07,1.94,1.82,1.82,1.94,2
RAIZB350,2025-10-07,0.06,0.05,0.05,0.06,2
IGTIK228,2025-10-07,1.25,1.25,1.25,1.25,1
SBSPV107,2025-10-07,0.09,0.09,0.09,0.09,1
GUARW828,2025-10-07,0.28,0.28,0.28,0.28,1
BMGBW400,2025-10-07,0.06,0.06,0.06,0.06,1
DIRRK121,2025-10-07,3.46,3.46,3.46,3.46,1
VIVTK358,2025-10-07,0.17,0.17,0.17,0.17,1
VIVTX314,2025-10-07,0.43,0.43,0.43,0.43,1
MBRFW23,2025-10-07,2.99,2.99,2.99,2.99,1
COGNJ300W5,2025-10-07,0.2,0.21,0.2,0.21,2
AZZAV295,2025-10-07,3.46,3.6,3.46,3.6,2
PCARW610,2025-10-07,2.08,2.08,2.08,2.08,1
SIMHK513,2025-10-07,0.16,0.14,0.14,0.16,3
NATUX850,2025-10-07,0.6,0.6,0.6,0.6,1
DIRRK186,2025-10-07,0.06,0.06,0.06,0.06,1
PCARV388,2025-10-07,0.17,0.17,0.17,0.17,1
INTBW140,2025-10-07,2,2,2,2,5
RAIZJ100W2,2025-10-07,0.02,0.02,0.02,0.02,1
GFSAJ145,2025-10-07,0.03,0.03,0.03,0.03,1
CXSEJ166,2025-10-07,0.02,0.02,0.02,0.02,1
SLCEJ180,2025-10-07,0.01,0.01,0.01,0.01,1
KLBNX185,2025-10-07,0.66,0.73,0.66,0.73,3
AVLL3,2025-10-07,1.59,1.56,1.56,1.59,3
CAMLJ533,2025-10-07,0.11,0.12,0.11,0.12,2
MBRFJ165W2,2025-10-07,1.02,1.02,1.02,1.02,1
CEABK153,2025-10-07,1.16,1.16,1.16,1.16,2
ASAIX879,2025-10-07,0.59,0.59,0.59,0.59,1
CBAVV450,2025-10-07,0.46,0.46,0.46,0.46,1
KLBNM172,2025-10-07,0.31,0.31,0.31,0.31,2
AZZAW225,2025-10-07,0.5,0.55,0.5,0.58,19
JBSSW690,2025-10-07,1.3,1.3,1.3,1.3,1
COGNW308,2025-10-07,0.16,0.17,0.16,0.17,3
NATUK740,2025-10-07,1.04,1.01,1.01,1.04,14
PCARK930,2025-10-07,0.02,0.02,0.02,0.02,4
PCARK940,2025-10-07,0.02,0.02,0.02,0.02,2
TIMSK246,2025-10-07,0.24,0.24,0.24,0.24,1
AZZAJ350,2025-10-07,0.02,0.02,0.02,0.02,1
KLBNW157,2025-10-07,0.02,0.02,0.02,0.02,1
NATUW660,2025-10-07,0.04,0.04,0.04,0.04,3
PCARJ398,2025-10-07,0.17,0.17,0.17,0.17,2
AZZAW269,2025-10-07,2.75,2.62,2.62,2.75,2
SBSPW137,2025-10-07,11.66,11.58,11.58,11.66,2
CYREV290W4,2025-10-07,0.6,0.6,0.6,0.6,1
VAMOU240,2025-10-07,0.1,0.1,0.1,0.1,2
TIMSJ243,2025-10-07,0.05,0.05,0.05,0.05,1
COGNK410W1,2025-10-07,0.01,0.01,0.01,0.01,1
CXSED210,2025-10-07,0.12,0.12,0.12,0.12,1
AZZAC600,2025-10-07,0.52,0.52,0.52,0.52,1
ALOSX223,2025-10-07,0.25,0.25,0.25,0.25,1
ISAEJ256,2025-10-07,0.01,0.01,0.01,0.01,1
PSSAW380,2025-10-07,0.02,0.02,0.02,0.02,1
VIVTW348,2025-10-07,2.35,2.35,2.35,2.35,1
RECVW137,2025-10-07,1.12,1.12,1.12,1.12,1
ISAEJ221,2025-10-07,1.89,1.89,1.89,1.89,1
FLRYV160,2025-10-07,0.22,0.22,0.22,0.22,1
PSSAK421,2025-10-07,4.91,4.91,4.91,4.91,1
PETZJ135,2025-10-07,2.4,2.39,2.39,2.4,4
COGNJ125,2025-10-07,1.9,1.9,1.9,1.9,1
MBRFA230,2025-10-07,0.21,0.21,0.21,0.21,1
PETZK416,2025-10-07,0.07,0.07,0.07,0.07,1
VAMOX340,2025-10-07,0.4,0.4,0.4,0.4,1
CEABJ158,2025-10-07,0.23,0.23,0.23,0.23,1
BRAV3,2025-10-07,17.51,17.43,17.35,17.64,8755
AAZQ11,2025-10-07,7.53,7.56,7.49,7.56,7023
CMIN3F,2025-10-07,5.75,5.65,5.65,5.77,1761
AMBP3,2025-10-07,0.86,0.71,0.69,0.98,18202
INBR32,2025-10-07,47.8,46.5,46.23,48.02,57452
VBBR3,2025-10-07,23.33,23.05,22.68,23.47,20432
IFRA11,2025-10-07,96.95,96,96,96.95,2018
JALL3,2025-10-07,2.82,2.68,2.68,2.82,2971
PETZ3,2025-10-07,3.72,3.7,3.67,3.75,6327
JMBI11,2025-10-07,84.52,85.29,84.52,85.47,2254
CYRE3,2025-10-07,29.9,29.22,28.86,29.97,20290
BHIA3F,2025-10-07,3.38,3.27,3.23,3.39,1186
MELK3,2025-10-07,3.93,3.89,3.85,3.94,831
RZAG11,2025-10-07,9.15,9.09,9.08,9.16,2053
BODB11,2025-10-07,7.39,7.44,7.37,7.44,4166
DESK3F,2025-10-07,10.42,11.2,9.96,11.99,2334
ALOS3F,2025-10-07,24.7,24.11,24.11,24.7,853
AZZAW235,2025-10-07,0.68,0.82,0.68,0.83,19
CURY3F,2025-10-07,32.97,31.54,31.02,32.97,965
SLCEJ167,2025-10-07,0.01,0.01,0.01,0.01,186
SYNE3F,2025-10-07,5.26,5.05,5.05,5.26,932
SLCEV167,2025-10-07,0.9,0.86,0.8,0.94,186
CYREV314,2025-10-07,1.6,2.4,1.6,2.4,17
IFCM1F,2025-10-07,0.01,0.01,0.01,0.01,61
AMBPT103,2025-10-07,0.44,0.46,0.36,0.55,90
NATUV876,2025-10-07,0.5,0.65,0.5,0.67,7
BMGB4,2025-10-07,3.95,3.89,3.86,3.95,884
AERI3,2025-10-07,4.08,4.06,4.02,4.09,289
FTCA11,2025-10-07,9.04,8.91,8.8,9.04,161
GUAR3F,2025-10-07,9.29,8.88,8.78,9.29,338
ETER3,2025-10-07,4.41,4.38,4.35,4.45,268
OIBR3F,2025-10-07,0.37,0.37,0.36,0.38,535
TASA4F,2025-10-07,4.72,4.65,4.63,4.76,862
SEQL3F,2025-10-07,1.04,1.03,1.01,1.13,92
QUAL3F,2025-10-07,2.35,2.22,2.16,2.35,306
SEER3F,2025-10-07,10.9,10.43,10.28,10.9,159
SEQL1,2025-10-07,0.03,0.04,0.02,0.05,236
IGTIJ243,2025-10-07,0.08,0.07,0.07,0.08,2
RAIZV101,2025-10-07,0.09,0.12,0.09,0.13,29
CYREK304,2025-10-07,1.08,0.99,0.89,1.08,66
RAIZJ960,2025-10-07,0.04,0.03,0.02,0.04,23
COGNJ323,2025-10-07,0.07,0.03,0.03,0.07,65
ASAIV909,2025-10-07,0.44,0.49,0.4,0.49,7
OIBR4F,2025-10-07,5.1,4.93,4.92,5.1,94
CYREV284,2025-10-07,0.21,0.36,0.21,0.4,28
SBSPK125,2025-10-07,5.44,5.06,5.04,5.44,24
NATUJ826,2025-10-07,0.22,0.21,0.18,0.25,144
PSSAJ486,2025-10-07,0.11,0.14,0.11,0.14,7
CAMLV500,2025-10-07,0.08,0.18,0.05,0.18,18
HYPEV227,2025-10-07,0.41,0.52,0.37,0.67,20
OIBR4,2025-10-07,4.99,5.01,4.91,5.03,65
CYREJ274,2025-10-07,2.35,2.09,1.75,2.36,55
BRAVJ185,2025-10-07,0.11,0.09,0.07,0.11,20
IGTI3F,2025-10-07,2.75,2.72,2.7,2.77,45
XPBRJ900,2025-10-07,1.61,1.48,1.48,1.61,5
ALOSL278,2025-10-07,0.3,0.2,0.2,0.3,17
CSED3F,2025-10-07,5.03,4.92,4.9,5.08,49
BBSEV325W2,2025-10-07,0.1,0.05,0.05,0.1,15
IGTIJ233,2025-10-07,0.36,0.35,0.28,0.36,5
MBRFW160,2025-10-07,0.06,0.07,0.06,0.09,4
VIVTA288,2025-10-07,5,5,5,5,1
CMINK632,2025-10-07,0.07,0.06,0.06,0.07,3
PCARJ380W5,2025-10-07,0.4,0.37,0.35,0.4,6
KLBNP154,2025-10-07,0.04,0.04,0.04,0.04,1
PETZW330W1,2025-10-07,0.04,0.03,0.03,0.04,4
MBRFL237,2025-10-07,0.34,0.36,0.34,0.36,3
BRAVJ185W4,2025-10-07,0.17,0.16,0.16,0.17,2
IGTIW235,2025-10-07,1.02,1,1,1.06,5
YDUQW120,2025-10-07,0.57,0.75,0.57,0.77,11
MBRFJ218,2025-10-07,0.17,0.12,0.09,0.2,12
PCARJ410W5,2025-10-07,0.24,0.23,0.21,0.24,4
ATED3F,2025-10-07,2.38,2.34,2.31,2.38,8
RECVW132,2025-10-07,0.78,0.73,0.71,0.79,7
LJQQK200,2025-10-07,0.3,0.24,0.24,0.3,4
DIRRK417,2025-10-07,1.48,1.48,1.48,1.48,1
MBRFV210,2025-10-07,4.9,4.9,4.9,4.9,1
ISAEW229,2025-10-07,0.09,0.13,0.09,0.13,6
BBSEK347,2025-10-07,1.29,1.48,1.25,1.54,63
SBSPW123,2025-10-07,2.3,3.06,2.3,3.15,9
PETZW371,2025-10-07,0.17,0.18,0.15,0.2,104
SBSPK116,2025-10-07,11.33,11.37,11.33,11.37,3
BHIAW400,2025-10-07,0.76,0.8,0.72,0.8,3
ENJU3F,2025-10-07,0.93,0.93,0.9,0.93,45
SIMHW438,2025-10-07,0.18,0.2,0.18,0.2,4
ALOSV255W2,2025-10-07,1.18,1.18,1.18,1.18,1
RAIZW850,2025-10-07,0.04,0.05,0.04,0.07,12
BBSEM370,2025-10-07,0.55,0.59,0.55,0.61,15
PSSAJ426,2025-10-07,3.83,3.83,3.83,3.83,1
KLBNJ199,2025-10-07,0.01,0.01,0.01,0.01,3
COGNJ303,2025-10-07,0.15,0.11,0.11,0.16,11
CMINV504,2025-10-07,0.01,0.01,0.01,0.01,4
AZZAK287,2025-10-07,0.48,0.48,0.48,0.48,1
BRAVV180,2025-10-07,0.62,0.58,0.53,0.69,40
WIZCV795,2025-10-07,0.14,0.14,0.14,0.14,1
ISET11,2025-10-07,104.49,104.49,104.49,104.49,11
ASAIX899,2025-10-07,0.67,0.7,0.67,0.7,5
CBAVK420,2025-10-07,0.09,0.14,0.09,0.14,16
NATUW920,2025-10-07,1.13,1.08,1.08,1.13,2
HYPEW222,2025-10-07,0.87,0.81,0.81,0.9,6
SBSPW115,2025-10-07,1.02,1.12,1.02,1.14,10
MBRFV208,2025-10-07,0.75,0.9,0.51,1.04,16
NATUJ107,2025-10-07,0.02,0.01,0.01,0.02,10
ISAEV236,2025-10-07,0.07,0.17,0.07,0.17,7
CBAVJ310,2025-10-07,1.05,0.92,0.92,1.1,165
QUALV200,2025-10-07,0.02,0.02,0.02,0.02,1
SMTOJ195,2025-10-07,0.01,0.02,0.01,0.02,3
HYPEK212,2025-10-07,2.09,1.65,1.65,2.09,2
VSTE3F,2025-10-07,4.95,4.73,4.73,5.25,53
ISAEK239,2025-10-07,0.8,0.8,0.8,0.8,2
LJQQV210,2025-10-07,0.06,0.08,0.05,0.09,371
EPAR3,2025-10-07,4.43,4.46,4.41,4.46,6
VAMOV350,2025-10-07,0.41,0.48,0.39,0.48,92
PCARK400W1,2025-10-07,0.35,0.34,0.31,0.35,6
PCARK540W1,2025-10-07,0.06,0.03,0.03,0.06,2
SBSPJ141,2025-10-07,0.04,0.04,0.04,0.04,4
CYREK194,2025-10-07,9.89,9.82,9.82,9.89,4
RDORK363,2025-10-07,5.62,5.62,5.62,5.62,1
MOTVW133,2025-10-07,0.19,0.2,0.19,0.22,9
PCARJ400W5,2025-10-07,0.31,0.28,0.25,0.31,12
CSMGK34,2025-10-07,1.13,1.2,1.13,1.2,2
PCARV363,2025-10-07,0.08,0.1,0.08,0.1,5
AZZAW230,2025-10-07,0.45,0.68,0.45,0.72,17
SBFGV129,2025-10-07,1.3,1.3,1.3,1.3,1
ASAIV939,2025-10-07,0.59,0.69,0.59,0.71,6
RAIZM830,2025-10-07,7.43,7.11,7.1,7.43,9
AMBPH138,2025-10-07,0.38,0.2,0.2,0.38,12
SBSPK123,2025-10-07,6.78,6.25,6.2,6.78,7
VIVR3F,2025-10-07,0.9,0.91,0.89,0.93,53
RDORL451,2025-10-07,0.9,0.93,0.9,0.93,2
VAMOW400,2025-10-07,0.89,0.89,0.89,0.9,538
COGNB1,2025-10-07,1.2,1.2,1.2,1.2,1
HYPEW180,2025-10-07,0.04,0.04,0.04,0.04,1
CXSEW147,2025-10-07,0.03,0.03,0.03,0.03,1
QUALK179,2025-10-07,0.44,0.44,0.44,0.44,1
COGNJ343,2025-10-07,0.01,0.01,0.01,0.01,18
ALUPV305,2025-10-07,0.1,0.15,0.1,0.15,2
SBFGW110,2025-10-07,0.19,0.19,0.19,0.19,1
ANIMJ305,2025-10-07,0.08,0.08,0.08,0.08,1
CBAVW320,2025-10-07,0.05,0.05,0.05,0.05,1
BRAVJ190,2025-10-07,0.05,0.04,0.03,0.06,18
PCARA30,2025-10-07,1.6,1.57,1.57,1.6,4
PCARJ393,2025-10-07,0.18,0.19,0.18,0.19,2
POSIV428,2025-10-07,0.15,0.2,0.15,0.2,4
SBSPK140,2025-10-07,0.9,0.75,0.75,0.9,2
RDORV391,2025-10-07,0.11,0.1,0.1,0.12,11
RAIZV10,2025-10-07,0.29,0.3,0.29,0.32,17
ALOSW226,2025-10-07,0.2,0.2,0.2,0.2,1
PETZW360W1,2025-10-07,0.11,0.07,0.07,0.11,4
RAIZX105,2025-10-07,0.15,0.19,0.15,0.19,5
CXSEK150,2025-10-07,0.92,1.12,0.92,1.12,4
CBAVW370,2025-10-07,0.1,0.13,0.1,0.13,2
CYREW256,2025-10-07,0.23,0.26,0.23,0.26,4
VBBRW209,2025-10-07,0.31,0.28,0.28,0.31,5
BBSEK342,2025-10-07,1.65,1.81,1.59,1.81,21
BRAVK202,2025-10-07,0.15,0.15,0.15,0.16,9
INTBK125,2025-10-07,0.13,0.1,0.1,0.13,5
KLBNK171,2025-10-07,1.11,1.12,1.11,1.12,2
WIZCK835,2025-10-07,0.39,0.39,0.39,0.39,1
COGNJ340W5,2025-10-07,0.03,0.03,0.03,0.03,1
COGNJ283,2025-10-07,0.29,0.26,0.24,0.29,4
BBSEW312,2025-10-07,0.06,0.04,0.04,0.06,3
SOJAK110,2025-10-07,0.23,0.23,0.23,0.23,1
SBSPW118,2025-10-07,1.48,1.65,1.48,1.65,2
COGNJ268,2025-10-07,0.4,0.39,0.39,0.4,2
ANIMW275,2025-10-07,0.08,0.1,0.08,0.12,7
PETZJ390,2025-10-07,0.03,0.01,0.01,0.03,9
MBRFK270,2025-10-07,0.05,0.04,0.04,0.05,4
MBRFV263,2025-10-07,6.2,6.2,6.2,6.2,1
COGNV393,2025-10-07,0.87,0.87,0.87,0.87,1
PETZW370W1,2025-10-07,0.15,0.12,0.12,0.15,6
BBSES38,2025-10-07,1.05,1.05,1.05,1.05,1
SBSPK128,2025-10-07,4.05,3.69,3.67,4.05,17
COGNJ258,2025-10-07,0.49,0.48,0.48,0.49,5
MBRFJ228,2025-10-07,0.06,0.04,0.02,0.06,4
NATUW740W1,2025-10-07,0.09,0.08,0.08,0.09,2
COGNK35,2025-10-07,0.68,0.65,0.65,0.68,2
SMTOV165,2025-10-07,0.16,0.19,0.16,0.19,3
VIVTV301,2025-10-07,0.03,0.03,0.03,0.03,1
PETZK431,2025-10-07,0.05,0.05,0.05,0.05,1
AZZAK330,2025-10-07,0.13,0.12,0.12,0.13,2
BRAVV200,2025-10-07,2.52,2.49,2.49,2.52,7
MBRFV23,2025-10-07,3.51,3.51,3.51,3.51,2
CXSEK165,2025-10-07,0.12,0.15,0.1,0.15,5
MOTVJ143,2025-10-07,0.25,0.12,0.11,0.3,25
SBSPV108W5,2025-10-07,0.2,0.22,0.2,0.22,2
VBBRJ234,2025-10-07,0.23,0.31,0.22,0.32,21
BBSEV387,2025-10-07,3.7,3.41,3.41,3.7,5
COGNJ243,2025-10-07,0.64,0.62,0.6,0.64,3
RDORW382,2025-10-07,0.33,0.43,0.33,0.43,8
MBRFV180W2,2025-10-07,0.84,0.84,0.84,0.84,1
SBSPJ133,2025-10-07,0.32,0.14,0.14,0.32,19
COGNK253,2025-10-07,0.59,0.59,0.59,0.59,1
RAIZW950,2025-10-07,0.1,0.11,0.1,0.11,9
AUREX114,2025-10-07,1.02,1.02,1.02,1.02,5
CEABJ223,2025-10-07,0.01,0.01,0.01,0.01,1
COGNA10,2025-10-07,2.26,2.26,2.26,2.26,1
COGNV300W2,2025-10-07,0.03,0.03,0.03,0.03,2
AUREW974,2025-10-07,0.07,0.18,0.07,0.18,8
CEABL193,2025-10-07,0.45,0.43,0.43,0.45,2
PETZK426,2025-10-07,0.07,0.06,0.06,0.07,2
MBRFV212,2025-10-07,5.28,5.28,5.28,5.28,1
SBSPJ130W4,2025-10-07,0.88,0.88,0.88,0.88,1
COGNJ193,2025-10-07,1.22,1.12,1.12,1.22,3
CEABJ188,2025-10-07,0.01,0.01,0.01,0.01,1
PETZW401,2025-10-07,0.33,0.35,0.33,0.35,4
BRAVX167,2025-10-07,0.54,0.55,0.54,0.55,2
CYREV324,2025-10-07,2.88,3.15,2.88,3.2,13
PSSAW501,2025-10-07,3.68,3.68,3.68,3.68,1
BBSEK402,2025-10-07,0.03,0.04,0.03,0.04,2
CYREV309,2025-10-07,1.29,1.99,1.29,1.99,22
PCARK385,2025-10-07,0.43,0.41,0.4,0.44,7
DIRRK171,2025-10-07,0.16,0.1,0.1,0.16,3
ANIMJ385,2025-10-07,0.01,0.01,0.01,0.01,3
CEABK173,2025-10-07,0.49,0.51,0.49,0.51,2
MBRFJ213,2025-10-07,0.3,0.21,0.18,0.3,7
COGNK368,2025-10-07,0.03,0.03,0.03,0.03,1
CXSEV154,2025-10-07,0.04,0.03,0.03,0.04,6
VAMOK370,2025-10-07,0.04,0.04,0.03,0.04,40
BRAVJ207,2025-10-07,0.02,0.02,0.02,0.02,1
AZZAK270,2025-10-07,1.12,0.82,0.81,1.12,44
FLRYK170,2025-10-07,0.31,0.34,0.31,0.34,2
YDUQK122,2025-10-07,0.9,0.85,0.85,0.9,2
IGTIV238,2025-10-07,0.89,0.85,0.85,0.89,4
COGNV320W2,2025-10-07,0.12,0.13,0.12,0.13,2
NATUV966,2025-10-07,1.4,1.4,1.4,1.4,1
NATUV840W4,2025-10-07,0.36,0.38,0.36,0.38,2
PCARJ463,2025-10-07,0.03,0.03,0.03,0.03,2
CMINL500,2025-10-07,1,1.05,1,1.05,3
COGNK373,2025-10-07,0.03,0.03,0.03,0.03,2
AUREW102,2025-10-07,0.3,0.45,0.3,0.45,2
PETZK390W1,2025-10-07,0.1,0.13,0.1,0.13,2
SIMHA603,2025-10-07,0.15,0.14,0.14,0.15,2
RAIZV760,2025-10-07,0.01,0.01,0.01,0.01,6
RAIZH20,2025-10-07,0.06,0.06,0.06,0.06,1
VIVTK344,2025-10-07,0.39,0.39,0.39,0.39,2
VAMOW370,2025-10-07,0.61,0.67,0.61,0.67,38
RAIZJ560,2025-10-07,0.37,0.37,0.37,0.37,2
CYREW266,2025-10-07,0.33,0.36,0.33,0.42,24
DIRRV145,2025-10-07,0.18,0.08,0.08,0.18,3
TIMSV218,2025-10-07,0.03,0.03,0.03,0.03,2
QUALK249,2025-10-07,0.12,0.08,0.06,0.12,3
BRAVE270,2025-10-07,0.3,0.3,0.3,0.3,2
SIMHK463,2025-10-07,0.32,0.29,0.29,0.32,2
VAMOK430,2025-10-07,0.01,0.01,0.01,0.01,16
KLBNV169,2025-10-07,0.02,0.02,0.02,0.02,1
CXSEL160,2025-10-07,0.45,0.45,0.44,0.45,3
COGNV173,2025-10-07,0.01,0.01,0.01,0.01,1
YDUQJ120,2025-10-07,0.52,0.47,0.47,0.53,21
DIRRK144,2025-10-07,1.15,1.15,1.15,1.15,1
HYPEK250,2025-10-07,0.32,0.27,0.27,0.32,6
VBBRJ244,2025-10-07,0.1,0.08,0.07,0.1,5
CXSEJ164,2025-10-07,0.04,0.02,0.02,0.04,2
CURYW306,2025-10-07,0.61,0.63,0.61,0.63,2
MBRFV268,2025-10-07,6.6,6.64,6.58,6.64,4
DXCOW519,2025-10-07,0.15,0.15,0.15,0.15,1
QUALL159,2025-10-07,0.68,0.68,0.68,0.68,1
BRAVJ180W4,2025-10-07,0.29,0.34,0.29,0.34,2
MBRFS20,2025-10-07,3.5,3.5,3.5,3.5,1
ANIMX265,2025-10-07,0.1,0.1,0.1,0.1,1
VIVTV326,2025-10-07,0.29,0.54,0.29,0.55,6
RDORK423,2025-10-07,1.42,1.48,1.39,1.48,12
COGNV478,2025-10-07,1.67,1.67,1.66,1.67,5
PCARW385,2025-10-07,0.33,0.33,0.33,0.33,1
MBRFV175W5,2025-10-07,0.6,0.75,0.6,0.75,4
RECVR140,2025-10-07,0.96,0.96,0.96,0.96,2
VIVAV298,2025-10-07,2.81,2.62,2.62,2.81,3
CEABJ173,2025-10-07,0.06,0.06,0.06,0.06,1
BHIAK270,2025-10-07,0.6,0.6,0.6,0.6,2
RAIZX120,2025-10-07,0.3,0.31,0.3,0.31,4
TIMSK199,2025-10-07,3.62,3.62,3.62,3.62,1
BHIAK35,2025-10-07,0.2,0.2,0.2,0.2,2
NATUV896,2025-10-07,0.76,0.76,0.71,0.76,3
PETZK411,2025-10-07,0.09,0.09,0.09,0.09,4
BMGBK402,2025-10-07,0.07,0.07,0.07,0.07,1
MBRFK184,2025-10-07,0.48,0.48,0.48,0.48,1
RAIZX600,2025-10-07,0.02,0.02,0.02,0.02,2
COGNW238,2025-10-07,0.01,0.01,0.01,0.01,1
ASAIK979,2025-10-07,0.22,0.23,0.22,0.23,2
QUALJ149,2025-10-07,0.73,0.73,0.73,0.73,1
MBRFV160,2025-10-07,0.18,0.16,0.16,0.18,3
CYREV300W2,2025-10-07,0.93,0.93,0.93,0.93,1
QUALX194,2025-10-07,0.07,0.08,0.07,0.08,4
SBFGV124,2025-10-07,0.8,0.8,0.8,0.8,1
COGNW135,2025-10-07,10.1,10.1,10.1,10.1,1
CSMGK360,2025-10-07,0.7,0.67,0.61,0.7,6
CYREJ266,2025-10-07,2.95,2.89,2.89,2.95,2
IGTIJ213,2025-10-07,1.8,1.8,1.8,1.8,1
RAIZK130,2025-10-07,0.01,0.01,0.01,0.01,1
PETZV405,2025-10-07,0.32,0.32,0.32,0.32,1
RAIZJ136,2025-10-07,0.01,0.01,0.01,0.01,1
PETZJ460,2025-10-07,0.01,0.01,0.01,0.01,1
RECVL151,2025-10-07,0.04,0.04,0.04,0.04,2
QUALJ239,2025-10-07,0.05,0.03,0.03,0.05,3
PCARJ473,2025-10-07,0.03,0.02,0.02,0.03,6
QUALK259,2025-10-07,0.07,0.06,0.06,0.07,4
RAIZJ116,2025-10-07,0.01,0.01,0.01,0.01,9
RDORW398,2025-10-07,0.82,0.82,0.82,0.82,2
RECVV132,2025-10-07,0.79,0.8,0.78,0.8,3
RAIZV186,2025-10-07,0.94,0.95,0.94,0.95,3
WIZCW835,2025-10-07,0.44,0.44,0.44,0.44,1
BRAVK195,2025-10-07,0.25,0.28,0.25,0.28,3
VIVTK310,2025-10-07,2.29,2.13,2.13,2.29,5
VIVTK336,2025-10-07,0.7,0.61,0.61,0.7,2
CEABX153,2025-10-07,1.21,1.21,1.21,1.21,1
SEERV950,2025-10-07,0.1,0.1,0.1,0.1,1
RAIZW165,2025-10-07,0.72,0.72,0.72,0.72,1
KEPLW726,2025-10-07,0.12,0.12,0.12,0.12,1
COGNJ148,2025-10-07,1.61,1.61,1.61,1.61,1
NATUX820,2025-10-07,0.51,0.51,0.51,0.51,1
RAIZX140,2025-10-07,0.51,0.51,0.51,0.51,1
NATUW770,2025-10-07,0.23,0.26,0.23,0.26,2
PCARW315,2025-10-07,0.1,0.1,0.1,0.1,1
DIRRJ400,2025-10-07,2.3,1.84,1.83,2.3,36
VBBRJ269,2025-10-07,0.01,0.01,0.01,0.01,3
BMOBJ233,2025-10-07,0.09,0.09,0.09,0.09,1
FLRYW165,2025-10-07,0.69,0.69,0.69,0.69,1
KLBNJ197,2025-10-07,0.02,0.01,0.01,0.02,5
DIRRK154,2025-10-07,0.61,0.61,0.61,0.61,1
BRAVV170W2,2025-10-07,0.06,0.07,0.06,0.07,2
ASAIJ999,2025-10-07,0.02,0.02,0.02,0.02,2
RAIZA105,2025-10-07,0.08,0.06,0.06,0.1,17
CBAVB50,2025-10-07,0.31,0.31,0.31,0.31,1
RAIZJ106,2025-10-07,0.01,0.01,0.01,0.01,2
SBFGV114,2025-10-07,0.22,0.22,0.22,0.22,3
RAIZX99,2025-10-07,0.14,0.16,0.14,0.16,2
BRAVK205,2025-10-07,0.14,0.14,0.14,0.14,1
YDUQK110,2025-10-07,1.65,1.5,1.5,1.65,3
ALOSV255W4,2025-10-07,1.13,1.17,1.13,1.17,4
DXCOV569,2025-10-07,0.35,0.35,0.35,0.35,1
GMATJ669,2025-10-07,0.07,0.07,0.07,0.07,1
ASAIW809,2025-10-07,0.2,0.24,0.2,0.25,3
GUARH850,2025-10-07,2.6,2.6,2.6,2.6,1
CYREL281,2025-10-07,2.81,2.81,2.81,2.81,1
PSSAW401,2025-10-07,0.05,0.05,0.05,0.05,1
ALOSW24,2025-10-07,1,1,1,1,1
BRAVV202,2025-10-07,2.86,2.8,2.8,2.86,3
CBAVV400,2025-10-07,0.03,0.04,0.03,0.04,27
VIVTV317,2025-10-07,0.23,0.25,0.23,0.25,2
SLCEQ180,2025-10-07,0.97,1.1,0.97,1.1,3
PSSAL511,2025-10-07,0.78,0.78,0.78,0.78,1
SMTOJ183,2025-10-07,0.03,0.03,0.03,0.03,1
RAIZV116,2025-10-07,0.23,0.29,0.23,0.29,5
BRAVJ165,2025-10-07,1.06,1.06,1.06,1.06,1
ISAEK229,2025-10-07,1.82,1.45,1.45,1.82,4
TTENV138,2025-10-07,0.43,0.43,0.43,0.43,1
SEERJ100,2025-10-07,0.85,0.83,0.83,0.85,2
AZZAM310,2025-10-07,5,5,5,5,1
VIVTX306,2025-10-07,0.31,0.31,0.31,0.31,1
HYPEW230,2025-10-07,1.19,1.19,1.19,1.19,1
HYPEJ257,2025-10-07,0.02,0.01,0.01,0.02,2
ASAIK809,2025-10-07,1,1,1,1,1
RAIZL165,2025-10-07,0.01,0.01,0.01,0.01,1
CURYV321,2025-10-07,0.53,0.53,0.53,0.53,1
VIVTJ341,2025-10-07,0.18,0.07,0.05,0.18,8
BRAVK160,2025-10-07,1.9,1.9,1.9,1.9,1
POSIJ413,2025-10-07,0.15,0.15,0.15,0.15,1
PSSAJ501,2025-10-07,0.07,0.08,0.07,0.08,2
RAIZV146,2025-10-07,0.52,0.56,0.52,0.56,2
BRAVW205,2025-10-07,2.86,2.86,2.86,2.86,1
PCARK490,2025-10-07,0.13,0.13,0.13,0.13,1
PCARV313,2025-10-07,0.02,0.02,0.02,0.02,2
SLCEW159,2025-10-07,0.35,0.33,0.33,0.38,4
ASAIJ899,2025-10-07,0.24,0.18,0.18,0.26,7
RAIZM180,2025-10-07,0.77,0.77,0.77,0.77,1
TENDV260,2025-10-07,1.6,1.6,1.6,1.6,1
SMTOX141,2025-10-07,0.11,0.11,0.11,0.11,3
RAIZM99,2025-10-07,0.13,0.15,0.13,0.15,4
RAIZL115,2025-10-07,0.04,0.04,0.04,0.04,1
RDORJ427,2025-10-07,0.2,0.2,0.2,0.2,1
JBSSE580,2025-10-07,19.64,19.2,19.19,19.64,3
ANIMK345,2025-10-07,0.17,0.17,0.17,0.17,1
CBAVW420,2025-10-07,0.4,0.4,0.4,0.4,5
BRAVV220,2025-10-07,4.35,4.35,4.35,4.35,1
BBSEW382,2025-10-07,2.83,2.83,2.83,2.83,1
ALUPV315,2025-10-07,0.4,0.4,0.4,0.4,1
CMINV524,2025-10-07,0.01,0.01,0.01,0.01,1
BRAVN24,2025-10-07,4.6,4.6,4.6,4.6,1
SMTOK191,2025-10-07,0.14,0.14,0.14,0.14,1
SBSPJ142,2025-10-07,0.05,0.05,0.05,0.05,1
INTBL100,2025-10-07,1.7,1.53,1.53,1.7,2
AUREV105,2025-10-07,0.51,0.51,0.51,0.51,1
SLCEW144,2025-10-07,0.04,0.03,0.03,0.04,2
VBBRJ264,2025-10-07,0.02,0.02,0.02,0.02,1
PCARK600,2025-10-07,0.04,0.04,0.04,0.04,1
CYREV334,2025-10-07,3.3,4.1,3.3,4.1,2
COGNV353,2025-10-07,0.4,0.4,0.4,0.4,1
VIVTV341,2025-10-07,0.95,1.68,0.95,1.68,2
JBSSL980,2025-10-07,19.44,19.44,19.44,19.44,1
SBSPV122W2,2025-10-07,0.43,0.43,0.43,0.43,3
AZZAK332,2025-10-07,0.11,0.11,0.11,0.11,1
PCARL430,2025-10-07,0.32,0.32,0.32,0.32,1
CYREK236,2025-10-07,5.79,5.85,5.79,5.85,7
RAIZJ900W2,2025-10-07,0.04,0.04,0.04,0.04,1
FLRYK968,2025-10-07,6.5,6.5,6.5,6.5,1
CSMGF300,2025-10-07,7.09,7.08,7.08,7.09,2
BBSEL390,2025-10-07,0.06,0.06,0.06,0.06,1
VBBRK214,2025-10-07,2.27,2.27,2.27,2.29,4
NATUX770,2025-10-07,0.3,0.35,0.3,0.35,3
SIMHV448,2025-10-07,0.12,0.12,0.12,0.12,1
RVEE3,2025-10-07,7.53,7.52,7.52,7.53,3
COGNA323,2025-10-07,0.23,0.25,0.23,0.25,2
AZZAW335,2025-10-07,8.2,8.2,8.2,8.2,1
BRAVA185,2025-10-07,1.3,1.28,1.28,1.3,2
COGNO293,2025-10-07,0.18,0.18,0.18,0.18,3
ISAEA246,2025-10-07,0.8,0.78,0.78,0.8,3
MBRFX149,2025-10-07,0.35,0.35,0.35,0.35,1
QUALK189,2025-10-07,0.37,0.36,0.36,0.37,3
VBBRJ194,2025-10-07,3.55,3.55,3.55,3.55,1
ALOSJ250W4,2025-10-07,0.26,0.26,0.26,0.26,1
HGAG11,2025-10-07,11.02,11.02,11.02,11.02,1
AZZAW250W2,2025-10-07,1.24,1.24,1.24,1.24,1
LJQQO200,2025-10-07,0.18,0.18,0.18,0.18,2
BRAVW145,2025-10-07,0.07,0.07,0.07,0.07,1
PETZK136,2025-10-07,2.37,2.37,2.37,2.37,1
COGNK128,2025-10-07,1.79,1.79,1.79,1.79,1
ISAEN295,2025-10-07,2,2,2,2,1
VAMOJ34,2025-10-07,0.56,0.56,0.56,0.56,1
SIMHL50,2025-10-07,0.39,0.39,0.39,0.39,1
PETZL401,2025-10-07,0.17,0.17,0.17,0.17,1
ASAI3,2025-10-07,8.91,8.73,8.65,8.95,32575
KLBN11,2025-10-07,17.8,17.6,17.6,17.98,10873
ALOS3,2025-10-07,24.65,24.32,24.1,24.65,11819
KLBN4F,2025-10-07,3.6,3.55,3.53,3.6,9093
ISAE4,2025-10-07,24.44,23.96,23.83,24.44,5254
ISAE4F,2025-10-07,24.55,23.86,23.85,24.59,3549
HYPE3,2025-10-07,22.21,22.09,21.74,22.42,8989
ANIM3,2025-10-07,3.22,2.98,2.91,3.24,10360
FIQE3,2025-10-07,4.4,4.47,4.3,4.5,1145
NATU3F,2025-10-07,8.57,8.22,8.08,8.58,2945
GGPS3,2025-10-07,19.13,18.47,18.39,19.15,9904
VIVT3F,2025-10-07,32.82,32.3,32.05,32.94,2650
RAIZ4F,2025-10-07,0.98,0.91,0.9,0.98,4638
TEND3F,2025-10-07,24.98,23.7,23.43,24.98,2154
DXCO3,2025-10-07,5.34,5.3,5.25,5.35,5606
ALLD3,2025-10-07,8.69,8.55,8.47,8.69,807
KDIF11,2025-10-07,124,122.6,122.49,124,5199
MBRF3F,2025-10-07,17.71,17.34,17.17,18,1853
MELK3F,2025-10-07,3.97,3.89,3.85,3.97,638
VAMO3F,2025-10-07,3.23,2.99,2.99,3.24,2780
SBSPV125,2025-10-07,0.68,0.92,0.68,1.01,18
TASA4,2025-10-07,4.7,4.64,4.63,4.71,931
CXSE3F,2025-10-07,15.18,15.19,15.02,15.28,5397
GMAT3,2025-10-07,6.65,6.45,6.38,6.65,6066
PTBL3F,2025-10-07,4,3.88,3.79,4,358
CMIN3,2025-10-07,5.72,5.69,5.66,5.77,5705
IFRI11,2025-10-07,99.72,99.2,99.16,99.99,1420
MEAL3F,2025-10-07,1.28,1.28,1.26,1.29,70
COGN3F,2025-10-07,3.16,3.08,3.04,3.17,1117
LOGG3F,2025-10-07,22.5,22.01,21.8,22.5,448
OBTC3F,2025-10-07,25.34,23.15,23,27.49,247
INTB3F,2025-10-07,11.47,11.16,11.05,11.47,754
ALOSJ241,2025-10-07,0.81,0.68,0.65,0.81,10
DEXP3,2025-10-07,8.07,7.98,7.98,8.13,392
BRAVW170,2025-10-07,0.46,0.45,0.44,0.48,16
MOTV3F,2025-10-07,14.15,13.75,13.68,14.37,301
GCRA11,2025-10-07,51.72,51.6,51.25,51.72,75
KLBNO174,2025-10-07,0.2,0.42,0.2,0.42,2
TOKY3,2025-10-07,0.94,0.89,0.88,0.94,279
BRAVW185,2025-10-07,1.25,1.17,1.17,1.27,217
CPTI11,2025-10-07,82.3,81.96,81.92,82.63,4949
GFSA3F,2025-10-07,7.36,7.18,7.05,7.36,266
IFCM3F,2025-10-07,0.18,0.17,0.15,0.18,281
WDCN3,2025-10-07,3.42,3.42,3.42,3.63,106
IGTIK238,2025-10-07,0.71,0.67,0.66,0.71,6
PSSAL491,2025-10-07,1.2,1.17,1.17,1.2,5
ALOSL273,2025-10-07,0.28,0.28,0.26,0.31,10
TTEN3F,2025-10-07,13.56,13.39,13.16,13.65,786
HYPEV22,2025-10-07,0.53,0.71,0.48,0.84,14
MEAL3,2025-10-07,1.29,1.27,1.26,1.29,214
ASAIK999,2025-10-07,0.19,0.18,0.18,0.19,6
SBSPV122,2025-10-07,0.8,1.17,0.8,1.29,24
GMAT3F,2025-10-07,6.63,6.51,6.39,6.66,483
CYREL274,2025-10-07,3,3.04,3,3.04,2
KLBNW16,2025-10-07,0.08,0.12,0.08,0.12,8
NATUJ856,2025-10-07,0.23,0.13,0.12,0.23,11
CBAV3F,2025-10-07,3.96,4.03,3.96,4.3,955
NATUV976,2025-10-07,1.44,1.57,1.44,1.59,5
DMVF3F,2025-10-07,4.68,4.8,4.65,4.87,153
PETZW350W1,2025-10-07,0.08,0.08,0.05,0.09,12
SBSPK137,2025-10-07,1.47,1.18,1.18,1.47,52
AMBPK120,2025-10-07,0.05,0.02,0.01,0.05,16
PCARW380W1,2025-10-07,0.29,0.3,0.28,0.31,23
AZZAW270,2025-10-07,2.34,2.45,2.34,2.59,37
MBRFK19,2025-10-07,2.38,2,1.79,2.38,17
CYREW259,2025-10-07,0.2,0.28,0.2,0.29,4
DOTZ3,2025-10-07,7.65,7.6,7.43,7.65,28
OGIN11,2025-10-07,8.26,8.22,8.18,8.33,94
NATUV836,2025-10-07,0.28,0.37,0.25,0.37,19
COGNW313,2025-10-07,0.18,0.19,0.18,0.2,4
HYPEW212,2025-10-07,0.49,0.46,0.46,0.52,9
VAMOK350,2025-10-07,0.08,0.06,0.06,0.08,754
PETZW390W1,2025-10-07,0.26,0.25,0.25,0.26,12
BBSEW332,2025-10-07,0.2,0.16,0.16,0.2,14
BBSEL362,2025-10-07,0.99,0.99,0.99,0.99,1
BBSEJ362,2025-10-07,0.05,0.07,0.04,0.1,36
VAMOJ360,2025-10-07,0.01,0.01,0.01,0.01,69
CYREW274,2025-10-07,0.45,0.57,0.45,0.6,8
BBSEJ322,2025-10-07,2.8,3.03,2.8,3.03,3
FHER3,2025-10-07,4.14,4.09,4.09,4.19,25
PETZV385,2025-10-07,0.14,0.15,0.12,0.15,106
COGNW303,2025-10-07,0.13,0.15,0.13,0.15,11
CXSEL151,2025-10-07,0.83,0.83,0.83,0.83,1
VAMOK360,2025-10-07,0.05,0.05,0.04,0.07,74
MBRFK170,2025-10-07,1.38,1.17,1.02,1.38,7
AZZAX330,2025-10-07,7.12,7.12,7.12,7.12,1
XPBRW760,2025-10-07,0.83,0.8,0.8,0.83,4
PCARV390W5,2025-10-07,0.3,0.32,0.28,0.32,16
INTBJ117,2025-10-07,0.09,0.08,0.08,0.09,4
ALOSV241,2025-10-07,0.15,0.22,0.15,0.24,6
IAAG11,2025-10-07,7.77,7.74,7.74,7.81,1695
EQPA3F,2025-10-07,5.69,5.7,5.61,5.75,38
BBSEJ372,2025-10-07,0.02,0.02,0.02,0.02,5
CYREK314,2025-10-07,0.78,0.63,0.58,0.78,21
PSSAK481,2025-10-07,1.15,1.05,1,1.15,13
BLAU3F,2025-10-07,13.35,13.16,13.14,13.36,163
VBBRK237,2025-10-07,1.12,0.87,0.77,1.12,16
VAMOJ310,2025-10-07,0.08,0.05,0.05,0.08,342
VAMOJ320,2025-10-07,0.08,0.03,0.03,0.08,154
BBSEV362,2025-10-07,1.08,0.92,0.92,1.08,3
BRAVL185,2025-10-07,0.87,0.95,0.82,0.95,39
ISAEJ231,2025-10-07,1.08,1,1,1.08,7
BBSEL359,2025-10-07,1.11,1.12,1.07,1.12,4
NATUJ10,2025-10-07,0.03,0.01,0.01,0.03,5
MNPR3,2025-10-07,41.15,40.32,40.3,41.15,12
SLCEM159,2025-10-07,0.37,0.37,0.37,0.37,1
CYREK289,2025-10-07,1.66,1.58,1.58,1.66,6
MBRFK174,2025-10-07,0.98,0.9,0.79,0.98,10
CEABV133,2025-10-07,0.05,0.04,0.04,0.05,3
QUALK229,2025-10-07,0.17,0.12,0.12,0.17,4
SIMHW478,2025-10-07,0.42,0.43,0.4,0.43,3
CYREW304,2025-10-07,1.57,1.64,1.57,1.89,10
NATUK100W1,2025-10-07,0.06,0.05,0.05,0.06,2
AZZAK327,2025-10-07,0.15,0.14,0.14,0.15,2
AZZAV270,2025-10-07,1.32,2.17,1.32,2.17,14
BBSEK382,2025-10-07,0.13,0.14,0.13,0.16,13
CYREV294,2025-10-07,0.44,0.67,0.44,0.9,37
BHIAK400,2025-10-07,0.1,0.1,0.06,0.1,5
HYPEK225,2025-10-07,1.05,1.11,1.03,1.11,3
KLBNK192,2025-10-07,0.23,0.18,0.18,0.24,10
SIMHK478,2025-10-07,0.23,0.23,0.23,0.23,1
VIVAJ273,2025-10-07,0.91,0.74,0.62,0.91,7
VAMOK340,2025-10-07,0.1,0.07,0.07,0.1,15
SBSPJ129,2025-10-07,1.05,0.59,0.59,1.05,5
SBSPV12,2025-10-07,1.7,2.46,1.69,2.6,25
KLBNX180,2025-10-07,0.39,0.44,0.39,0.44,6
NEOEW259,2025-10-07,0.13,0.13,0.13,0.13,1
MOTVV139,2025-10-07,0.26,0.3,0.25,0.34,13
MBRFL222,2025-10-07,0.65,0.63,0.63,0.65,2
BBSEV327,2025-10-07,0.02,0.02,0.02,0.02,12
VIVAW248,2025-10-07,0.36,0.45,0.36,0.45,3
PSSAW470,2025-10-07,1.47,1.86,1.47,1.86,6
BBSEK315,2025-10-07,2.4,2.36,2.36,2.4,2
BBSEK337,2025-10-07,2.19,2.16,2.16,2.19,2
SMTOK181,2025-10-07,0.23,0.23,0.23,0.23,2
VBBRV234,2025-10-07,0.59,0.72,0.52,0.92,86
CXSEJ154,2025-10-07,0.45,0.54,0.35,0.54,12
GROP31,2025-10-07,13.85,12.98,12.5,14.13,125
RAIZK110,2025-10-07,0.04,0.03,0.03,0.04,10
ALOSK274,2025-10-07,0.2,0.1,0.1,0.2,3
FLRYW150,2025-10-07,0.14,0.16,0.14,0.16,2
QUALV229,2025-10-07,0.15,0.15,0.15,0.15,1
DEXP4F,2025-10-07,8.22,7.93,7.93,8.22,14
BRAVW200,2025-10-07,2.38,2.4,2.34,2.4,5
CYREJ259,2025-10-07,4,3.45,3.1,4,39
VAMOX300,2025-10-07,0.13,0.17,0.13,0.17,12
PCARV340W5,2025-10-07,0.09,0.12,0.09,0.13,8
QUALW209,2025-10-07,0.11,0.11,0.11,0.11,1
PCARK450,2025-10-07,0.22,0.2,0.19,0.22,7
CMINJ564,2025-10-07,0.2,0.15,0.13,0.2,13
VAMOJ370,2025-10-07,0.01,0.01,0.01,0.01,106
CYREJ264,2025-10-07,3.41,2.62,2.62,3.41,40
NATUV776,2025-10-07,0.06,0.08,0.06,0.1,8
NATUX800,2025-10-07,0.43,0.47,0.43,0.47,6
PCARW390W1,2025-10-07,0.34,0.34,0.34,0.34,2
HYPEW225,2025-10-07,0.98,0.94,0.94,1.07,5
QUALW239,2025-10-07,0.26,0.26,0.26,0.26,1
RAIZM950,2025-10-07,0.13,0.13,0.13,0.13,1
NATUV940W2,2025-10-07,1.24,1.24,1.24,1.24,2
HYPEK220,2025-10-07,1.26,1.35,1.24,1.35,10
PCARV403,2025-10-07,0.23,0.26,0.23,0.28,4
VAMOW330,2025-10-07,0.29,0.33,0.28,0.33,7
IGTI3,2025-10-07,2.76,2.72,2.69,2.8,49
ALOSW241,2025-10-07,0.58,0.56,0.56,0.58,3
VIVAK195,2025-10-07,8.57,8.57,8.57,8.57,1
RDORX373,2025-10-07,0.48,0.48,0.48,0.48,6
PCARV330W5,2025-10-07,0.1,0.09,0.07,0.1,6
CXSEJ159,2025-10-07,0.15,0.12,0.08,0.15,83
ISAEX276,2025-10-07,3.31,3.32,3.31,3.32,2
ALPK3F,2025-10-07,3.48,3.34,3.2,3.48,129
COGNK323,2025-10-07,0.16,0.13,0.13,0.16,8
PCARV360W4,2025-10-07,0.13,0.15,0.13,0.15,2
CBAVJ380,2025-10-07,0.44,0.24,0.2,0.44,616
JBSSV720,2025-10-07,1.5,2.5,1.5,2.5,2
VAMOW430,2025-10-07,1.15,1.2,1.15,1.22,20
BBSER431,2025-10-07,3.2,3.27,3.2,3.27,2
MBRFJ180W2,2025-10-07,0.1,0.15,0.1,0.15,2
AUREL114,2025-10-07,0.28,0.2,0.19,0.3,21
BBSEJ330W2,2025-10-07,0.25,0.39,0.19,0.39,13
KLBNJ182,2025-10-07,0.24,0.15,0.15,0.25,17
SBSPJ118,2025-10-07,7.5,6.68,6.55,7.5,6
AMBPA120,2025-10-07,0.06,0.05,0.05,0.12,10
VAMOV420,2025-10-07,1.16,1.16,1.16,1.16,2
SLCEW149,2025-10-07,0.1,0.09,0.08,0.1,79
TRISK70,2025-10-07,0.4,0.4,0.4,0.4,1
PCARV380W4,2025-10-07,0.21,0.23,0.21,0.23,2
YDUQK145,2025-10-07,0.22,0.17,0.17,0.22,2
VIVAJ298,2025-10-07,0.21,0.07,0.05,0.21,19
PCARV350W4,2025-10-07,0.1,0.12,0.1,0.12,2
CMINK552,2025-10-07,0.4,0.37,0.37,0.41,8
RAIZX950,2025-10-07,0.1,0.12,0.1,0.14,4
CXSEK162,2025-10-07,0.24,0.21,0.17,0.24,7
RAIZT13,2025-10-07,0.36,0.37,0.36,0.38,4
MOTVJ138,2025-10-07,0.38,0.34,0.3,0.39,16
SBSPV112W2,2025-10-07,0.05,0.05,0.05,0.05,1
RAIZK105,2025-10-07,0.05,0.04,0.03,0.05,8
SIMHI70,2025-10-07,0.49,0.4,0.4,0.49,2
WEST3,2025-10-07,5.06,4.75,4.71,5.29,208
VIVTW310,2025-10-07,0.18,0.27,0.18,0.34,8
VAMOX355,2025-10-07,0.45,0.5,0.45,0.5,2
ISAEK240,2025-10-07,1.96,1.75,1.75,1.96,2
POSIW413,2025-10-07,0.2,0.22,0.2,0.22,2
ISAEJ240,2025-10-07,1.78,1.34,1.34,1.78,6
ALUPJ305,2025-10-07,0.81,0.71,0.71,0.81,3
CMINJ604,2025-10-07,0.03,0.02,0.02,0.03,3
VIVAV263,2025-10-07,0.16,0.4,0.16,0.4,34
CURYW286,2025-10-07,0.3,0.3,0.3,0.3,1
PETZV400,2025-10-07,0.27,0.27,0.25,0.28,9
PLCA11,2025-10-07,70.46,70.46,70.02,70.48,45
SEQL11F,2025-10-07,0.08,0.02,0.02,0.09,4
VIVTK339,2025-10-07,0.6,0.52,0.52,0.6,5
MBRFV175W2,2025-10-07,0.25,0.34,0.25,0.51,5
PCARK345,2025-10-07,0.69,0.64,0.63,0.7,8
CMINV544,2025-10-07,0.03,0.02,0.02,0.03,7
MBRFV229,2025-10-07,2.14,1.89,1.89,2.14,2
VIVTJ326,2025-10-07,0.45,0.43,0.42,0.45,4
BBSEJ327,2025-10-07,2.5,2.5,2.5,2.5,1
VIVAJ303,2025-10-07,0.09,0.09,0.09,0.09,1
AZZAV350,2025-10-07,9.69,9.98,9.69,9.98,3
TIMSX213,2025-10-07,0.17,0.19,0.17,0.19,3
VBBRV229,2025-10-07,0.35,0.4,0.29,0.53,136
ASAIV839,2025-10-07,0.12,0.12,0.12,0.12,1
CEABX148,2025-10-07,1.1,1.1,1.1,1.1,1
SBSPW124,2025-10-07,2.84,3.45,2.84,3.52,6
PCARX275,2025-10-07,0.07,0.07,0.07,0.07,1
SIMHJ493,2025-10-07,0.04,0.04,0.04,0.04,1
HYPEV232,2025-10-07,0.88,1.19,0.88,1.19,8
WIZCJ855,2025-10-07,0.07,0.07,0.07,0.07,3
SBSPW130,2025-10-07,6,6.47,6,6.47,7
KLBNL184,2025-10-07,0.56,0.56,0.56,0.56,2
NATUK140,2025-10-07,0.01,0.01,0.01,0.01,1
VIVTK329,2025-10-07,1.2,0.94,0.89,1.2,8
MBRFW230,2025-10-07,6.8,6.88,6.8,6.88,4
PETZK376,2025-10-07,0.21,0.2,0.2,0.21,2
AZZAW250,2025-10-07,0.98,1.44,0.98,1.47,50
PCARV430W5,2025-10-07,0.55,0.52,0.52,0.55,2
SBSPV116,2025-10-07,0.25,0.31,0.25,0.31,3
BHIAK340,2025-10-07,0.31,0.32,0.31,0.32,2
PSSAK470,2025-10-07,1.44,1.23,1.23,1.44,5
SBSPJ951,2025-10-07,29.62,29.62,29.62,29.62,1
YDUQM120,2025-10-07,1,1,1,1,1
CSMGK355,2025-10-07,0.83,0.89,0.83,0.89,4
NATUB119,2025-10-07,1.05,0.95,0.95,1.05,2
NATUJ13,2025-10-07,1.2,1.18,1.18,1.2,2
ALOSJ256,2025-10-07,0.1,0.09,0.09,0.1,3
PSSAK561,2025-10-07,0.1,0.09,0.09,0.1,2
COGNJ248,2025-10-07,0.58,0.58,0.58,0.58,1
RAIZN200,2025-10-07,1.02,1.04,1,1.04,9
PSSAW496,2025-10-07,2.98,3.37,2.98,3.37,2
PSSAK496,2025-10-07,1.01,0.56,0.56,1.01,4
VIVTW305,2025-10-07,0.22,0.2,0.2,0.22,2
SBFGW129,2025-10-07,1.37,1.37,1.37,1.37,1
CRPG3,2025-10-07,15,15,15,15,1
TTENL130,2025-10-07,1.3,1.2,1.2,1.3,4
BHIAJ400,2025-10-07,0.04,0.02,0.02,0.04,5
VAMOX375,2025-10-07,0.6,0.61,0.6,0.61,2
BHIAJ470,2025-10-07,0.02,0.01,0.01,0.02,4
PETZJ400,2025-10-07,0.02,0.01,0.01,0.02,18
MBRFV248,2025-10-07,4.24,4.68,4.07,4.7,7
KNOX11,2025-10-07,101.2,101.11,101.11,101.2,2
COGNK193,2025-10-07,1.19,1.19,1.19,1.19,1
PSSAV531,2025-10-07,6.65,6.65,6.65,6.65,1
NATUK830,2025-10-07,0.6,0.53,0.53,0.6,3
SIMHV443,2025-10-07,0.1,0.1,0.1,0.1,1
QUALK214,2025-10-07,0.21,0.21,0.21,0.21,1
MBRFV220,2025-10-07,6,6.11,6,6.11,4
BHIAJ450,2025-10-07,0.02,0.01,0.01,0.02,27
CURYJ333,2025-10-07,0.3,0.3,0.3,0.3,1
VBBRJ224,2025-10-07,0.81,0.81,0.68,0.84,8
CXSEC144,2025-10-07,3.11,3.83,3.11,3.83,2
SBSPK133,2025-10-07,2.32,1.95,1.95,2.32,4
BBSEK394,2025-10-07,0.05,0.07,0.05,0.07,5
COGNC45,2025-10-07,0.08,0.07,0.07,0.08,2
COGNJ263,2025-10-07,0.47,0.44,0.43,0.47,7
MBRFV188,2025-10-07,0.14,0.14,0.14,0.14,1
SIMHB50,2025-10-07,1.24,1.24,1.24,1.24,1
YDUQW135,2025-10-07,1.52,1.61,1.52,1.61,2
DIRRV470,2025-10-07,0.7,0.6,0.6,0.85,8
SBSPW121,2025-10-07,2.1,2.4,2.1,2.51,9
INTBK127,2025-10-07,0.09,0.09,0.09,0.09,1
BRAVL190,2025-10-07,0.3,0.63,0.3,0.7,10
ISAEM240,2025-10-07,0.07,0.07,0.07,0.07,1
BBSEJ337,2025-10-07,1.56,1.5,1.5,1.56,2
BBSEW380,2025-10-07,1.05,0.89,0.89,1.08,8
IGTIK248,2025-10-07,0.37,0.36,0.36,0.37,2
PCARK495,2025-10-07,0.12,0.1,0.1,0.12,2
BHIAW340,2025-10-07,0.39,0.37,0.37,0.39,2
COGNW318,2025-10-07,0.2,0.21,0.2,0.21,2
BTAG11,2025-10-07,98.02,98.11,98.02,99.96,9
RDORW348,2025-10-07,0.4,0.11,0.11,0.4,3
VBBRL246,2025-10-07,0.85,0.87,0.85,0.87,12
ASAIK100,2025-10-07,0.17,0.16,0.16,0.17,2
INTBK140,2025-10-07,0.05,0.03,0.03,0.05,2
ALOSK249,2025-10-07,0.77,0.85,0.77,0.85,4
MBRFW239,2025-10-07,2.81,2.67,2.67,2.81,2
AUREL984,2025-10-07,0.75,0.74,0.71,0.76,21
BHIAJ500,2025-10-07,0.02,0.02,0.02,0.02,2
AUREK974,2025-10-07,0.58,0.74,0.58,0.74,7
CCTY3F,2025-10-07,22.38,22.37,22.37,23.54,10
NATUW950,2025-10-07,1.27,1.27,1.27,1.27,1
AZZAW27,2025-10-07,2.31,2.6,2.31,2.6,2
VIVTE255,2025-10-07,13.1,13.1,13.1,13.1,1
QUALW584,2025-10-07,3.53,3.53,3.53,3.53,1
GMATK649,2025-10-07,0.32,0.32,0.32,0.32,1
ASAIJ103,2025-10-07,0.01,0.01,0.01,0.01,3
QUALJ214,2025-10-07,0.14,0.11,0.11,0.14,3
PETZK371,2025-10-07,0.23,0.23,0.23,0.23,1
ALUPJ320,2025-10-07,0.06,0.08,0.06,0.08,2
TIMSK209,2025-10-07,2.69,2.69,2.69,2.69,1
CMINV489,2025-10-07,0.01,0.01,0.01,0.01,2
COGNV278,2025-10-07,0.01,0.01,0.01,0.01,4
NATUK170,2025-10-07,0.01,0.01,0.01,0.01,1
RECVW127,2025-10-07,0.45,0.45,0.45,0.45,1
ISAEO224,2025-10-07,0.15,0.15,0.15,0.15,1
QUALV580,2025-10-07,3.58,3.58,3.58,3.58,1
VBBRW214,2025-10-07,0.35,0.34,0.34,0.44,11
PCARK790,2025-10-07,0.01,0.01,0.01,0.01,4
PCARO230,2025-10-07,0.09,0.09,0.09,0.09,2
CURYV323,2025-10-07,0.74,0.74,0.74,0.74,1
MBRFN16,2025-10-07,0.36,0.36,0.36,0.36,1
IGTIW233,2025-10-07,0.84,0.84,0.84,0.84,1
RAIZV500,2025-10-07,3.9,3.94,3.9,3.94,5
CXSEW165,2025-10-07,0.66,0.65,0.65,0.66,2
SBSPW118W1,2025-10-07,0.77,1.01,0.77,1.01,8
BRAVK197,2025-10-07,0.24,0.22,0.22,0.24,2
CYREX311,2025-10-07,2.23,2.23,2.23,2.23,1
ALOSK267,2025-10-07,0.22,0.22,0.22,0.22,2
RDORK41,2025-10-07,2.03,2.05,1.96,2.05,4
VBBRK247,2025-10-07,0.47,0.5,0.47,0.51,5
RDORK410,2025-10-07,2.33,2.18,2.18,2.33,3
OFSA3,2025-10-07,21.84,21.65,21.65,21.84,5
PCARK410,2025-10-07,0.33,0.33,0.33,0.33,1
YDUQW125,2025-10-07,0.79,0.91,0.79,0.91,3
DIRRW136,2025-10-07,0.11,0.11,0.11,0.11,1
ASAIW789,2025-10-07,0.16,0.18,0.16,0.18,3
VIVAX303,2025-10-07,3.27,3.29,3.27,3.29,4
WIZCV835,2025-10-07,0.27,0.27,0.27,0.27,1
VBBRV219,2025-10-07,0.12,0.13,0.12,0.13,2
JBSSL907,2025-10-07,1.91,1.91,1.91,1.91,1
VBBRR204,2025-10-07,0.65,0.65,0.65,0.65,1
SBFGJ119,2025-10-07,0.32,0.27,0.27,0.32,5
NATUJ840W2,2025-10-07,0.12,0.12,0.12,0.12,1
BHIAK800,2025-10-07,0.02,0.02,0.02,0.02,1
HYPEK232,2025-10-07,0.74,0.74,0.74,0.74,1
VIVAK308,2025-10-07,0.41,0.41,0.41,0.41,1
ASAIW949,2025-10-07,0.87,0.92,0.87,0.92,2
ISAEV256,2025-10-07,1.4,1.4,1.4,1.4,1
VIVTL720,2025-10-07,0.6,0.71,0.6,0.71,4
PCARK365,2025-10-07,0.57,0.55,0.55,0.57,4
CYREJ344,2025-10-07,0.01,0.01,0.01,0.01,8
CXSEV149,2025-10-07,0.01,0.02,0.01,0.02,3
ASAIW839,2025-10-07,0.3,0.34,0.3,0.34,2
SMTOW161,2025-10-07,0.41,0.47,0.4,0.47,11
ASAIL103,2025-10-07,0.22,0.23,0.22,0.23,3
RAIZB200,2025-10-07,0.02,0.02,0.02,0.02,2
NATUV860W2,2025-10-07,0.4,0.4,0.4,0.4,1
PSSAK501,2025-10-07,0.81,0.47,0.47,0.81,6
CEABW148,2025-10-07,0.83,0.88,0.83,0.88,3
PETZJ360W2,2025-10-07,0.16,0.13,0.13,0.17,158
SBSPV126W2,2025-10-07,1.73,1.73,1.73,1.73,1
PCARV278,2025-10-07,0.01,0.01,0.01,0.01,1
TIMSK241,2025-10-07,0.46,0.46,0.46,0.46,1
IGTIK283,2025-10-07,0.05,0.05,0.05,0.05,1
NATUK870,2025-10-07,0.46,0.46,0.46,0.47,6
CXSEK170,2025-10-07,0.05,0.05,0.05,0.05,1
VBBRW252,2025-10-07,2.15,2.14,2.14,2.15,5
DXCOJ519,2025-10-07,0.23,0.23,0.23,0.23,1
ASAIL100,2025-10-07,0.3,0.3,0.3,0.31,5
BRAVB24,2025-10-07,1.9,1.9,1.9,1.9,1
NATUV886,2025-10-07,0.58,0.59,0.58,0.59,2
RAIZL135,2025-10-07,0.03,0.03,0.03,0.03,2
ANIMV345,2025-10-07,0.38,0.38,0.38,0.38,1
YDUQW723,2025-10-07,0.02,0.01,0.01,0.02,2
COGNK363,2025-10-07,0.04,0.04,0.04,0.04,2
YDUQK140,2025-10-07,0.34,0.32,0.32,0.34,3
MBRFJ215,2025-10-07,0.01,0.01,0.01,0.01,1
ALOSW211,2025-10-07,0.06,0.06,0.06,0.06,1
NATUV840W2,2025-10-07,0.19,0.19,0.19,0.19,1
SBSPK144W1,2025-10-07,0.2,0.21,0.2,0.21,2
PCARW295,2025-10-07,0.06,0.06,0.06,0.06,1
COGNJ280,2025-10-07,2.81,2.81,2.81,2.81,1
KLBNW197,2025-10-07,1.29,1.29,1.29,1.29,1
CSMGW325,2025-10-07,0.45,0.56,0.45,0.56,4
JBSSJ700,2025-10-07,2,2,2,2,2
IGTIK253,2025-10-07,0.3,0.3,0.28,0.3,3
CMINJ644,2025-10-07,0.01,0.01,0.01,0.01,1
KLBNJ179,2025-10-07,0.35,0.25,0.25,0.39,19
LJQQW220,2025-10-07,0.17,0.17,0.17,0.17,4
RDORJ404,2025-10-07,1.32,1.34,1.32,1.34,15
PCARJ388,2025-10-07,0.27,0.27,0.27,0.27,1
SLCEX149,2025-10-07,0.11,0.11,0.11,0.11,1
SLCEK154,2025-10-07,0.77,0.79,0.77,0.79,2
RAIZL120,2025-10-07,0.04,0.04,0.04,0.04,1
CEABW128,2025-10-07,0.2,0.2,0.2,0.2,2
PCARV303,2025-10-07,0.02,0.02,0.02,0.02,1
WIZCK955,2025-10-07,0.2,0.2,0.2,0.2,1
CBAVL375,2025-10-07,0.4,0.4,0.4,0.4,3
AZZAK265,2025-10-07,1.64,1.5,1.5,1.64,3
AZZAJ305,2025-10-07,0.06,0.06,0.06,0.06,1
XPBRK100,2025-10-07,2.2,1.8,1.8,2.2,3
POSIV408,2025-10-07,0.05,0.08,0.05,0.08,4
CBAVL495,2025-10-07,0.1,0.1,0.1,0.1,1
GFSAJ10,2025-10-07,0.02,0.02,0.02,0.02,1
PCARW365,2025-10-07,0.23,0.24,0.23,0.24,2
ANIMX295,2025-10-07,0.18,0.18,0.18,0.18,1
CSMGV345,2025-10-07,0.69,0.69,0.69,0.69,1
CSMGD375,2025-10-07,2.09,2.3,2,2.3,5
NEOEJ284,2025-10-07,0.32,0.32,0.32,0.32,1
PCARW410,2025-10-07,0.44,0.44,0.44,0.44,1
PSSAJ496,2025-10-07,0.1,0.11,0.1,0.11,2
BRAVW195,2025-10-07,1.99,1.96,1.92,1.99,12
ASAIK919,2025-10-07,0.44,0.44,0.44,0.44,1
SBSPL135,2025-10-07,3,3,3,3,1
ALUPK310,2025-10-07,1.02,0.89,0.89,1.02,2
PCARJ440W4,2025-10-07,0.15,0.15,0.15,0.15,1
NATUX880,2025-10-07,0.7,0.7,0.7,0.7,1
SIMHW423,2025-10-07,0.14,0.14,0.14,0.14,1
CBAVK350,2025-10-07,0.7,0.7,0.7,0.7,1
PCARV340W2,2025-10-07,0.02,0.02,0.02,0.02,2
VIVTJ301,2025-10-07,3.01,3.01,3.01,3.01,1
PETZJ385,2025-10-07,0.02,0.02,0.02,0.02,99
BRAVL192,2025-10-07,0.59,0.41,0.41,0.59,3
LJQQX264,2025-10-07,0.51,0.51,0.51,0.51,1
RDORV409,2025-10-07,0.54,0.49,0.49,0.54,2
COGNV283,2025-10-07,0.01,0.01,0.01,0.01,3
COGNM358,2025-10-07,0.49,0.52,0.49,0.52,3
SBSPJ110,2025-10-07,14.2,14.2,14.2,14.2,2
CBAVV440,2025-10-07,0.4,0.4,0.4,0.4,1
VBBRK257,2025-10-07,0.3,0.3,0.3,0.3,1
SMTOJ180,2025-10-07,0.05,0.05,0.05,0.05,1
NATUW680,2025-10-07,0.07,0.07,0.07,0.07,2
CYREW254,2025-10-07,0.18,0.18,0.18,0.18,1
VAMOP500,2025-10-07,1.71,1.74,1.71,1.74,2
SIMHW448,2025-10-07,0.25,0.26,0.25,0.26,3
COGNK108,2025-10-07,2,2,2,2,1
RDORL423,2025-10-07,2,2,2,2,1
QUALJ140,2025-10-07,2.05,2.05,2.05,2.05,1
SIMHK533,2025-10-07,0.11,0.11,0.11,0.11,1
VAMOX330,2025-10-07,0.28,0.2,0.2,0.28,2
NATUX95,2025-10-07,1.35,1.35,1.35,1.35,1
AZZAV295W2,2025-10-07,4.5,4.5,4.5,4.5,1
POSIW443,2025-10-07,0.38,0.38,0.38,0.38,1
QUALV249,2025-10-07,0.31,0.31,0.31,0.31,1
ASAIW779,2025-10-07,0.15,0.15,0.15,0.15,1
NATUK770,2025-10-07,0.83,0.83,0.83,0.83,1
VAMO3,2025-10-07,3.2,3,2.99,3.21,18171
AGRX11,2025-10-07,8.34,8.17,8.1,8.38,528
HBSA3,2025-10-07,3.57,3.68,3.54,3.71,5333
VIVT3,2025-10-07,32.87,32.29,32.05,32.93,10874
DASA3,2025-10-07,1.5,1.36,1.34,1.53,2306
AZZA3,2025-10-07,26.31,25.03,24.58,26.37,18896
AZZAW260,2025-10-07,1.1,1.85,1.1,1.97,36
HYPEW235,2025-10-07,1.51,1.51,1.51,1.51,1
CSUD3F,2025-10-07,17.84,17.41,17.15,17.84,179
PLPL3F,2025-10-07,16.1,15.55,15.18,16.1,2034
PCAR3F,2025-10-07,3.98,3.87,3.86,4.04,2289
ANIM3F,2025-10-07,3.21,3.02,2.92,3.28,2825
AZZAV280,2025-10-07,2.21,3.23,2.21,3.29,12
KLBN3F,2025-10-07,3.62,3.56,3.52,3.62,3223
GFSA3,2025-10-07,7.31,7.12,7.05,7.34,1007
FLRY3,2025-10-07,15.87,15.75,15.68,15.92,5857
LAVV3,2025-10-07,14.07,13.83,13.71,14.11,2827
COGNJ313,2025-10-07,0.08,0.07,0.06,0.09,42
PICE11,2025-10-07,32.34,31.01,30.81,32.34,230
MLAS3,2025-10-07,1.01,0.99,0.98,1.01,1486
SEER3,2025-10-07,10.9,10.57,10.24,10.9,3279
AMAR3F,2025-10-07,1.19,1.18,1.15,1.19,176
PLPL3,2025-10-07,16.08,15.53,15.21,16.08,6605
ORVR3,2025-10-07,54.03,53.25,52.4,54.03,2500
LAVV3F,2025-10-07,14.05,13.88,13.7,14.12,391
LOGG3,2025-10-07,22.52,21.99,21.8,22.57,1645
BRST3,2025-10-07,2.87,2.84,2.79,2.9,747
LJQQ3,2025-10-07,2.2,2.1,2.08,2.2,3111
BRST3F,2025-10-07,2.87,2.83,2.79,2.89,63
RDORJ414,2025-10-07,0.63,0.6,0.56,0.65,57
MBRFW179,2025-10-07,1.52,1.6,1.52,1.86,170
RECV3F,2025-10-07,12.42,12.46,12.27,12.46,2289
ASAI3F,2025-10-07,8.9,8.76,8.67,8.95,2029
JURO11,2025-10-07,101.18,100.8,100.8,101.65,4143
MOTVW134,2025-10-07,0.23,0.28,0.23,0.29,16
NATUK100,2025-10-07,0.15,0.13,0.13,0.15,9
CAML3F,2025-10-07,4.94,4.83,4.76,4.94,844
VIVAW258,2025-10-07,0.48,0.72,0.48,0.72,5
AZZAW280,2025-10-07,3.2,3.53,3.2,3.53,43
DOTZ3F,2025-10-07,7.8,7.26,7.26,7.8,7
PSSAW440,2025-10-07,0.25,0.36,0.25,0.42,25
VITT3,2025-10-07,4.84,4.71,4.71,4.87,462
VBBR3F,2025-10-07,23.37,22.92,22.68,23.51,924
KLBNK182,2025-10-07,0.63,0.5,0.5,0.64,4
SBSP3F,2025-10-07,126,125.03,124,127.47,1458
CRAA11,2025-10-07,96.2,96.75,96.01,96.75,681
SEQL3,2025-10-07,1.03,1.01,1.01,1.14,469
KLBNJ187,2025-10-07,0.07,0.07,0.04,0.1,30
KLBNX174,2025-10-07,0.2,0.4,0.2,0.4,6
BBSEJ330,2025-10-07,0.4,0.5,0.36,0.64,94
AGXY3,2025-10-07,5.72,5.68,5.67,5.88,181
PCARV400W5,2025-10-07,0.35,0.37,0.34,0.37,8
CAMB3F,2025-10-07,9.81,9.77,9.55,9.89,124
CSUD3,2025-10-07,17.31,17.15,17.13,17.35,143
MOTVW143,2025-10-07,0.43,0.61,0.43,0.62,7
ALLD3F,2025-10-07,8.68,8.61,8.49,8.68,534
NATUK190,2025-10-07,0.16,0.21,0.16,0.21,2
ONCO3F,2025-10-07,3.53,3.61,3.52,3.77,235
HYPEV230,2025-10-07,0.9,0.89,0.85,0.96,15
AZZAW245,2025-10-07,0.85,1.13,0.85,1.13,12
VIVR3,2025-10-07,0.9,0.9,0.89,0.93,70
CMINJ524,2025-10-07,0.51,0.59,0.45,0.59,26
VAMOK310,2025-10-07,0.22,0.17,0.16,0.22,95
VVEO3F,2025-10-07,1.31,1.25,1.22,1.31,147
COPN11,2025-10-07,58.36,59.47,58.36,60.7,183
MBRFK220,2025-10-07,0.06,0.06,0.06,0.06,7
SBSPV128,2025-10-07,4.24,4.44,4.24,4.49,13
DEXP4,2025-10-07,8.03,7.95,7.95,8.03,8
PFIN11,2025-10-07,79,78.3,78.3,79.47,129
KLBNV177,2025-10-07,0.09,0.15,0.07,0.15,47
TRAD3F,2025-10-07,5.25,5.18,5.14,5.25,107
MBRFW250,2025-10-07,4.69,4.69,4.69,4.69,7
POSIJ448,2025-10-07,0.02,0.03,0.02,0.03,3
PCARV360W5,2025-10-07,0.18,0.16,0.15,0.19,18
VAMOV310,2025-10-07,0.07,0.13,0.07,0.13,358
UCAS3F,2025-10-07,1.33,1.32,1.29,1.33,53
SNID11,2025-10-07,10.25,10.26,10.23,10.26,136
MBRFK20,2025-10-07,0.25,0.18,0.13,0.29,147
RDORV410,2025-10-07,0.93,0.92,0.92,0.93,2
BBSEV337,2025-10-07,0.08,0.04,0.04,0.08,25
CYREW289,2025-10-07,0.84,0.96,0.84,1.11,38
HYPEV210,2025-10-07,0.08,0.11,0.08,0.12,5
CMINK572,2025-10-07,0.29,0.25,0.25,0.29,10
PSSAK511,2025-10-07,0.41,0.34,0.32,0.41,4
SIMHU70,2025-10-07,2.07,1.96,1.96,2.07,2
YDUQK155,2025-10-07,0.09,0.1,0.09,0.1,13
PETZW400W1,2025-10-07,0.34,0.27,0.27,0.34,2
SLCEM180,2025-10-07,1.2,1.2,1.2,1.2,3
KLBNK17,2025-10-07,0.75,0.65,0.65,0.79,10
CXSEK151,2025-10-07,0.6,0.7,0.56,0.71,18
ESPA3F,2025-10-07,1.12,1.12,1.09,1.14,43
NATUJ900W2,2025-10-07,0.02,0.02,0.02,0.02,2
ALOSW239,2025-10-07,0.46,0.5,0.46,0.5,3
ISAEK244,2025-10-07,0.7,0.47,0.47,0.7,18
NATUW810,2025-10-07,0.37,0.43,0.37,0.43,5
WIZCW795,2025-10-07,0.29,0.28,0.28,0.29,4
KLBNX169,2025-10-07,0.2,0.22,0.09,0.22,8
HYPEW215,2025-10-07,0.61,0.55,0.55,0.61,3
CMINK612,2025-10-07,0.12,0.1,0.1,0.12,5
BBSEW387,2025-10-07,3.1,3,3,3.1,2
KLBNJ181,2025-10-07,0.13,0.08,0.08,0.16,14
AMBPH103,2025-10-07,0.5,0.28,0.27,0.5,136
CAMLJ500,2025-10-07,0.24,0.18,0.16,0.24,16
YDUQK150,2025-10-07,0.12,0.12,0.12,0.12,1
AMBPL699,2025-10-07,0.08,0.1,0.04,0.1,59
BBSEL217,2025-10-07,11.9,11.93,11.9,11.93,2
HYPEK222,2025-10-07,1.19,1.22,1.19,1.22,2
RDORJ420,2025-10-07,0.29,0.3,0.29,0.3,2
COGNV290W5,2025-10-07,0.05,0.05,0.05,0.05,2
KLBNK196,2025-10-07,0.09,0.07,0.07,0.1,6
SLCEV16,2025-10-07,0.44,0.4,0.37,0.44,38
JGPX11,2025-10-07,72.43,72.15,72,72.43,105
MNPR3F,2025-10-07,40.01,40.5,39.95,40.6,15
AZZAK275,2025-10-07,0.8,0.72,0.66,0.8,3
NATUJ976,2025-10-07,0.04,0.02,0.02,0.04,7
CXSEK157,2025-10-07,0.43,0.48,0.4,0.49,12
KLBNO172,2025-10-07,0.3,0.3,0.3,0.3,1
ASAIJ879,2025-10-07,0.25,0.22,0.22,0.27,157
BBSEV340W2,2025-10-07,0.79,0.79,0.79,0.79,1
SBSPV126,2025-10-07,2.1,3.06,2.1,3.22,39
COGNK4,2025-10-07,1.28,1.14,1.14,1.28,9
PETZW390,2025-10-07,0.12,0.14,0.12,0.14,2
MBRFV203,2025-10-07,0.43,0.62,0.43,0.7,18
PETZL500,2025-10-07,0.06,0.06,0.06,0.06,1
AZZAV275,2025-10-07,1.67,2.75,1.67,2.75,20
YDUQV120,2025-10-07,0.29,0.38,0.29,0.45,8
MBRFV175,2025-10-07,0.9,0.9,0.88,1.12,11
AZZAK255W2,2025-10-07,1.45,1.45,1.45,1.45,1
FLRYV150,2025-10-07,0.04,0.04,0.04,0.04,1
COGNW273,2025-10-07,0.04,0.05,0.04,0.05,2
AZZAJ290,2025-10-07,0.13,0.07,0.07,0.13,6
NATUV926,2025-10-07,1.01,1.08,0.99,1.08,4
CYREW296,2025-10-07,1.43,1.25,1.25,1.43,3
MBRFV170,2025-10-07,0.45,0.6,0.45,0.65,7
SBSPK148,2025-10-07,0.35,0.32,0.32,0.35,9
ALOSK25,2025-10-07,0.32,0.32,0.32,0.32,2
NATUX750,2025-10-07,0.22,0.28,0.22,0.28,9
NATUK102,2025-10-07,0.11,0.1,0.1,0.12,4
ASAIK949,2025-10-07,0.3,0.3,0.3,0.3,2
CYREW284,2025-10-07,0.74,0.77,0.74,0.94,29
VBBRJ229,2025-10-07,0.72,0.54,0.4,0.72,52
YDUQW115,2025-10-07,0.56,0.57,0.56,0.57,2
JBSSK740,2025-10-07,2.25,2.25,2.25,2.25,1
ENDD11,2025-10-07,108.21,108.15,108.15,108.9,618
NATUK900,2025-10-07,0.37,0.28,0.27,0.39,37
FICT3,2025-10-07,3.23,3.21,3.15,3.23,39
CSMGJ320,2025-10-07,2.02,2.15,2.01,2.3,11
PETZK401,2025-10-07,0.11,0.1,0.1,0.12,4
VBBRV227,2025-10-07,0.25,0.33,0.24,0.44,64
MBRFW165,2025-10-07,0.64,0.76,0.64,0.87,26
SBFGV935,2025-10-07,0.02,0.02,0.02,0.02,1
COGNK228,2025-10-07,0.82,0.82,0.82,0.82,1
SMTOJ185,2025-10-07,0.04,0.03,0.03,0.04,2
VIVAV273,2025-10-07,0.53,0.79,0.53,0.79,3
AZZAK297,2025-10-07,0.39,0.29,0.29,0.39,6
VAMOW440,2025-10-07,1.28,1.28,1.28,1.28,2
COGNK338,2025-10-07,0.09,0.09,0.08,0.09,4
NATUV816,2025-10-07,0.16,0.26,0.16,0.26,11
PSSAK521,2025-10-07,0.35,0.24,0.23,0.35,7
BBSEJ342,2025-10-07,0.92,1.06,0.87,1.18,15
RAIZW99,2025-10-07,0.12,0.15,0.12,0.15,24
PCARV310W5,2025-10-07,0.04,0.04,0.04,0.07,4
BRAVV175,2025-10-07,0.34,0.32,0.31,0.36,40
CMINJ489,2025-10-07,0.83,0.79,0.79,0.83,14
DIRRW141,2025-10-07,0.2,0.28,0.2,0.28,12
SMTOW170,2025-10-07,0.6,0.69,0.6,0.69,8
NATUK860,2025-10-07,0.51,0.38,0.38,0.51,12
TCSA3F,2025-10-07,1.47,1.46,1.45,1.5,479
AZZAW302,2025-10-07,4.68,4.9,4.6,4.92,18
VBBRK242,2025-10-07,0.64,0.65,0.6,0.65,117
NATUW760,2025-10-07,0.19,0.23,0.19,0.23,4
HYPEV23,2025-10-07,1.55,1.67,1.51,1.67,4
VAMOI36,2025-10-07,0.47,0.47,0.47,0.47,2
CYREJ269,2025-10-07,3.25,2.17,2.17,3.25,8
HYPEV225W2,2025-10-07,0.75,0.75,0.75,0.75,1
PETZN50,2025-10-07,0.89,0.89,0.89,0.89,1
AUREV994,2025-10-07,0.1,0.1,0.1,0.1,1
CYREV279,2025-10-07,0.12,0.21,0.12,0.26,9
KLBNL195,2025-10-07,0.3,0.26,0.25,0.3,6
COGNJ233,2025-10-07,0.72,0.74,0.72,0.74,4
BRAVK23,2025-10-07,1.8,1.81,1.8,1.83,3
CSMGK345,2025-10-07,1.29,1.29,1.29,1.29,1
VBBRW219,2025-10-07,0.47,0.54,0.47,0.54,3
RAIZX800,2025-10-07,0.05,0.05,0.05,0.05,7
VAMOJ390,2025-10-07,0.01,0.01,0.01,0.01,2
MBRFJ248,2025-10-07,0.01,0.01,0.01,0.01,8
KLBNC184,2025-10-07,0.7,0.73,0.7,0.73,7
MBRFV185W4,2025-10-07,1.44,1.44,1.44,1.44,1
ISAEL266,2025-10-07,0.4,0.1,0.1,0.4,2
ALOSK239,2025-10-07,1.42,1.33,1.33,1.42,2
AZZAJ40,2025-10-07,2.3,2.3,2.3,2.4,3
RAIZX900,2025-10-07,0.09,0.1,0.09,0.1,5
SBSPW117,2025-10-07,1.33,1.5,1.33,1.5,29
ISAEW246,2025-10-07,0.72,0.74,0.72,0.74,2
YDUQW102,2025-10-07,0.2,0.2,0.2,0.2,1
PETZK386,2025-10-07,0.17,0.17,0.17,0.17,1
ISAEO244,2025-10-07,0.6,0.64,0.6,0.64,3
CURYW313,2025-10-07,0.74,0.96,0.74,0.96,3
HYPEK230,2025-10-07,0.78,0.78,0.78,0.78,1
CBAVJ340,2025-10-07,0.75,0.62,0.62,0.75,21
RAIZK99,2025-10-07,0.05,0.05,0.05,0.05,5
KLBNV207,2025-10-07,2.55,2.55,2.55,2.55,1
AUREW112,2025-10-07,1.07,1.09,1.07,1.1,24
CURYL363,2025-10-07,0.81,0.81,0.81,0.81,1
ASAIW819,2025-10-07,0.24,0.26,0.24,0.27,5
PCARJ433,2025-10-07,0.11,0.06,0.06,0.11,15
PCARV373,2025-10-07,0.11,0.12,0.1,0.12,3
BHIAK590,2025-10-07,0.01,0.01,0.01,0.01,7
JFEN3F,2025-10-07,1.55,1.54,1.54,1.64,15
SBSPX130,2025-10-07,5.7,6.9,5.7,6.9,4
PCARK380,2025-10-07,0.43,0.45,0.43,0.45,2
BRAVW187,2025-10-07,1.35,1.41,1.34,1.41,5
NATUJ896,2025-10-07,0.12,0.07,0.07,0.12,4
TTENK133,2025-10-07,0.57,0.56,0.56,0.58,12
PETZW340W1,2025-10-07,0.06,0.05,0.05,0.06,4
COGNJ333,2025-10-07,0.03,0.01,0.01,0.03,18
SBSPW113,2025-10-07,0.79,0.86,0.77,0.88,5
CEABJ183,2025-10-07,0.01,0.01,0.01,0.01,6
NATUW880,2025-10-07,0.74,0.86,0.74,0.86,7
CYREK266,2025-10-07,3.45,3.14,3.14,3.45,3
CYREK274,2025-10-07,3.3,2.58,2.58,3.3,5
MBRFW194,2025-10-07,3.18,3.18,3.18,3.18,1
MBRFJ230,2025-10-07,0.01,0.01,0.01,0.01,1
HYPEW237,2025-10-07,1.82,1.82,1.82,1.82,1
NATUW730,2025-10-07,0.15,0.16,0.14,0.16,6
BBSEJ402,2025-10-07,0.01,0.01,0.01,0.01,1
ASAIV879,2025-10-07,0.19,0.26,0.19,0.29,15
BRAVV160,2025-10-07,0.04,0.04,0.03,0.04,6
CSMGW320,2025-10-07,0.36,0.36,0.36,0.36,1
MBRFJ202,2025-10-07,0.02,0.02,0.02,0.02,1
SMTOK190,2025-10-07,0.14,0.14,0.14,0.14,1
ALOSJ261,2025-10-07,0.04,0.04,0.04,0.04,3
FLRYV144,2025-10-07,0.02,0.02,0.02,0.02,1
MOTVK149,2025-10-07,0.28,0.15,0.15,0.28,4
RAIZW200,2025-10-07,1.06,1.08,1.05,1.08,6
NATUV826,2025-10-07,0.2,0.29,0.19,0.29,9
MBRFV195,2025-10-07,3.24,3.24,3.24,3.24,1
VBBRW202,2025-10-07,0.15,0.17,0.15,0.17,2
COGNK283,2025-10-07,0.35,0.35,0.35,0.36,9
PCARK430W1,2025-10-07,0.19,0.23,0.19,0.23,2
COGNJ273,2025-10-07,0.35,0.35,0.35,0.35,1
VBBRK239,2025-10-07,0.88,0.77,0.71,0.88,23
RDORX36,2025-10-07,0.35,0.35,0.35,0.35,1
MBRFJ22,2025-10-07,0.04,0.05,0.03,0.05,3
BHIAK890,2025-10-07,0.01,0.01,0.01,0.01,1
SBSPW120,2025-10-07,1.6,2.2,1.6,2.22,8
AMBPG400,2025-10-07,0.49,0.49,0.49,0.49,1
BRAVW172,2025-10-07,0.55,0.54,0.54,0.57,11
POSIJ438,2025-10-07,0.05,0.02,0.02,0.05,3
SBSPJ136,2025-10-07,0.13,0.09,0.09,0.13,129
POSIV418,2025-10-07,0.13,0.13,0.13,0.13,1
VIVTW294,2025-10-07,0.11,0.11,0.11,0.11,1
CMINK532,2025-10-07,0.55,0.52,0.52,0.55,2
BRAVK260,2025-10-07,0.02,0.02,0.02,0.02,1
WIZCJ865,2025-10-07,0.05,0.05,0.05,0.05,1
BHIAJ800,2025-10-07,0.02,0.02,0.02,0.02,1
INTBX100,2025-10-07,0.1,0.1,0.1,0.1,1
VIVAK253,2025-10-07,2.9,2.85,2.85,2.9,3
CSMGW340,2025-10-07,1.03,1.03,1.03,1.03,1
BMGBJ402,2025-10-07,0.05,0.04,0.04,0.05,3
AMBPL20,2025-10-07,0.02,0.01,0.01,0.02,4
CEABV168,2025-10-07,1.82,1.82,1.82,1.82,1
VIVAW293,2025-10-07,2.14,2.4,2.14,2.49,6
RDORL373,2025-10-07,5.3,5.3,5.3,5.3,1
COGNU33,2025-10-07,0.51,0.51,0.51,0.51,2
CEABW133,2025-10-07,0.29,0.29,0.29,0.29,1
COGNN30,2025-10-07,0.18,0.19,0.18,0.19,2
NATUW850,2025-10-07,0.5,0.62,0.5,0.62,5
PETZV380,2025-10-07,0.11,0.13,0.1,0.13,62
LJQQK240,2025-10-07,0.09,0.09,0.09,0.09,2
NATUK110,2025-10-07,0.06,0.06,0.06,0.06,4
LAVVL890,2025-10-07,5.77,5.77,5.77,5.77,1
TTENV133,2025-10-07,0.22,0.22,0.22,0.22,1
ASAIV829,2025-10-07,0.1,0.1,0.1,0.1,1
KEPLM730,2025-10-07,0.17,0.02,0.02,0.17,2
SBSPN980,2025-10-07,0.44,0.45,0.44,0.45,3
BRAVL200,2025-10-07,0.46,0.41,0.38,0.46,7
INTBJ122,2025-10-07,0.02,0.02,0.02,0.02,1
NATUV820W4,2025-10-07,0.28,0.28,0.28,0.28,1
VAMOW410,2025-10-07,0.97,0.97,0.97,0.97,1
CXSEC175,2025-10-07,0.4,0.4,0.4,0.4,1
ALOSK246,2025-10-07,0.98,0.92,0.92,0.98,5
CBAVJ435,2025-10-07,0.06,0.06,0.06,0.06,1
CURYW321,2025-10-07,1.25,1.27,1.25,1.27,2
COGNW343,2025-10-07,0.36,0.38,0.36,0.38,4
VIVAK298,2025-10-07,0.62,0.43,0.43,0.62,5
ALOSK236,2025-10-07,1.67,1.67,1.67,1.67,2
AUREK100,2025-10-07,0.44,0.43,0.43,0.44,2
BBSEA343,2025-10-07,1.2,1.2,1.2,1.2,1
VIVTW334,2025-10-07,1.16,1.34,1.16,1.34,4
SBSPK122,2025-10-07,7.5,6.98,6.98,7.5,7
AZZAK302,2025-10-07,0.32,0.32,0.32,0.32,1
CYREK269,2025-10-07,3.19,3.19,3.19,3.19,1
JBSSJ785,2025-10-07,0.5,0.35,0.35,0.5,2
BHIAO30,2025-10-07,0.25,0.25,0.25,0.25,5
BHIAW20,2025-10-07,0.03,0.01,0.01,0.03,3
CBAVV420,2025-10-07,0.25,0.28,0.25,0.3,10
BRAVJ175W2,2025-10-07,0.22,0.19,0.19,0.26,15
PCARW390,2025-10-07,0.34,0.37,0.34,0.37,4
HYPEK260,2025-10-07,0.16,0.16,0.15,0.16,3
VIVAK283,2025-10-07,1.28,1.13,1.06,1.32,4
ALOSK226,2025-10-07,2.42,2.42,2.42,2.42,1
AZZAJ307,2025-10-07,0.04,0.04,0.04,0.04,3
PETZJ410,2025-10-07,0.01,0.01,0.01,0.01,1
ISAEB295,2025-10-07,0.2,0.2,0.2,0.2,1
BBSEW339,2025-10-07,0.36,0.3,0.27,0.38,17
TTENK150,2025-10-07,0.1,0.12,0.1,0.12,4
YDUQK165,2025-10-07,0.05,0.05,0.05,0.05,1
VBBRJ207,2025-10-07,2.3,2.3,2.3,2.3,1
CMINL527,2025-10-07,1.25,1.25,1.25,1.25,1
SBSPK145,2025-10-07,0.57,0.46,0.46,0.57,30
XPBRW870,2025-10-07,3.5,3.6,3.35,3.6,4
TIMSJ228,2025-10-07,0.78,0.63,0.59,0.78,3
RAIZV110W4,2025-10-07,0.18,0.18,0.18,0.18,1
ASAIK109,2025-10-07,0.09,0.07,0.07,0.09,8
MBRFJ170,2025-10-07,0.56,0.6,0.42,0.6,5
COGNV333,2025-10-07,0.25,0.25,0.25,0.25,1
CSMGK325,2025-10-07,2.55,2.63,2.31,2.63,12
YDUQJ923,2025-10-07,3.01,3.01,3.01,3.01,2
PCARK820,2025-10-07,0.01,0.01,0.01,0.01,1
TIMSW229,2025-10-07,0.45,0.45,0.45,0.45,1
NATUJ946,2025-10-07,0.05,0.03,0.03,0.05,6
ISAEL234,2025-10-07,1.5,1.5,1.5,1.5,1
SBSPK146,2025-10-07,0.46,0.41,0.41,0.46,18
PCARK620,2025-10-07,0.03,0.03,0.03,0.03,1
DIRRW417,2025-10-07,0.21,0.21,0.21,0.21,1
BBSEW355,2025-10-07,2.28,2.28,2.28,2.28,1
RAIZN20,2025-10-07,0.8,0.8,0.8,0.8,1
CBAVV350,2025-10-07,0.01,0.01,0.01,0.01,3
RAIZJ126,2025-10-07,0.01,0.01,0.01,0.01,2
RDORL435,2025-10-07,1.4,1.63,1.4,1.63,10
RAIZX135,2025-10-07,0.37,0.37,0.37,0.37,2
SBSPK119,2025-10-07,9.57,9.57,9.57,9.57,1
CBAVJ440,2025-10-07,0.06,0.04,0.04,0.06,14
MBRFJ185W2,2025-10-07,0.05,0.03,0.03,0.05,2
NATUV946,2025-10-07,1.2,1.23,1.2,1.23,4
CYREW241,2025-10-07,0.1,0.1,0.1,0.1,1
MBRFB1,2025-10-07,7,7,7,7,2
VIVAV300,2025-10-07,3.01,3.01,3.01,3.01,1
BHIAX500,2025-10-07,1.6,1.66,1.6,1.66,2
PETZJ470,2025-10-07,0.01,0.01,0.01,0.01,1
BRAVM150,2025-10-07,0.25,0.25,0.25,0.25,1
CXSEX215,2025-10-07,5.22,5.22,5.22,5.22,1
VAMOE120,2025-10-07,0.1,0.1,0.1,0.1,1
VBBRJ247,2025-10-07,0.06,0.07,0.06,0.07,2
VBBRK244,2025-10-07,0.7,0.56,0.56,0.7,3
SBSPK150,2025-10-07,0.24,0.24,0.24,0.24,1
BBSEJ325W4,2025-10-07,0.99,0.99,0.99,0.99,1
BHIAV780,2025-10-07,4.56,4.56,4.56,4.56,1
AZZAW300,2025-10-07,4.57,4.57,4.57,4.57,1
BBSEV394,2025-10-07,4.7,4.7,4.7,4.7,1
PSSAV521,2025-10-07,4.99,5.16,4.99,5.16,2
RAIZL140,2025-10-07,0.02,0.02,0.02,0.03,14
SBSPW116,2025-10-07,1.21,1.17,1.17,1.21,7
RAIZX249,2025-10-07,1.51,1.56,1.51,1.56,7
VIVTK353,2025-10-07,0.37,0.2,0.2,0.37,2
VIVTW321,2025-10-07,0.43,0.72,0.43,0.72,6
MBRFK249,2025-10-07,0.25,0.25,0.25,0.25,1
INTBV112,2025-10-07,0.15,0.15,0.15,0.15,2
DIRRX142,2025-10-07,0.18,0.29,0.18,0.29,3
MBRFV173,2025-10-07,0.01,0.01,0.01,0.01,1
AUREK102,2025-10-07,0.29,0.29,0.29,0.29,1
MBRFH24,2025-10-07,3.16,3.14,3.14,3.16,2
MBRFJ239,2025-10-07,3.77,3.77,3.77,3.77,1
MOTVK153,2025-10-07,0.13,0.13,0.13,0.13,1
RAIZJ860,2025-10-07,0.06,0.07,0.06,0.09,15
GFSAK800,2025-10-07,0.2,0.25,0.2,0.25,2
ISAEV240,2025-10-07,0.01,0.01,0.01,0.01,1
BRAVK250,2025-10-07,0.02,0.02,0.02,0.02,1
VIVAJ323,2025-10-07,0.02,0.02,0.02,0.02,1
COGNK403,2025-10-07,0.01,0.01,0.01,0.01,1
KLBNV181,2025-10-07,0.38,0.51,0.38,0.51,5
CXSEV146,2025-10-07,0.01,0.01,0.01,0.01,5
MBRFH26,2025-10-07,2.65,2.65,2.65,2.65,1
AZZAV215,2025-10-07,0.04,0.05,0.04,0.05,3
RAIZT150,2025-10-07,0.48,0.48,0.48,0.48,2
RDORK542,2025-10-07,0.02,0.02,0.02,0.02,1
RAIZV156,2025-10-07,0.65,0.65,0.65,0.65,1
VIVAK288,2025-10-07,0.86,0.86,0.86,0.86,1
AZZAV205,2025-10-07,0.03,0.03,0.03,0.03,3
ASAIJ959,2025-10-07,0.05,0.05,0.05,0.05,1
PSSAL501,2025-10-07,1.04,1.04,1.04,1.04,1
AZZAK352,2025-10-07,0.1,0.1,0.1,0.1,5
SBSPK141,2025-10-07,0.76,0.76,0.76,0.76,1
COGNW283,2025-10-07,0.07,0.07,0.07,0.07,1
SLCEV157,2025-10-07,0.19,0.16,0.14,0.19,3
SIMHG500,2025-10-07,1.5,1.48,1.48,1.5,4
BBSEK327,2025-10-07,2.86,3.12,2.86,3.12,2
KLBNX175,2025-10-07,0.26,0.32,0.25,0.32,6
BRAVL175,2025-10-07,1.33,1.31,1.29,1.33,9
RAIZK125,2025-10-07,0.02,0.02,0.02,0.02,1
COGNV368,2025-10-07,0.57,0.57,0.57,0.57,1
MBRFK194,2025-10-07,0.4,0.4,0.4,0.4,1
VIVTK341,2025-10-07,0.49,0.48,0.48,0.49,2
QUALK269,2025-10-07,0.06,0.03,0.03,0.06,2
BBSEV322,2025-10-07,0.01,0.02,0.01,0.02,2
VIVAJ253,2025-10-07,2.3,2.3,2.3,2.3,1
JBSSV730,2025-10-07,3.18,3.18,3.18,3.18,1
ANIMJ345,2025-10-07,0.03,0.03,0.03,0.03,1
CYREV319,2025-10-07,2.48,2.48,2.48,2.48,1
PCARK355,2025-10-07,0.64,0.63,0.63,0.64,2
KLBNX220,2025-10-07,2.88,2.88,2.88,2.88,1
CXSEK172,2025-10-07,0.05,0.05,0.05,0.05,1
NATUJ920W2,2025-10-07,0.03,0.03,0.03,0.03,1
RAIZG199,2025-10-07,0.13,0.13,0.13,0.13,2
PCARK420,2025-10-07,0.32,0.32,0.32,0.32,2
PCARV338,2025-10-07,0.04,0.04,0.04,0.04,1
NEOEW289,2025-10-07,1.33,1.33,1.33,1.33,1
RAIZK135,2025-10-07,0.01,0.01,0.01,0.01,2
BRAVN229,2025-10-07,3.99,3.99,3.99,3.99,1
RDORV420,2025-10-07,1.15,1.15,1.15,1.15,1
CMINW532,2025-10-07,0.08,0.08,0.08,0.08,1
BRAVW227,2025-10-07,4.95,4.95,4.95,4.95,1
ANIMX285,2025-10-07,0.14,0.14,0.14,0.14,1
GMATJ729,2025-10-07,0.01,0.01,0.01,0.01,1
FIEI3F,2025-10-07,21.5,21.5,21.5,21.5,1
RAIZI18,2025-10-07,0.09,0.09,0.09,0.09,1
VIVAW303,2025-10-07,2.71,2.71,2.71,2.71,1
CSMGJ355,2025-10-07,0.14,0.13,0.13,0.14,3
AZZAV335,2025-10-07,7.5,8.6,7.5,8.6,2
YDUQK130,2025-10-07,0.65,0.5,0.5,0.65,4
PCARV603,2025-10-07,2.03,2.03,2.03,2.03,1
GFSAW800,2025-10-07,0.8,0.8,0.8,0.8,1
CXSEC165,2025-10-07,0.8,0.8,0.8,0.8,1
MOTVW129,2025-10-07,0.14,0.15,0.14,0.16,12
BRAVW157,2025-10-07,0.17,0.17,0.17,0.17,3
PETZL700,2025-10-07,0.01,0.01,0.01,0.01,1
HYPEJ247,2025-10-07,0.03,0.02,0.02,0.03,2
BBSEB330,2025-10-07,2.5,2.5,2.5,2.5,1
AUREJ974,2025-10-07,0.43,0.51,0.43,0.51,2
VBBRV207,2025-10-07,0.03,0.03,0.03,0.03,1
PCARP700,2025-10-07,2.8,2.84,2.8,2.84,71
COGNC349,2025-10-07,0.25,0.25,0.25,0.28,4
CYREK259,2025-10-07,3.99,3.96,3.95,3.99,3
KLBNW167,2025-10-07,0.08,0.09,0.08,0.09,3
NATUJ776,2025-10-07,0.49,0.48,0.46,0.49,11
NATUW700,2025-10-07,0.09,0.1,0.09,0.1,4
NATUW740,2025-10-07,0.17,0.18,0.17,0.18,4
PETZL431,2025-10-07,0.09,0.09,0.09,0.09,1
AZZAW380,2025-10-07,12.6,12.6,12.6,12.6,1
BRAVW137,2025-10-07,0.05,0.05,0.05,0.05,2
VAMOW390,2025-10-07,0.85,0.83,0.83,0.85,2
HYPEJ237,2025-10-07,0.1,0.1,0.1,0.1,1
COGNX323,2025-10-07,0.28,0.26,0.26,0.28,2
XPBRW990,2025-10-07,10.86,10.66,10.66,10.86,2
SBSPK148W1,2025-10-07,0.1,0.12,0.1,0.12,2
NATUJ806,2025-10-07,0.3,0.3,0.3,0.3,1
AZZAV210,2025-10-07,0.03,0.03,0.03,0.03,3
KLBNW220,2025-10-07,3.33,3.33,3.33,3.33,1
FLRYJ145,2025-10-07,1.6,1.6,1.6,1.6,1
DIRRA270,2025-10-07,6.98,6.98,6.98,6.98,1
CSMGV330,2025-10-07,0.14,0.14,0.14,0.14,1
VIVAX278,2025-10-07,0.86,0.86,0.86,0.86,1
NATUJ880W2,2025-10-07,0.02,0.02,0.02,0.02,1
VBBRK229,2025-10-07,1.21,1.21,1.21,1.21,1
KLBNX215,2025-10-07,3.15,3.15,3.15,3.15,1
ALOSW254,2025-10-07,1.14,1.13,1.13,1.14,2
FLRYK16,2025-10-07,0.56,0.56,0.56,0.56,1
FLRYJ968,2025-10-07,6.42,6.42,6.42,6.42,1
PCARL490,2025-10-07,0.18,0.18,0.18,0.18,1
COGNJ320W4,2025-10-07,0.06,0.06,0.06,0.06,1
PETZV360,2025-10-07,0.03,0.03,0.03,0.03,1
PCARV323,2025-10-07,0.02,0.02,0.02,0.02,1
CYREX264,2025-10-07,0.45,0.45,0.45,0.45,1
AZZAJ335,2025-10-07,0.02,0.02,0.02,0.02,1
DIRR3,2025-10-07,15.64,15.17,14.79,15.66,17445
RAIZ4,2025-10-07,0.98,0.9,0.9,0.98,23804
AURE3,2025-10-07,10.33,10.14,10.06,10.35,11224
XPIE11,2025-10-07,58.06,58.3,58,58.42,2309
ISAE3F,2025-10-07,31.57,31.18,30.8,31.57,168
BDIF11,2025-10-07,75,74.5,74.5,75.42,4922
MDNE3,2025-10-07,27.6,26.2,25.88,27.6,4184
CYREV264,2025-10-07,0.04,0.04,0.04,0.06,9
KEPL3,2025-10-07,7.27,7.23,7.15,7.27,4695
RDOR3F,2025-10-07,41.19,40.84,40.81,41.28,642
AZZAV285,2025-10-07,2.58,3.64,2.58,3.77,60
RDOR3,2025-10-07,41.2,40.87,40.81,41.26,13374
MOTV3,2025-10-07,14.25,13.78,13.68,14.29,17700
AURA33,2025-10-07,65.56,64.95,64.67,65.97,8333
SRNA3,2025-10-07,12.39,12.4,12.39,12.41,4361
OIBR3,2025-10-07,0.37,0.37,0.36,0.38,1099
DESK3,2025-10-07,10.12,11.3,9.98,11.96,3241
ALPK3,2025-10-07,3.44,3.37,3.23,3.46,802
GUAR3,2025-10-07,9.16,8.98,8.79,9.16,7540
AZZA3F,2025-10-07,26.54,24.92,24.61,26.54,3585
HBRE3,2025-10-07,4.52,4.45,4.3,4.6,1471
PSSA3F,2025-10-07,46.86,45.66,45.53,46.86,4905
VIVA3F,2025-10-07,28.34,27.22,26.98,28.4,3137
VAMOX640,2025-10-07,3.1,3.16,3.1,3.16,3
BRAVJ175,2025-10-07,0.37,0.38,0.35,0.39,15
TTEN3,2025-10-07,13.4,13.32,13.16,13.45,4190
OPCT3,2025-10-07,7.53,7.42,7.32,7.53,1641
BIDB11,2025-10-07,77.83,77.41,77.23,77.83,126
WIZC3,2025-10-07,8.3,8.15,8.04,8.3,1209
IFCM3,2025-10-07,0.16,0.15,0.15,0.17,600
KEPL3F,2025-10-07,7.34,7.25,7.15,7.34,2254
TECN3F,2025-10-07,6.7,6.52,6.52,6.72,136
YDUQ3F,2025-10-07,12.41,12,11.88,12.53,721
SBSPW119,2025-10-07,1.48,1.9,1.48,1.94,19
TRIS3,2025-10-07,7.24,7,6.97,7.24,1168
BHIAJ35,2025-10-07,0.07,0.06,0.05,0.08,9
AZZAJ285,2025-10-07,0.16,0.07,0.06,0.16,62
SRNA3F,2025-10-07,12.29,12.29,12.28,12.41,95
HYPEJ227,2025-10-07,0.49,0.38,0.38,0.49,6
ORVR3F,2025-10-07,54.03,52.42,52.42,54.03,240
JALL3F,2025-10-07,2.86,2.72,2.68,2.86,558
HYPE3F,2025-10-07,22.31,22.17,21.75,22.43,793
SMTO3F,2025-10-07,16.77,16.48,16.31,16.77,912
MTRE3,2025-10-07,3.75,3.7,3.66,3.75,890
LJQQ3F,2025-10-07,2.2,2.15,2.09,2.21,489
KLBNW18,2025-10-07,0.5,0.66,0.5,0.66,5
EGAF11,2025-10-07,92,91.68,91.68,92,337
JBSSJ830,2025-10-07,0.1,0.1,0.1,0.1,2
UCAS3,2025-10-07,1.32,1.31,1.27,1.32,84
MBRFW185,2025-10-07,0.42,0.4,0.4,0.42,4
VIGT11,2025-10-07,37,36,35.85,37,508
SHOW3,2025-10-07,5.74,5.62,5.62,5.74,157
ASAIW859,2025-10-07,0.41,0.4,0.39,0.43,88
PCARW350W1,2025-10-07,0.18,0.15,0.15,0.19,13
NATUJ866,2025-10-07,0.18,0.09,0.09,0.18,7
SMTOK171,2025-10-07,0.59,0.45,0.45,0.59,23
CYREW294,2025-10-07,1.04,1.16,1.04,1.34,61
ANIMJ320,2025-10-07,0.06,0.06,0.06,0.06,2
PDTC3,2025-10-07,0.99,0.98,0.98,1.01,27
PGMN3F,2025-10-07,3.66,3.59,3.54,3.66,281
PSSAV466,2025-10-07,0.68,0.84,0.68,0.91,14
SBSPW111,2025-10-07,0.68,0.66,0.66,0.68,2
YDUQA132,2025-10-07,0.85,0.84,0.84,0.85,2
ANIMJ295,2025-10-07,0.1,0.13,0.1,0.13,3
SBSPJ134,2025-10-07,0.23,0.14,0.14,0.23,37
VAMOW320,2025-10-07,0.2,0.25,0.2,0.25,604
JBSSJ850,2025-10-07,0.1,0.1,0.1,0.1,1
RAIZJ101,2025-10-07,0.03,0.02,0.02,0.03,17
BRAVK200,2025-10-07,0.23,0.18,0.17,0.23,20
ALOSW259,2025-10-07,1.5,1.5,1.5,1.5,1
BBSEW315,2025-10-07,0.24,0.2,0.19,0.24,8
AZZAK269,2025-10-07,0.93,0.74,0.74,0.93,6
BBGO11,2025-10-07,63.97,63.93,63.8,63.97,148
GFSAV70,2025-10-07,0.4,0.4,0.35,0.4,32
PSSAV481,2025-10-07,1.73,1.92,1.73,1.96,6
TTENN125,2025-10-07,0.3,0.3,0.3,0.3,2
BRAVV172,2025-10-07,0.24,0.2,0.2,0.28,24
CBAVJ350,2025-10-07,0.7,0.5,0.5,0.7,17
SBSPJ139,2025-10-07,0.01,0.06,0.01,0.07,3
BRAVW162,2025-10-07,0.27,0.25,0.25,0.27,6
BBSEK352,2025-10-07,1.04,1.12,1.01,1.21,25
BBSEV312,2025-10-07,0.01,0.01,0.01,0.01,1
IAGR11,2025-10-07,3.88,3.93,3.86,3.93,80
GUARK908,2025-10-07,0.74,0.71,0.71,0.79,5
CYREM299,2025-10-07,1.84,1.83,1.83,1.84,2
CBAVJ410,2025-10-07,0.15,0.1,0.08,0.22,273
MBRFJ210,2025-10-07,0.01,0.01,0.01,0.01,1
JBSSE930,2025-10-07,6.8,6.8,6.8,6.8,1
VAMOJ355,2025-10-07,0.01,0.01,0.01,0.01,7
BRAVJ210,2025-10-07,0.01,0.01,0.01,0.01,4
VAMOV355,2025-10-07,0.45,0.5,0.45,0.51,11
PSSAV426,2025-10-07,0.02,0.01,0.01,0.02,4
TASA3,2025-10-07,5.28,5.25,5.25,5.32,48
BBSEV330W2,2025-10-07,0.27,0.13,0.13,0.3,7
RECVV137,2025-10-07,1.3,1.28,1.06,1.3,3
VAMOV320,2025-10-07,0.1,0.2,0.09,0.2,149
BRAVI201,2025-10-07,4.4,4.32,4.32,4.4,3
NATUX730,2025-10-07,0.21,0.22,0.21,0.22,4
AZZAJ270,2025-10-07,0.46,0.16,0.16,0.47,27
BBSEK339,2025-10-07,1.9,1.99,1.9,1.99,2
MBRFJ225,2025-10-07,0.01,0.01,0.01,0.01,2
AZZAV275W2,2025-10-07,2.49,2.49,2.49,2.49,1
NATUJ916,2025-10-07,0.08,0.03,0.03,0.09,9
YDUQV130,2025-10-07,0.85,1.02,0.85,1.13,6
SLCEV170,2025-10-07,1.1,1.1,1.1,1.1,1
NATUK102W1,2025-10-07,0.05,0.03,0.03,0.05,2
SLCEV177,2025-10-07,1.85,1.85,1.85,1.85,1
MBRFK245,2025-10-07,0.05,0.03,0.03,0.05,7
VIVTW320,2025-10-07,0.59,0.6,0.55,0.61,7
BBSEJ335W4,2025-10-07,0.34,0.4,0.29,0.45,9
AMBPV120,2025-10-07,11.14,11.17,11,11.2,14
NATUJ956,2025-10-07,0.05,0.03,0.03,0.05,11
FHER3F,2025-10-07,4.17,4.2,4.06,4.25,152
NATUW760W1,2025-10-07,0.14,0.12,0.12,0.14,2
MBRFK239,2025-10-07,0.37,0.3,0.24,0.4,8
AZZAV245,2025-10-07,0.26,0.51,0.26,0.51,11
BRAVV190,2025-10-07,1.48,1.52,1.35,1.52,6
BBSEV332,2025-10-07,0.03,0.02,0.02,0.04,16
YDUQW110,2025-10-07,0.39,0.35,0.35,0.39,3
SBSPK129,2025-10-07,3.76,3.36,3.36,3.76,5
VAMOW360,2025-10-07,0.52,0.58,0.52,0.58,74
PCARW360,2025-10-07,0.23,0.24,0.23,0.24,4
CYREK319,2025-10-07,0.62,0.5,0.45,0.62,23
NATUW840,2025-10-07,0.5,0.6,0.5,0.6,7
PSSAK440,2025-10-07,3.99,3.75,3.75,3.99,2
MBRFJ180,2025-10-07,0.2,0.19,0.12,0.26,43
CAMLJ498,2025-10-07,0.16,0.16,0.16,0.16,4
CBAVV390,2025-10-07,0.15,0.04,0.01,0.15,284
MBRFV258,2025-10-07,5.88,5.61,5.61,5.88,2
VIVTJ306,2025-10-07,2.1,1.94,1.94,2.1,5
CYREX259,2025-10-07,0.39,0.39,0.39,0.39,1
NGRD3F,2025-10-07,26.01,25.15,25.15,26.03,53
RAIZB250,2025-10-07,0.07,0.06,0.06,0.07,2
KLBNW171,2025-10-07,0.18,0.24,0.15,0.24,24
SBSPJ123,2025-10-07,2.61,2.73,2.61,2.77,28
NATUK750,2025-10-07,1.1,0.96,0.96,1.1,16
PDTC3F,2025-10-07,1.02,1.01,0.98,1.02,21
BBSEJ335W2,2025-10-07,0.07,0.14,0.04,0.14,10
VAMOV330,2025-10-07,0.15,0.3,0.15,0.3,186
BBSEJ369,2025-10-07,0.02,0.03,0.02,0.03,13
VBBRW247,2025-10-07,1.94,1.94,1.94,1.94,4
SBSPW127,2025-10-07,3.65,4.82,3.65,4.85,18
BRAVV170,2025-10-07,0.15,0.16,0.12,0.17,11
WDCN3F,2025-10-07,3.47,3.45,3.45,3.56,12
RDORJ359,2025-10-07,5.4,5.4,5.4,5.4,1
PCARV370W5,2025-10-07,0.21,0.22,0.21,0.22,12
PETZV920,2025-10-07,5.44,5.44,5.44,5.44,3
GMATV649,2025-10-07,0.09,0.13,0.09,0.13,5
NATUJ926,2025-10-07,0.05,0.05,0.05,0.05,7
CEABW138,2025-10-07,0.42,0.5,0.42,0.5,4
VAMOK330,2025-10-07,0.12,0.1,0.09,0.12,16
PETZK436,2025-10-07,0.05,0.05,0.05,0.05,1
COGNV298,2025-10-07,0.04,0.06,0.04,0.06,9
WIZCK103,2025-10-07,0.03,0.03,0.03,0.03,1
AZZAJ275,2025-10-07,0.32,0.12,0.12,0.32,24
RAIZW800,2025-10-07,0.04,0.05,0.04,0.05,6
KLBNJ202,2025-10-07,0.01,0.01,0.01,0.01,2
BBSEK364,2025-10-07,0.46,0.52,0.44,0.59,15
AMAR11F,2025-10-07,0.18,0.18,0.18,0.19,6
JBSSJ730,2025-10-07,0.9,0.85,0.85,0.9,4
NATUW980,2025-10-07,1.61,1.61,1.61,1.61,1
RAIZA180,2025-10-07,0.01,0.01,0.01,0.01,1
VBBRK219,2025-10-07,1.7,1.7,1.7,1.7,1
VBBRK254,2025-10-07,0.42,0.3,0.3,0.45,8
SBFGX955,2025-10-07,0.1,0.14,0.1,0.14,3
WIZCK995,2025-10-07,0.04,0.04,0.04,0.04,1
BRAVV17,2025-10-07,1.3,1.3,1.3,1.3,3
CXSEW157,2025-10-07,0.19,0.2,0.18,0.2,3
CYREV304,2025-10-07,1,1.57,1,1.57,51
RAIZW750,2025-10-07,0.03,0.03,0.03,0.04,3
VIVTC700,2025-10-07,4,4,4,4,1
VAMOQ120,2025-10-07,6.73,6.85,6.73,6.85,11
AZZAW287,2025-10-07,3,3.55,2.95,3.55,14
NATUK145,2025-10-07,0.01,0.01,0.01,0.01,1
ISAEK256,2025-10-07,0.21,0.12,0.12,0.21,6
SIMHK523,2025-10-07,0.12,0.12,0.12,0.12,1
BRFT11,2025-10-07,85.18,84,84,85.18,13
BBSEJ325W2,2025-10-07,0.76,0.88,0.76,0.88,2
KLBNV199,2025-10-07,1.75,1.75,1.75,1.75,1
TENDW215,2025-10-07,0.18,0.18,0.18,0.18,1
CYREK284,2025-10-07,2.2,2.08,1.85,2.2,45
AZZAL35,2025-10-07,2.15,2.15,2.15,2.15,2
AZZAV255,2025-10-07,0.37,1.2,0.37,1.2,7
YDUQK147,2025-10-07,0.2,0.14,0.14,0.2,2
CMINJ584,2025-10-07,0.11,0.09,0.05,0.11,18
VIVAV278,2025-10-07,1.1,1.1,1.1,1.1,1
SMTOB22,2025-10-07,1.64,1.64,1.64,1.64,1
PCARJ413,2025-10-07,0.14,0.12,0.1,0.15,7
VIVTL355,2025-10-07,0.35,0.35,0.35,0.35,2
PETZK406,2025-10-07,0.1,0.1,0.1,0.1,1
QUALJ200,2025-10-07,0.21,0.23,0.21,0.23,3
PCARK375,2025-10-07,0.5,0.5,0.47,0.56,18
BBSEV372,2025-10-07,1.99,1.85,1.85,1.99,5
SBSPJ128,2025-10-07,1.65,0.7,0.69,1.65,45
BRAVK192,2025-10-07,0.3,0.3,0.28,0.32,7
PETZW420W1,2025-10-07,0.5,0.48,0.48,0.5,2
BHIAW590,2025-10-07,2.53,2.55,2.53,2.55,7
SBSPJ120,2025-10-07,5.7,4.7,4.7,5.7,2
PCARJ323,2025-10-07,0.73,0.73,0.73,0.73,1
MBRFV163,2025-10-07,0.01,0.02,0.01,0.02,5
ISAEW236,2025-10-07,0.21,0.28,0.21,0.28,7
CEABJ163,2025-10-07,0.16,0.12,0.12,0.16,4
VIVTV331,2025-10-07,0.4,0.85,0.4,0.9,28
BBSEC365,2025-10-07,1,1,1,1,1
PCARV398,2025-10-07,0.23,0.23,0.23,0.24,7
COGNK288,2025-10-07,0.31,0.32,0.31,0.32,23
COGNW398,2025-10-07,0.86,0.86,0.86,0.86,1
RDORV419,2025-10-07,0.98,0.98,0.98,0.98,1
BBSEV325W4,2025-10-07,0.29,0.19,0.19,0.29,6
BHIAL500,2025-10-07,0.1,0.07,0.07,0.1,3
NATUJ100,2025-10-07,0.02,0.02,0.02,0.03,6
AZZAV292,2025-10-07,3.3,3.72,3.29,4.5,15
CEABW158,2025-10-07,1.4,1.55,1.4,1.55,2
SBSPW133,2025-10-07,7.5,8.58,7.43,8.58,9
RAIZW900,2025-10-07,0.07,0.07,0.07,0.09,9
SBSPV117,2025-10-07,0.32,0.36,0.32,0.36,10
MBRFM160,2025-10-07,0.19,0.18,0.18,0.2,4
COGNV308,2025-10-07,0.07,0.08,0.07,0.1,15
SMTOW151,2025-10-07,0.15,0.16,0.14,0.16,3
INFB11,2025-10-07,96.53,96.49,96.49,99.47,7
PCARJ403,2025-10-07,0.2,0.14,0.14,0.2,12
NATUV786,2025-10-07,0.1,0.11,0.1,0.12,4
CEABJ213,2025-10-07,0.01,0.01,0.01,0.01,1
RAIZA20,2025-10-07,0.1,0.09,0.09,0.13,6
PCARW370,2025-10-07,0.27,0.27,0.27,0.27,2
VBBRX216,2025-10-07,0.54,0.54,0.54,0.54,1
MBRFV218,2025-10-07,1.55,1.88,1.2,1.88,4
PSSAW421,2025-10-07,0.19,0.19,0.19,0.19,1
PCARV353,2025-10-07,0.06,0.07,0.06,0.07,3
CXSEJ149,2025-10-07,0.96,0.96,0.96,0.96,1
LJQQJ210,2025-10-07,0.15,0.09,0.09,0.15,376
SIMHV473,2025-10-07,0.24,0.3,0.24,0.3,17
BBSEL367,2025-10-07,0.7,0.7,0.7,0.7,1
VBBRK234,2025-10-07,1.21,0.95,0.95,1.21,6
CXSEK147,2025-10-07,1.33,1.33,1.33,1.33,1
ASAIW879,2025-10-07,0.41,0.5,0.41,0.51,12
CBAVK380,2025-10-07,0.45,0.44,0.41,0.45,4
KLBNJ192,2025-10-07,0.02,0.03,0.02,0.03,7
PCARV430W2,2025-10-07,0.35,0.37,0.35,0.39,4
QUALV220,2025-10-07,0.07,0.07,0.07,0.07,3
WIZCJ805,2025-10-07,0.3,0.25,0.25,0.3,2
DIRRW151,2025-10-07,0.33,0.67,0.33,0.67,7
VIVTW329,2025-10-07,0.75,1.05,0.75,1.05,7
BHIAK300,2025-10-07,0.47,0.32,0.32,0.47,38
CMINW572,2025-10-07,0.22,0.2,0.19,0.22,3
TIMSJ208,2025-10-07,2.66,2.66,2.66,2.66,1
PETZK366,2025-10-07,0.26,0.28,0.26,0.28,2
BHIAJ550,2025-10-07,0.01,0.01,0.01,0.01,1
CSMGJ345,2025-10-07,0.33,0.45,0.33,0.45,6
SBSPJ116,2025-10-07,8.55,8.55,8.55,8.55,5
ISAEM231,2025-10-07,0.2,0.25,0.2,0.25,4
PCARW325,2025-10-07,0.13,0.12,0.1,0.13,10
BBSEJ330W4,2025-10-07,0.58,0.58,0.58,0.58,1
CYREJ295W2,2025-10-07,0.46,0.24,0.24,0.46,3
PSSAV541,2025-10-07,7.15,7.8,7.15,7.8,7
BBSEX359,2025-10-07,1.07,1.07,1.07,1.07,1
MBRFV168,2025-10-07,0.02,0.02,0.02,0.02,1
BBSEM334,2025-10-07,0.35,0.35,0.35,0.35,1
CXSEM141,2025-10-07,0.05,0.04,0.04,0.05,2
VAMOV380,2025-10-07,0.64,0.77,0.64,0.77,5
CXSEN146,2025-10-07,0.1,0.1,0.1,0.1,1
AZZAW292,2025-10-07,3.4,4.3,3.4,4.3,5
SBSPW125,2025-10-07,3.65,3.85,3.61,3.93,9
SBSPV129,2025-10-07,5.1,5.45,5.1,5.45,2
SBSPW107,2025-10-07,0.47,0.44,0.44,0.47,2
SIMHJ583,2025-10-07,0.01,0.01,0.01,0.01,1
CRPG5,2025-10-07,11.81,11.83,11.8,11.83,7
SBSPK138,2025-10-07,1.11,0.99,0.99,1.11,4
PETZX381,2025-10-07,0.24,0.24,0.24,0.24,2
AZZAL345,2025-10-07,0.2,0.2,0.2,0.2,1
BHIAV450,2025-10-07,1.02,1.26,1.02,1.29,8
PPLA11,2025-10-07,0.81,0.81,0.81,0.81,2
DXCOK619,2025-10-07,0.03,0.03,0.03,0.03,1
COGNW278,2025-10-07,0.06,0.06,0.06,0.06,3
VBBRK272,2025-10-07,0.18,0.12,0.12,0.18,4
BHIAJ410,2025-10-07,0.03,0.02,0.02,0.03,2
EVEB31,2025-10-07,29,25.43,25,29,26
VIVAK293,2025-10-07,0.93,0.77,0.64,0.93,11
AVLL3F,2025-10-07,1.59,1.55,1.55,1.59,13
VBBRW232,2025-10-07,0.88,0.95,0.88,0.98,75
YDUQJ140,2025-10-07,0.01,0.02,0.01,0.03,4
AUREK107,2025-10-07,0.2,0.18,0.18,0.2,3
MBRFV160W2,2025-10-07,0.02,0.02,0.02,0.02,1
RAIZV126,2025-10-07,0.35,0.37,0.34,0.37,8
INTBW115,2025-10-07,0.57,0.55,0.55,0.57,2
SBSPK143,2025-10-07,0.65,0.55,0.55,0.65,3
VBBRL258,2025-10-07,0.5,0.51,0.5,0.51,2
FLRYJ150,2025-10-07,1.14,1.14,1.14,1.14,1
DIRRK149,2025-10-07,1.1,0.85,0.79,1.1,4
PETZK306,2025-10-07,0.74,0.74,0.74,0.74,1
BMGBW412,2025-10-07,0.23,0.23,0.23,0.23,1
CYRED300,2025-10-07,3.88,3.88,3.88,3.88,1
GGPSJ186,2025-10-07,0.4,0.4,0.4,0.4,1
VBBRK267,2025-10-07,0.18,0.18,0.18,0.18,1
ALOSV261,2025-10-07,1.5,1.5,1.5,1.5,1
XPBRV900,2025-10-07,2.1,2.9,2.1,2.97,5
BHIAV35,2025-10-07,0.33,0.3,0.3,0.33,3
RAIZM750,2025-10-07,0.04,0.04,0.04,0.04,1
GMATK769,2025-10-07,0.03,0.03,0.03,0.03,1
QUALK209,2025-10-07,0.24,0.24,0.24,0.24,1
SIMHV453,2025-10-07,0.18,0.18,0.18,0.18,1
NATUL115,2025-10-07,0.09,0.09,0.09,0.09,1
VIVTK294,2025-10-07,3.62,3.6,3.6,3.62,2
TIMSW218,2025-10-07,0.15,0.15,0.15,0.15,1
ISAEW256,2025-10-07,1.25,1.25,1.25,1.25,1
NATUV956,2025-10-07,1.27,1.45,1.24,1.45,5
RAIZK650,2025-10-07,0.26,0.26,0.26,0.26,2
COGNV290W4,2025-10-07,0.04,0.04,0.04,0.04,1
VIVAK353,2025-10-07,0.06,0.06,0.06,0.06,1
BHIAV400,2025-10-07,0.82,0.79,0.79,0.82,8
BRAVK220,2025-10-07,0.06,0.06,0.06,0.06,1
RAIZB20,2025-10-07,0.1,0.1,0.1,0.1,3
VIVAK223,2025-10-07,5.21,5.21,5.21,5.21,1
QUALN199,2025-10-07,0.2,0.2,0.2,0.2,1
CYREL311,2025-10-07,1.2,1.2,1.2,1.2,1
SBSPV118W5,2025-10-07,0.69,0.72,0.69,0.72,2
RAIZI20,2025-10-07,0.07,0.06,0.06,0.07,2
KEPLW770,2025-10-07,0.28,0.3,0.28,0.3,3
DIRRW144,2025-10-07,0.3,0.3,0.3,0.3,3
DIRRK146,2025-10-07,0.92,0.92,0.92,0.92,1
VBBRJ259,2025-10-07,0.03,0.02,0.01,0.03,7
IGTIW223,2025-10-07,0.47,0.49,0.47,0.49,2
RDORJ369,2025-10-07,4.45,4.45,4.45,4.45,1
RDORJ263,2025-10-07,15.29,15.29,15.29,15.29,2
COGNK213,2025-10-07,1,1,1,1,1
SBSPK144,2025-10-07,0.66,0.52,0.52,0.66,32
QUALK200,2025-10-07,0.34,0.34,0.34,0.34,1
PETZJ405,2025-10-07,0.01,0.01,0.01,0.01,1
AZZAK27,2025-10-07,0.86,0.69,0.69,0.86,2
PCARX190,2025-10-07,0.01,0.01,0.01,0.02,5
PCARV408,2025-10-07,0.28,0.28,0.28,0.28,1
CSMGJ340,2025-10-07,0.78,0.7,0.5,0.78,8
POSIX413,2025-10-07,0.2,0.2,0.2,0.2,1
SIMHV483,2025-10-07,0.3,0.3,0.3,0.3,1
SBSPK151,2025-10-07,0.24,0.24,0.24,0.24,1
BRAVW165,2025-10-07,0.34,0.31,0.3,0.34,7
NATUV986,2025-10-07,1.53,1.53,1.53,1.53,1
SBSPC935,2025-10-07,41.8,41.8,41.8,41.8,1
VIVAJ305,2025-10-07,0.07,0.05,0.05,0.07,2
CURYW323,2025-10-07,1.31,1.31,1.31,1.31,1
CURYV331,2025-10-07,1.2,1.2,1.2,1.2,1
BRAVX175,2025-10-07,0.85,0.85,0.85,0.85,2
VAMOW500,2025-10-07,1.84,1.9,1.84,1.9,4
SLCEK164,2025-10-07,0.27,0.28,0.27,0.28,2
PCARW335,2025-10-07,0.14,0.14,0.14,0.14,1
CMINX600,2025-10-07,0.25,0.25,0.25,0.25,1
PCARK630,2025-10-07,0.03,0.03,0.03,0.03,1
ALOSW256,2025-10-07,1.27,1.26,1.26,1.32,3
CXSEK152,2025-10-07,0.87,0.8,0.8,0.87,3
RBIF11,2025-10-07,74.98,73.32,73.22,74.98,23
KLBNM220,2025-10-07,2.87,2.87,2.87,2.87,1
PCARW375,2025-10-07,0.27,0.29,0.27,0.29,3
POSIJ599,2025-10-07,0.7,0.71,0.7,0.71,3
NATUK105,2025-10-07,0.1,0.08,0.08,0.1,3
SBSPN100,2025-10-07,0.5,0.53,0.5,0.53,4
PETZK466,2025-10-07,0.02,0.02,0.02,0.02,3
VBBRV214,2025-10-07,0.1,0.07,0.07,0.1,3
BRAVL167,2025-10-07,1.75,1.75,1.75,1.75,1
BBSEO307,2025-10-07,0.2,0.3,0.2,0.3,2
DIRRJ145,2025-10-07,0.7,0.67,0.67,0.7,4
MOTVJ163,2025-10-07,0.01,0.01,0.01,0.01,1
RDORW419,2025-10-07,1.79,1.76,1.74,1.79,4
IGTIK230,2025-10-07,1.09,1.06,1.06,1.09,2
BRAVK230,2025-10-07,0.04,0.04,0.04,0.04,4
CBAVV360,2025-10-07,0.02,0.02,0.01,0.02,9
SBSPJ119,2025-10-07,6.42,6.3,6.28,6.42,3
VBBRV244,2025-10-07,1.36,1.36,1.36,1.36,1
IGTIW215,2025-10-07,0.31,0.31,0.31,0.31,1
BMOBJ223,2025-10-07,0.22,0.22,0.22,0.22,1
NATUN850,2025-10-07,1,1.16,1,1.16,2
BHIAA18,2025-10-07,0.02,0.02,0.02,0.02,1
WIZCK895,2025-10-07,0.16,0.16,0.16,0.16,1
CSMGK330,2025-10-07,2,2,2,2,1
KLBNK18,2025-10-07,0.54,0.54,0.54,0.54,1
KLBNK19,2025-10-07,0.18,0.17,0.16,0.18,4
VIVTV311,2025-10-07,0.06,0.06,0.06,0.06,1
HYPEV270,2025-10-07,4.5,4.47,4.47,4.5,2
RDORK457,2025-10-07,0.37,0.37,0.37,0.37,1
BRAVV165W4,2025-10-07,0.13,0.13,0.13,0.13,1
ASAIW117,2025-10-07,2.85,2.85,2.85,2.85,1
XPBRK102,2025-10-07,1.7,1.4,1.4,1.7,3
PETZK451,2025-10-07,0.03,0.03,0.03,0.03,2
AZZAV290,2025-10-07,3.45,3.45,3.45,3.45,1
BHIAA300,2025-10-07,1.3,1.3,1.3,1.3,1
RAIZK850,2025-10-07,0.12,0.11,0.11,0.12,2
RAIZA900,2025-10-07,0.12,0.12,0.12,0.12,1
RAIZJ10,2025-10-07,0.01,0.01,0.01,0.01,1
TENDV235,2025-10-07,0.05,0.05,0.05,0.05,1
RECVW112,2025-10-07,0.05,0.05,0.05,0.05,2
BRAVD286,2025-10-07,0.15,0.15,0.15,0.15,3
QUALJ274,2025-10-07,0.01,0.01,0.01,0.01,1
PCARJ420W2,2025-10-07,0.04,0.04,0.04,0.04,1
RAIZA130,2025-10-07,0.03,0.03,0.03,0.03,1
VIVTJ331,2025-10-07,0.39,0.23,0.23,0.39,27
PCARL425,2025-10-07,0.4,0.4,0.4,0.4,3
CYREJ315W2,2025-10-07,0.02,0.02,0.02,0.02,1
ALOSV216,2025-10-07,0.01,0.01,0.01,0.01,1
PCARV450W2,2025-10-07,0.5,0.51,0.5,0.54,6
VIVAW288,2025-10-07,1.66,1.62,1.62,1.66,2
XPBRK104,2025-10-07,1.23,1.23,1.23,1.23,1
NATUJ860W2,2025-10-07,0.09,0.09,0.09,0.09,1
POSIK453,2025-10-07,0.16,0.16,0.16,0.16,1
SBFGK144,2025-10-07,0.11,0.1,0.07,0.11,3
HYPEJ24,2025-10-07,0.04,0.04,0.04,0.04,1
DIRRK141,2025-10-07,1.44,1.44,1.44,1.44,1
ALOSJ218,2025-10-07,3.8,3.8,3.8,3.8,2
MBRFV223,2025-10-07,2.05,2.15,2.05,2.15,2
PSSAK480,2025-10-07,1.17,1.17,1.17,1.17,1
SMTOJ190,2025-10-07,0.02,0.02,0.02,0.02,1
RECVE160,2025-10-07,0.5,0.5,0.5,0.5,1
PSSAX486,2025-10-07,1.98,1.98,1.98,1.98,1
JBSSV725,2025-10-07,3.61,3.61,3.61,3.61,1
AURAI660,2025-10-07,10,10,10,10,1
GFSAK145,2025-10-07,0.1,0.1,0.1,0.1,1
ASAIK899,2025-10-07,0.48,0.48,0.48,0.48,3
NATUK920,2025-10-07,0.23,0.24,0.23,0.24,2
REAG3F,2025-10-07,2.6,2.6,2.6,2.6,5
RSID3F,2025-10-07,1.71,1.71,1.71,1.71,4
MBRFJ200,2025-10-07,0.01,0.01,0.01,0.01,2
BRAVW295,2025-10-07,11.5,11.5,11.5,11.5,1
YDUQW105,2025-10-07,0.23,0.23,0.23,0.23,1
KLBNW186,2025-10-07,0.9,0.92,0.9,0.92,2
KLBNL205,2025-10-07,0.11,0.11,0.1,0.12,4
RECVK132,2025-10-07,0.13,0.13,0.13,0.13,1
PETZW381,2025-10-07,0.24,0.24,0.24,0.24,1
COGNL349,2025-10-07,0.14,0.14,0.14,0.14,1
AZZAV35,2025-10-07,7.3,7.3,7.3,7.3,1
DIRRK161,2025-10-07,0.38,0.37,0.37,0.38,3
BBSEN325,2025-10-07,0.61,0.61,0.61,0.61,1
GMATK689,2025-10-07,0.17,0.17,0.17,0.17,1
VIVTK320,2025-10-07,1.48,1.48,1.48,1.48,1
MBRFW202,2025-10-07,3.64,3.64,3.64,3.64,1
ANIMJ335,2025-10-07,0.03,0.03,0.03,0.03,2
PETZW411,2025-10-07,0.42,0.42,0.42,0.42,1
SMTOK180,2025-10-07,0.33,0.35,0.33,0.35,2
VAMOI200,2025-10-07,1.32,1.31,1.31,1.32,2
MBRFA210,2025-10-07,0.35,0.35,0.35,0.35,1
CEABJ153,2025-10-07,0.34,0.34,0.34,0.34,1
CSMGJ315,2025-10-07,2.97,2.97,2.97,2.97,1
RAIZG110,2025-10-07,0.19,0.19,0.19,0.19,1
KLBNB22,2025-10-07,0.17,0.15,0.15,0.17,3
KLBNV189,2025-10-07,1.03,1.03,1.03,1.03,1
MBRFJ212,2025-10-07,0.01,0.01,0.01,0.01,1
NATUW960,2025-10-07,1.43,1.43,1.43,1.43,1
POSIK463,2025-10-07,0.1,0.1,0.1,0.1,1
COGNK238,2025-10-07,0.74,0.74,0.74,0.74,1
VBBRB242,2025-10-07,1.65,1.65,1.65,1.65,2
NATUJ980W4,2025-10-07,0.05,0.05,0.05,0.05,1
AZZAW297,2025-10-07,4.69,4.69,4.69,4.69,1
KEPLJ740,2025-10-07,0.12,0.11,0.11,0.12,2
INTBX110,2025-10-07,0.28,0.28,0.28,0.28,1
VIVTW336,2025-10-07,1.47,1.49,1.47,1.49,2
PETZW376,2025-10-07,0.2,0.2,0.2,0.2,2
BBSEJ345W4,2025-10-07,0.13,0.13,0.13,0.13,1
CYREW319,2025-10-07,2.67,2.67,2.67,2.67,1
QUALJ210,2025-10-07,0.15,0.15,0.15,0.15,1
KLBNV167,2025-10-07,0.01,0.01,0.01,0.01,1
SIMHX473,2025-10-07,0.34,0.34,0.34,0.34,1
PETZK126,2025-10-07,2.45,2.45,2.45,2.45,1
BRAVW230,2025-10-07,5.17,5.17,5.17,5.17,1
AZZAK337,2025-10-07,0.1,0.1,0.1,0.1,1
INTB3,2025-10-07,11.3,11.22,11.04,11.35,10942
PDGR3,2025-10-07,0.01,0.01,0.01,0.02,4081
SNAG11,2025-10-07,9.61,9.57,9.57,9.62,3679
NATUK880,2025-10-07,0.42,0.35,0.35,0.44,6
DIRR3F,2025-10-07,15.76,15.2,14.8,15.76,1748
JBSS32,2025-10-07,71.92,70.52,70.27,72.18,20801
POSI3,2025-10-07,4.24,4.15,4.09,4.24,2199
KNCA11,2025-10-07,93.33,92.76,92.65,93.47,4152
NATUV780W2,2025-10-07,0.03,0.04,0.03,0.05,52
BHIA3,2025-10-07,3.36,3.23,3.22,3.4,3921
SLCE3F,2025-10-07,15.99,15.81,15.74,16.05,1681
VVEO3,2025-10-07,1.29,1.26,1.2,1.29,1134
BINC11,2025-10-07,97.7,97.32,97.01,97.71,1264
KLBNW182,2025-10-07,0.45,0.53,0.38,0.53,35
PGMN3,2025-10-07,3.6,3.58,3.54,3.63,2388
SYNE3,2025-10-07,5.23,5.06,5.04,5.23,2520
KLBN11F,2025-10-07,17.87,17.64,17.61,17.98,4560
LPSB3,2025-10-07,1.25,1.25,1.25,1.29,159
TFCO4,2025-10-07,16.65,16.3,16.16,16.65,3190
ALUP11F,2025-10-07,31.28,30.89,30.66,31.28,811
CYREJ304,2025-10-07,0.5,0.21,0.18,0.5,28
CYRE3F,2025-10-07,30.07,29.24,28.88,30.07,929
BMGB10F,2025-10-07,3.89,3.81,3.81,3.93,33
MBRF3,2025-10-07,17.71,17.51,17.16,18,20579
CSED3,2025-10-07,5.02,4.9,4.9,5.06,1120
POSI3F,2025-10-07,4.24,4.17,4.09,4.24,645
AMER3,2025-10-07,6,5.58,5.58,6,2541
CSMG3F,2025-10-07,33.55,33.5,33,33.7,2104
DEXP3F,2025-10-07,8.1,8.01,8.01,8.15,131
CYREW279,2025-10-07,0.55,0.61,0.55,0.78,88
BBSEK335,2025-10-07,0.86,1.04,0.84,1.04,15
BBSEK372,2025-10-07,0.25,0.31,0.25,0.35,20
FLRYJ165,2025-10-07,0.12,0.11,0.11,0.12,5
MOTVK138,2025-10-07,0.7,0.64,0.6,0.7,21
AMOB3F,2025-10-07,12.2,12.05,12.05,12.38,305
MBRFJ229,2025-10-07,0.08,0.08,0.08,0.08,1
IGTIJ223,2025-10-07,0.9,0.85,0.85,0.9,3
MBRFW170,2025-10-07,0.94,1,0.84,1.14,14
RAIZS100,2025-10-07,0.18,0.18,0.17,0.18,3
CBAVK390,2025-10-07,0.44,0.33,0.3,0.44,4
AZZAK255,2025-10-07,1.98,1.48,1.35,2.02,10
TRIS3F,2025-10-07,7.12,6.95,6.95,7.15,171
OIAG11,2025-10-07,8.58,8.63,8.52,8.71,378
BRAVD211,2025-10-07,0.99,0.99,0.99,0.99,1
SBSPJ130,2025-10-07,0.95,0.39,0.37,0.95,48
PCARV350W5,2025-10-07,0.14,0.13,0.12,0.16,48
BBSEX305,2025-10-07,0.17,0.16,0.16,0.17,2
PORT3F,2025-10-07,18.3,18.36,18.28,18.36,115
VAMOV410,2025-10-07,0.95,1.06,0.95,1.06,3
DIRRJ138,2025-10-07,1.2,1.2,1.2,1.2,1
PCARK395,2025-10-07,0.44,0.4,0.38,0.44,6
SBSPV124,2025-10-07,1.51,1.89,1.51,2.12,100
VAMOJ350,2025-10-07,0.01,0.01,0.01,0.02,93
PCARW350W2,2025-10-07,0.2,0.18,0.18,0.2,2
BBSEV347,2025-10-07,0.31,0.2,0.15,0.34,130
RAIZX850,2025-10-07,0.06,0.07,0.06,0.08,11
PETZT38,2025-10-07,0.35,0.33,0.33,0.35,4
KLBNW172,2025-10-07,0.14,0.17,0.1,0.17,11
VBBRK262,2025-10-07,0.21,0.19,0.19,0.23,8
HYPEV237,2025-10-07,1.45,1.3,1.3,1.45,2
DIVS11,2025-10-07,102.9,102.38,102.38,102.9,32
ALUP3,2025-10-07,11.46,11.25,11.19,11.47,20
MBRFW174,2025-10-07,1.18,1.31,1.18,1.48,17
IGTIJ230,2025-10-07,0.47,0.47,0.38,0.51,30
CXSEV141,2025-10-07,0.01,0.01,0.01,0.01,1
IGTIV225,2025-10-07,0.26,0.26,0.26,0.26,1
IGTIV235,2025-10-07,0.76,0.78,0.65,0.78,9
GRWA11,2025-10-07,7.57,7.33,7.33,7.6,36
VBBRV224,2025-10-07,0.3,0.28,0.28,0.33,10
KLBNW177,2025-10-07,0.25,0.31,0.22,0.31,18
NATUJ836,2025-10-07,0.28,0.2,0.2,0.29,8
CMINV584,2025-10-07,0.18,0.22,0.18,0.22,6
CSMGK340,2025-10-07,1.55,1.54,1.54,1.55,2
SNFZ11,2025-10-07,9.75,9.7,9.7,9.75,111
PCARK475,2025-10-07,0.14,0.14,0.14,0.14,1
CXSEK167,2025-10-07,0.07,0.07,0.07,0.07,2
LPSB3F,2025-10-07,1.28,1.29,1.25,1.29,53
BBSEW377,2025-10-07,2.18,2.18,2.18,2.18,2
BBSEW367,2025-10-07,1.62,1.42,1.42,1.73,14
BBSEK377,2025-10-07,0.19,0.24,0.19,0.24,12
XPID11,2025-10-07,50.1,49.95,49.52,50.21,39
RECVW122,2025-10-07,0.24,0.23,0.17,0.26,19
DASA3F,2025-10-07,1.53,1.43,1.35,1.54,319
RDORJ419,2025-10-07,0.42,0.38,0.38,0.49,13
NATUJ846,2025-10-07,0.17,0.13,0.13,0.17,2
DIRRI172,2025-10-07,1.5,1.5,1.5,1.5,1
CYREJ300,2025-10-07,1.17,0.9,0.7,1.17,24
NATUJ876,2025-10-07,0.12,0.08,0.08,0.12,4
SBSPJ126,2025-10-07,2.7,1.29,1.24,2.7,25
RDORV401,2025-10-07,0.28,0.3,0.24,0.3,11
CYREW264,2025-10-07,0.3,0.31,0.3,0.37,11
CYREW269,2025-10-07,0.34,0.4,0.34,0.45,7
CYREW261,2025-10-07,0.24,0.26,0.24,0.33,7
AZZAV235,2025-10-07,0.2,0.31,0.2,0.32,33
COGNJ228,2025-10-07,0.81,0.81,0.81,0.81,1
NATUJ936,2025-10-07,0.05,0.04,0.04,0.06,4
HYPEW242,2025-10-07,2.01,2.01,2.01,2.01,1
ALOSW244,2025-10-07,0.6,0.67,0.6,0.67,2
CYREJ324,2025-10-07,0.04,0.03,0.02,0.04,8
GFSAV60,2025-10-07,0.27,0.27,0.27,0.27,1
MBRFK229,2025-10-07,0.75,0.79,0.46,0.79,38
BBSEL377,2025-10-07,0.38,0.43,0.37,0.48,101
BBSEK355,2025-10-07,0.23,0.25,0.21,0.29,14
EXIF11,2025-10-07,9.28,10.2,9.28,10.2,5
MBRFJ175W2,2025-10-07,0.25,0.3,0.25,0.3,3
ANIMJ355,2025-10-07,0.01,0.01,0.01,0.01,3
HYPEK275,2025-10-07,0.07,0.06,0.06,0.07,5
NATUW750,2025-10-07,0.15,0.2,0.15,0.2,22
BRAVJ180W2,2025-10-07,0.07,0.06,0.06,0.07,10
SIMHJ308,2025-10-07,1.45,1.48,1.45,1.48,3
VIVTK334,2025-10-07,0.74,0.74,0.74,0.74,1
CBAVJ390,2025-10-07,0.3,0.12,0.12,0.3,1391
MBRFK18,2025-10-07,0.55,0.39,0.37,0.55,14
ISAEL244,2025-10-07,0.6,0.6,0.6,0.6,2
CYREJ284,2025-10-07,1.62,1.25,1,1.62,16
MBRFV213,2025-10-07,0.82,1.16,0.82,1.27,31
BHIAK500,2025-10-07,0.04,0.04,0.02,0.04,4
PCARK455,2025-10-07,0.18,0.18,0.18,0.18,1
PCARJ390W5,2025-10-07,0.33,0.32,0.32,0.33,2
SBSPV123,2025-10-07,0.88,1.5,0.88,1.65,72
ISAEV241,2025-10-07,0.2,0.4,0.2,0.4,6
JBSSK760,2025-10-07,1.8,1.72,1.71,1.8,5
VBBRK259,2025-10-07,0.26,0.25,0.23,0.27,7
CMINK487,2025-10-07,0.92,0.92,0.92,0.92,1
BRAVK170,2025-10-07,1.23,1.2,1.17,1.23,8
MOTVV138,2025-10-07,0.1,0.19,0.1,0.21,14
HYPEW217,2025-10-07,0.61,0.7,0.61,0.71,4
PCARK480,2025-10-07,0.12,0.12,0.12,0.13,3
ANIMW290,2025-10-07,0.18,0.18,0.18,0.18,1
QUALV210,2025-10-07,0.02,0.05,0.02,0.05,5
CBAVK400,2025-10-07,0.22,0.22,0.22,0.22,1
RAIZW130,2025-10-07,0.38,0.39,0.38,0.44,7
PCARW430,2025-10-07,0.62,0.61,0.56,0.62,40
AZZAW315,2025-10-07,5.78,5.9,5.78,5.9,5
CYREK244,2025-10-07,5.4,5.02,4.95,5.45,10
CXSEW160,2025-10-07,0.26,0.28,0.26,0.34,5
IGTIV233,2025-10-07,0.59,0.61,0.59,0.61,2
BMGB10,2025-10-07,3.93,3.9,3.69,3.93,14
VBBRJ262,2025-10-07,0.01,0.01,0.01,0.01,5
MOTVV143,2025-10-07,0.39,0.46,0.39,0.51,17
ANIMV285,2025-10-07,0.06,0.06,0.06,0.06,1
KLBNK197,2025-10-07,0.11,0.11,0.11,0.12,11
AZZAV250,2025-10-07,0.32,0.89,0.32,0.89,12
BRAVK165,2025-10-07,1.65,1.57,1.57,1.65,9
ISTT11,2025-10-07,1016.33,1018.9,1016.33,1025.39,12
ISAEW234,2025-10-07,0.16,0.23,0.16,0.23,12
NATUV756,2025-10-07,0.03,0.05,0.03,0.05,7
YDUQK112,2025-10-07,1.27,1.3,1.27,1.3,2
IGTIX220,2025-10-07,0.56,0.56,0.56,0.56,2
AZZAK300,2025-10-07,0.38,0.27,0.27,0.38,6
ATED3,2025-10-07,2.34,2.3,2.3,2.35,12
QUALL200,2025-10-07,0.34,0.34,0.34,0.34,2
CBAVJ460,2025-10-07,0.03,0.05,0.03,0.07,6
SBSPJ135,2025-10-07,0.15,0.11,0.11,0.15,17
AZZAJ265,2025-10-07,0.49,0.25,0.25,0.49,6
VAMOX360,2025-10-07,0.46,0.55,0.46,0.55,5
CMINJ504,2025-10-07,0.78,0.64,0.64,0.78,20
HYPEW240,2025-10-07,1.89,1.99,1.89,1.99,4
AMAR11,2025-10-07,0.18,0.18,0.17,0.18,15
SMTOK201,2025-10-07,0.07,0.07,0.07,0.07,1
CURYW318,2025-10-07,1.14,1.2,1.14,1.2,2
BRAVV185,2025-10-07,0.98,1.03,0.94,1.13,20
SBFGJ129,2025-10-07,0.02,0.02,0.02,0.02,1
VAMOV440,2025-10-07,1.35,1.35,1.35,1.35,3
QUALL299,2025-10-07,0.04,0.04,0.04,0.04,1
POSIW393,2025-10-07,0.13,0.15,0.13,0.15,3
RAIZO200,2025-10-07,1.01,1.01,0.99,1.05,14
XPBRW850,2025-10-07,3.08,3.08,3.08,3.08,1
YDUQJ130,2025-10-07,0.19,0.08,0.08,0.21,7
ASAIJ118,2025-10-07,0.01,0.01,0.01,0.01,1
PCARV298,2025-10-07,0.02,0.02,0.02,0.02,1
BRAVX200,2025-10-07,2.33,2.37,2.33,2.37,3
INTBA14,2025-10-07,1.02,1.02,1.02,1.02,1
ISAEV251,2025-10-07,0.72,1.06,0.72,1.07,8
CURYK333,2025-10-07,0.9,0.9,0.9,0.9,1
FLRYK175,2025-10-07,0.18,0.17,0.17,0.18,2
VBBRJ257,2025-10-07,0.05,0.02,0.02,0.05,6
IGTIW218,2025-10-07,0.37,0.35,0.32,0.37,4
SMTOK170,2025-10-07,0.76,0.69,0.69,0.76,2
NEOEK284,2025-10-07,0.52,0.52,0.52,0.52,1
HYPEK240,2025-10-07,0.46,0.46,0.46,0.46,3
COGNJ338,2025-10-07,0.01,0.02,0.01,0.02,13
AUREW994,2025-10-07,0.2,0.27,0.2,0.27,36
AUREW100,2025-10-07,0.17,0.27,0.17,0.27,6
SMTOW181,2025-10-07,1.6,1.6,1.6,1.6,1
MBRFB160,2025-10-07,5.1,4.95,4.9,5.1,3
AUREK112,2025-10-07,0.08,0.14,0.08,0.14,34
SOJAJ110,2025-10-07,0.18,0.18,0.18,0.18,1
CYREL364,2025-10-07,0.16,0.16,0.16,0.16,1
ASAIK105,2025-10-07,0.13,0.11,0.11,0.13,9
INTBW105,2025-10-07,0.18,0.18,0.18,0.18,1
GFSA12,2025-10-07,1.3,1.4,1.3,1.4,7
CYREX241,2025-10-07,0.2,0.2,0.2,0.2,14
XPBRW890,2025-10-07,3.65,4.43,3.65,4.61,3
BRAVJ195,2025-10-07,0.02,0.03,0.02,0.04,12
COGNV290W2,2025-10-07,0.01,0.01,0.01,0.01,1
SBSPV124W2,2025-10-07,0.82,0.99,0.82,1.1,4
BBSEM36,2025-10-07,0.55,0.55,0.55,0.55,1
BHIAJ370,2025-10-07,0.05,0.02,0.02,0.05,118
PCARW400W1,2025-10-07,0.4,0.39,0.39,0.4,2
NATUJ816,2025-10-07,0.37,0.26,0.25,0.37,6
VBBRJ239,2025-10-07,0.17,0.13,0.13,0.17,12
NATUK800,2025-10-07,0.86,0.71,0.71,0.86,2
QUALV239,2025-10-07,0.21,0.21,0.21,0.21,2
BBSEK349,2025-10-07,1.15,1.22,1.08,1.37,36
HYPEV212,2025-10-07,0.16,0.16,0.16,0.16,1
SBSPO100,2025-10-07,0.5,0.6,0.5,0.6,2
PCARW380,2025-10-07,0.31,0.31,0.31,0.31,1
COGNK318,2025-10-07,0.18,0.15,0.15,0.18,84
RAIZL249,2025-10-07,0.01,0.01,0.01,0.01,1
COGNW258,2025-10-07,0.03,0.03,0.03,0.03,1
COGNI33,2025-10-07,0.98,0.98,0.98,0.98,1
MBRFX202,2025-10-07,1.1,1.1,1.1,1.1,1
PSSAJ491,2025-10-07,0.13,0.09,0.09,0.13,3
PCARK405,2025-10-07,0.42,0.34,0.33,0.42,4
RAIZL99,2025-10-07,0.07,0.07,0.07,0.07,2
MBRFX179,2025-10-07,1.9,1.9,1.9,1.9,1
HYPEJ232,2025-10-07,0.15,0.11,0.11,0.15,7
PCARV420W5,2025-10-07,0.49,0.48,0.48,0.49,2
CXSEL157,2025-10-07,0.72,0.72,0.72,0.72,1
BBSEW310,2025-10-07,0.19,0.13,0.13,0.19,3
BHIAV240,2025-10-07,0.01,0.01,0.01,0.01,1
COGNB3,2025-10-07,1.92,1.9,1.9,1.92,2
QUALV204,2025-10-07,0.04,0.04,0.04,0.04,1
QUALJ234,2025-10-07,0.04,0.02,0.02,0.04,9
CMINM887,2025-10-07,2.88,2.88,2.88,2.88,1
POSIN599,2025-10-07,1.36,1.36,1.36,1.36,1
CXSEV159,2025-10-07,0.19,0.15,0.15,0.28,8
JBSSL900,2025-10-07,2,1.5,1.5,2,2
NATUW900,2025-10-07,0.87,0.99,0.87,0.99,3
HYPEJ22,2025-10-07,0.29,0.29,0.22,0.29,4
CSMGW365,2025-10-07,2.51,2.51,2.51,2.51,1
RECVK127,2025-10-07,0.35,0.32,0.32,0.36,5
RDORJ401,2025-10-07,1.39,1.39,1.39,1.39,1
RDORK381,2025-10-07,5.15,4.9,4.9,5.15,4
VIVAV258,2025-10-07,0.24,0.24,0.24,0.24,1
BBSEV317,2025-10-07,0.01,0.01,0.01,0.01,1
YDUQJ135,2025-10-07,0.06,0.05,0.04,0.06,6
FLRYK160,2025-10-07,0.7,0.73,0.7,0.73,2
COGNW448,2025-10-07,1.33,1.32,1.32,1.33,2
MBRFJ258,2025-10-07,0.01,0.01,0.01,0.01,1
KNDI11,2025-10-07,99.11,99.2,98.52,99.5,255
VIVTX330,2025-10-07,1.14,1.14,1.09,1.14,3
QUALJ229,2025-10-07,0.07,0.05,0.05,0.07,7
VAMOR50,2025-10-07,1.6,1.6,1.6,1.6,1
MBRFK22,2025-10-07,0.38,0.38,0.38,0.38,1
POSIK433,2025-10-07,0.22,0.2,0.2,0.22,4
MBRFV193,2025-10-07,0.2,0.2,0.2,0.2,1
HYPEK227,2025-10-07,0.93,0.96,0.91,0.98,7
VBBRK264,2025-10-07,0.2,0.19,0.19,0.2,2
TIMSW236,2025-10-07,0.82,0.88,0.82,0.88,2
VIVTJ311,2025-10-07,1.58,1.58,1.58,1.58,1
PCARJ443,2025-10-07,0.05,0.05,0.05,0.05,11
VIVTJ336,2025-10-07,0.28,0.16,0.12,0.28,6
ALOSJ246,2025-10-07,0.41,0.43,0.41,0.46,3
DIRRK159,2025-10-07,0.36,0.32,0.32,0.36,2
BHIAJ460,2025-10-07,0.02,0.01,0.01,0.02,16
ASAIK859,2025-10-07,0.7,0.7,0.7,0.7,1
BBSEJ340W4,2025-10-07,0.2,0.23,0.2,0.23,3
VBBRM230,2025-10-07,0.9,0.9,0.9,0.9,1
CEABX128,2025-10-07,0.36,0.36,0.36,0.36,1
VAMOW380,2025-10-07,0.66,0.75,0.66,0.75,17
CBAVV370,2025-10-07,0.06,0.01,0.01,0.06,22
MBRFK26,2025-10-07,0.07,0.07,0.07,0.07,2
CEABK178,2025-10-07,0.38,0.38,0.38,0.38,1
BRAVO230,2025-10-07,4.5,4.5,4.5,4.5,1
ISAEW251,2025-10-07,0.98,1,0.98,1,2
RVEE3F,2025-10-07,8.5,7.33,7.33,8.5,12
ASAIV819,2025-10-07,0.08,0.08,0.08,0.08,1
COGNK383,2025-10-07,0.02,0.02,0.02,0.02,3
PCARK340,2025-10-07,0.7,0.7,0.7,0.7,1
ISAEU24,2025-10-07,0.22,0.22,0.22,0.22,2
QUALV214,2025-10-07,0.06,0.07,0.06,0.07,2
SBSPJ124W2,2025-10-07,1.67,1.65,1.65,1.67,2
VBBRK222,2025-10-07,1.62,1.62,1.62,1.62,1
VBBRL256,2025-10-07,0.55,0.57,0.55,0.57,13
KEPLV780,2025-10-07,0.4,0.41,0.4,0.45,9
DIRRW161,2025-10-07,1.1,1.31,1.1,1.31,2
AZZAJ250,2025-10-07,1.02,0.71,0.71,1.02,7
RDORW425,2025-10-07,1.98,1.98,1.98,1.98,1
ASAIV779,2025-10-07,0.02,0.02,0.02,0.02,1
NEXP3F,2025-10-07,3.41,3.41,3.4,3.41,6
PCARK780,2025-10-07,0.01,0.01,0.01,0.01,3
YDUQV135,2025-10-07,1.34,1.34,1.32,1.34,6
ASAIW849,2025-10-07,0.35,0.35,0.35,0.35,1
BBSEW324,2025-10-07,0.11,0.12,0.11,0.12,2
SIMHV433,2025-10-07,0.06,0.05,0.05,0.06,3
QUALJ159,2025-10-07,0.64,0.64,0.64,0.64,1
BMGBJ400,2025-10-07,0.1,0.1,0.1,0.1,2
BBSEL350,2025-10-07,0.62,0.64,0.62,0.64,2
AZZAW275,2025-10-07,2.3,2.77,2.3,2.77,5
TIMSJ198,2025-10-07,3.68,3.68,3.68,3.68,1
AZZAW215,2025-10-07,0.24,0.37,0.24,0.37,11
VIVAD23,2025-10-07,6.3,6.3,6.3,6.3,1
KEPLX756,2025-10-07,0.5,0.5,0.5,0.5,1
CYREJ239,2025-10-07,5.45,5.3,5.3,5.56,8
RAIZW120,2025-10-07,0.3,0.3,0.3,0.31,6
QUALJ254,2025-10-07,0.01,0.01,0.01,0.01,2
BBSEV320W2,2025-10-07,0.02,0.02,0.02,0.02,1
ASAIX699,2025-10-07,0.08,0.08,0.08,0.08,1
HYPEJ230,2025-10-07,0.2,0.19,0.19,0.2,4
TIMSK229,2025-10-07,1.09,1.09,1.09,1.09,1
CYREJ254,2025-10-07,4.04,4.04,4.04,4.04,1
POSIV425,2025-10-07,0.05,0.05,0.05,0.05,1
COGNK138,2025-10-07,1.71,1.71,1.71,1.71,1
PCARK570,2025-10-07,0.05,0.05,0.05,0.05,1
ALOSL253,2025-10-07,0.86,0.9,0.86,0.9,9
CSMGV315,2025-10-07,0.04,0.04,0.04,0.04,1
VIVAW238,2025-10-07,0.27,0.27,0.27,0.27,1
MBRFJ190W2,2025-10-07,0.02,0.02,0.02,0.03,12
VBBRJ249,2025-10-07,0.04,0.04,0.03,0.04,5
CSMGJ350,2025-10-07,0.22,0.25,0.22,0.25,2
SBSPC111,2025-10-07,22,22,22,22,1
PSSAW491,2025-10-07,2.55,2.55,2.55,2.55,1
VBBRW244,2025-10-07,1.62,1.8,1.62,1.8,5
IGTIJ263,2025-10-07,0.01,0.01,0.01,0.01,1
COGNJ348,2025-10-07,0.01,0.01,0.01,0.01,2
PCARK415,2025-10-07,0.31,0.3,0.3,0.33,4
COGNL403,2025-10-07,0.06,0.06,0.06,0.06,1
BRAVC230,2025-10-07,0.4,0.4,0.4,0.4,1
ALOSK231,2025-10-07,2.12,2.12,2.12,2.12,1
VIVAW273,2025-10-07,1.27,1.36,1.27,1.36,2
RDORK264,2025-10-07,15.17,15.18,15.17,15.18,2
TENDJ240,2025-10-07,0.84,0.84,0.84,0.84,2
BRAVM180,2025-10-07,1.12,1.12,1.12,1.12,2
MBRFV210W4,2025-10-07,3.5,3.5,3.5,3.5,1
NATUV100,2025-10-07,1.68,1.68,1.68,1.68,1
AZZAJ295,2025-10-07,0.07,0.06,0.06,0.07,3
KLBNV192,2025-10-07,1.09,1.06,1.06,1.09,2
COGNK173,2025-10-07,1.38,1.38,1.38,1.38,1
HYPEJ240,2025-10-07,0.06,0.05,0.05,0.06,3
GFSA12F,2025-10-07,1.15,1.15,1.15,1.15,1
JBSSK850,2025-10-07,0.5,0.5,0.5,0.5,1
VIVAB20,2025-10-07,11.3,11.3,11.3,11.3,1
ISAEV246,2025-10-07,0.35,0.74,0.35,0.74,3
YDUQJ105,2025-10-07,1.74,1.74,1.74,1.74,1
PCARL410,2025-10-07,0.45,0.45,0.45,0.45,2
PCARK350,2025-10-07,0.68,0.67,0.67,0.68,4
PCARK530,2025-10-07,0.08,0.08,0.08,0.08,1
CSMGJ335,2025-10-07,0.86,0.75,0.75,0.86,2
PCARK830,2025-10-07,0.01,0.01,0.01,0.01,5
VIVAJ270,2025-10-07,0.75,0.75,0.75,0.75,1
COGNK148,2025-10-07,1.62,1.62,1.62,1.62,1
SMTOK161,2025-10-07,1.07,0.98,0.98,1.07,8
TIMSV238,2025-10-07,0.54,0.54,0.54,0.54,1
BBSEB38,2025-10-07,5.42,5.42,5.42,5.42,1
VBBRN199,2025-10-07,0.3,0.38,0.3,0.38,3
AZZAJ360,2025-10-07,0.01,0.01,0.01,0.01,2
ALOSV231,2025-10-07,0.06,0.06,0.05,0.07,5
ASAIK117,2025-10-07,0.04,0.04,0.04,0.04,1
BBSEL384,2025-10-07,0.23,0.23,0.23,0.23,1
AZZAV317,2025-10-07,6.3,6.3,6.3,6.3,1
DIRRV140,2025-10-07,0.05,0.05,0.05,0.05,1
VBBRW204,2025-10-07,0.22,0.22,0.22,0.22,1
PCARK590,2025-10-07,0.04,0.04,0.04,0.04,1
BBSEB345,2025-10-07,1.49,1.47,1.47,1.49,3
BRAVV207,2025-10-07,3.25,3.25,3.25,3.25,1
RAIZK950,2025-10-07,0.08,0.07,0.07,0.08,3
COGNV288,2025-10-07,0.02,0.03,0.02,0.03,4
IGTIW230,2025-10-07,0.79,0.72,0.72,0.79,2
IGTIJ245,2025-10-07,0.05,0.05,0.05,0.05,1
ASAIJ979,2025-10-07,0.03,0.03,0.03,0.03,3
CYREM291,2025-10-07,1.31,1.31,1.31,1.31,1
VBBRW239,2025-10-07,1.24,1.31,1.24,1.31,3
YDUQW923,2025-10-07,0.06,0.05,0.05,0.06,2
TENDK275,2025-10-07,0.26,0.26,0.26,0.26,1
QUALJ269,2025-10-07,0.01,0.01,0.01,0.01,1
CMINL637,2025-10-07,0.1,0.1,0.1,0.1,1
AZZAJ340,2025-10-07,0.03,0.03,0.02,0.03,3
VIVAV290,2025-10-07,1.53,1.53,1.53,1.53,1
CSMGJ325,2025-10-07,1.64,1.5,1.5,1.65,4
SBSPV118W4,2025-10-07,0.54,0.55,0.54,0.55,2
AZZAU320,2025-10-07,5.68,5.68,5.68,5.68,1
ASAIX719,2025-10-07,0.1,0.1,0.1,0.1,1
AUREB799,2025-10-07,3.75,3.75,3.75,3.75,1
BRAVK210,2025-10-07,0.1,0.1,0.1,0.1,6
BBSEK412,2025-10-07,0.02,0.02,0.02,0.02,1
CSMGW350,2025-10-07,1.53,1.53,1.53,1.53,1
CSMGW34,2025-10-07,1.37,1.37,1.37,1.37,1
FLRYV14,2025-10-07,0.02,0.02,0.02,0.02,1
MBRFN1,2025-10-07,0.8,0.8,0.8,0.8,1
VAMOV400,2025-10-07,0.89,0.89,0.89,0.89,1
AZZAV307,2025-10-07,4.95,4.95,4.95,4.95,1
ASAIW979,2025-10-07,1.1,1.1,1.1,1.1,1
VBBRJ254,2025-10-07,0.04,0.04,0.03,0.04,5
ASAIV118,2025-10-07,3.08,3.08,3.08,3.08,1
RAIZW170,2025-10-07,0.73,0.79,0.73,0.79,8
DIRRX137,2025-10-07,0.18,0.18,0.18,0.18,1
BRAVK212,2025-10-07,0.08,0.08,0.08,0.08,1
VBBRL300,2025-10-07,2.29,2.26,2.2,2.32,6
SBSPF135,2025-10-07,13.63,13.01,13.01,13.63,2
WIZCW775,2025-10-07,0.2,0.2,0.2,0.2,1
RDORW232,2025-10-07,0.01,0.01,0.01,0.01,1
SIMHK453,2025-10-07,0.4,0.4,0.4,0.4,1
WIZCK875,2025-10-07,0.21,0.21,0.21,0.21,2
AZZAV310,2025-10-07,4.59,6.08,4.59,6.1,10
SBSPV100,2025-10-07,0.05,0.05,0.05,0.05,1
ALOSL268,2025-10-07,0.37,0.39,0.37,0.39,4
AUREJ954,2025-10-07,0.81,0.81,0.81,0.81,1
AZZAK322,2025-10-07,0.23,0.23,0.23,0.23,1
TENDL255,2025-10-07,1.5,1.5,1.5,1.5,1
VAMOU30,2025-10-07,0.24,0.24,0.24,0.24,1
CBAVL700,2025-10-07,0.03,0.03,0.03,0.03,1
RDORJ399,2025-10-07,1.73,1.73,1.73,1.73,1
VIVAJ290,2025-10-07,0.34,0.34,0.34,0.34,1
SLCEJ157,2025-10-07,0.2,0.2,0.2,0.2,1
SLCEK159,2025-10-07,0.46,0.46,0.46,0.46,1
RECVW117,2025-10-07,0.1,0.09,0.09,0.1,4
RAIZI21,2025-10-07,0.06,0.06,0.06,0.06,1
BMOBJ238,2025-10-07,0.05,0.05,0.05,0.05,1
SBSPA930,2025-10-07,40.6,40.6,40.6,40.6,1
SIMHW473,2025-10-07,0.36,0.36,0.36,0.36,35
XPBRK110,2025-10-07,0.67,0.67,0.67,0.67,1
INTBW130,2025-10-07,1.7,1.69,1.69,1.7,2
COGNK388,2025-10-07,0.02,0.02,0.02,0.02,1
NEOEV269,2025-10-07,0.1,0.1,0.1,0.1,1
CBAVK320,2025-10-07,0.93,0.93,0.93,0.93,1
NATUJ117,2025-10-07,0.01,0.01,0.01,0.01,1
MOTVK168,2025-10-07,0.04,0.04,0.04,0.04,1
ALUPJ325,2025-10-07,0.03,0.03,0.03,0.03,1
TIMSK236,2025-10-07,0.73,0.73,0.73,0.73,1
RAIZA115,2025-10-07,0.06,0.05,0.05,0.06,2
CMINK512,2025-10-07,0.7,0.7,0.7,0.7,1
DXCOJ589,2025-10-07,0.01,0.01,0.01,0.01,1
YDUQK132,2025-10-07,0.57,0.46,0.46,0.57,2
PCARJ503,2025-10-07,0.01,0.01,0.01,0.01,2
CEABX138,2025-10-07,0.59,0.59,0.59,0.59,1
VBBRL288,2025-10-07,0.18,0.18,0.18,0.18,1
RAIZX110,2025-10-07,0.2,0.2,0.2,0.2,1
NATUX840,2025-10-07,0.57,0.57,0.57,0.57,1
SOJAK11,2025-10-07,0.26,0.26,0.26,0.26,1
COGNK223,2025-10-07,0.87,0.87,0.87,0.87,3
BMOBK230,2025-10-07,0.43,0.43,0.43,0.43,1
RSID3,2025-10-07,1.68,1.68,1.68,1.68,8
PCARJ450W4,2025-10-07,0.09,0.09,0.09,0.09,2
TTENB14,2025-10-07,2.89,2.89,2.89,2.89,1
AZZAW205,2025-10-07,0.2,0.22,0.2,0.23,6
BRAVV167,2025-10-07,0.08,0.08,0.08,0.08,7
KLBNP192,2025-10-07,0.91,0.91,0.91,0.91,1
SBSPW135,2025-10-07,10.03,9.97,9.97,10.06,7
PCARV413,2025-10-07,0.34,0.35,0.34,0.35,3
RAIZV111,2025-10-07,0.22,0.22,0.22,0.22,2
SIMHK458,2025-10-07,0.31,0.31,0.31,0.32,5
SIMHW458,2025-10-07,0.32,0.32,0.32,0.32,1
COGNJ128,2025-10-07,1.79,1.79,1.79,1.79,1
AZZAJ32,2025-10-07,0.03,0.03,0.03,0.03,1
NATUK810,2025-10-07,0.62,0.61,0.61,0.62,2
VBBRV222,2025-10-07,0.19,0.19,0.19,0.19,1
PCARV423,2025-10-07,0.42,0.42,0.42,0.42,3
PCARW420,2025-10-07,0.54,0.54,0.54,0.54,1
NATUX660,2025-10-07,0.07,0.07,0.07,0.07,1
BBSEN380,2025-10-07,1.06,1.06,1.06,1.06,1
PETZW386,2025-10-07,0.26,0.26,0.26,0.26,1
NATUX790,2025-10-07,0.35,0.35,0.35,0.35,1
AZZAE270,2025-10-07,3,3,3,3,1
NATUJ756,2025-10-07,0.67,0.67,0.67,0.67,2
CSMGK315,2025-10-07,3.28,3.28,3.28,3.28,1
VAMOL340,2025-10-07,0.15,0.15,0.15,0.15,1
VIVTJ361,2025-10-07,0.01,0.01,0.01,0.01,1
PCARJ128,2025-10-07,2.63,2.63,2.63,2.63,1
XPBRK880,2025-10-07,5.7,5.7,5.7,5.7,1
VIVTW339,2025-10-07,1.62,1.66,1.62,1.66,2
AZZAW307,2025-10-07,5.34,5.34,5.34,5.34,1
NATUL120,2025-10-07,0.06,0.06,0.06,0.06,1
BRAVW125,2025-10-07,0.02,0.02,0.02,0.02,2
ALOSW216,2025-10-07,0.1,0.1,0.1,0.1,1
BRAVG176,2025-10-07,5.19,5.19,5.19,5.19,1
KLBNQ22,2025-10-07,2.53,2.53,2.53,2.53,1
NATUW860,2025-10-07,0.69,0.69,0.69,0.69,1
AZZAW255,2025-10-07,1.62,1.62,1.62,1.62,1
BRAVA180,2025-10-07,1.35,1.35,1.35,1.35,1
AZZAV380,2025-10-07,13.04,13.04,13.04,13.04,1
BHIA3T,2025-10-07,3.41,3.35,3.34,3.42,6
VBBR3T,2025-10-07,23.78,23.8,23.77,23.8,6
HBRE3T,2025-10-07,4.62,4.63,4.62,4.63,2
VAMO3T,2025-10-07,3.14,3.09,3.08,3.15,6
NATU3T,2025-10-07,8.83,8.84,8.83,8.84,2
MBRF3T,2025-10-07,17.96,17.84,17.83,17.97,4
NATU3T,2025-10-07,8.59,8.6,8.59,8.6,2
JBSS32T,2025-10-07,72.48,72.73,72.48,72.81,8
INBR32T,2025-10-07,48.21,48.22,48.21,48.22,2
ASAI3T,2025-10-07,8.9,8.91,8.9,8.91,2
PGMN3T,2025-10-07,3.83,3.84,3.83,3.84,2
NATU3T,2025-10-07,8.43,8.21,8.2,8.44,4
INBR32T,2025-10-07,50.7,50.71,50.7,50.71,2
AMBP3T,2025-10-07,0.95,0.96,0.95,0.96,2
MBRF3T,2025-10-07,17.44,17.77,17.44,17.77,5
ANIM3T,2025-10-07,2.99,3,2.99,3,2
GFSA3T,2025-10-07,7.33,7.34,7.33,7.34,2
DIRR3T,2025-10-07,15.21,15.22,15.21,15.22,2
COGN3T,2025-10-07,3.17,3.18,3.17,3.18,2
HBRE3T,2025-10-07,4.48,4.49,4.48,4.49,2
IGTI11T,2025-10-07,23.48,23.49,23.48,23.49,2
MEAL3T,2025-10-07,1.29,1.3,1.29,1.3,2
SIMH3T,2025-10-07,4.68,4.68,4.67,4.69,4
COGN3T,2025-10-07,3.36,3.37,3.36,3.37,2
AMBP3T,2025-10-07,0.75,0.76,0.75,0.76,2
INTB3T,2025-10-07,12.21,12.22,12.21,12.22,2
RAIZ4T,2025-10-07,0.96,0.97,0.96,0.97,2
GUAR3T,2025-10-07,9.11,9.12,9.11,9.12,2
SOJA3T,2025-10-07,10.86,10.87,10.86,10.87,2
NATU3T,2025-10-07,8.39,8.4,8.39,8.4,2
LJQQ3T,2025-10-07,2.14,2.15,2.14,2.15,2
AMBP3T,2025-10-07,0.93,0.94,0.93,0.94,2
DEXP3T,2025-10-07,9.32,9.33,9.32,9.33,2
BRAV3T,2025-10-07,17.9,17.91,17.9,17.91,2
AZZA3T,2025-10-07,26.76,26.77,26.76,26.77,2
AMBP3T,2025-10-07,0.78,0.79,0.78,0.79,2
ANIM3T,2025-10-07,2.99,3,2.99,3,2
PLPL3T,2025-10-07,15.79,15.8,15.79,15.8,2
NATU3T,2025-10-07,8.47,8.31,8.3,8.48,4
VAMO3T,2025-10-07,3.11,3.12,3.11,3.12,2
BRAV3T,2025-10-07,17.86,17.87,17.86,17.87,2
AZZA3T,2025-10-07,26.2,25.15,25.14,26.21,4
MBRF3T,2025-10-07,17.63,17.64,17.63,17.64,2
COGN3T,2025-10-07,3.1,3.11,3.1,3.11,2
SIMH3T,2025-10-07,5.03,5.04,5.03,5.04,2
AMBP3T,2025-10-07,0.83,0.78,0.77,0.84,4
JBSS32T,2025-10-07,73.71,73.64,73.63,73.72,8
JBSS32T,2025-10-07,72.67,72.68,72.67,72.68,2
ONCO3T,2025-10-07,3.7,3.71,3.7,3.71,2
VIVT3T,2025-10-07,32.72,32.73,32.72,32.73,2
AMER3T,2025-10-07,5.86,5.87,5.86,5.87,2
PETZ3T,2025-10-07,4.03,4.04,4.03,4.04,2
BRAV3T,2025-10-07,18.92,18.93,18.92,18.93,2
RAIZ4T,2025-10-07,0.95,0.96,0.95,0.96,2
DASA3T,2025-10-07,1.39,1.4,1.39,1.4,2
INBR32T,2025-10-07,46.83,46.84,46.83,46.84,2
CBAV3T,2025-10-07,4.35,4.36,4.35,4.36,2
ALUP11T,2025-10-07,31.85,31.86,31.85,31.86,2
RECV3T,2025-10-07,13.04,13.05,13.04,13.05,2
PSSA3T,2025-10-07,47.26,47.27,47.26,47.27,2
PGMN3T,2025-10-07,3.61,3.62,3.61,3.62,2
AMBP3T,2025-10-07,1.07,1.08,1.07,1.08,2
PSSA3T,2025-10-07,52.95,52.96,52.95,52.96,2
BOVAV145,2025-10-07,4.83,5.95,4.48,6.24,7526
BOVAJ33,2025-10-07,8,6.23,5.87,8,7794
ABEV3,2025-10-07,11.79,11.71,11.71,11.86,17008
BOVAW34,2025-10-07,4.6,5.4,4.59,5.61,1558
BOVAK118,2025-10-07,22.85,22.3,22.03,22.85,372
BOVAJ27,2025-10-07,0.36,0.15,0.13,0.36,4194
EMBR3F,2025-10-07,77.91,77.1,76.62,78.3,2149
AZUL4,2025-10-07,1.09,1.08,1.07,1.14,3321
BOVAK116,2025-10-07,25.23,24.24,23.98,25.23,854
BOVAW13,2025-10-07,0.29,0.37,0.29,0.41,1863
BOVAJ29,2025-10-07,0.07,0.03,0.02,0.07,1448
BOVAJ138W2,2025-10-07,2.18,1.27,1.07,2.18,993
NSDV11,2025-10-07,130.8,129.49,129.2,131.5,143
NDIV11,2025-10-07,112.23,111.4,110.7,112.74,3222
CASA11,2025-10-07,93.56,93.7,93.45,94.5,534
ECORJ80,2025-10-07,0.01,0.02,0.01,0.03,12
SUZBJ520,2025-10-07,0.13,0.08,0.07,0.17,68
BOVAK19,2025-10-07,19.56,18.38,18.12,19.56,1372
BOVAV137W4,2025-10-07,0.75,0.77,0.74,0.89,38
BOVAV139W4,2025-10-07,1.09,1.54,1.08,1.65,118
BOVAV137W2,2025-10-07,0.1,0.26,0.1,0.34,362
AZULJ190,2025-10-07,0.01,0.01,0.01,0.01,4
LVOL11,2025-10-07,112.5,111.51,111.49,112.5,93
SMALL117,2025-10-07,0.9,0.87,0.87,0.9,2
BOVAV138W2,2025-10-07,0.2,0.53,0.2,0.65,763
BOVAV143W2,2025-10-07,3.11,4.32,3.11,4.51,465
BOVAL12,2025-10-07,17,16.73,16.64,17,29
BOVAJ137W2,2025-10-07,3.05,2.12,1.85,3.08,454
BOVAJ124W2,2025-10-07,14.85,14.62,14.62,14.85,5
MRVEJ700,2025-10-07,0.25,0.06,0.05,0.25,65
SMALV108,2025-10-07,2.58,3.58,2.54,3.58,80
SMALV105,2025-10-07,1.03,1.7,1.03,1.9,145
BOVAT148,2025-10-07,7.5,7.4,6.7,7.5,3
BOVAJ28,2025-10-07,0.17,0.06,0.04,0.18,2672
ABEVV112,2025-10-07,0.01,0.01,0.01,0.01,2
ABEVW104,2025-10-07,0.04,0.04,0.04,0.04,1
SMALX970,2025-10-07,0.95,1.11,0.95,1.11,3
SUZBW510,2025-10-07,1.85,2.15,1.85,2.15,3
RAILK171,2025-10-07,0.18,0.18,0.18,0.18,1
BOVAW18,2025-10-07,0.03,0.03,0.02,0.04,170
BOVAW105,2025-10-07,0.02,0.01,0.01,0.02,46
BOVAX29,2025-10-07,2.25,2.6,1,2.6,77
BOVAV132W2,2025-10-07,0.02,0.02,0.02,0.03,14
BOVAV135W4,2025-10-07,0.29,0.4,0.29,0.46,35
MRVEJ720,2025-10-07,0.15,0.03,0.03,0.15,231
SMALJ113,2025-10-07,0.13,0.06,0.06,0.13,23
IBOVK146,2025-10-07,1875,1390,1350,1875,31
BOVAW25,2025-10-07,0.02,0.03,0.02,0.03,41
BMMT11,2025-10-07,132.71,132.5,132.23,132.71,6
BOVAW159,2025-10-07,17.79,18.02,17.7,18.35,57
BOVAV133W2,2025-10-07,0.03,0.03,0.02,0.04,42
IBOVJ144,2025-10-07,630,395,375,630,66
BOVAK166,2025-10-07,0.02,0.03,0.02,0.03,10
SUZBJ515,2025-10-07,0.22,0.12,0.12,0.22,5
MRVEV700,2025-10-07,0.25,0.71,0.25,0.77,141
BOVAO160,2025-10-07,10.5,11.53,10.5,11.89,11
EMBRJ799,2025-10-07,1.31,0.97,0.87,1.35,222
IBOVK150,2025-10-07,755,500,500,755,7
ABEVW127,2025-10-07,0.77,0.8,0.77,0.82,9
BOVAL150,2025-10-07,1.5,1.02,0.89,1.5,64
BOVAK10,2025-10-07,14.75,13.56,13.32,14.75,1591
QDFI11,2025-10-07,4.23,4.06,4.04,4.23,84
WEGEK470,2025-10-07,0.04,0.04,0.04,0.04,1
SMALJ108W2,2025-10-07,0.24,0.11,0.1,0.24,5
EMBRV764,2025-10-07,1.08,1.36,1.08,1.62,30
EMBRJ760W2,2025-10-07,2.67,1.71,1.71,2.67,6
SMAC11,2025-10-07,55.2,54.95,54.44,55.2,47
BOVAL134,2025-10-07,9.36,8.64,8.64,9.36,8
WEGER368,2025-10-07,1.9,1.7,1.7,1.9,2
BOVAB129,2025-10-07,16.1,16,16,16.15,3
BOVAB156,2025-10-07,1.8,1.42,1.42,1.8,9
BOVAL30,2025-10-07,3.9,3.63,3.49,3.91,15
ABEVV134,2025-10-07,1.57,1.56,1.55,1.57,3
EMBRQ680,2025-10-07,2.96,3,2.96,3,2
IBOVK125,2025-10-07,18200,18200,18200,18200,1
SMALK115,2025-10-07,0.71,0.46,0.46,0.71,14
IBOVX137,2025-10-07,1200,1130,1130,1200,7
IBOVW140,2025-10-07,1100,1320,1035,1415,165
WEGEV367,2025-10-07,0.77,0.89,0.77,0.89,19
EMBRJ889,2025-10-07,0.05,0.05,0.05,0.05,2
MRVEW660,2025-10-07,0.36,0.53,0.36,0.55,228
ABEVW102,2025-10-07,0.03,0.02,0.02,0.03,2
SUZBJ540,2025-10-07,0.04,0.03,0.03,0.04,3
RAILV151,2025-10-07,0.15,0.22,0.15,0.22,13
SUZBW470W1,2025-10-07,0.23,0.28,0.21,0.28,19
EMBRJ764,2025-10-07,2.52,2.52,2.52,2.52,1
MRVEV600,2025-10-07,0.03,0.1,0.03,0.13,53
BOVAV22,2025-10-07,0.02,0.03,0.02,0.03,129
ABEVV104,2025-10-07,0.01,0.01,0.01,0.01,2
MRVEV660W4,2025-10-07,0.22,0.41,0.22,0.41,3
ECOO11,2025-10-07,125.58,124.86,124.5,125.58,5
BOVAL24,2025-10-07,11.8,11.18,11.1,11.8,11
MRVEK780W1,2025-10-07,0.05,0.07,0.05,0.07,2
AZULL100,2025-10-07,0.24,0.24,0.24,0.25,5
WEGEJ395W5,2025-10-07,0.26,0.24,0.24,0.26,2
WEGEK385W1,2025-10-07,0.5,0.48,0.48,0.5,2
WEGEX407,2025-10-07,3.49,3.41,3.41,3.49,2
BOVAX159,2025-10-07,11.75,12.79,11.75,12.79,39
EMBRK839,2025-10-07,2.27,2.04,1.89,2.33,62
BOVAJ115W4,2025-10-07,24.55,24.55,24.55,24.55,1
ECORW780,2025-10-07,0.38,0.43,0.38,0.43,4
EBIT11,2025-10-07,110.33,108.67,108.29,110.33,6
SUZBK550W1,2025-10-07,0.14,0.1,0.1,0.16,75
SUZBJ555W5,2025-10-07,0.04,0.05,0.04,0.05,2
IBOVJ136,2025-10-07,6180,6180,6180,6180,1
IBOVJ127,2025-10-07,15500,15500,15500,15500,1
SUZBV490W2,2025-10-07,0.23,0.32,0.16,0.32,5
SUZBK570W2,2025-10-07,0.07,0.09,0.07,0.09,2
WEGEL372,2025-10-07,6,6.12,6,6.17,11
QQQQ11,2025-10-07,99.89,96.21,96.04,99.89,14
MRVEX600,2025-10-07,0.26,0.29,0.17,0.31,20
SMALJ104,2025-10-07,3.07,1.96,1.94,3.07,110
BOVAX113,2025-10-07,0.09,0.09,0.09,0.09,3
MRVEV700W2,2025-10-07,0.57,0.49,0.49,0.57,4
WEGEV360W2,2025-10-07,0.27,0.29,0.27,0.41,13
WEGEW358,2025-10-07,1.07,1.04,1.01,1.1,5
EMBRK849,2025-10-07,1.9,1.65,1.63,2.04,81
BOVAL159,2025-10-07,11.48,11.5,10.5,11.5,6
EMBRB689,2025-10-07,13.7,13.5,13.5,13.73,3
IBOVC150,2025-10-07,5780,5565,5565,5780,3
WEGEJ390W4,2025-10-07,0.28,0.28,0.28,0.28,1
ABEVV125W4,2025-10-07,0.69,0.68,0.68,0.7,5
IBOVJ148W5,2025-10-07,395,395,395,395,1
BOVAX118,2025-10-07,0.13,0.12,0.1,0.14,13
MRVEJ680,2025-10-07,0.4,0.08,0.08,0.4,79
BOVAJ118W4,2025-10-07,21.3,21.1,21.1,21.41,5
SUZBW593,2025-10-07,8.59,8.59,8.59,8.59,1
IBOVK143,2025-10-07,2820,2705,2560,2820,6
SUZBK525,2025-10-07,0.66,0.55,0.55,0.73,9
POMOW910,2025-10-07,0.53,0.58,0.53,0.58,2
BOVAV20,2025-10-07,0.01,0.03,0.01,0.03,133
MRVEJ800,2025-10-07,0.06,0.01,0.01,0.06,99
SMALW950,2025-10-07,0.39,0.54,0.39,0.54,4
BOVAW970,2025-10-07,0.01,0.01,0.01,0.01,1
WEGEW370,2025-10-07,1.59,1.65,1.59,1.65,2
WEGEK395,2025-10-07,0.48,0.4,0.4,0.5,14
POMOV840,2025-10-07,0.08,0.08,0.08,0.08,11
BOVAX110,2025-10-07,0.06,0.07,0.06,0.07,7
BOVAA146,2025-10-07,3.8,3.02,3.02,3.8,5
SMALJ115W4,2025-10-07,0.1,0.1,0.1,0.1,1
EMBRJ610,2025-10-07,17.06,17.09,17.06,17.09,2
SMALT100,2025-10-07,4,4.02,4,4.02,2
IBOVV142W2,2025-10-07,620,755,620,970,69
SMALU88,2025-10-07,1.8,1.94,1.8,1.94,6
MRVEJ620,2025-10-07,0.45,0.32,0.3,0.45,13
ABEVV120W2,2025-10-07,0.24,0.25,0.24,0.3,4
SMALW985,2025-10-07,0.86,0.87,0.85,0.93,22
RAILV170,2025-10-07,0.57,0.57,0.57,0.57,1
WEGEL505,2025-10-07,0.04,0.04,0.04,0.04,1
BOVAK150W2,2025-10-07,0.24,0.25,0.24,0.25,3
ECORW659,2025-10-07,0.1,0.1,0.08,0.1,22
AZULJ170,2025-10-07,0.01,0.01,0.01,0.01,2
BOVAH14,2025-10-07,17.18,17.18,17.18,17.18,2
WEGEK350,2025-10-07,2.25,2.25,2.2,2.5,9
BOVAJ126W2,2025-10-07,12.7,12.84,12.7,12.87,4
ABEVB109,2025-10-07,2.94,2.94,2.94,2.94,1
SMALX88,2025-10-07,0.3,0.3,0.3,0.3,1
EMBRL944,2025-10-07,0.93,0.97,0.93,0.97,4
ABEVK114,2025-10-07,0.75,0.71,0.71,0.75,7
BOVAM145,2025-10-07,4.5,5.22,4.5,5.38,6
ABEVX111,2025-10-07,0.13,0.13,0.13,0.13,1
RAILW154,2025-10-07,0.57,0.49,0.49,0.57,4
WEGEN357,2025-10-07,1.56,1.56,1.56,1.56,1
ABEVV125W2,2025-10-07,0.7,0.75,0.68,0.75,18
WEGEJ354,2025-10-07,1.17,1.19,1.13,1.27,9
BOVAO141,2025-10-07,4,4,4,4,1
BOVAM118,2025-10-07,0.25,0.23,0.23,0.25,11
BOVAM130,2025-10-07,0.7,0.7,0.7,0.7,1
BOVAK178,2025-10-07,0.01,0.01,0.01,0.01,2
BOVAF125,2025-10-07,25,24.75,24.75,25,2
SMALK123,2025-10-07,0.12,0.12,0.12,0.12,1
AZULA400,2025-10-07,0.01,0.01,0.01,0.01,9
ECORK529,2025-10-07,2.09,2.09,2.09,2.09,1
WEGEV344,2025-10-07,0.09,0.09,0.09,0.1,4
WEGEV377,2025-10-07,1.46,1.44,1.44,1.46,2
SMALV910,2025-10-07,0.07,0.07,0.07,0.07,1
RAILV144,2025-10-07,0.04,0.04,0.04,0.04,1
EMBRJ800W4,2025-10-07,1.86,1.49,1.49,1.86,4
SMALV935,2025-10-07,0.08,0.08,0.08,0.08,1
ABEVW110,2025-10-07,0.04,0.04,0.04,0.04,1
MRVEF100,2025-10-07,0.34,0.25,0.25,0.34,3
ABEVJ102,2025-10-07,1.78,1.78,1.78,1.78,1
MRVEL760,2025-10-07,0.28,0.17,0.17,0.28,5
SMALC127,2025-10-07,1.5,1.5,1.5,1.5,1
MRVEX620,2025-10-07,0.2,0.4,0.2,0.4,10
WEGEL415,2025-10-07,0.47,0.46,0.46,0.52,6
SUZBK530W1,2025-10-07,0.43,0.44,0.43,0.44,2
BOVAK101,2025-10-07,40.1,38.85,38.8,40.1,5
ECORJ800,2025-10-07,0.13,0.06,0.06,0.13,3
SUZBL492,2025-10-07,2.3,2.49,2.3,2.49,10
MRVEX10,2025-10-07,3.4,3.41,3.4,3.45,4
POMOK890,2025-10-07,0.31,0.31,0.31,0.31,1
IBOVL137,2025-10-07,8900,8900,8900,8900,3
IBOVV122,2025-10-07,20,20,20,20,1
BOVAJ940,2025-10-07,44.81,44.81,44.81,44.81,1
GOLL80F,2025-10-07,6.84,6.84,6.84,6.84,1
SMALJ109W4,2025-10-07,0.61,0.55,0.55,0.61,3
SUZBW535,2025-10-07,3.61,3.93,3.35,3.93,6
IBOVV128,2025-10-07,10,10,10,10,1
SUZBK588,2025-10-07,0.06,0.06,0.06,0.06,1
SMALV101W2,2025-10-07,0.19,0.19,0.19,0.19,2
EMBRW859,2025-10-07,8.94,8.94,8.94,8.94,1
EMBRW764,2025-10-07,2.7,3.14,2.7,3.14,15
SUZBJ535,2025-10-07,0.05,0.04,0.04,0.05,2
EMBRV680W2,2025-10-07,0.01,0.01,0.01,0.01,1
WEGEK325,2025-10-07,4.46,4.46,4.46,4.46,1
BOVAV17,2025-10-07,17.8,19,17.8,19,2
BOVAK171,2025-10-07,0.01,0.02,0.01,0.02,4
SUZBK520W2,2025-10-07,0.68,0.7,0.68,0.7,2
IVVBO388,2025-10-07,6.97,6.97,6.97,6.97,1
EMBRB809,2025-10-07,6.6,6.6,6.6,6.6,1
MRVEB50,2025-10-07,1.75,1.72,1.72,1.75,4
BOVAX800,2025-10-07,0.01,0.01,0.01,0.01,1
MRVEX660,2025-10-07,0.45,0.45,0.45,0.45,1
BOVAW169,2025-10-07,28.15,28.15,28.15,28.15,1
ABEVV130W2,2025-10-07,1.2,1.2,1.17,1.22,5
BOVAM980,2025-10-07,0.05,0.05,0.05,0.05,1
BOVAW134W4,2025-10-07,0.75,0.75,0.75,0.75,1
MRVEL710,2025-10-07,0.35,0.35,0.35,0.35,2
BOVAL5,2025-10-07,1.47,1.26,1.26,1.47,2
BOVAJ17,2025-10-07,5.05,5.05,5.05,5.05,1
BOVAJ134W5,2025-10-07,7.1,6.65,6.65,7.1,2
BOVAO137,2025-10-07,2.43,2.43,2.43,2.43,1
ABEVW137,2025-10-07,1.63,1.65,1.63,1.65,2
ABEVK139,2025-10-07,0.02,0.02,0.02,0.02,3
BOVAV125W4,2025-10-07,0.05,0.05,0.05,0.05,1
ABEVX161,2025-10-07,3.56,3.56,3.56,3.56,2
EMBRK754,2025-10-07,6.17,6.17,6.17,6.17,1
BOVAM137,2025-10-07,1.7,1.7,1.7,1.7,1
WEGEK439,2025-10-07,0.09,0.09,0.09,0.09,2
WEGEV415,2025-10-07,5.11,5.11,5.11,5.11,1
SUZBJ545W5,2025-10-07,0.07,0.08,0.07,0.08,2
RAPTF900,2025-10-07,0.09,0.09,0.09,0.09,1
RAIL3,2025-10-07,15.59,15.7,15.36,15.74,17277
BOVAW138,2025-10-07,1.25,1.66,1.25,1.8,7563
BOVAW132,2025-10-07,0.33,0.46,0.33,0.5,1367
BOVAV25,2025-10-07,0.2,0.4,0.2,0.47,47783
BOVAK137,2025-10-07,5.91,4.95,4.8,5.92,1151
ECOR3,2025-10-07,7.62,7.4,7.26,7.62,7008
IVVB11,2025-10-07,403.73,403.73,401.31,404.25,8171
AURO11,2025-10-07,105.47,106.07,105.47,106.34,152
BOVAW29,2025-10-07,0.62,0.88,0.62,0.96,3797
AZUL11,2025-10-07,0.78,0.81,0.74,0.85,36
POMO4,2025-10-07,8.7,8.51,8.45,8.71,18555
BOVAW139,2025-10-07,1.81,2.47,1.81,2.6,3156
SPXR11,2025-10-07,61.32,60.68,60.57,61.5,3982
BOVAJ141W2,2025-10-07,0.49,0.18,0.14,0.5,1084
BOVAK22,2025-10-07,3.2,2.19,2.02,3.74,6141
BOVAV138W4,2025-10-07,0.78,1.09,0.78,1.2,54
WEB311,2025-10-07,44.47,41.95,41.28,44.53,920
MRVEK700,2025-10-07,0.38,0.2,0.2,0.38,96
ABEVW114,2025-10-07,0.15,0.16,0.15,0.17,16
BOVAW28,2025-10-07,0.48,0.6,0.45,0.63,1644
QBTC11,2025-10-07,40.2,39.6,38.97,40.44,1373
BOVAA125,2025-10-07,19,18,17.76,19,67
BOVAJ122,2025-10-07,18.09,17.07,16.56,18.09,1255
JSLG3,2025-10-07,5.9,5.56,5.56,5.93,2448
SUZBJ500,2025-10-07,0.6,0.38,0.38,0.83,194
BOVAK105,2025-10-07,35.41,35,34.75,36.47,51
SUZBW485W1,2025-10-07,0.49,0.8,0.49,0.8,26
RAILV149,2025-10-07,0.11,0.08,0.08,0.15,9
BOVAJ141W4,2025-10-07,1.11,1.03,0.96,1.23,94
SUZBV545,2025-10-07,4.83,5.15,4.83,5.15,3
IBOB11,2025-10-07,118,116.43,116.35,118,125
BOVAJ1,2025-10-07,15.22,14.1,13.77,15.22,2380
BOVAL135,2025-10-07,9.6,8.03,7.6,9.6,768
SUZBV510,2025-10-07,1.5,2.02,1.17,2.02,11
CRPT11,2025-10-07,25.1,24.25,24.25,25.1,61
BOVAL110,2025-10-07,33,31.2,30.89,33,256
SMALW105,2025-10-07,2.06,2.66,2.06,2.8,81
SUZBJ497,2025-10-07,0.6,0.46,0.46,0.94,36
ECOR3F,2025-10-07,7.68,7.48,7.25,7.68,1997
BOVAJ124W4,2025-10-07,15.38,15.19,15.19,15.42,4
BOVAX140,2025-10-07,2.2,2.74,2.2,2.89,468
BOVAV15,2025-10-07,0.01,0.01,0.01,0.01,357
BOVAJ144W2,2025-10-07,0.1,0.02,0.01,0.1,257
SMALV109W2,2025-10-07,4.2,4.48,3.93,4.6,5
BOVAJ147W4,2025-10-07,0.19,0.11,0.1,0.19,22
BOVAV136W5,2025-10-07,0.42,0.72,0.42,1.08,7
XRPH11,2025-10-07,25,24.18,24.03,25.06,267
BOVAK35,2025-10-07,1.2,0.69,0.67,1.2,5222
WEGEK366,2025-10-07,1.78,1.67,1.48,1.78,12
BOVAW155,2025-10-07,14.03,14.23,13.85,14.49,53
BOVAW10,2025-10-07,0.17,0.2,0.17,0.2,1458
BOVAL14,2025-10-07,2.77,2.3,2.21,2.77,44
BOVAV140W2,2025-10-07,0.7,1.58,0.7,1.81,915
SUZBW545,2025-10-07,4.41,4.62,4.41,4.62,3
JSLG3F,2025-10-07,5.96,5.6,5.58,5.96,203
BOVAL133,2025-10-07,9.86,9.69,9.48,9.86,74
ECORK789,2025-10-07,0.25,0.24,0.22,0.25,4
BOVAJ145W2,2025-10-07,0.04,0.01,0.01,0.04,217
BOVAJ133W2,2025-10-07,6.74,5.81,5.56,6.8,164
BOVAX150,2025-10-07,7.27,8.86,6,9.5,278
BOVAW104,2025-10-07,0.01,0.01,0.01,0.02,62
BOVAJ116,2025-10-07,24.03,23.09,22.81,24.03,514
WEGEW325,2025-10-07,0.25,0.26,0.23,0.27,8
BOVAV129W2,2025-10-07,0.01,0.01,0.01,0.01,19
WEGEJ392,2025-10-07,0.04,0.03,0.03,0.04,9
ABEVK109,2025-10-07,1.11,1.1,1.1,1.11,3
EMBRJ769,2025-10-07,2.93,2.24,2.04,2.93,73
ABEVJ123,2025-10-07,0.1,0.05,0.05,0.1,153
RAPTK555,2025-10-07,0.39,0.34,0.34,0.41,8
MRVEW620,2025-10-07,0.19,0.32,0.19,0.34,54
EMBRV744,2025-10-07,0.82,0.7,0.7,0.87,7
BOVAJ100,2025-10-07,39.6,38.89,38.78,39.6,281
IBOVV141,2025-10-07,525,875,495,1020,186
EMBRV749,2025-10-07,0.82,0.83,0.75,1.04,87
MRVEJ750,2025-10-07,0.09,0.01,0.01,0.09,87
MRVEJ77,2025-10-07,0.06,0.01,0.01,0.06,29
GENB11,2025-10-07,19.5,19.41,19.16,19.5,24
BOVAX14,2025-10-07,4.65,5.32,4.65,5.42,19
RAPTW555,2025-10-07,0.18,0.21,0.18,0.25,18
BOVAJ154,2025-10-07,0.01,0.01,0.01,0.01,37
RAILK156,2025-10-07,0.75,0.82,0.64,0.82,26
SMALW111,2025-10-07,5.59,6.27,5.59,6.27,4
WEGEJ372,2025-10-07,0.26,0.29,0.21,0.4,74
WEGEJ365,2025-10-07,0.68,0.49,0.47,0.75,24
SUZBK540,2025-10-07,0.33,0.29,0.29,0.33,3
WEGEK378,2025-10-07,0.96,0.97,0.85,0.97,14
AZULL99,2025-10-07,0.52,0.52,0.34,0.52,13
RAILV154,2025-10-07,0.32,0.21,0.21,0.32,5
MRVEB80,2025-10-07,1.49,1.1,1.1,1.49,4
BOVAK107,2025-10-07,33.45,33.04,32.78,33.45,17
WEGEJ380W2,2025-10-07,0.02,0.01,0.01,0.02,2
CORN11,2025-10-07,7.46,7.42,7.39,7.46,29
WEGEV362,2025-10-07,0.53,0.56,0.45,0.62,53
WEGEK40,2025-10-07,0.36,0.34,0.34,0.42,21
IBOVW142,2025-10-07,1915,1995,1890,2000,6
SPVT11,2025-10-07,55.63,55.41,55.41,55.65,58
WEGEJ397,2025-10-07,0.03,0.03,0.03,0.03,1
MILL11,2025-10-07,82.51,83.25,82.25,83.99,12
BOVAV133W4,2025-10-07,0.19,0.21,0.19,0.24,5
SMALJ106,2025-10-07,1.76,1.02,0.94,1.82,76
SUZBK490,2025-10-07,2.31,1.89,1.88,2.31,26
MRVEJ730,2025-10-07,0.08,0.02,0.02,0.08,135
BOVAV30,2025-10-07,9.8,10.74,9.76,10.99,789
LOGN3F,2025-10-07,25.08,25.1,24.84,25.1,18
IBOVJ141,2025-10-07,1970,1665,1545,1980,11
MRVEW740,2025-10-07,0.68,1.1,0.67,1.12,65
AZULJ120,2025-10-07,0.03,0.06,0.02,0.08,42
BOVAL120,2025-10-07,21.62,21.44,21,21.75,11
MRVEW560,2025-10-07,0.11,0.13,0.1,0.14,36
EMBRJ840W4,2025-10-07,0.5,0.5,0.5,0.5,1
EMBRV694,2025-10-07,0.14,0.16,0.14,0.16,3
MRVEK840W1,2025-10-07,0.03,0.02,0.02,0.03,2
BOVAJ113,2025-10-07,26.4,26.45,25.87,26.57,94
EMBRK809,2025-10-07,3.46,2.79,2.79,3.46,9
ECORK780,2025-10-07,0.42,0.42,0.42,0.42,1
IBOVK129,2025-10-07,14390,13930,13930,14390,7
BOVAL43,2025-10-07,3.9,3.15,3.05,3.9,35
SUZBK580W2,2025-10-07,0.05,0.06,0.05,0.06,2
BOVAX25,2025-10-07,0.68,0.85,0.68,0.99,9
EMBRK934,2025-10-07,0.49,0.48,0.48,0.49,2
BOVAJ125W2,2025-10-07,14.84,13.82,13.71,14.84,7
SUZBJ550W5,2025-10-07,0.05,0.04,0.04,0.21,7
EMBRV760W2,2025-10-07,0.58,0.57,0.57,0.85,7
SUZBV600,2025-10-07,10.05,10.2,10.05,10.2,2
EMBRK764,2025-10-07,5.38,4.95,4.9,5.43,7
BOVAB132,2025-10-07,13.6,13.35,13.3,13.6,3
BOVAW141W1,2025-10-07,2.72,2.72,2.72,2.72,1
EMBRW669,2025-10-07,0.71,0.64,0.64,0.71,4
BOVAK131W4,2025-10-07,10.51,10.05,10.05,10.51,3
MRVEK620,2025-10-07,1.09,0.59,0.57,1.09,11
SMALW108,2025-10-07,3.37,4.18,3.37,4.25,44
DBOA11,2025-10-07,11.93,11.4,11.4,12,9
WEGEK368,2025-10-07,1.46,1.32,1.25,1.46,8
EMBRL789,2025-10-07,5,5.21,5,5.21,2
IBOVJ146,2025-10-07,310,140,115,310,11
BOVAL158,2025-10-07,0.3,0.4,0.3,0.4,2
MRVEV660,2025-10-07,0.14,0.4,0.14,0.42,44
ABEVK134,2025-10-07,0.04,0.04,0.04,0.04,4
EMBRJ859,2025-10-07,0.15,0.14,0.12,0.23,11
MRVEJ700W2,2025-10-07,0.04,0.03,0.03,0.04,3
MRVEW520,2025-10-07,0.04,0.07,0.04,0.07,13
WEGEV350W4,2025-10-07,0.6,0.6,0.6,0.6,1
EMBRV789,2025-10-07,2.4,2.67,2.29,2.93,14
BOVAB140,2025-10-07,9,7.75,7.75,9,7
WEGEV355W2,2025-10-07,0.17,0.17,0.14,0.19,5
RAILX141,2025-10-07,0.28,0.28,0.28,0.28,1
EMBRK699,2025-10-07,9.5,9.5,9.5,9.5,1
EMBRK884,2025-10-07,1.11,0.98,0.98,1.11,4
WEGEV387,2025-10-07,2.44,2.44,2.44,2.44,1
BOVAV100,2025-10-07,0.01,0.01,0.01,0.01,4
SUZBX455,2025-10-07,0.3,0.3,0.3,0.3,1
BOVAB135,2025-10-07,11.71,11.23,11.23,11.71,7
EMBRJ909,2025-10-07,0.03,0.03,0.03,0.03,4
EMBRK704,2025-10-07,9.28,9.27,9.27,9.28,2
EMBRV684,2025-10-07,0.1,0.11,0.1,0.11,2
RICO11,2025-10-07,32.8,33.19,32.8,33.19,10
BOVAI135,2025-10-07,18,18,18,18,2
BOVAV126W5,2025-10-07,0.1,0.1,0.1,0.1,1
ABEVL17,2025-10-07,0.02,0.02,0.02,0.02,1
BOVAP160,2025-10-07,14.1,14,13.9,14.1,10
WEGEJ429,2025-10-07,0.08,0.09,0.01,0.09,4
IBOVW141,2025-10-07,1355,1665,1355,1665,6
SMALR88,2025-10-07,1.45,1.52,1.45,1.52,8
MRVEW500,2025-10-07,0.03,0.05,0.03,0.05,6
IBOVX136,2025-10-07,1005,975,975,1040,3
SUZBW500,2025-10-07,1.11,1.57,1.11,1.57,17
MRVEG70,2025-10-07,2,1.58,1.58,2,3
IBOVV143W2,2025-10-07,1840,1610,1610,1840,39
MRVEG120,2025-10-07,0.14,0.14,0.14,0.14,2
WEGEV374,2025-10-07,1.33,1.4,1.19,1.4,24
SUZBW455,2025-10-07,0.14,0.24,0.14,0.24,2
SUZBK485,2025-10-07,2.71,2.16,2.16,2.71,2
IBOVX138,2025-10-07,1320,1370,1320,1370,3
BOVAJ122W2,2025-10-07,17.04,16.73,16.73,17.04,4
BOVAK131W1,2025-10-07,9.16,9.16,9.16,9.16,1
AZULJ160,2025-10-07,0.01,0.01,0.01,0.02,8
BOVAV49,2025-10-07,13.61,13.61,13.61,13.61,1
BOVAK168,2025-10-07,0.02,0.02,0.02,0.02,6
BOVAV124W4,2025-10-07,0.05,0.05,0.05,0.05,4
BOVAV18,2025-10-07,0.01,0.01,0.01,0.01,14
BOVAX160,2025-10-07,18,17.78,17.78,18,3
EMBRL900,2025-10-07,1.56,1.6,1.56,1.61,12
SMALM10,2025-10-07,2,2.05,2,2.05,3
WEGEK373,2025-10-07,1.24,1.14,1.05,1.26,12
RAPTL555,2025-10-07,1.3,1.32,1.27,1.32,7
SMALK122,2025-10-07,0.13,0.13,0.13,0.13,1
WEGEJ415,2025-10-07,0.01,0.01,0.01,0.01,1
POMOV890,2025-10-07,0.29,0.29,0.29,0.29,1
WEGEW375,2025-10-07,1.82,1.82,1.82,1.82,1
RAILW136,2025-10-07,0.12,0.1,0.1,0.12,4
ECORX659,2025-10-07,0.15,0.15,0.15,0.17,3
SUZBV485W4,2025-10-07,0.5,0.5,0.5,0.5,1
BOVAA134,2025-10-07,10,10,10,10,2
IBOVX145,2025-10-07,3490,3630,3490,3730,5
EMBRK794,2025-10-07,3.95,3.51,3.51,3.95,6
EMBRV824,2025-10-07,5.2,5.58,5.2,5.58,2
BOVAJ114,2025-10-07,25.18,25.18,25.18,25.18,1
IBOVJ150,2025-10-07,30,30,30,30,2
MRVEI110,2025-10-07,0.3,0.3,0.3,0.3,1
BOVAW133W2,2025-10-07,0.5,0.5,0.5,0.5,1
SMALJ111W4,2025-10-07,0.38,0.33,0.33,0.38,2
RAILW131,2025-10-07,0.07,0.08,0.07,0.08,2
MRVEW730,2025-10-07,0.61,0.91,0.61,0.91,6
MRVEK840,2025-10-07,0.1,0.05,0.05,0.1,4
POMOJ990,2025-10-07,0.01,0.01,0.01,0.01,1
WEGEK313,2025-10-07,5.64,5.64,5.64,5.64,1
WEGEV337,2025-10-07,0.05,0.05,0.05,0.05,2
BOVAB155,2025-10-07,1.62,1.62,1.62,1.62,1
EMBRJ664,2025-10-07,10.85,10.84,10.84,10.9,5
WEGEJ404,2025-10-07,0.02,0.02,0.02,0.02,2
RAILL191,2025-10-07,0.07,0.08,0.07,0.08,2
MRVEG800,2025-10-07,1.26,1.24,1.24,1.26,5
WEGEJ380W4,2025-10-07,0.47,0.47,0.47,0.47,1
MRVEJ580,2025-10-07,0.58,0.54,0.54,0.58,2
IBOVL144,2025-10-07,4820,4120,4070,4820,5
ABEVV140W4,2025-10-07,2.16,2.16,2.16,2.16,1
BOVAX13,2025-10-07,3.6,3.59,3.59,3.6,2
WEGEJ385W4,2025-10-07,0.36,0.36,0.36,0.36,3
AZULK700,2025-10-07,0.42,0.42,0.42,0.42,1
BOVAJ49,2025-10-07,10,10,10,10,1
EMBRK814,2025-10-07,2.65,2.65,2.65,2.65,1
EMBRJ734,2025-10-07,4.37,4.43,4.37,4.43,2
BOVAC1,2025-10-07,17,15,15,17,3
EMBRW804,2025-10-07,4.49,4.9,4.49,4.9,6
BOVAV154W2,2025-10-07,15.41,15.33,15.32,15.41,7
MRVEJ760W4,2025-10-07,0.04,0.01,0.01,0.04,2
BOVAX950,2025-10-07,0.02,0.02,0.02,0.02,2
BOVAX880,2025-10-07,0.01,0.01,0.01,0.01,1
BOVAL960,2025-10-07,44.44,44.44,44.44,44.44,1
SUZBK478,2025-10-07,2.88,2.88,2.88,2.88,1
BOVAL41,2025-10-07,4.65,4,4,4.65,5
BOVAK141W1,2025-10-07,1.24,1.24,1.24,1.24,1
MRVEK940,2025-10-07,0.02,0.02,0.02,0.02,1
BOVAV134W5,2025-10-07,0.7,0.39,0.37,0.7,4
SUZBL517,2025-10-07,1.26,1.26,1.26,1.26,1
RAILW166,2025-10-07,1.29,1.29,1.29,1.29,1
EMBRJ699,2025-10-07,8.23,7.41,7.41,8.23,5
SMALJ112W4,2025-10-07,0.25,0.25,0.25,0.25,1
BOVAL17,2025-10-07,0.06,0.06,0.06,0.06,1
BOVAL171,2025-10-07,0.07,0.07,0.07,0.07,1
ABEVJ130W4,2025-10-07,0.02,0.02,0.02,0.02,1
ABEVV105W4,2025-10-07,0.01,0.01,0.01,0.01,1
EMBRV689,2025-10-07,0.13,0.14,0.12,0.14,4
SUZBV505,2025-10-07,1.14,1.15,1.01,1.15,5
BOVAV6,2025-10-07,3.8,3.8,3.8,3.8,1
BOVAX103,2025-10-07,0.04,0.04,0.04,0.04,1
BOVAD140,2025-10-07,11.23,10.55,10.55,11.23,3
SMALV108W4,2025-10-07,3,3.88,2.99,3.88,4
BOVAL800,2025-10-07,59.93,59.94,59.93,59.94,2
BOVAV140W5,2025-10-07,1.4,2,1.4,2,13
WEGES38,2025-10-07,2.2,2.2,2.2,2.2,1
EMBRK899,2025-10-07,0.9,0.9,0.9,0.9,1
IBOVJ100,2025-10-07,42820,42510,42510,42820,4
BOVAV107,2025-10-07,0.01,0.01,0.01,0.01,1
ECORV820,2025-10-07,0.45,0.48,0.45,0.48,3
IVVBL40,2025-10-07,57.74,57.74,57.74,57.74,1
EMBRX779,2025-10-07,4.03,4.03,4.03,4.03,1
ECORV699,2025-10-07,0.04,0.04,0.04,0.04,1
MRVEI50,2025-10-07,2.5,2.5,2.5,2.5,1
AZULV500,2025-10-07,3.88,3.88,3.88,3.88,1
BOVAM120,2025-10-07,0.24,0.24,0.24,0.24,1
MRVEH500,2025-10-07,2.5,2.5,2.5,2.5,1
RAILJ176,2025-10-07,0.01,0.01,0.01,0.01,1
IBOVK147W1,2025-10-07,1115,1150,1075,1150,12
WEGEV340W2,2025-10-07,0.03,0.03,0.03,0.03,1
WEGEJ439,2025-10-07,0.01,0.01,0.01,0.01,3
BOVAB160,2025-10-07,1.2,1.2,1.2,1.2,1
BOVAJ32,2025-10-07,0.14,0.04,0.03,0.14,2505
EMBR3,2025-10-07,77.29,77.03,76.63,78.3,13183
BOVAJ135,2025-10-07,5.9,4.32,4.07,5.9,8771
BOVAV137,2025-10-07,0.35,0.61,0.35,0.71,12144
BOVAW7,2025-10-07,0.25,0.32,0.24,0.33,2555
AZUL4F,2025-10-07,1.11,1.08,1.07,1.14,1249
BOVAV41,2025-10-07,1.64,2.52,1.64,2.75,10284
BOVAJ137,2025-10-07,4.25,2.69,2.49,4.25,10589
SUZB3,2025-10-07,49.43,48.89,48.87,50,12993
BOVAW9,2025-10-07,0.19,0.21,0.19,0.24,1236
HASH11,2025-10-07,94.37,92.05,91.09,94.55,4276
WEGE3,2025-10-07,35.67,35.73,35.6,36.31,14116
BOVAJ26,2025-10-07,0.9,0.38,0.34,0.9,10643
BOVAW23,2025-10-07,5.3,6.13,5.28,6.35,801
SPXB11,2025-10-07,15.72,15.74,15.66,15.89,1752
SPXI11,2025-10-07,392.01,392.65,389.39,394.89,2445
MRVE3F,2025-10-07,7.05,6.3,6.24,7.16,2802
HODL11,2025-10-07,112.25,109.75,109,112.71,2021
BOVAK18,2025-10-07,28.87,28.15,27.89,28.87,116
XINA11,2025-10-07,9.19,9.04,9.01,9.19,2279
COIN11,2025-10-07,89.41,87.91,87.58,89.41,4123
POMO4F,2025-10-07,8.74,8.45,8.45,8.74,1366
RCSL4,2025-10-07,1.17,1.18,1.16,1.21,1881
BOVAW118,2025-10-07,0.05,0.05,0.04,0.07,682
SMALK102,2025-10-07,5.67,5.39,5.2,5.67,5
SMALK101,2025-10-07,6.37,6.2,5.94,6.37,24
ABEVL118,2025-10-07,0.54,0.53,0.53,0.56,5
BOVV11,2025-10-07,146.8,145.18,144.88,146.8,3757
EMBRK779,2025-10-07,4.83,4.43,4.23,4.83,19
BOVAK28,2025-10-07,9.2,8.06,7.85,9.2,1466
BOVAV8,2025-10-07,0.03,0.04,0.03,0.05,814
EMBRW744,2025-10-07,2.39,2.39,2.35,2.39,4
BOVAJ136W2,2025-10-07,3.45,2.85,2.68,3.47,296
GPUS11,2025-10-07,108.3,108.01,107.51,108.63,301
RAPT3F,2025-10-07,5.77,5.61,5.5,5.77,122
BOVAJ15,2025-10-07,24,22,21.89,24,378
BOVAK160,2025-10-07,0.09,0.07,0.04,0.09,570
RAPT4F,2025-10-07,5.77,5.62,5.52,5.77,697
BOVAX138,2025-10-07,1.7,1.46,1.41,2.2,72
IBOVK142,2025-10-07,3510,3265,3250,3510,5
ALUG11,2025-10-07,40.66,40.7,40.47,41.04,311
RAIL3F,2025-10-07,15.74,15.56,15.37,15.95,671
BOVAJ34,2025-10-07,0.04,0.02,0.01,0.04,1402
BOVAK21,2025-10-07,8.21,7.23,7.02,8.29,3915
BOVAJ140W2,2025-10-07,1.34,0.35,0.3,1.34,759
BOVAJ139W2,2025-10-07,1.36,0.7,0.61,1.45,501
BOVAK36,2025-10-07,0.67,0.44,0.42,0.69,533
BOVAJ145,2025-10-07,0.2,0.08,0.07,0.2,5989
BOVAJ137W4,2025-10-07,3.47,3.22,3.05,3.49,58
BOVAJ146W2,2025-10-07,0.02,0.01,0.01,0.02,49
BOVAW33,2025-10-07,0.03,0.02,0.02,0.03,43
MRVEV720,2025-10-07,0.45,0.89,0.43,1,433
BOVAJ23,2025-10-07,14.49,13.14,12.8,14.49,1628
MRVEJ660,2025-10-07,0.43,0.14,0.14,0.44,38
IBOVK149,2025-10-07,690,655,655,705,3
BOVAJ145W4,2025-10-07,0.35,0.21,0.2,0.35,29
BOVAV140W4,2025-10-07,1.3,2.03,1.3,2.14,26
SMALK116,2025-10-07,0.41,0.41,0.41,0.43,8
EMBRJ510,2025-10-07,26.38,26.38,26.38,26.38,1
SMALK106,2025-10-07,3.83,2.96,2.89,3.87,92
BOVAW123,2025-10-07,0.1,0.1,0.1,0.12,461
ABEVJ117,2025-10-07,0.29,0.27,0.26,0.34,17
BOVAW154,2025-10-07,13.08,13.28,12.9,13.53,44
MRVEK680,2025-10-07,0.65,0.29,0.26,0.65,31
WEGEK384,2025-10-07,0.8,0.71,0.71,0.81,21
BOVAK33,2025-10-07,31.31,31.08,30.82,31.49,38
BOVAW153,2025-10-07,12.2,12.43,11.96,12.48,36
SMALK109,2025-10-07,2.35,1.74,1.68,2.4,40
SMALJ105,2025-10-07,2.37,1.45,1.37,2.37,75
SMALV108W2,2025-10-07,2.38,3.49,2.25,3.82,18
SMALJ111,2025-10-07,0.3,0.12,0.12,0.3,27
IBOVK132,2025-10-07,12000,11380,11300,12000,5
BOVAK25,2025-10-07,30.1,29.13,28.86,30.1,34
BOVAW117,2025-10-07,0.06,0.05,0.04,0.06,1114
EMBRJ819,2025-10-07,0.62,0.51,0.46,0.76,41
BOVAA120,2025-10-07,24.55,22.55,22.3,24.55,412
SMALJ116,2025-10-07,0.04,0.04,0.04,0.04,2
ACWI11,2025-10-07,15.68,15.45,15.45,15.68,150
WEGEW280,2025-10-07,0.04,0.04,0.04,0.04,2
POMOK102,2025-10-07,0.08,0.06,0.06,0.08,3
MRVEW540,2025-10-07,0.06,0.1,0.06,0.1,22
BOVAV131,2025-10-07,0.05,0.09,0.05,0.09,593
WEGEK388,2025-10-07,0.67,0.66,0.59,0.67,6
WEGEW360,2025-10-07,1.1,1.17,1.06,1.2,17
WEGEK473,2025-10-07,0.04,0.04,0.04,0.04,2
SUZBW478,2025-10-07,0.5,0.68,0.5,0.68,8
ABEVW122,2025-10-07,0.32,0.35,0.32,0.36,40
ECORW739,2025-10-07,0.32,0.36,0.32,0.36,5
BOVAX135,2025-10-07,1.04,1.28,1.04,1.4,177
BOVAJ19,2025-10-07,19.2,18.1,17.8,19.2,311
BOVAJ140W4,2025-10-07,2,1.44,1.33,2,54
EMBRJ779,2025-10-07,2.31,1.78,1.52,2.31,59
BOVAW160,2025-10-07,18.92,19.07,18.67,19.31,82
ABEVV119,2025-10-07,0.18,0.21,0.16,0.23,31
EMBRV779,2025-10-07,1.79,2.06,1.74,2.39,29
MRVEV780,2025-10-07,1.23,1.43,1.19,1.47,15
YDRO11,2025-10-07,51.09,49.54,48.8,53.67,42
MRVEJ780,2025-10-07,0.07,0.01,0.01,0.07,396
MRVEK900,2025-10-07,0.05,0.02,0.02,0.05,37
MRVEJ640,2025-10-07,0.34,0.22,0.2,0.37,67
IBOVM133,2025-10-07,835,835,835,835,1
BOVAJ150W2,2025-10-07,0.01,0.01,0.01,0.01,4
WEGEV339,2025-10-07,0.07,0.07,0.06,0.07,3
SMALV114,2025-10-07,8.69,8.69,8.69,8.69,1
MRVEJ630,2025-10-07,0.71,0.26,0.26,0.72,19
EMBRW709,2025-10-07,1.32,1.33,1.29,1.38,7
DOLA11,2025-10-07,10.12,10.13,10.1,10.22,253
SUZBK493,2025-10-07,2.01,1.84,1.84,2.01,2
SUZBV475,2025-10-07,0.11,0.11,0.11,0.11,1
BOVAX1,2025-10-07,4.6,4.5,4,4.6,32
PIBB11,2025-10-07,252.3,249.45,249.15,252.3,28
ABEVW124,2025-10-07,0.61,0.63,0.58,0.64,32
MRVEL80,2025-10-07,1.15,0.99,0.99,1.15,6
MRVEV660W2,2025-10-07,0.12,0.33,0.12,0.34,29
BOVAJ130W4,2025-10-07,10.28,9.49,9.26,10.28,21
MRVEJ720W5,2025-10-07,0.13,0.11,0.11,0.13,2
AGRI11,2025-10-07,42.01,41.47,41.29,42.01,25
ABEVK122,2025-10-07,0.34,0.39,0.3,0.46,82
WEGEJ375W2,2025-10-07,0.09,0.03,0.03,0.09,4
WEGEJ379,2025-10-07,0.13,0.09,0.09,0.13,7
BOVAX12,2025-10-07,0.3,0.29,0.26,0.3,12
SUZBW485W2,2025-10-07,0.65,0.63,0.63,0.65,4
EMBRV730W4,2025-10-07,0.78,0.79,0.78,0.79,2
WEGEV369,2025-10-07,0.95,1.03,0.88,1.06,28
AZULV130,2025-10-07,0.25,0.24,0.22,0.25,21
AZULK100,2025-10-07,0.23,0.22,0.18,0.27,33
SCVB11,2025-10-07,87.68,85.9,85.3,89.09,29
WEGEL407,2025-10-07,4.44,4.41,4.41,4.44,2
BOVAL4,2025-10-07,2,1.38,1.37,2,14
SUZBK463,2025-10-07,4.59,4.43,4.43,4.59,2
SILK11,2025-10-07,57.1,57.1,57.1,57.1,1
WEGEV389,2025-10-07,2.94,2.61,2.61,2.94,3
WEGEK419,2025-10-07,0.2,0.17,0.17,0.2,5
WEGEV345W2,2025-10-07,0.03,0.03,0.03,0.03,1
POMOW890,2025-10-07,0.38,0.44,0.38,0.44,2
BOVAX21,2025-10-07,0.22,0.22,0.22,0.22,10
SMALV980,2025-10-07,0.16,0.21,0.14,0.24,10
IBOVK130,2025-10-07,13500,13500,13500,13500,1
WEGEJ377,2025-10-07,0.2,0.14,0.14,0.23,21
NBOV11,2025-10-07,104.71,105.49,104.71,105.59,9
SUZBJ515W5,2025-10-07,0.46,0.17,0.17,0.48,6
NFTS11,2025-10-07,4.08,3.92,3.9,4.08,45
EMBRK724,2025-10-07,7.38,7.38,7.38,7.38,1
FIXX11,2025-10-07,96.13,96.82,96.13,96.82,10
SUZBK525W2,2025-10-07,0.58,0.56,0.56,0.58,2
BBOI11,2025-10-07,9.64,9.6,9.36,9.69,59
SUZBK545W2,2025-10-07,0.22,0.19,0.17,0.22,8
BOVAJ11,2025-10-07,27.35,26.89,26.89,27.35,14
BOVAJ299,2025-10-07,108.86,108.86,108.86,108.86,1
WEGEW355,2025-10-07,0.92,0.89,0.89,1.01,7
EMBRV724,2025-10-07,0.4,0.4,0.4,0.48,10
ECORV840,2025-10-07,1.11,1.07,1.07,1.11,3
BOVAX970,2025-10-07,0.02,0.03,0.02,0.03,13
SUZBL527,2025-10-07,1.09,0.93,0.92,1.13,13
EMBRJ924,2025-10-07,0.02,0.02,0.02,0.02,4
EMBRJ829,2025-10-07,0.56,0.38,0.33,0.56,17
WEGEW343,2025-10-07,0.55,0.57,0.53,0.58,10
BOVAX101,2025-10-07,0.02,0.03,0.02,0.03,4
BOVAM10,2025-10-07,0.29,0.06,0.06,0.29,16
SMALX100,2025-10-07,1.2,1.71,1.2,1.71,10
ABEVW120W1,2025-10-07,0.38,0.38,0.37,0.38,4
IBOVK148W3,2025-10-07,1190,1200,1190,1200,2
MRVEJ600,2025-10-07,0.66,0.44,0.43,0.66,15
WEGEJ370W4,2025-10-07,0.84,0.8,0.8,0.84,2
EMBRW809,2025-10-07,5,5.25,5,5.59,18
EMBRW734,2025-10-07,2.02,2.03,2.02,2.04,3
SUZBW485,2025-10-07,0.62,0.89,0.62,0.91,17
BOVAH2,2025-10-07,8.79,8.7,8.7,8.79,3
BOVAJ127W2,2025-10-07,12.43,11.89,11.81,12.43,14
WEGEW366,2025-10-07,1.19,1.2,1.16,1.27,15
IBOVX139,2025-10-07,1835,1835,1835,1835,1
SMALK113,2025-10-07,1.07,0.76,0.73,1.07,90
BOVAW163,2025-10-07,21.84,22,21.81,22.13,20
BOVAM142,2025-10-07,3.65,3.81,3.65,3.81,4
BOVAJ128W2,2025-10-07,12.03,10.8,10.59,12.03,26
SUZBV505W5,2025-10-07,1.2,1.2,1.2,1.2,1
MRVEV780W2,2025-10-07,1.27,1.27,1.27,1.27,1
WEGEW385,2025-10-07,2.6,2.6,2.6,2.6,1
SUZBK555,2025-10-07,0.18,0.14,0.14,0.19,3
BOVAW161,2025-10-07,19.89,20.04,19.89,20.3,9
BOVAW162,2025-10-07,20.57,21,20.57,21.17,128
MRVEW840,2025-10-07,1.99,1.97,1.97,1.99,18
MRVEK11,2025-10-07,0.45,0.37,0.37,0.45,9
BRXC11,2025-10-07,118.97,118.95,118.94,118.97,4
BOVAJ146W5,2025-10-07,1.02,0.31,0.3,1.02,7
SMALJ103,2025-10-07,2.77,2.68,2.59,2.77,67
RCSL3,2025-10-07,1.56,1.52,1.47,1.56,23
BOVAO800,2025-10-07,0.03,0.03,0.03,0.03,3
WEGEJ362,2025-10-07,0.6,0.59,0.57,0.9,67
MRVEX560,2025-10-07,0.14,0.17,0.14,0.17,5
SUZBV485,2025-10-07,0.35,0.41,0.35,0.41,36
MRVEC50,2025-10-07,1.8,1.77,1.77,1.8,10
BOVAV151,2025-10-07,10.83,11.7,10.79,11.99,838
SMALX800,2025-10-07,0.15,0.17,0.15,0.17,3
BOVAU125,2025-10-07,1.75,1.85,1.75,1.85,3
SUZBV482,2025-10-07,0.27,0.34,0.27,0.34,6
SUZBJ492,2025-10-07,0.75,0.73,0.7,0.77,8
SMALJ106W5,2025-10-07,1.92,1.92,1.92,1.92,1
SUZBK545,2025-10-07,0.33,0.22,0.22,0.33,6
EMBRW699,2025-10-07,1.11,1.11,1.11,1.16,9
BOVAS100,2025-10-07,1.13,1.1,1.1,1.13,42
BOVAJ129W4,2025-10-07,10.48,10.48,10.48,10.48,1
WEGEK420,2025-10-07,0.18,0.16,0.16,0.18,2
AZULJ199,2025-10-07,0.01,0.01,0.01,0.01,1
BOVAA130,2025-10-07,13.45,13.42,13.42,13.45,3
SMALJ110W2,2025-10-07,0.05,0.05,0.04,0.05,5
EMBRT61,2025-10-07,2.2,2.1,2.1,2.2,2
BOVAW166,2025-10-07,25.2,24.94,24.94,25.2,2
BOVAX139,2025-10-07,5.3,6.38,5.3,6.38,2
BOVAJ140W5,2025-10-07,2.15,2.59,1.93,2.6,14
BOVAB154,2025-10-07,1.8,1.8,1.8,1.8,1
SMALV990,2025-10-07,0.27,0.26,0.26,0.27,5
IBOVL154,2025-10-07,830,830,830,830,1
BOVAV180,2025-10-07,40.5,40.66,40.5,40.7,5
IBOVW138,2025-10-07,820,860,820,900,18
BOVAJ150W4,2025-10-07,0.07,0.04,0.04,0.07,26
EMBRV649,2025-10-07,0.03,0.03,0.03,0.03,1
ECORK224,2025-10-07,5.12,5.12,5.12,5.12,1
WEGEK425,2025-10-07,0.14,0.14,0.14,0.14,1
RAPTX555,2025-10-07,0.4,0.42,0.4,0.44,7
POMOW810,2025-10-07,0.11,0.1,0.1,0.13,3
SUZBK540W1,2025-10-07,0.24,0.17,0.16,0.25,4
IVVBK393,2025-10-07,17.67,17.67,17.67,17.67,1
WEGEW308W2,2025-10-07,0.1,0.08,0.08,0.1,2
BOVVL154,2025-10-07,0.57,0.57,0.57,0.57,1
EMBRK999,2025-10-07,0.23,0.21,0.21,0.24,4
BOVAV158,2025-10-07,18.83,18.83,18.83,18.83,1
ECORW174,2025-10-07,0.01,0.01,0.01,0.01,1
WEGEX348,2025-10-07,0.8,0.81,0.8,0.81,2
SUZBW468,2025-10-07,0.38,0.38,0.38,0.38,1
SMALB879,2025-10-07,30.95,30.84,30.84,30.95,3
SMALL102,2025-10-07,6.75,6.89,6.75,6.9,3
WEGEW395,2025-10-07,3.13,3.26,3.13,3.26,5
BOVAL157,2025-10-07,0.35,0.35,0.35,0.35,1
AZULQ20,2025-10-07,0.85,0.85,0.85,0.85,1
AZULW700,2025-10-07,0.03,0.03,0.03,0.03,1
SUZBW450,2025-10-07,0.12,0.12,0.12,0.12,1
SMALW104,2025-10-07,1.78,2.36,1.78,2.36,24
BOVAM119,2025-10-07,1.7,1.9,1.7,1.9,9
BOVAL23,2025-10-07,14.2,12.8,12.8,14.2,2
WEGEK429,2025-10-07,0.12,0.12,0.12,0.12,1
BOVAA143,2025-10-07,4.55,4.55,4.55,4.55,1
EMBRJ914,2025-10-07,0.03,0.03,0.03,0.03,1
BOVAA153,2025-10-07,1.36,1.31,1,1.36,3
IBOVJ131,2025-10-07,11220,11220,11220,11220,1
SUZBK550,2025-10-07,0.24,0.2,0.2,0.27,4
RAILK169,2025-10-07,0.26,0.27,0.25,0.27,3
SUZBV475W2,2025-10-07,0.04,0.04,0.04,0.04,1
EMBRJ899,2025-10-07,0.03,0.03,0.03,0.03,1
WEGEX457,2025-10-07,7.79,7.79,7.79,7.79,1
MRVEK850,2025-10-07,0.06,0.04,0.03,0.06,4
WEGEV394,2025-10-07,3.2,3.2,3.2,3.2,1
RAPTJ580,2025-10-07,0.06,0.06,0.06,0.06,2
BOVAC152,2025-10-07,3.3,3,3,3.32,3
BOVAK930,2025-10-07,46.65,46.65,46.65,46.65,1
POMOK870,2025-10-07,0.45,0.41,0.41,0.45,2
EMBRK689,2025-10-07,10.2,10.14,10.14,10.2,6
BOVAP155,2025-10-07,8.92,9.02,8.52,9.02,4
IBOVJ152,2025-10-07,10,10,10,10,1
SUZBL495,2025-10-07,2.3,2.3,2.3,2.3,1
IBOVW123,2025-10-07,60,60,60,60,1
BOVAH138,2025-10-07,18.32,17.37,17.37,18.32,3
SUZBK598,2025-10-07,0.04,0.04,0.04,0.04,1
IBOVM146,2025-10-07,4195,4255,4195,4255,2
BOVAX41,2025-10-07,2.54,3.3,2.54,3.3,10
BOVAV127W4,2025-10-07,0.07,0.07,0.07,0.07,2
BOVAL940,2025-10-07,46.41,46.41,46.41,46.41,1
BOVAX890,2025-10-07,0.01,0.01,0.01,0.01,1
ECORJ860,2025-10-07,0.03,0.01,0.01,0.03,7
IBOVO148,2025-10-07,5000,5000,5000,5000,1
MRVES120,2025-10-07,4.5,4.49,4.49,4.52,3
BOVAO122,2025-10-07,0.59,0.6,0.59,0.6,8
MRVEK112,2025-10-07,0.02,0.02,0.02,0.02,1
IVVBJ405,2025-10-07,2.65,2.65,2.65,2.65,1
EMBRV740W4,2025-10-07,0.91,1.09,0.91,1.09,2
BOVAL169,2025-10-07,5.03,5.03,5.03,5.03,1
IBOVX143,2025-10-07,2850,2850,2850,2850,1
BOVAL900,2025-10-07,50.19,50.19,50.19,50.19,1
EMBRV664,2025-10-07,0.07,0.07,0.07,0.07,1
ABEVJ125W2,2025-10-07,0.01,0.01,0.01,0.01,1
ECORK869,2025-10-07,0.06,0.06,0.06,0.06,1
POMOK970,2025-10-07,0.14,0.12,0.12,0.14,2
MRVEI890,2025-10-07,1.2,1.2,1.2,1.2,1
EMBRK729,2025-10-07,7.1,7.1,7.1,7.1,1
BOVAK150,2025-10-07,14.9,14.5,14.5,14.9,2
EMBRL794,2025-10-07,4.85,4.85,4.85,4.85,1
ABEVJ109,2025-10-07,0.99,0.95,0.95,0.99,3
ABEVX116,2025-10-07,0.25,0.25,0.25,0.25,1
WEGEK405,2025-10-07,0.31,0.31,0.31,0.31,1
EMBRJ704,2025-10-07,7.81,7.65,7.65,7.81,3
EMBRK784,2025-10-07,4.44,4.32,4.32,4.44,2
SMALL7,2025-10-07,0.4,0.4,0.4,0.4,1
MRVEG900,2025-10-07,0.51,0.51,0.51,0.51,1
SUZBJ51,2025-10-07,7.37,7.37,7.37,7.37,1
MRVEK710,2025-10-07,0.32,0.32,0.32,0.32,1
SUZBV485W2,2025-10-07,0.09,0.09,0.09,0.09,1
IBOVJ148W2,2025-10-07,10,10,10,10,2
BOVAC180,2025-10-07,0.11,0.11,0.11,0.11,1
EMBRQ56,2025-10-07,0.96,0.96,0.96,0.96,1
WEGEJ352,2025-10-07,1.25,1.5,1.25,1.5,4
SUZBK558,2025-10-07,0.15,0.15,0.15,0.15,1
SUZBV475W4,2025-10-07,0.14,0.14,0.14,0.14,1
BOVAV14,2025-10-07,1.09,1.86,1.03,2.06,13120
WEGE3F,2025-10-07,35.68,35.78,35.6,36.28,5548
BOVAV33,2025-10-07,0.09,0.13,0.08,0.15,5170
BOVAK12,2025-10-07,21.5,20.34,20.08,21.5,4906
BOVAK20,2025-10-07,15.7,14.61,14.28,15.7,2496
BOVAK26,2025-10-07,20.56,19.37,18.45,20.56,1768
BOVAJ25,2025-10-07,4.75,3.35,3.24,4.75,4819
BOVAK138,2025-10-07,5.84,4.14,4.1,5.84,6344
BOVAV132,2025-10-07,0.06,0.11,0.06,0.11,42514
XFIX11,2025-10-07,12.66,12.7,12.61,12.74,887
BOVAL124,2025-10-07,17.5,17.7,17.5,18.13,40
USDB11,2025-10-07,102.13,102.73,101,103.13,13935
ETHE11,2025-10-07,73.21,70.11,69.1,73.54,4929
SUZBX470,2025-10-07,0.51,0.59,0.51,0.59,2
BOVAV142W2,2025-10-07,2,3.33,2,3.58,569
BOVAW32,2025-10-07,3.27,4.02,3.27,4.16,1973
DIVO11,2025-10-07,105.38,104.49,104.49,105.41,6697
BOVAJ139W4,2025-10-07,2.61,1.95,1.78,2.62,262
SPUB11,2025-10-07,51.75,51.97,51.17,52.11,455
BOVAK15,2025-10-07,0.55,0.35,0.33,0.74,1013
BOVAK155,2025-10-07,0.12,0.12,0.11,0.19,8741
BRAX11,2025-10-07,119.8,118.62,118.31,120.25,113
BOVAK136,2025-10-07,6.68,5.6,5.46,6.68,1787
JOGO11,2025-10-07,160,158.53,157.8,160.92,341
QETH11,2025-10-07,17.74,17.04,16.86,17.95,575
SMALW110,2025-10-07,4.48,5.35,4.47,5.71,52
BOVAJ118,2025-10-07,22.2,21.03,20.76,22.2,180
EMBRV800W2,2025-10-07,2.44,2.92,2.44,3.14,4
UTLL11,2025-10-07,101,97.87,97.63,101,119
BOVAW27,2025-10-07,0.13,0.13,0.12,0.15,3755
BOVAK31,2025-10-07,3.64,3.19,2.44,3.64,2194
BOVAJ132W4,2025-10-07,7.9,7.57,7.36,7.9,43
WEGEW353,2025-10-07,0.85,0.86,0.85,0.91,6
BOVAJ20,2025-10-07,17.07,16.65,15.38,17.09,490
SMALV107W2,2025-10-07,2.08,2.8,1.95,2.8,11
BOVAL155,2025-10-07,0.55,0.45,0.39,0.55,17
MRVEK640,2025-10-07,0.53,0.42,0.42,0.56,448
SMALX985,2025-10-07,1,1.22,1,1.22,3
RCSL3F,2025-10-07,1.54,1.54,1.5,1.54,38
SMALW102,2025-10-07,1.25,1.62,1.25,1.73,32
SMALW101,2025-10-07,1.06,1.37,1.06,1.4,72
BOVAG20,2025-10-07,43.55,49.87,41.8,49.87,51
WEGEK370,2025-10-07,1.26,1.2,1.18,1.29,16
IBOVV136,2025-10-07,70,90,70,120,34
IBOVK126,2025-10-07,17100,17100,17100,17100,1
MRVEX520,2025-10-07,0.08,0.1,0.06,0.1,12
BOVAJ152,2025-10-07,0.02,0.01,0.01,0.02,983
BOVAK27,2025-10-07,16.62,15.53,15.17,16.62,2716
BOVAK162,2025-10-07,0.05,0.03,0.02,0.06,403
WEGEK468,2025-10-07,0.04,0.04,0.04,0.04,1
IBOVV140,2025-10-07,305,575,305,635,174
IBOVJ135,2025-10-07,7020,6705,6705,7175,5
BOVAL21,2025-10-07,19.71,19.71,19.71,19.71,1
EMBRV674,2025-10-07,0.1,0.1,0.1,0.1,1
SMALV105W2,2025-10-07,0.61,1.05,0.55,1.11,23
BOVAW164,2025-10-07,22.82,23.04,22.82,23.23,26
BOVAJ143W4,2025-10-07,0.75,0.48,0.46,0.77,22
BOVAX126,2025-10-07,0.26,0.31,0.26,0.34,12
BOVAA135,2025-10-07,9.5,9.15,9.15,9.5,3
BOVAJ153,2025-10-07,0.01,0.01,0.01,0.02,38
MRVEL730,2025-10-07,0.31,0.31,0.31,0.31,1
MRVEW580,2025-10-07,0.13,0.18,0.12,0.19,76
ABEVV129,2025-10-07,1.02,1.09,1.01,1.09,9
SMALW990,2025-10-07,0.84,1,0.78,1.01,34
ABEVJ124,2025-10-07,0.04,0.03,0.02,0.04,52
PKIN11,2025-10-07,118,116.85,116.8,118,16
BOVAS8,2025-10-07,6.02,6.07,6.02,6.07,2
SUZBV480W2,2025-10-07,0.05,0.05,0.05,0.05,1
BNDX11,2025-10-07,102.26,103.2,102.26,103.68,221
BLOK11,2025-10-07,239.01,230.4,230,256.95,22
MRVEK660,2025-10-07,0.71,0.35,0.33,0.71,337
BOVAK114,2025-10-07,25.25,26.18,25.25,26.58,99
BOVAW114,2025-10-07,0.04,0.03,0.03,0.04,89
BOVAJ148W2,2025-10-07,0.01,0.01,0.01,0.01,34
DVER11,2025-10-07,11.46,11.31,11.22,11.46,8
BOVAL27,2025-10-07,7.63,7.27,7.27,7.63,184
BOVAV152,2025-10-07,11.82,12.8,11.79,13.3,920
SUZBK550W2,2025-10-07,0.18,0.13,0.12,0.19,52
SUZBW470W2,2025-10-07,0.33,0.38,0.31,0.4,10
MRVEV760,2025-10-07,0.67,1.28,0.67,1.32,69
BOVAX130,2025-10-07,0.44,0.54,0.36,0.6,57
BOVAJ146W4,2025-10-07,0.26,0.16,0.16,0.26,7
ABEVW120,2025-10-07,0.22,0.24,0.22,0.25,28
BOVAL126,2025-10-07,17.5,15.8,15.65,17.5,58
NBIT11,2025-10-07,53.85,52.19,51.65,53.99,47
ABEVW134,2025-10-07,1.44,1.44,1.44,1.44,3
EMBRJ820W2,2025-10-07,0.1,0.1,0.1,0.1,2
BOVAV118,2025-10-07,0.01,0.01,0.01,0.02,99
BOVAA137,2025-10-07,8.43,8.21,8.15,8.43,7
AZULV110,2025-10-07,0.07,0.08,0.07,0.09,13
EMBRJ749,2025-10-07,3.26,3.3,3.26,3.49,4
SUZBW495,2025-10-07,1,1.31,1,1.31,13
BOVAJ130W2,2025-10-07,10.38,8.86,8.6,10.38,70
SMALW116,2025-10-07,9.98,9.98,9.98,9.98,1
IBOVX134,2025-10-07,740,765,740,765,2
MRVEK720,2025-10-07,0.29,0.17,0.16,0.29,75
EMBRK734,2025-10-07,6.99,7.06,6.97,7.06,4
BOVAT15,2025-10-07,7,8,7,8.14,8
AZULJ800,2025-10-07,0.29,0.29,0.29,0.29,2
BOVAP175,2025-10-07,18.27,18.3,18.27,18.3,2
IBOVJ143,2025-10-07,1215,690,630,1250,50
EMBRV654,2025-10-07,0.06,0.06,0.06,0.06,1
BDOM11,2025-10-07,124.37,120.58,120.36,124.38,58
EMBRJ849,2025-10-07,0.22,0.19,0.15,0.22,11
BOVAJ144W4,2025-10-07,0.52,0.33,0.31,0.55,54
MRVEV690,2025-10-07,0.41,0.63,0.41,0.66,27
WEGEV380W2,2025-10-07,2,1.85,1.85,2,2
BOVAJ122W5,2025-10-07,17.87,17.49,17.49,17.87,3
SMALV104,2025-10-07,0.77,1.29,0.72,1.41,60
MRVEK730,2025-10-07,0.18,0.15,0.13,0.2,6
BOVAL201,2025-10-07,42,41.16,41.16,42,6
MRVEV680,2025-10-07,0.2,0.52,0.2,0.58,32
SUZBK530W2,2025-10-07,0.46,0.45,0.44,0.46,4
EMBRK834,2025-10-07,2.07,2.13,2,2.13,4
BOVAC134,2025-10-07,15,14.15,14.15,15,5
EMBRJ879,2025-10-07,0.09,0.06,0.06,0.09,9
IBOVK135,2025-10-07,8600,8690,8600,8690,2
WEGEX335,2025-10-07,0.55,0.53,0.53,0.55,6
EETH11,2025-10-07,102.99,100.2,100.2,103,6
EMBRJ789,2025-10-07,1.74,1.3,1.15,1.74,23
BOVAJ149W2,2025-10-07,0.01,0.01,0.01,0.01,11
ABEVJ132,2025-10-07,0.01,0.01,0.01,0.01,1
SUZBX480W1,2025-10-07,0.67,0.66,0.66,0.67,2
EMBRB61,2025-10-07,28,28,28,28,1
SUZBJ500W2,2025-10-07,0.34,0.18,0.17,0.43,22
BOVAG133,2025-10-07,20,19.61,19.6,20,4
EMBRX769,2025-10-07,3.5,3.75,3.5,4,6
EWBZ11,2025-10-07,120,118.58,118.38,120,7
SMALK108,2025-10-07,2.79,2.05,2.01,2.86,31
SUZBK560W1,2025-10-07,0.08,0.09,0.08,0.1,8
WEGEW330,2025-10-07,0.32,0.31,0.31,0.34,5
EMBRV799,2025-10-07,2.83,3.22,2.83,3.64,8
EMBRJ540,2025-10-07,23,24,23,24,2
ABEVV127,2025-10-07,0.78,0.83,0.78,0.85,9
WEGEW384,2025-10-07,2.42,2.42,2.42,2.42,1
BOVAJ112W4,2025-10-07,27.52,27.52,27.52,27.52,1
ABEVX118,2025-10-07,0.37,0.37,0.37,0.37,2
BOVAV131W4,2025-10-07,0.13,0.13,0.13,0.13,1
BOVAV134W4,2025-10-07,0.28,0.3,0.28,0.34,7
WEGEV365,2025-10-07,0.68,0.62,0.59,0.75,11
EMBRW759,2025-10-07,2.6,2.8,2.57,3,28
SMALJ111W2,2025-10-07,0.07,0.07,0.03,0.07,3
IBOVK147,2025-10-07,1530,1110,1105,1530,12
BOVAL10,2025-10-07,52.19,51.6,51.6,52.19,13
IBOVX142,2025-10-07,2470,2470,2470,2470,1
ABEVL18,2025-10-07,0.01,0.01,0.01,0.01,3
ABEVV117,2025-10-07,0.14,0.1,0.08,0.14,24
BOVAJ118W2,2025-10-07,22,20.7,20.45,22,14
IBOVJ149,2025-10-07,55,55,55,55,1
SMALV965,2025-10-07,0.13,0.15,0.13,0.16,3
SUZBJ565,2025-10-07,0.01,0.01,0.01,0.01,1
SMALJ109W2,2025-10-07,0.18,0.07,0.05,0.18,16
WEGEJ357,2025-10-07,1.01,0.91,0.91,1.14,7
MRVEV860,2025-10-07,2.2,2.25,2.2,2.25,14
WEGEW373,2025-10-07,1.72,1.8,1.72,1.8,3
EMBRJ850W5,2025-10-07,0.71,0.64,0.64,0.71,6
EMBRK819,2025-10-07,2.58,2.65,2.5,2.65,3
BOVAK170,2025-10-07,6.51,6.58,6.1,6.93,26
SMALS88,2025-10-07,1.6,1.66,1.6,1.66,8
SUZBW520W2,2025-10-07,2.5,2.5,2.5,2.5,1
WEGEV360W4,2025-10-07,0.92,1,0.9,1,4
BOVAK169,2025-10-07,0.02,0.02,0.02,0.02,5
MRVEX650,2025-10-07,0.5,0.56,0.5,0.56,11
BOVAB163,2025-10-07,0.58,0.6,0.58,0.6,2
GOVE11,2025-10-07,62.25,61.71,61.68,62.25,7
AZULX700,2025-10-07,0.03,0.03,0.03,0.03,2
SUZBW520,2025-10-07,2.53,2.66,2.26,2.69,32
ABEVC122,2025-10-07,0.84,0.84,0.84,0.84,1
POMOK920,2025-10-07,0.2,0.2,0.2,0.2,1
WEGEF408,2025-10-07,2.5,2.35,2.35,2.5,2
EMBRV714,2025-10-07,0.29,0.28,0.28,0.31,5
EMBRV800W4,2025-10-07,3.64,3.62,3.62,3.64,2
ABEVL14,2025-10-07,0.35,0.3,0.3,0.36,5
ABEVJ117W2,2025-10-07,0.19,0.12,0.12,0.19,3
BOVAK140W1,2025-10-07,1.64,1.64,1.64,1.64,21
ABEVW139,2025-10-07,1.84,1.9,1.84,1.9,2
SUZBX517,2025-10-07,2.4,2.76,2.4,2.76,2
BOVAA10,2025-10-07,42.38,41.4,41.4,42.38,3
SMALJ101,2025-10-07,4,4.18,4,4.18,32
EMBRK914,2025-10-07,0.63,0.64,0.63,0.64,6
EMBRL834,2025-10-07,3.22,3.22,3.2,3.23,6
BOVAV128W4,2025-10-07,0.06,0.07,0.06,0.08,4
RAILL181,2025-10-07,0.18,0.21,0.18,0.21,6
SUZBK495,2025-10-07,1.98,1.75,1.69,2.1,11
BOVAH6,2025-10-07,23.8,23.18,23.18,23.8,5
SUZBW460W1,2025-10-07,0.14,0.19,0.13,0.21,6
BOVAA145,2025-10-07,3.4,3.39,3.39,3.49,5
EMBRL850,2025-10-07,2.1,2.1,2.1,2.1,1
WEGEX600,2025-10-07,21.26,21.3,21.26,21.3,2
SMALV890,2025-10-07,0.05,0.05,0.05,0.05,1
SUZBK52,2025-10-07,2.02,1.53,1.53,2.02,14
WEGEV392,2025-10-07,2.79,2.79,2.79,2.79,1
IBOVO145,2025-10-07,4140,4040,4035,4140,3
MRVEK100,2025-10-07,0.55,0.49,0.49,0.55,3
BOVAL111,2025-10-07,30.2,30.2,30.2,30.2,1
IBOVW134,2025-10-07,350,350,350,350,1
WEGEK348,2025-10-07,2.5,2.5,2.5,2.5,1
BOVAP149,2025-10-07,7,7,7,7,1
SUZBK535,2025-10-07,0.48,0.36,0.34,0.48,8
ABEVK124,2025-10-07,0.19,0.21,0.19,0.21,7
BOVAG19,2025-10-07,11.4,9.92,9.92,11.4,3
BOVAT8,2025-10-07,5.6,5.84,5.6,5.84,3
IBOVJ132,2025-10-07,10000,10000,10000,10000,1
BOVAG150,2025-10-07,9.52,9.5,9.01,9.52,3
BOVAH7,2025-10-07,19.7,19.72,19.7,19.72,2
IBOVP150,2025-10-07,5995,5995,5995,5995,1
IBOVW147,2025-10-07,4665,4910,4650,4910,5
BOVAM135,2025-10-07,1.4,1.48,1.4,1.48,6
EMBRW610,2025-10-07,0.23,0.25,0.23,0.25,2
BOVAL162,2025-10-07,0.19,0.19,0.19,0.19,1
BOVAX109,2025-10-07,1.6,1.6,1.6,1.6,2
EMBRK824,2025-10-07,2.68,2.68,2.68,2.68,1
BOVAK995,2025-10-07,40.83,40.83,40.83,40.83,1
BOVAL18,2025-10-07,37.2,35.58,35.58,37.2,4
IBOVJ149W5,2025-10-07,335,340,335,340,2
BOVAX920,2025-10-07,0.02,0.02,0.02,0.02,1
EMBRW789,2025-10-07,4.05,4.35,4.05,4.35,2
SMALJ105W2,2025-10-07,0.65,0.65,0.65,0.65,1
IBOVL145,2025-10-07,3640,3610,3565,3640,6
WEGEV447,2025-10-07,8.4,8.28,8.28,8.4,5
SUZBJ482,2025-10-07,1.37,1.37,1.37,1.37,1
AZULJ210,2025-10-07,0.01,0.01,0.01,0.01,3
EMBRK829,2025-10-07,2.6,2.16,2.16,2.68,26
BOVAK102,2025-10-07,36.64,36.64,36.64,36.64,1
WEGEV345W4,2025-10-07,0.5,0.42,0.42,0.5,2
ECORJ760,2025-10-07,0.2,0.2,0.2,0.2,1
SMALL105,2025-10-07,5,4.9,4.9,5,2
MRVEV760W4,2025-10-07,1.04,1.22,1.04,1.22,2
EMBRJ869,2025-10-07,0.12,0.09,0.09,0.12,5
MRVEK920,2025-10-07,0.02,0.02,0.02,0.02,1
WEGEW453,2025-10-07,8.4,8.43,8.4,8.43,2
RAILJ181,2025-10-07,0.01,0.01,0.01,0.01,1
IBOVL142,2025-10-07,5300,5300,5300,5300,1
ECORK680,2025-10-07,1.02,1.02,1.02,1.02,1
BOVAX840,2025-10-07,0.01,0.01,0.01,0.01,1
IBOVV137W5,2025-10-07,475,475,475,475,1
BOVAV148W2,2025-10-07,8.01,9.52,8.01,9.52,5
BOVAV129W4,2025-10-07,0.09,0.09,0.09,0.09,1
BOVAU135,2025-10-07,6.62,6.62,6.62,6.62,1
BOVAJ900,2025-10-07,48.75,48.75,48.75,48.75,1
SUZBV540,2025-10-07,4.65,4.65,4.65,4.65,1
EMBRW824,2025-10-07,6.43,6.43,6.43,6.43,1
IVVBJ450,2025-10-07,0.07,0.07,0.07,0.07,1
WEGEX368,2025-10-07,1.44,1.44,1.44,1.44,1
RAILJ170,2025-10-07,0.08,0.08,0.08,0.08,2
RAILJ146,2025-10-07,0.83,0.83,0.83,0.83,1
POMOI80,2025-10-07,2.26,2.26,2.26,2.26,1
EMBRV679,2025-10-07,0.1,0.12,0.1,0.12,3
EMBRW784,2025-10-07,3.59,4.04,3.58,4.04,21
EMBRW724,2025-10-07,1.5,1.79,1.5,1.79,2
ECORW789,2025-10-07,0.62,0.62,0.62,0.62,1
BOVAL40,2025-10-07,0.3,0.25,0.25,0.3,2
ECORX920,2025-10-07,1.38,1.38,1.38,1.38,2
BOVAK141W2,2025-10-07,1.75,1.75,1.75,1.75,1
BOVAM108,2025-10-07,0.1,0.1,0.1,0.1,2
BOVAV160W2,2025-10-07,20.47,20.59,20.47,20.59,2
EMBRV819,2025-10-07,4.74,4.62,4.56,4.74,4
ABEVL129,2025-10-07,0.16,0.16,0.16,0.16,1
ABEVK112,2025-10-07,0.95,0.95,0.95,0.95,1
BOVAO138,2025-10-07,2.59,2.59,2.59,2.59,1
SMALK119,2025-10-07,0.29,0.26,0.26,0.29,2
EMBRV849,2025-10-07,6.85,6.85,6.85,6.85,1
MRVEJ660W2,2025-10-07,0.5,0.3,0.3,0.5,2
IBOVL50,2025-10-07,2050,2050,2050,2050,1
BOVAL184,2025-10-07,0.02,0.02,0.02,0.02,1
WEGEJ355W2,2025-10-07,0.81,0.76,0.76,0.81,2
EMBRW629,2025-10-07,0.31,0.31,0.31,0.31,1
BOVAM140,2025-10-07,2.47,2.54,2.47,2.54,6
SMALW118,2025-10-07,10.98,10.98,10.98,10.98,1
ABEVV139,2025-10-07,1.99,1.99,1.99,1.99,1
WEGEQ375,2025-10-07,2.05,2.05,2.05,2.05,1
IBOVV145W4,2025-10-07,2630,2635,2630,2635,2
SMALJ115W2,2025-10-07,0.02,0.02,0.02,0.02,1
MRVEV880,2025-10-07,1.86,1.86,1.86,1.86,1
MRVE3,2025-10-07,6.99,6.31,6.24,6.99,24286
BOVAJ132,2025-10-07,8.8,7.13,6.85,8.8,4945
SUZBW480W1,2025-10-07,0.38,0.56,0.36,0.62,55
SUZB3F,2025-10-07,49.3,48.82,48.82,49.99,2241
BITH11,2025-10-07,151.53,147.9,146.71,151.82,2878
RAPT4,2025-10-07,5.71,5.57,5.51,5.71,4560
POMO3,2025-10-07,7.5,7.38,7.3,7.55,1159
BOVAK108,2025-10-07,32.22,32.06,31.9,32.28,166
BOVAK13,2025-10-07,11,9.81,9.58,11,1630
BOVAW156,2025-10-07,14.5,15.19,14.5,15.45,87
BOVX11,2025-10-07,14.65,14.43,14.39,14.65,17895
BOVAV27,2025-10-07,3.6,5.01,3.6,5.31,5106
BOVAW137,2025-10-07,0.83,1.29,0.83,1.47,4640
BOVAK9,2025-10-07,13.75,12.61,12.38,13.75,1161
BOVAJ133,2025-10-07,7.15,5.3,5,7.15,5261
MRVEB107,2025-10-07,0.08,0.08,0.08,0.08,1
CMDB11,2025-10-07,13.24,13.07,13.07,13.24,25
BOVAW14,2025-10-07,3.47,4.3,3.47,4.88,330
BOVAJ151,2025-10-07,0.02,0.02,0.01,0.03,1716
BOVAK154,2025-10-07,0.22,0.15,0.14,0.22,262
WEGEW340,2025-10-07,0.5,0.51,0.47,0.54,15
BOVAL29,2025-10-07,6,5.2,5.2,6.03,21
ABEVJ127,2025-10-07,0.01,0.01,0.01,0.01,40
BOVAW8,2025-10-07,0.22,0.25,0.21,0.28,3592
IBOVW136,2025-10-07,515,590,515,610,6
IBOVV144,2025-10-07,1800,2605,1800,2700,234
VWRA11,2025-10-07,102.59,101.77,101.5,102.59,47
GOLL54F,2025-10-07,5.29,5.14,5.05,5.34,218
BOVAL130,2025-10-07,13.01,12.13,11.5,13.37,341
IBOVL153,2025-10-07,1050,1015,1015,1050,2
RAPT3,2025-10-07,5.78,5.51,5.49,5.78,82
MRVEJ880,2025-10-07,0.01,0.01,0.01,0.01,2
TECK11,2025-10-07,112.78,112.02,111.54,112.78,398
BOVAJ142W4,2025-10-07,1.02,0.69,0.67,1.02,61
MRVEW640,2025-10-07,0.27,0.43,0.27,0.45,443
RAILV156,2025-10-07,0.43,0.28,0.28,0.46,12
BOVAL8,2025-10-07,0.59,0.56,0.56,0.61,3
SMALL129,2025-10-07,8.5,8.5,8.5,8.5,1
SMALV106W2,2025-10-07,0.88,1.85,0.88,2.14,84
SMALW960,2025-10-07,0.47,0.55,0.47,0.55,44
BOVAK24,2025-10-07,0.95,0.55,0.52,0.95,767
BOVAV29,2025-10-07,7.8,8.92,7.8,9.06,1678
BOVAV136W2,2025-10-07,0.06,0.13,0.06,0.16,118
BOVAJ8,2025-10-07,13.25,12.18,11.88,13.73,1367
BOVAV135W2,2025-10-07,0.04,0.06,0.04,0.08,185
BOVAK138W1,2025-10-07,3.7,3.3,2.85,4.2,31
SMALW100,2025-10-07,0.89,1.13,0.86,1.19,155
BOVAW112,2025-10-07,0.04,0.03,0.03,0.04,190
SMALW995,2025-10-07,0.87,1.05,0.87,1.11,30
BOVAW103,2025-10-07,0.01,0.01,0.01,0.01,24
BOVAV147W2,2025-10-07,7.01,7.18,7,8.18,15
ABEVW12,2025-10-07,0.45,0.48,0.45,0.48,45
WEGEK360,2025-10-07,1.67,1.68,1.62,1.9,27
ABEVV124,2025-10-07,0.51,0.59,0.51,0.62,53
BOVAV141W4,2025-10-07,2,2.56,1.96,2.79,57
MRVEK780,2025-10-07,0.17,0.1,0.07,0.17,31
BOVAK112,2025-10-07,27.89,27.17,26.9,27.89,170
SMALK105,2025-10-07,4.13,3.51,3.36,4.13,58
EMBRK759,2025-10-07,6.09,5.48,5.16,6.09,33
AZULV800,2025-10-07,0.01,0.01,0.01,0.01,1
BOVAV136W4,2025-10-07,0.38,0.56,0.38,0.62,26
WEGEK385,2025-10-07,0.8,0.69,0.67,0.8,6
POMOV870,2025-10-07,0.14,0.21,0.14,0.21,6
SMALJ107W2,2025-10-07,0.58,0.18,0.18,0.68,26
SMALJ109,2025-10-07,0.65,0.3,0.28,0.65,43
SUZBW420,2025-10-07,0.03,0.03,0.03,0.03,1
BOVAL28,2025-10-07,8.01,6.62,6.31,8.01,48
BOVAX27,2025-10-07,1.31,1.51,1.31,1.55,10
IBOVV138,2025-10-07,185,200,185,295,28
WEGEW405,2025-10-07,4.1,4.18,4.1,4.25,5
WEGEV365W2,2025-10-07,0.7,0.67,0.67,0.73,5
SMALK120,2025-10-07,0.23,0.18,0.17,0.23,15
BRAZ11,2025-10-07,10.62,10.61,10.61,10.62,3
BOVAJ134W4,2025-10-07,6.48,5.47,5.47,6.48,33
BOVAD110,2025-10-07,36.5,35.03,34.95,36.5,11
SUZBK515,2025-10-07,1.1,0.79,0.79,1.1,15
MRVEW760,2025-10-07,0.82,1.25,0.81,1.25,20
EMBRK610,2025-10-07,17.55,17.55,17.55,17.55,1
GBTC11,2025-10-07,32.35,32,31.77,32.35,55
BOVAK50,2025-10-07,89.4,88.85,88.85,89.4,2
MRVEV750,2025-10-07,0.8,1.14,0.8,1.21,75
IBOVJ145,2025-10-07,485,260,215,485,275
RAILL186,2025-10-07,0.12,0.13,0.12,0.13,2
IBOVV139,2025-10-07,385,390,325,395,193
AZULJ110,2025-10-07,0.1,0.08,0.06,0.14,40
DOLB11,2025-10-07,96.46,96.66,96.46,96.72,66
MRVEK670,2025-10-07,0.63,0.3,0.3,0.63,48
BOVAL33,2025-10-07,25.5,25.25,25.15,25.5,12
TECX11,2025-10-07,157.19,156.1,155.27,157.19,19
BOVAV144W2,2025-10-07,4.07,5.28,4.07,5.56,844
BOVAV145W2,2025-10-07,5.23,6.23,5.21,6.54,28
SUZBL542,2025-10-07,0.65,0.6,0.57,0.68,7
BOVAV155,2025-10-07,15.5,16,15.47,16.09,29
SUZBW475,2025-10-07,0.45,0.53,0.45,0.53,4
WEGEV335W4,2025-10-07,0.25,0.26,0.25,0.26,3
WEGEK353,2025-10-07,2.2,2.1,2.05,2.23,6
SMALV110,2025-10-07,4.09,4.6,4.03,5.44,78
WEGEV350W2,2025-10-07,0.12,0.08,0.07,0.12,7
EMBRV659,2025-10-07,0.05,0.05,0.05,0.05,1
BOVAK165,2025-10-07,0.03,0.03,0.02,0.03,35
BOVAJ135W4,2025-10-07,5.17,4.85,4.65,5.19,173
BOVAX43,2025-10-07,3.85,2.5,2.5,4.2,6
BOVAL13,2025-10-07,31.5,40,25,40,4
SMALX980,2025-10-07,0.98,1.15,0.98,1.15,2
SUZBK458,2025-10-07,4.87,4.36,4.36,4.87,2
IBOVJ151W5,2025-10-07,150,150,150,150,1
MRVEJ670,2025-10-07,0.36,0.13,0.11,0.38,37
IBOVJ130,2025-10-07,12185,12100,12100,12185,2
WEGEK355,2025-10-07,2.08,1.97,1.95,2.15,23
ARGE11,2025-10-07,7.77,7.82,7.67,8.07,30
MRVEW720,2025-10-07,0.56,0.9,0.55,0.96,71
SMALW980,2025-10-07,0.69,0.78,0.66,0.85,14
BOVAB127,2025-10-07,18,18,18,18,1
BOVAK174,2025-10-07,0.01,0.01,0.01,0.01,2
ECORW759,2025-10-07,0.46,0.46,0.46,0.46,1
SUZBW465W2,2025-10-07,0.26,0.25,0.25,0.26,2
ABEVJ125W4,2025-10-07,0.04,0.04,0.04,0.04,1
BOVAJ148W4,2025-10-07,0.14,0.08,0.08,0.14,22
BOVAV131W2,2025-10-07,0.02,0.02,0.02,0.02,7
IBOVJ147W5,2025-10-07,560,560,560,560,1
GOAT11,2025-10-07,52.11,51.93,51.93,52.13,39
B3BR11,2025-10-07,53.12,52.92,52.92,53.12,3
BOVAX37,2025-10-07,6.3,6.65,6.3,6.65,4
IBOVK145,2025-10-07,2315,1810,1695,2320,753
ABEVJ115W2,2025-10-07,0.36,0.28,0.28,0.36,3
MRVEK690,2025-10-07,0.51,0.24,0.22,0.51,94
ECORX829,2025-10-07,0.9,0.9,0.9,0.9,2
BOVAJ122W4,2025-10-07,17.52,17.27,17.27,17.55,5
SUZBW465W1,2025-10-07,0.18,0.21,0.16,0.21,8
IBOVX146,2025-10-07,4000,4100,4000,4100,2
SMALO950,2025-10-07,1.76,0.17,0.17,1.76,2
BOVAJ131W2,2025-10-07,8.87,7.75,7.61,8.87,31
IBOVK151,2025-10-07,570,465,465,570,4
BOVAK161,2025-10-07,0.07,0.04,0.03,0.07,2463
BOVAJ136W4,2025-10-07,4.83,3.98,3.87,4.86,47
WEGEK380,2025-10-07,0.91,0.85,0.84,0.91,4
MRVEK630,2025-10-07,0.59,0.54,0.47,0.59,25
BOVAV122,2025-10-07,0.01,0.02,0.01,0.03,686
BOVAI140,2025-10-07,18.26,17.36,17.36,18.26,3
IBOVA138,2025-10-07,10200,10200,10200,10200,1
BOVAX201,2025-10-07,0.03,0.03,0.02,0.03,13
ABEVA118,2025-10-07,0.66,0.66,0.66,0.66,1
MRVEV610,2025-10-07,0.05,0.14,0.05,0.15,29
BOVAJ127W4,2025-10-07,12.43,12.47,12.43,12.53,10
EMBRK804,2025-10-07,3.68,3.2,2.98,3.68,7
BOVAV162,2025-10-07,22.06,23.23,22.06,23.44,12
BOVAH15,2025-10-07,11.12,10.33,10.33,11.12,5
WEGEW429,2025-10-07,6.12,6.2,6.12,6.2,2
RAILV166,2025-10-07,1.15,0.99,0.99,1.25,4
EMBRJ780W2,2025-10-07,1.06,0.86,0.74,1.06,9
EMBRV790W2,2025-10-07,2.04,2.35,1.93,2.35,5
SMALN88,2025-10-07,0.72,0.7,0.7,0.72,2
IBOVP151,2025-10-07,6100,6200,6100,6200,2
BOVAJ116W2,2025-10-07,24,24,24,24,1
SMALW114,2025-10-07,7.56,8.04,7.5,8.04,12
ABEVV137,2025-10-07,1.8,1.83,1.77,1.83,6
SUZBW598,2025-10-07,9.04,9.04,9.04,9.04,1
RAPTW655,2025-10-07,0.9,0.9,0.9,0.9,1
IBOVC149,2025-10-07,6260,5990,5990,6260,3
ABEVB108,2025-10-07,1.6,1.5,1.5,1.6,3
BOVAW17,2025-10-07,28.73,28.91,28.73,28.91,2
IBOVJ144W2,2025-10-07,50,50,50,50,1
ABEVM139,2025-10-07,1.5,1.68,1.5,1.68,2
MRVEJ840,2025-10-07,0.01,0.01,0.01,0.01,28
BOVAV132W4,2025-10-07,0.13,0.17,0.13,0.17,5
EMBRV730W2,2025-10-07,0.13,0.11,0.11,0.13,4
ABEVL195,2025-10-07,0.16,0.16,0.16,0.2,4
BOVAW102,2025-10-07,0.01,0.01,0.01,0.01,14
BOVAX124,2025-10-07,0.21,0.23,0.21,0.24,8
BOVAV9,2025-10-07,0.01,0.01,0.01,0.01,411
SUZBK483,2025-10-07,2.85,2.85,2.85,2.85,1
EMBRJ790W2,2025-10-07,0.78,0.49,0.41,0.78,10
SUZBV630,2025-10-07,12.99,13,12.99,13,2
ABEVA139,2025-10-07,0.18,0.09,0.09,0.18,4
ABEVK11,2025-10-07,2.65,2.69,2.65,2.69,2
ABEVA11,2025-10-07,3.04,3.04,2.8,3.04,17
SMALH100,2025-10-07,18,17.85,17.85,18,2
RAILL159,2025-10-07,0.94,0.94,0.94,0.94,5
BOVAV130W2,2025-10-07,0.02,0.01,0.01,0.02,8
SMALW970,2025-10-07,0.66,0.65,0.65,0.66,4
RAILW159,2025-10-07,0.78,0.68,0.68,0.78,7
AZULA500,2025-10-07,0.02,0.04,0.02,0.05,14
BOVAL20,2025-10-07,20.72,20.72,20.72,20.72,1
SUZBA600,2025-10-07,0.2,0.19,0.19,0.2,3
EMBRK619,2025-10-07,16.24,16.25,16.24,16.25,2
MRVEX470,2025-10-07,0.04,0.04,0.04,0.04,1
MRVEL750,2025-10-07,0.3,0.2,0.2,0.3,3
SUZBK500,2025-10-07,1.53,1.37,1.37,1.84,38
WEGEK360W1,2025-10-07,1.2,1.19,1.19,1.2,2
SUZBW488,2025-10-07,0.93,1,0.9,1,5
MRVEV800,2025-10-07,1.64,1.64,1.64,1.64,1
BOVAP140,2025-10-07,3.68,3.68,3.68,3.68,1
WEGEX324,2025-10-07,0.25,0.25,0.25,0.25,1
BOVAA152,2025-10-07,1.58,1.36,1.33,1.58,7
BREW11,2025-10-07,127.11,126.27,126.27,127.11,3
SMALV100W2,2025-10-07,0.1,0.1,0.1,0.15,3
SUZBW770,2025-10-07,23.22,23.23,23.22,23.23,2
BOVAU33,2025-10-07,18.18,18.25,18.18,18.25,5
IBOVV141W2,2025-10-07,390,300,300,390,2
BOVAM138,2025-10-07,2.17,2.34,2.17,2.4,12
POMOJ840,2025-10-07,0.34,0.34,0.34,0.34,3
EMBRW649,2025-10-07,0.46,0.49,0.46,0.49,2
BOVAK172,2025-10-07,0.01,0.01,0.01,0.01,6
BOVAB125,2025-10-07,20.34,20.34,20.34,20.34,1
BOVAL15,2025-10-07,14.5,14.5,14.5,14.5,1
MRVEJ810,2025-10-07,0.01,0.01,0.01,0.01,4
BOVAJ131W4,2025-10-07,8.48,8.54,8.36,8.57,19
WEGEJ359,2025-10-07,0.92,0.84,0.71,0.92,3
BOVAJ149W4,2025-10-07,0.06,0.06,0.06,0.06,2
BOVAJ111,2025-10-07,27.88,27.99,27.88,27.99,2
IVVBJ395,2025-10-07,10.45,10.45,10.45,10.45,1
WEGEK408,2025-10-07,0.27,0.26,0.26,0.27,2
SMALV107W4,2025-10-07,3.02,3.02,3.02,3.02,1
EMBRL650,2025-10-07,25.3,25.3,25.3,25.3,1
BOVAO139,2025-10-07,3.97,3.97,3.97,3.97,1
BOVAJ110W2,2025-10-07,28.77,28.77,28.77,28.77,1
IBOVA151,2025-10-07,2450,2450,2450,2450,1
BOVAA111,2025-10-07,31.15,31.15,31.15,31.15,1
MRVEA680,2025-10-07,0.48,0.48,0.48,0.48,1
SUZBV500W2,2025-10-07,0.5,0.9,0.45,0.9,7
WEGEA383,2025-10-07,1.5,1.4,1.4,1.5,2
EMBRV829,2025-10-07,5.62,5.62,5.62,5.62,1
IBOVK131,2025-10-07,11200,11200,11200,11200,1
BOVAV128W5,2025-10-07,0.1,0.1,0.1,0.1,1
BOVAK186,2025-10-07,0.01,0.01,0.01,0.01,2
BOVAB133,2025-10-07,13.1,13.1,13.1,13.1,1
BOVAK167,2025-10-07,0.02,0.02,0.02,0.02,8
SMALJ104W2,2025-10-07,1.84,1.84,1.84,1.84,1
EMBRJ840W2,2025-10-07,0.06,0.06,0.06,0.06,1
POMOW820,2025-10-07,0.13,0.15,0.13,0.15,2
BOVAB150,2025-10-07,3.3,3,3,3.3,3
BOVAW144W2,2025-10-07,4.79,4.78,4.78,4.79,2
MRVEL660,2025-10-07,0.47,0.45,0.45,0.49,3
MRVEV830,2025-10-07,1.89,2,1.89,2,4
BOVAN122,2025-10-07,0.5,0.44,0.44,0.5,2
SMALJ106W4,2025-10-07,2.25,1.39,1.39,2.25,5
RAILJ151,2025-10-07,0.57,0.59,0.57,0.59,6
BOVAV143,2025-10-07,2.3,2.3,2.3,2.3,1
WEGEV472,2025-10-07,10.75,10.74,10.74,10.75,2
IBOVL147,2025-10-07,2735,2655,2655,2735,4
POMOJ950,2025-10-07,0.03,0.03,0.03,0.03,1
WEGEV444,2025-10-07,8,8,8,8,1
ABEVK125W1,2025-10-07,0.13,0.12,0.12,0.13,3
ABEVW132,2025-10-07,1.22,1.22,1.22,1.22,2
BOVAX165,2025-10-07,21,21,21,21,1
BOVAX910,2025-10-07,0.01,0.01,0.01,0.01,1
SUZBW515,2025-10-07,2,1.8,1.8,2.01,5
EMBRV669,2025-10-07,0.08,0.08,0.08,0.08,1
BOVAK143W1,2025-10-07,0.82,0.82,0.82,0.82,1
MRVEG90,2025-10-07,0.99,0.99,0.99,0.99,4
MRVEK660W1,2025-10-07,0.29,0.27,0.27,0.29,2
BOVAX870,2025-10-07,0.01,0.01,0.01,0.01,1
MRVEW710,2025-10-07,0.6,0.86,0.6,0.86,16
BOVAX860,2025-10-07,0.01,0.01,0.01,0.01,1
BOVAH8,2025-10-07,13,13,13,13,1
WEGEJ389,2025-10-07,0.05,0.05,0.05,0.05,2
IBOVL55,2025-10-07,685,685,685,685,2
MRVEA780,2025-10-07,0.22,0.22,0.22,0.22,1
RAPTW595,2025-10-07,0.46,0.46,0.46,0.46,1
RAILK181,2025-10-07,0.08,0.08,0.08,0.08,1
SUZBV470W2,2025-10-07,0.02,0.02,0.02,0.02,1
WEGEV417,2025-10-07,5.2,5.2,5.2,5.2,1
ECORL102,2025-10-07,0.11,0.11,0.11,0.11,1
WEGEV489,2025-10-07,12.58,12.58,12.58,12.58,1
BOVAC122,2025-10-07,23,23.14,23,23.14,62
BOVAV142W5,2025-10-07,3,3.45,3,3.5,3
IBOVK134,2025-10-07,9200,9200,9200,9200,1
AZULL900,2025-10-07,0.3,0.3,0.3,0.3,1
SUZBV465W4,2025-10-07,0.08,0.08,0.08,0.08,1
ABEVV110W2,2025-10-07,0.01,0.01,0.01,0.01,2
WEGEJ385W2,2025-10-07,0.02,0.02,0.02,0.02,1
POMOK930,2025-10-07,0.18,0.18,0.18,0.18,1
MRVED10,2025-10-07,0.15,0.15,0.15,0.15,1
ABEVJ129,2025-10-07,0.01,0.01,0.01,0.01,1
BOVAX39,2025-10-07,0.05,0.05,0.05,0.05,3
SUZBJ510W4,2025-10-07,0.55,0.55,0.55,0.55,1
BOVAB122,2025-10-07,23.25,23,23,23.25,3
BOVAN163,2025-10-07,17.03,17.16,17.03,17.16,3
ECORK800,2025-10-07,0.34,0.34,0.34,0.34,1
BOVAO140,2025-10-07,4.09,2.98,2.98,4.09,3
BOVAA200,2025-10-07,0.01,0.01,0.01,0.01,1
MRVEH820,2025-10-07,1.6,1.6,1.6,1.6,1
BOVAR132,2025-10-07,2.1,2.1,2.1,2.1,1
BOVAJ155,2025-10-07,0.01,0.01,0.01,0.01,4
WEGEV365W4,2025-10-07,1.11,1.11,1.11,1.11,1
MRVEX780,2025-10-07,0.94,0.94,0.94,0.94,1
BOVAV149W2,2025-10-07,9.01,9.01,9.01,9.01,1
ECORW700,2025-10-07,0.09,0.09,0.09,0.09,1
EMBRM734,2025-10-07,2,2,2,2,2
IBOVL156,2025-10-07,900,900,900,900,1
BOVAK109,2025-10-07,30.83,30.1,29.85,30.83,62
BOVAW11,2025-10-07,0.05,0.04,0.03,0.05,357
BOVAV135,2025-10-07,0.15,0.27,0.15,0.31,7443
BOVAK7,2025-10-07,11.89,10.69,10.5,11.89,3524
BEST11,2025-10-07,101.7,100.51,100.31,101.89,1107
BOVAK8,2025-10-07,12.79,11.67,11.43,12.79,1080
BOVAV139,2025-10-07,0.79,1.35,0.76,1.5,13397
BOVAV26,2025-10-07,2.2,3.24,1.75,3.53,9528
BOVAK139,2025-10-07,4.13,3.08,2.98,4.13,2920
BOVAV31,2025-10-07,3.09,4.11,3.06,4.42,6302
ABEVV114,2025-10-07,0.04,0.04,0.04,0.04,5
BOVAK32,2025-10-07,2.41,1.99,1.65,2.46,5321
BOVAW124,2025-10-07,0.11,0.11,0.1,0.13,444
BOVAK104,2025-10-07,36.18,35.98,35.82,36.39,49
MATB11,2025-10-07,52.69,52.32,52.23,52.94,121
BOVAW21,2025-10-07,0.5,0.7,0.5,0.77,2852
BOVAJ131,2025-10-07,9.4,8.13,7.85,9.4,2127
SPYI11,2025-10-07,111.98,111.7,111.36,112.09,1159
SUZBW493,2025-10-07,0.85,1.21,0.83,1.22,69
BOVAK14,2025-10-07,2.28,1.39,1.32,2.5,2441
WRLD11,2025-10-07,133.53,133.48,132.9,133.93,924
BOVAW136,2025-10-07,0.77,1.11,0.69,1.19,2631
BOVAK143W2,2025-10-07,1.77,1.5,1.5,1.77,2
SMAB11,2025-10-07,7.97,7.72,7.7,7.97,510
BOVAW19,2025-10-07,0.1,0.09,0.08,0.1,1272
BOVAK11,2025-10-07,26.29,25.21,24.49,26.34,1123
POMO3F,2025-10-07,7.58,7.39,7.3,7.58,329
SUZBW490W1,2025-10-07,0.63,0.97,0.62,0.99,89
BOVAJ24,2025-10-07,12.8,11.07,10.87,12.8,882
MRVEJ760,2025-10-07,0.1,0.01,0.01,0.1,1129
BOVAV34,2025-10-07,10.21,9.75,8.7,10.21,938
BOVAW116,2025-10-07,0.04,0.05,0.04,0.06,702
AUVP11,2025-10-07,101.29,100.16,99.95,101.64,358
SMALV103,2025-10-07,0.62,0.93,0.61,1.05,93
SMALJ108W4,2025-10-07,0.93,0.81,0.76,0.95,15
WEGEJ375W4,2025-10-07,0.62,0.59,0.56,0.62,4
BOVAW151,2025-10-07,9.46,3.43,3.43,10.71,105
BOVAJ13,2025-10-07,10.8,9.13,8.9,10.8,3491
BOVAK123,2025-10-07,18.58,17.41,17.15,18.58,458
BOVAW106,2025-10-07,0.02,0.02,0.01,0.02,49
BOVAX134,2025-10-07,0.9,1.07,0.9,1.16,311
BOVAV23,2025-10-07,0.02,0.03,0.02,0.04,2183
PEVC11,2025-10-07,194.98,190.57,189.85,194.98,29
SUZBJ505,2025-10-07,0.53,0.33,0.3,0.56,13
EMBRW639,2025-10-07,0.4,0.43,0.4,0.43,3
SVAL11,2025-10-07,131.29,129,128.39,131.29,198
CHIP11,2025-10-07,138.1,133.67,133.65,138.11,40
WEGEK343,2025-10-07,3.03,2.98,2.82,3.03,3
BOVAW152,2025-10-07,11.28,11.39,11.03,11.57,234
BOVAJ22,2025-10-07,16.1,15.15,14.91,16.1,335
BOVAL25,2025-10-07,11.5,10.4,10.4,11.5,198
MRVEW600,2025-10-07,0.12,0.25,0.12,0.26,80
BOVAW119,2025-10-07,0.07,0.06,0.06,0.08,103
BOVAL138,2025-10-07,6.5,5.6,4.79,6.99,38
BBSD11,2025-10-07,117.52,117.1,117.04,117.56,7
BOVAK119,2025-10-07,21.77,21.3,21.04,21.77,309
BOVAK157,2025-10-07,0.13,0.1,0.07,0.13,92
BITI11,2025-10-07,181.5,181.47,174.12,181.5,67
SUZBW505,2025-10-07,1.6,1.71,1.43,1.71,21
BIZD11,2025-10-07,87.34,86.38,85.82,87.93,62
BOVAV120W2,2025-10-07,0.01,0.01,0.01,0.01,2
SMALK112,2025-10-07,1.09,0.94,0.91,1.09,34
BOVAV19,2025-10-07,0.02,0.01,0.01,0.02,99
BOVAL37,2025-10-07,2.11,1.75,1.7,2.11,6
BOVAL160,2025-10-07,0.23,0.25,0.22,0.25,4
ABEVJ119,2025-10-07,0.17,0.13,0.13,0.18,21
WEGEW365,2025-10-07,1.3,1.39,1.3,1.43,29
ECORK849,2025-10-07,0.12,0.1,0.09,0.12,12
SMALV109,2025-10-07,4.12,4.39,4,4.39,7
BOVAL35,2025-10-07,2.02,2,2,2.02,2
IBOVW135,2025-10-07,325,430,325,480,24
SUZBW480W2,2025-10-07,0.51,0.57,0.51,0.57,5
SUZBW490W2,2025-10-07,0.84,0.82,0.82,0.84,2
SMALV101,2025-10-07,0.29,0.47,0.29,0.54,8
IBOVW144,2025-10-07,2435,3015,2425,3130,20
SMALK111,2025-10-07,1.64,1.18,1.12,1.64,32
ABEVV123,2025-10-07,0.35,0.39,0.33,0.4,24
BOVAL34,2025-10-07,3.18,2.65,2.59,3.18,22
SUZBJ510,2025-10-07,0.25,0.17,0.17,0.39,38
AZULJ140,2025-10-07,0.02,0.01,0.01,0.02,31
SUZBV500,2025-10-07,0.96,1.2,0.66,1.2,44
WEGEK390,2025-10-07,0.59,0.56,0.54,0.59,3
ABEVK137,2025-10-07,0.03,0.04,0.03,0.04,13
MRVEJ900,2025-10-07,0.01,0.01,0.01,0.01,3
BOVAG21,2025-10-07,28.68,28.6,28.41,28.68,28
EMBRV750W2,2025-10-07,0.35,0.31,0.31,0.43,6
SUZBJ525,2025-10-07,0.08,0.07,0.06,0.11,14
ABEVK127,2025-10-07,0.16,0.13,0.13,0.16,42
RAILJ171,2025-10-07,0.02,0.01,0.01,0.02,6
MRVEK800,2025-10-07,0.13,0.07,0.06,0.13,23
WEGEJ370W2,2025-10-07,0.14,0.06,0.06,0.14,16
BOVAV125W2,2025-10-07,0.01,0.01,0.01,0.01,4
WEGEJ384,2025-10-07,0.08,0.06,0.06,0.08,5
BOVAL22,2025-10-07,15.2,14.99,14.82,15.2,79
RAILW151,2025-10-07,0.5,0.5,0.5,0.5,1
SMALK121,2025-10-07,0.15,0.15,0.14,0.15,13
EMBRJ594,2025-10-07,17.9,17.9,17.9,17.9,1
SMALV112,2025-10-07,5.84,6.81,5.84,6.87,3
ABEVW112,2025-10-07,0.11,0.12,0.1,0.12,9
BOVAT7,2025-10-07,3.2,3.5,3.2,3.5,5
RAILW141,2025-10-07,0.21,0.2,0.2,0.21,3
SUZBK578,2025-10-07,0.08,0.08,0.08,0.08,1
USAL11,2025-10-07,15.46,15.47,15.39,15.49,24
MRVEV730,2025-10-07,0.55,0.95,0.55,1.06,146
MRVEV77,2025-10-07,0.68,1.35,0.68,1.45,53
EMBRK719,2025-10-07,8.05,8.05,8.05,8.05,1
EMBRW749,2025-10-07,2.23,2.55,2.23,2.64,23
WEGEV355W4,2025-10-07,0.82,0.75,0.73,0.82,4
BOVAW107,2025-10-07,0.02,0.01,0.01,0.02,25
WEGEJ360W2,2025-10-07,0.39,0.46,0.35,0.46,11
MRVEX680,2025-10-07,0.35,0.69,0.35,0.69,7
IBOVJ147,2025-10-07,190,105,105,190,30
AZULV149,2025-10-07,0.4,0.4,0.4,0.4,2
AZULJ130,2025-10-07,0.03,0.04,0.02,0.04,30
WEGEK400,2025-10-07,0.41,0.38,0.37,0.42,11
RAILK186,2025-10-07,0.04,0.05,0.04,0.05,2
SMALW940,2025-10-07,0.31,0.42,0.31,0.42,10
AZULW900,2025-10-07,0.06,0.03,0.03,0.06,2
ABEVV109,2025-10-07,0.01,0.01,0.01,0.01,12
WEGEJ365W2,2025-10-07,0.3,0.21,0.18,0.3,13
SMALW103,2025-10-07,1.56,1.96,1.56,2.04,65
MRVEV740,2025-10-07,0.5,1.05,0.5,1.12,64
MRVEL650,2025-10-07,0.6,0.6,0.6,0.6,2
SMALW930,2025-10-07,0.29,0.31,0.29,0.31,2
MRVEV670,2025-10-07,0.18,0.48,0.18,0.52,24
EMBRV774,2025-10-07,1.44,2.04,1.42,2.1,41
SMALJ980,2025-10-07,7.5,6.66,6.66,7.5,3
MRVEW680,2025-10-07,0.36,0.65,0.36,0.67,30
IBOVK148,2025-10-07,1155,850,850,1180,12
SMALJ115,2025-10-07,0.08,0.06,0.05,0.08,6
ECORJ820,2025-10-07,0.05,0.04,0.04,0.05,4
SUZBK560W2,2025-10-07,0.11,0.1,0.08,0.12,20
MRVEK750,2025-10-07,0.2,0.12,0.11,0.2,13
IBOVJ142,2025-10-07,1760,1050,1050,1805,30
EMBRW779,2025-10-07,3.31,3.68,3.3,3.95,83
WEGEJ382,2025-10-07,0.12,0.07,0.07,0.13,6
SUZBK540W2,2025-10-07,0.28,0.28,0.27,0.29,8
EMBRK844,2025-10-07,1.82,1.77,1.77,1.82,2
WEGEV404,2025-10-07,4.21,4.21,4.21,4.21,3
WEGEL383,2025-10-07,0.91,0.93,0.91,0.93,6
EMBRV769,2025-10-07,1.25,1.57,1.25,1.81,43
IBOVW145,2025-10-07,3385,3445,3330,3655,856
EMBRW849,2025-10-07,8.19,8.19,8.19,8.19,1
EMBRV729,2025-10-07,0.47,0.46,0.46,0.55,3
IBOVJ148W4,2025-10-07,285,210,210,290,3
BOVAV143W4,2025-10-07,3.57,3.95,3.57,4.25,8
IBOVL152,2025-10-07,1395,1175,1175,1395,4
FOMO11,2025-10-07,39.9,39.5,39.5,39.91,14
BOVAJ133W4,2025-10-07,7.37,6.55,6.5,7.37,47
EMBRV770W2,2025-10-07,0.82,0.91,0.82,1.18,18
SMALK114,2025-10-07,0.72,0.6,0.59,0.72,7
SMALK125,2025-10-07,0.08,0.08,0.08,0.08,2
SMALW107,2025-10-07,2.93,3.81,2.87,3.81,20
BOVAJ150W5,2025-10-07,0.21,0.11,0.11,0.21,6
BOVAL161,2025-10-07,0.2,0.2,0.2,0.2,1
BOVAV120,2025-10-07,0.02,0.02,0.01,0.02,196
BOVAJ141,2025-10-07,19.02,18.22,18.22,19.02,2
WEGEM358,2025-10-07,1.2,1.2,1.2,1.2,1
IBOVO146,2025-10-07,4400,4400,4400,4400,1
BOVAV126W4,2025-10-07,0.06,0.06,0.06,0.06,5
BOVAJ154W2,2025-10-07,0.01,0.01,0.01,0.01,1
BOVAW158,2025-10-07,16.98,17.14,16.93,17.39,11
SUZBA755,2025-10-07,0.05,0.05,0.05,0.05,1
WEGEV342,2025-10-07,0.07,0.08,0.07,0.08,6
SUZBV492,2025-10-07,0.34,0.76,0.34,0.76,26
MRVEJ790,2025-10-07,0.05,0.01,0.01,0.07,21
IBOVC146,2025-10-07,7850,7850,7850,7850,1
BOVAC145,2025-10-07,6.5,6.42,6.42,6.65,4
ABEVL101,2025-10-07,1.92,1.92,1.92,1.92,1
SUZBV595,2025-10-07,9.53,9.53,9.53,9.53,1
SMALV995,2025-10-07,0.28,0.3,0.28,0.32,17
SUZBJ545,2025-10-07,0.02,0.01,0.01,0.02,2
EMBRW679,2025-10-07,0.74,0.78,0.74,0.84,7
BOVAL129,2025-10-07,29.2,29.2,29.2,29.2,1
SMALK118,2025-10-07,0.36,0.24,0.24,0.36,9
MRVEJ610,2025-10-07,0.57,0.36,0.36,0.57,7
EMBRK799,2025-10-07,3.59,3.23,3.23,3.66,5
MRVEW670,2025-10-07,0.49,0.6,0.49,0.6,3
BOVAW142W1,2025-10-07,3.22,3,3,3.22,2
SMALV110W2,2025-10-07,4.13,5.41,4.01,5.41,29
BOVAJ123W4,2025-10-07,16.46,16.37,16.37,16.46,4
AZULV99,2025-10-07,0.04,0.05,0.03,0.05,50
EMBRW614,2025-10-07,0.25,0.26,0.24,0.26,4
SUZBJ585,2025-10-07,0.03,0.01,0.01,0.03,2
EMBRV839,2025-10-07,6.21,6.57,6.21,6.87,3
SUZBW480,2025-10-07,0.55,0.67,0.55,0.7,12
WEGEL433,2025-10-07,0.22,0.22,0.22,0.22,2
BOVAM970,2025-10-07,0.05,0.05,0.05,0.05,1
BOVAK129W1,2025-10-07,11.16,11.16,11.16,11.16,1
BOVAK146W4,2025-10-07,1.12,1.09,1.09,1.12,2
WEGEW358W2,2025-10-07,0.77,0.77,0.77,0.77,1
SUZBW530,2025-10-07,3.37,3.54,3.37,3.54,5
EMBRK924,2025-10-07,0.54,0.6,0.54,0.6,4
AZULB499,2025-10-07,0.01,0.04,0.01,0.04,4
SUZBW470,2025-10-07,0.3,0.49,0.29,0.49,10
ABEVO122,2025-10-07,0.5,0.52,0.5,0.52,3
SMALJ113W4,2025-10-07,0.16,0.16,0.16,0.16,1
BOVAA140,2025-10-07,7,6.09,6,7,20
AZULJ700,2025-10-07,0.37,0.4,0.37,0.4,3
EMBRW689,2025-10-07,0.95,0.94,0.93,0.99,7
BOVAX33,2025-10-07,0.11,0.09,0.09,0.11,2
BOVAA155,2025-10-07,15.1,15.1,15.1,15.1,1
WEGEX345,2025-10-07,0.75,0.75,0.75,0.75,1
BOVAJ107,2025-10-07,32.87,31.9,31.69,33.25,18
EMBRK854,2025-10-07,1.74,1.55,1.55,1.74,3
WEGEV390W2,2025-10-07,2.97,2.97,2.97,2.97,1
BOVAC133,2025-10-07,13.9,14.2,13.9,14.2,8
SUZBW445,2025-10-07,0.12,0.12,0.12,0.12,2
WEGEW470,2025-10-07,10.14,10.14,10.14,10.14,3
ECORJ560,2025-10-07,2.05,2.05,2.05,2.05,1
ECORJ255,2025-10-07,5.11,5.11,5.11,5.11,1
SUZBW435,2025-10-07,0.1,0.1,0.1,0.1,2
SMALW945,2025-10-07,0.44,0.44,0.44,0.44,1
BOVAG100,2025-10-07,58,56,56,58,4
RAILV146,2025-10-07,0.07,0.05,0.05,0.09,5
SMALK104,2025-10-07,4.61,3.98,3.91,4.72,35
RAILJ156,2025-10-07,0.3,0.35,0.23,0.35,16
EMBRW839,2025-10-07,7.38,7.27,7.27,7.44,3
ABEVK129,2025-10-07,0.1,0.1,0.09,0.1,6
WEGEM347,2025-10-07,0.95,0.85,0.85,0.95,2
BOVAB121,2025-10-07,23.4,22.89,22.89,23.4,3
SUZBM585,2025-10-07,6.94,7.34,6.94,7.34,2
EMBRK859,2025-10-07,1.55,1.43,1.42,1.55,3
BOVAW124W1,2025-10-07,0.18,0.16,0.16,0.18,2
ABEVW129,2025-10-07,0.95,0.97,0.95,0.97,2
HTEK11,2025-10-07,52.31,53.45,51.61,53.81,9
SUZBW495W1,2025-10-07,0.79,1.11,0.77,1.13,8
MRVEV680W2,2025-10-07,0.38,0.39,0.38,0.39,2
BOVAX31,2025-10-07,2.1,2.1,2.1,2.1,1
ABEVJ122W4,2025-10-07,0.09,0.09,0.09,0.09,1
BOVAN140,2025-10-07,2.92,3.14,2.92,3.14,102
EMBRW659,2025-10-07,0.57,0.57,0.57,0.57,2
SMALV960,2025-10-07,0.13,0.16,0.13,0.16,2
WEGEL370,2025-10-07,1.8,1.69,1.69,1.8,5
SMALK980,2025-10-07,8.5,8.26,8.26,8.5,5
IBOVX133,2025-10-07,655,655,655,655,1
WEGEJ365W4,2025-10-07,1.02,1.02,1.02,1.02,1
EMBRJ959,2025-10-07,0.01,0.01,0.01,0.01,1
ABEVV140W2,2025-10-07,2.24,2.24,2.24,2.24,1
BOVAC150,2025-10-07,3.9,4.13,3.9,4.27,9
BOVAJ101,2025-10-07,43.51,37.85,37.85,43.51,4
SUZBV515,2025-10-07,1.93,2.25,1.93,2.25,9
MRVEV840,2025-10-07,2.11,2.07,2.06,2.11,7
IBOVB140,2025-10-07,9900,9900,9900,9900,1
IBOVV147,2025-10-07,4875,4875,4875,4875,1
BOVAX155,2025-10-07,12,12,12,12,1
POMOV850,2025-10-07,0.09,0.1,0.09,0.1,3
BOVAD15,2025-10-07,5,5.25,5,5.39,10
IBOVJ128,2025-10-07,14000,14000,14000,14000,1
IBOVX141,2025-10-07,2230,2230,2230,2230,1
BOVAX850,2025-10-07,0.01,0.01,0.01,0.01,1
IBOVL146,2025-10-07,3100,3110,3100,3110,18
WEGEW323,2025-10-07,0.22,0.22,0.22,0.22,1
WEGEK393,2025-10-07,0.48,0.52,0.48,0.52,2
BOVAK850,2025-10-07,54.62,54.5,54.5,54.62,2
MRVEX580,2025-10-07,0.23,0.24,0.23,0.24,2
WEGEX330,2025-10-07,0.43,0.43,0.43,0.43,1
BOVAJ120W4,2025-10-07,19.14,19.1,19.1,19.14,2
WEGEW315,2025-10-07,0.17,0.15,0.15,0.17,3
AZULK900,2025-10-07,0.28,0.28,0.28,0.28,1
EMBRV800W5,2025-10-07,4.21,4.21,4.21,4.21,1
BOVAV136,2025-10-07,3.5,4.2,3.5,4.2,3
WEGEW490,2025-10-07,12.19,12.19,12.19,12.19,1
BOVVJ133,2025-10-07,13.83,13.83,13.83,13.83,2
BOVAL145,2025-10-07,19,19,19,19,1
BOVAP8,2025-10-07,5.28,5.26,5.26,5.28,2
BOVAK900,2025-10-07,50.1,50.1,50.1,50.1,1
BOVAX945,2025-10-07,0.01,0.01,0.01,0.01,1
WEGEX334,2025-10-07,0.45,0.45,0.45,0.45,1
BOVAW171,2025-10-07,29.89,30.11,29.89,30.11,2
IBOVD155,2025-10-07,5800,4725,4725,5800,2
BOVAB137,2025-10-07,9.67,9.67,9.67,9.67,1
IBOVX7,2025-10-07,13070,13070,13070,13075,4
BOVAS6,2025-10-07,5.7,5.7,5.7,5.7,1
IBOVW146,2025-10-07,4250,4250,4250,4250,1
BOVAW168,2025-10-07,27.05,27.05,27.05,27.05,1
SMALV975,2025-10-07,0.2,0.2,0.2,0.2,1
BOVAJ500,2025-10-07,88.4,88.4,88.4,88.4,1
ECORK809,2025-10-07,0.18,0.18,0.18,0.18,1
MRVEV540,2025-10-07,0.02,0.02,0.02,0.02,1
IBOVX3,2025-10-07,735,940,725,940,3
SUZBL502,2025-10-07,2.37,2.36,2.36,2.37,8
ECORV760,2025-10-07,0.13,0.13,0.13,0.13,1
IBOVV131,2025-10-07,240,240,240,240,1
BOVAV123W4,2025-10-07,0.04,0.04,0.04,0.04,3
ECORK384,2025-10-07,3.63,3.63,3.63,3.63,1
RAPTV615,2025-10-07,0.47,0.52,0.47,0.52,2
MRVEJ720W4,2025-10-07,0.09,0.09,0.09,0.09,1
BOVAB800,2025-10-07,61.58,61.58,61.58,61.58,1
ABEVG110,2025-10-07,2.4,2.4,2.4,2.4,1
EMBRV859,2025-10-07,8.15,8.15,8.15,8.15,1
ECORW719,2025-10-07,0.25,0.25,0.25,0.25,1
SMALV103W2,2025-10-07,0.26,0.26,0.26,0.26,1
SMALW113,2025-10-07,6.8,6.8,6.8,6.8,7
EMBRJ790W4,2025-10-07,2.3,2.3,2.3,2.3,2
POMOL103,2025-10-07,0.14,0.14,0.14,0.14,1
IBOVJ143W4,2025-10-07,1815,1835,1815,1835,3
BOVAK160W1,2025-10-07,0.03,0.03,0.03,0.03,1
SUZBJ500W4,2025-10-07,0.81,0.81,0.81,0.81,1
RAPTV560,2025-10-07,0.07,0.07,0.07,0.07,1
IBOVL132,2025-10-07,15000,15000,15000,15000,1
SUZBV490W4,2025-10-07,0.57,0.57,0.57,0.57,1
BOVAW12,2025-10-07,0.07,0.07,0.06,0.09,4482
BOVAJ138,2025-10-07,3.54,2.13,1.84,3.61,12009
BOVAJ139,2025-10-07,2.5,1.41,1.3,2.5,13395
BOVA11,2025-10-07,139.99,138.45,138.18,139.99,120648
SMAL11,2025-10-07,106.01,104.1,104.01,106.76,33226
ABEV3F,2025-10-07,11.89,11.72,11.72,11.9,2336
ELAS11,2025-10-07,137.76,136.69,136.21,137.82,452
BOVS11,2025-10-07,110.36,109.33,109.18,110.4,636
BOVAJ31,2025-10-07,0.51,0.24,0.21,0.59,7335
BOVAJ41,2025-10-07,1.1,0.62,0.55,1.15,9217
BOVAV138,2025-10-07,0.48,0.92,0.34,1.05,8311
EMBRV780W2,2025-10-07,1.2,1.38,1.11,1.77,19
BOVAK29,2025-10-07,7.39,6.42,6.23,7.54,3858
BOVAJ138W4,2025-10-07,3.25,2.54,2.44,3.25,46
BOVAW108,2025-10-07,0.02,0.01,0.01,0.02,174
BOVAK153,2025-10-07,0.26,0.18,0.17,0.26,209
BOVAK132,2025-10-07,10.05,8.94,8.7,10.05,1047
USTK11,2025-10-07,18.35,18.19,18.03,18.35,1007
SMALL11,2025-10-07,18.55,15.38,13.16,18.55,83
BOVAV141W2,2025-10-07,1.39,2.31,1.1,2.69,934
SUZBV490,2025-10-07,0.56,0.6,0.34,0.63,67
MRVEW700,2025-10-07,0.46,0.8,0.46,0.82,104
BOVAK34,2025-10-07,1.79,1.1,1.06,1.79,6540
BOVAV28,2025-10-07,5.04,6.91,5.04,7.22,4080
SUZBV510W2,2025-10-07,1.26,1.93,1.26,1.95,9
BOVAK158,2025-10-07,0.1,0.07,0.06,0.1,450
BOVAW30,2025-10-07,1.53,2.05,1.53,2.18,3600
QSOL11,2025-10-07,15.28,14.71,14.55,15.28,544
BOVAW26,2025-10-07,0.07,0.08,0.07,0.09,273
BOVAJ120,2025-10-07,20.92,19.03,18.75,20.92,1029
SOLH11,2025-10-07,34.6,33.25,33,34.62,533
BOVAD120,2025-10-07,27.5,26.2,26.1,27.5,32
POMOV930,2025-10-07,0.58,0.58,0.58,0.58,1
SMALK110,2025-10-07,1.95,1.58,1.35,1.98,88
BOVAK30,2025-10-07,4.44,3.64,3.5,4.45,3676
SMALK117,2025-10-07,0.42,0.31,0.31,0.45,111
POMOK950,2025-10-07,0.17,0.15,0.13,0.19,70
SMALJ108,2025-10-07,1.3,0.46,0.43,1.3,114
LOGN3,2025-10-07,25.09,25.12,24.56,25.42,235
ABEVK132,2025-10-07,0.06,0.07,0.06,0.07,137
BOVAK151,2025-10-07,0.5,0.28,0.26,0.5,374
RCSL4F,2025-10-07,1.1,1.2,1.1,1.21,333
BOVAK152,2025-10-07,0.33,0.22,0.21,0.33,398
BOVAJ135W2,2025-10-07,4.9,3.9,3.57,4.9,253
BOVAV146W2,2025-10-07,6.02,7.22,6.02,7.22,17
SMALJ106W2,2025-10-07,1.02,0.51,0.39,1.11,36
BOVAK159,2025-10-07,0.1,0.05,0.05,0.1,199
BOVAV13,2025-10-07,0.05,0.07,0.04,0.07,2722
WEGEW345,2025-10-07,0.62,0.59,0.59,0.66,17
BOVAW109,2025-10-07,0.02,0.03,0.02,0.03,64
ABEVJ120W2,2025-10-07,0.04,0.03,0.03,0.04,6
ABEVJ114,2025-10-07,0.51,0.45,0.45,0.55,32
ECORV800,2025-10-07,0.3,0.38,0.3,0.38,3
BOVAK164,2025-10-07,0.04,0.03,0.03,0.04,142
BOVAC141,2025-10-07,9,7.66,7.66,9,44
RAPTV600,2025-10-07,0.44,0.46,0.44,0.46,3
SMALW106,2025-10-07,2.47,3.14,2.43,3.31,69
BOVAW24,2025-10-07,6.62,7.67,6.62,8,143
BOVAH136,2025-10-07,20,19.6,18.5,20,3
BOVAJ143W2,2025-10-07,0.2,0.04,0.03,0.2,457
SMALV107,2025-10-07,1.98,2.99,1.98,3.16,121
BOVAJ142W2,2025-10-07,0.16,0.08,0.07,0.23,417
IBOVJ126,2025-10-07,16000,16400,16000,16400,2
BOVAV21,2025-10-07,0.04,0.06,0.04,0.06,580
ABEVX14,2025-10-07,0.62,0.61,0.58,0.63,5
EMBRW739,2025-10-07,2,2.1,2,2.3,17
SUZBJ525W5,2025-10-07,0.24,0.2,0.17,0.26,10
SUZBW52,2025-10-07,1.13,1.45,0.97,1.45,44
BOVAJ129W2,2025-10-07,11.08,9.78,9.61,11.08,9
BOVAV142W4,2025-10-07,3.05,3.18,3.05,3.43,42
MRVEW750,2025-10-07,1,1.16,0.99,1.16,8
IBOVJ138,2025-10-07,5050,3700,3700,5050,7
BOVAK117,2025-10-07,24.2,23.26,23,24.2,1063
BOVAC15,2025-10-07,2,1.55,1.5,2,16
SUZBV450,2025-10-07,0.01,0.01,0.01,0.01,1
BOVAV32,2025-10-07,6.91,7.9,6.86,8,1004
BOVAL140,2025-10-07,5.91,4.72,4.45,5.91,763
ABEVW109,2025-10-07,0.07,0.07,0.06,0.08,12
BOVAU10,2025-10-07,1.01,0.81,0.8,1.01,11
WEGEV412,2025-10-07,4.98,4.96,4.96,4.98,4
EMBRJ744,2025-10-07,4.02,3.79,3.66,4.02,4
IBOVK144,2025-10-07,2350,2210,2140,2350,14
EMBRJ774,2025-10-07,1.93,1.91,1.91,2.01,5
BOVAX28,2025-10-07,1.51,1.74,1.47,1.81,16
BOVAJ147W2,2025-10-07,0.01,0.01,0.01,0.02,19
WEGEJ369,2025-10-07,0.47,0.28,0.27,0.5,18
SMALV102,2025-10-07,0.41,0.66,0.4,0.76,80
WEGEJ387,2025-10-07,0.05,0.06,0.04,0.06,6
BOVAL165,2025-10-07,0.12,0.1,0.1,0.12,6
REVE11,2025-10-07,67.9,67.05,67.05,71,24
IBOVJ125,2025-10-07,17050,17050,17050,17050,1
EMBRJ784,2025-10-07,1.9,1.59,1.31,1.9,56
UTEC11,2025-10-07,24.26,23.98,23.85,24.3,42
AZULX100,2025-10-07,0.11,0.14,0.11,0.14,5
IBOVJ148,2025-10-07,95,50,50,95,10
SUZBV520,2025-10-07,2.2,2.69,2.05,2.69,8
WEGEJ394,2025-10-07,0.04,0.03,0.03,0.04,4
WEGEV379,2025-10-07,1.6,1.88,1.44,1.88,12
MRVEJ680W2,2025-10-07,0.07,0.02,0.02,0.07,2
EMBRV809,2025-10-07,3.5,4.05,3.5,4.3,28
WEGEK375,2025-10-07,1.08,1.05,0.97,1.08,9
BOVAW157,2025-10-07,16.04,16.16,15.78,16.3,54
SUZBK460,2025-10-07,4.65,4.65,4.65,4.65,1
BOVAS9,2025-10-07,6.78,6.78,6.78,6.78,1
BOVAX18,2025-10-07,2.7,2.7,2.7,2.7,1
AZULW100,2025-10-07,0.11,0.11,0.11,0.13,29
EMBRV739,2025-10-07,0.66,0.66,0.66,0.8,11
EMBRK769,2025-10-07,5.39,4.9,4.61,5.4,26
ABEVV132,2025-10-07,1.3,1.33,1.3,1.33,3
SMALK100,2025-10-07,7.35,6.84,6.84,7.35,2
SUZBK590W2,2025-10-07,0.03,0.05,0.03,0.05,2
BOVAX900,2025-10-07,0.02,0.02,0.01,0.02,8
EMBRJ830W2,2025-10-07,0.07,0.07,0.07,0.07,1
WEGEV380W4,2025-10-07,2.21,2.21,2.21,2.21,1
ABEVF131,2025-10-07,0.39,0.39,0.39,0.39,1
BOVAA128,2025-10-07,16,15.51,15.4,16,5
WEGEB579,2025-10-07,0.99,1,0.99,1.35,4
BOVAX133,2025-10-07,0.75,0.85,0.75,1,34
WEGEX365,2025-10-07,1.46,1.43,1.43,1.46,3
EMBRJ770W2,2025-10-07,1.84,1.38,1.16,1.84,7
BDEF11,2025-10-07,144.24,140.36,140.36,144.24,11
BOVAW35,2025-10-07,5.99,6.95,5.99,7.13,161
SUZBJ535W5,2025-10-07,0.13,0.09,0.09,0.16,17
SUZBK535W2,2025-10-07,0.28,0.38,0.28,0.38,2
IBOVV142,2025-10-07,860,1330,805,1345,81
WEGEJ374,2025-10-07,0.25,0.17,0.17,0.25,9
WEGEW348,2025-10-07,0.71,0.68,0.68,0.72,4
IBOVV145,2025-10-07,2545,3420,2500,3700,469
AZULV900,2025-10-07,0.02,0.01,0.01,0.02,7
EMBRJ919,2025-10-07,0.03,0.02,0.02,0.03,4
EMBRM600,2025-10-07,2.32,2.63,2.32,2.63,10
AZULE20,2025-10-07,0.35,0.3,0.28,0.35,9
SMALV102W2,2025-10-07,0.16,0.16,0.16,0.16,1
WEGEW338,2025-10-07,0.48,0.47,0.42,0.48,10
EMBRV734,2025-10-07,0.55,0.54,0.54,0.65,5
IBOVB141,2025-10-07,9430,9180,9180,9430,2
EMBRV720W2,2025-10-07,0.09,0.07,0.07,0.09,3
WEGEV354,2025-10-07,0.27,0.25,0.25,0.33,44
BOVAP14,2025-10-07,4.14,4.14,4.14,4.14,1
ECORJ780,2025-10-07,0.19,0.19,0.19,0.19,3
SUZBW473,2025-10-07,0.35,0.55,0.35,0.55,6
MRVEL770,2025-10-07,0.2,0.2,0.2,0.2,2
SUZBV495W2,2025-10-07,0.33,0.59,0.32,0.59,8
MRVEJ860,2025-10-07,0.01,0.01,0.01,0.01,2
IBOVW143,2025-10-07,2500,2500,2500,2500,1
SUZBJ472,2025-10-07,2.87,2.76,2.76,2.87,2
SMALJ102,2025-10-07,3.32,3.42,3.32,3.42,2
SUZBV470,2025-10-07,0.11,0.11,0.11,0.11,2
SMALV100,2025-10-07,0.37,0.34,0.34,0.38,11
SUZBV477,2025-10-07,0.2,0.22,0.2,0.22,2
POMOJ910,2025-10-07,0.06,0.05,0.04,0.06,4
EMBRW719,2025-10-07,1.64,1.57,1.57,1.64,2
BOVAX34,2025-10-07,4.17,4.75,4.17,4.75,9
BOVAW137W1,2025-10-07,1,1.12,1,1.13,8
SUZBX495,2025-10-07,1.4,1.45,1.4,1.45,2
BOVAL166,2025-10-07,0.19,0.09,0.09,0.19,21
AZULJ220,2025-10-07,0.01,0.01,0.01,0.01,1
IBOVL180,2025-10-07,10,10,10,10,1
AZULJ99,2025-10-07,0.15,0.15,0.13,0.18,43
WEGEJ399,2025-10-07,0.03,0.02,0.02,0.03,4
BOVAR110,2025-10-07,0.85,0.69,0.69,0.85,6
SUZBV535,2025-10-07,3.5,4.3,3.5,4.3,2
SMALW109,2025-10-07,3.6,4.83,3.6,4.93,8
WEGEW328,2025-10-07,0.3,0.31,0.3,0.31,3
IBOVL141,2025-10-07,6060,6060,6060,6060,1
SUZBK505,2025-10-07,1.35,1.2,1.18,1.35,7
SMALW910,2025-10-07,0.25,0.25,0.25,0.25,1
MRVEK820,2025-10-07,0.1,0.05,0.05,0.1,9
EMBRJ860W2,2025-10-07,0.03,0.03,0.03,0.03,1
BOVAJ144W5,2025-10-07,1.23,0.58,0.58,1.27,3
RAPTH90,2025-10-07,0.2,0.2,0.2,0.2,1
AZULJ180,2025-10-07,0.01,0.01,0.01,0.01,3
SUZBJ560,2025-10-07,0.01,0.02,0.01,0.02,2
SUZBJ490W2,2025-10-07,0.6,0.46,0.46,0.6,2
AZULC500,2025-10-07,0.01,0.04,0.01,0.04,5
BOVAV134W2,2025-10-07,0.03,0.04,0.03,0.05,35
ABEVX113,2025-10-07,0.19,0.2,0.19,0.2,6
EMBRJ904,2025-10-07,0.03,0.03,0.03,0.03,1
MRVEU60,2025-10-07,0.6,0.62,0.6,0.62,2
BOVAJ152W2,2025-10-07,0.01,0.01,0.01,0.01,1
BOVB11,2025-10-07,146.6,144.37,144.19,146.6,6
BOVAV340,2025-10-07,199.99,199.99,199.99,199.99,1
XBOV11,2025-10-07,138.52,138.52,138.52,138.52,1
BOVAK103,2025-10-07,36.96,36.96,36.96,36.96,1
AZULV140,2025-10-07,0.31,0.31,0.31,0.31,2
ECORW709,2025-10-07,0.23,0.23,0.23,0.23,1
BOVAA160,2025-10-07,0.46,0.45,0.44,0.5,24
SMALJ112,2025-10-07,0.15,0.1,0.09,0.15,19
BOVAJ930,2025-10-07,45.86,45.86,45.86,45.86,1
AZULX120,2025-10-07,0.3,0.35,0.3,0.35,4
BOVAJ138W5,2025-10-07,3.04,2.95,2.95,3.04,3
EMBRV629,2025-10-07,0.03,0.02,0.02,0.03,2
EMBRK879,2025-10-07,1.3,1.15,1.05,1.3,8
WEGEJ402,2025-10-07,0.03,0.02,0.02,0.03,2
SMALW880,2025-10-07,0.15,0.16,0.15,0.17,57
EMBRW799,2025-10-07,4.53,4.75,4.53,4.9,11
WEGEV382,2025-10-07,1.85,1.85,1.85,1.85,1
WEGEW308W1,2025-10-07,0.08,0.07,0.07,0.08,2
POMOK800,2025-10-07,1.12,1.12,1.12,1.12,1
BOVAA139,2025-10-07,7,6.65,6.55,7,4
BOVAK950,2025-10-07,44.8,44.86,44.75,44.86,7
SMALK124,2025-10-07,0.1,0.08,0.08,0.1,2
BOVAX2,2025-10-07,21.85,22.85,21.85,23.05,11
BOVAC164,2025-10-07,0.8,0.8,0.8,0.8,1
MRVEK520,2025-10-07,1.32,1.32,1.32,1.32,2
SMALJ107W4,2025-10-07,1.08,1.13,1.05,1.13,6
EMBRJ810W2,2025-10-07,0.3,0.18,0.15,0.3,12
BOVAA150,2025-10-07,2.11,1.78,1.74,2.11,10
BOVAN121,2025-10-07,0.46,0.45,0.45,0.46,2
ABEVJ122W2,2025-10-07,0.01,0.01,0.01,0.01,4
BOVAV127W2,2025-10-07,0.01,0.01,0.01,0.01,2
SMALV990W4,2025-10-07,0.37,0.37,0.37,0.37,1
MRVEW820,2025-10-07,1.67,1.67,1.67,1.67,1
WEGEW420,2025-10-07,5.35,5.35,5.35,5.35,1
POMOJ930,2025-10-07,0.03,0.03,0.03,0.03,5
MRVEK899,2025-10-07,0.75,0.7,0.7,0.75,2
BOVAK800,2025-10-07,60.45,59.5,59.5,60.45,3
ABEVK120,2025-10-07,0.58,0.58,0.58,0.58,1
BOVAJ142W5,2025-10-07,1.5,1.27,1.25,1.5,3
SUZBK608,2025-10-07,0.03,0.04,0.03,0.04,3
SUZBW455W1,2025-10-07,0.1,0.09,0.09,0.1,2
BOVAG18,2025-10-07,4.3,4.08,4.08,4.3,3
BOVAV150W2,2025-10-07,10.01,10.76,10.01,10.76,5
SMALV930,2025-10-07,0.05,0.06,0.05,0.06,2
SUZBW500W1,2025-10-07,1.4,1.4,1.4,1.4,1
BOVAJ105,2025-10-07,33.93,33.86,33.83,33.93,9
BOVAJ136W5,2025-10-07,4.76,4.3,4.3,4.76,2
ABEVM128,2025-10-07,0.95,0.95,0.95,0.95,1
BOVAB151,2025-10-07,2.5,2.5,2.5,2.5,1
POMOL820,2025-10-07,1.05,0.92,0.92,1.05,5
BOVAW99,2025-10-07,0.01,0.01,0.01,0.01,2
BOVAX830,2025-10-07,0.01,0.01,0.01,0.01,1
SUZBL682,2025-10-07,0.02,0.01,0.01,0.02,2
ECORJ660,2025-10-07,1.07,1.07,1.07,1.07,1
MRVEW490,2025-10-07,0.03,0.04,0.03,0.04,2
MRVEI73,2025-10-07,1,1,1,1,1
BOVAJ960,2025-10-07,42.83,42.83,42.83,42.83,1
IBOVK154,2025-10-07,190,190,190,190,1
RAILV131,2025-10-07,0.01,0.01,0.01,0.01,1
MRVEL70,2025-10-07,1.34,1.3,1.3,1.34,2
SUZBJ520W2,2025-10-07,0.02,0.02,0.02,0.02,2
ABEVL15,2025-10-07,0.09,0.09,0.09,0.09,1
AZULK800,2025-10-07,0.31,0.31,0.31,0.31,1
BOVAJ800,2025-10-07,58.6,58.58,58.58,58.6,2
WEGEX358,2025-10-07,1.19,1.19,1.19,1.19,1
EMBRK964,2025-10-07,0.3,0.3,0.3,0.3,2
RAPTW495,2025-10-07,0.04,0.06,0.04,0.06,2
IBOVK155,2025-10-07,190,190,190,190,1
ABEVL141,2025-10-07,0.06,0.06,0.06,0.06,1
ECORV740,2025-10-07,0.07,0.08,0.07,0.08,2
BOVAO145,2025-10-07,5.4,5.37,5,5.4,3
IBOVL7,2025-10-07,11815,11815,11815,11815,2
EMBRV784,2025-10-07,1.85,2.45,1.85,2.45,54
EMBRJ724,2025-10-07,5.25,5.25,5.25,5.25,1
WEGEK435,2025-10-07,0.09,0.09,0.09,0.09,1
ABEVV115W4,2025-10-07,0.1,0.1,0.1,0.1,1
BOVAM102,2025-10-07,0.07,0.07,0.07,0.07,1
ECORJ405,2025-10-07,3.7,3.7,3.7,3.7,1
SUZBW460W2,2025-10-07,0.19,0.21,0.19,0.21,2
BOVAJ128W4,2025-10-07,11.4,11.4,11.4,11.4,1
BOVAX114,2025-10-07,0.1,0.1,0.1,0.1,2
AZULJ900,2025-10-07,0.24,0.24,0.24,0.24,1
BOVAX107,2025-10-07,0.06,0.06,0.06,0.06,3
BOVAL105,2025-10-07,36.8,36.7,36.7,36.8,2
MRVEV720W4,2025-10-07,0.7,0.7,0.7,0.7,1
BOVAX112,2025-10-07,0.08,0.08,0.08,0.08,2
IBOVV148,2025-10-07,5600,5600,5600,5600,1
RAPTK575,2025-10-07,0.29,0.29,0.29,0.29,1
EMBRJ730W2,2025-10-07,5.01,5.01,5.01,5.01,1
SMALJ965,2025-10-07,9.65,9.65,9.65,9.65,1
WEGEV330W5,2025-10-07,0.18,0.18,0.18,0.18,1
RAILM170,2025-10-07,1.01,1.01,1.01,1.01,1
MRVEF120,2025-10-07,0.15,0.15,0.15,0.15,1
IBOVJ149W4,2025-10-07,205,205,205,205,1
BOVAG200,2025-10-07,0.18,0.22,0.18,0.22,10
SUZBL607,2025-10-07,0.15,0.15,0.15,0.15,1
BOVAN138,2025-10-07,1.82,1.82,1.82,1.82,1
BOVAJ160W5,2025-10-07,0.02,0.02,0.02,0.02,1
SUZBV487W5,2025-10-07,0.57,0.57,0.57,0.57,1
SMALW112,2025-10-07,5.64,5.64,5.64,5.64,1
EMBRW710W1,2025-10-07,0.86,0.86,0.86,0.86,1
ABEVL132,2025-10-07,0.11,0.11,0.11,0.11,1
BOVAK124,2025-10-07,17.38,16.44,16.2,17.38,510
BOVAW20,2025-10-07,0.12,0.16,0.12,0.17,1855
GOLD11,2025-10-07,22.14,22.22,22.05,22.27,7479
BOVAK23,2025-10-07,1.31,0.88,0.84,1.31,1463
NASD11,2025-10-07,18.58,18.54,18.43,18.66,3452
BOVAJ14,2025-10-07,1.55,0.95,0.86,1.6,15080
BOVAK106,2025-10-07,34.25,34.02,33.76,34.43,44
WEGEV352,2025-10-07,0.35,0.2,0.18,0.35,28
BOVAW36,2025-10-07,7.89,8.66,7.89,8.85,34
SUZBK510,2025-10-07,1.23,0.96,0.96,1.32,69
IWMI11,2025-10-07,81.71,81.63,81.2,82.34,1123
QQQI11,2025-10-07,100.8,100.81,100.4,101.14,1120
GOLL54,2025-10-07,5.22,5.12,5.08,5.36,672
BOVAV133,2025-10-07,0.1,0.18,0.1,0.21,3068
GLDX11,2025-10-07,100,100.06,99.2,100.33,192
BOVAJ30,2025-10-07,0.03,0.01,0.01,0.03,1365
BOVAW22,2025-10-07,2.69,3.44,2.69,3.63,5365
SUZBJ495W2,2025-10-07,0.45,0.41,0.41,0.45,2
BOVAW31,2025-10-07,2.2,2.92,2.2,3.06,7226
BXPO11,2025-10-07,129.5,128.98,128.9,130.43,63
WEGEK415,2025-10-07,0.24,0.21,0.21,0.24,6
SUZBJ490,2025-10-07,1.46,0.83,0.78,1.48,153
SUZBJ495,2025-10-07,0.85,0.56,0.56,1.1,30
DIVD11,2025-10-07,54.8,54.44,54.35,55,416
EMBRJ809,2025-10-07,0.96,0.73,0.63,0.96,35
BOVAV139W2,2025-10-07,0.39,0.98,0.39,1.16,549
BOVAL11,2025-10-07,27.4,26.3,26.16,27.4,51
MRVEJ740,2025-10-07,0.11,0.02,0.01,0.12,750
POMOW850,2025-10-07,0.22,0.29,0.22,0.29,2
SMALJ110W4,2025-10-07,0.45,0.45,0.45,0.45,1
IBOVV135,2025-10-07,70,95,70,100,51
WEGEJ367,2025-10-07,0.48,0.35,0.35,0.59,45
BOVAK156,2025-10-07,0.17,0.1,0.09,0.17,240
FIND11,2025-10-07,150.52,148.74,148.17,150.52,45
TRIG11,2025-10-07,43.45,42.46,42.4,43.45,29
BOVAK17,2025-10-07,0.02,0.02,0.01,0.02,4
BOVAJ21,2025-10-07,11.15,10.23,9.9,11.15,1124
AZUL11F,2025-10-07,0.8,0.81,0.74,0.82,56
NUCL11,2025-10-07,94.12,94.41,93.48,96.93,209
SMALJ110,2025-10-07,0.4,0.2,0.19,0.41,26
BOVAW15,2025-10-07,7.99,9.55,7.99,9.77,210
BOVAJ4,2025-10-07,29.25,29.03,28.85,29.25,14
SMALV106,2025-10-07,1.46,2.32,1.4,2.47,108
EMBRW704,2025-10-07,1.2,1.19,1.19,1.25,129
RAILJ166,2025-10-07,0.03,0.04,0.03,0.04,5
HIGH11,2025-10-07,92.32,89.61,89.2,92.32,354
SUZBV495,2025-10-07,0.78,0.88,0.45,0.88,53
IBOVK128,2025-10-07,15200,15200,15200,15205,4
IBOVJ140,2025-10-07,3300,2445,2265,3300,15
BOVAJ18,2025-10-07,20.16,20.06,19.95,21.13,230
META11,2025-10-07,29.3,28.9,27.93,30.08,47
EMBRJ759,2025-10-07,3.36,2.84,2.61,3.36,47
ECORV780,2025-10-07,0.22,0.26,0.22,0.28,5
BOVAX30,2025-10-07,3.45,3.61,3.35,3.8,69
MRVEV620,2025-10-07,0.04,0.17,0.04,0.2,35
BOVAF300,2025-10-07,110,109.35,109.35,110,3
BOVAV24,2025-10-07,0.04,0.05,0.03,0.06,1648
WEGEV357,2025-10-07,0.37,0.35,0.29,0.39,32
BOVAK99,2025-10-07,40.2,39.9,39.76,40.29,211
RAILV141,2025-10-07,0.04,0.03,0.03,0.04,5
DEFI11,2025-10-07,35,33.38,33,35,1070
BOVAX10,2025-10-07,1,1.03,1,1.06,25
BOVAV1,2025-10-07,0.02,0.03,0.02,0.04,1221
BOVAJ132W2,2025-10-07,8.39,6.77,6.61,8.39,70
EMBRJ739,2025-10-07,4.2,4.2,4.2,4.2,2
AZULJ149,2025-10-07,0.01,0.01,0.01,0.02,24
MRVEV640,2025-10-07,0.1,0.27,0.1,0.31,52
SUZBK555W2,2025-10-07,0.14,0.11,0.09,0.14,39
MRVEW780,2025-10-07,0.95,1.46,0.95,1.46,30
BOVAL7,2025-10-07,0.8,0.7,0.65,0.8,18
EMBRV759,2025-10-07,1.01,1.14,1.01,1.39,18
ABEVK12,2025-10-07,0.31,0.28,0.28,0.32,13
ABEVJ134,2025-10-07,0.01,0.01,0.01,0.01,4
RAILK166,2025-10-07,0.28,0.36,0.28,0.36,2
AZULL300,2025-10-07,0.03,0.03,0.03,0.03,6
EMBRK744,2025-10-07,6.05,6.14,6.05,6.2,4
MRVEW630,2025-10-07,0.26,0.37,0.26,0.4,47
BOVAV145W4,2025-10-07,5.33,5.59,5.33,5.91,14
BOVAJ9,2025-10-07,25.31,24.15,23.8,25.31,748
EMBRV704,2025-10-07,0.21,0.19,0.19,0.24,103
IBOVW139,2025-10-07,835,1085,835,1180,30
EMBRJ800W2,2025-10-07,0.62,0.27,0.25,0.62,43
BBOV11,2025-10-07,74.99,73.92,73.66,74.99,247
BOVAJ152W4,2025-10-07,0.05,0.03,0.03,0.05,10
EMBRJ824,2025-10-07,0.6,0.47,0.38,0.6,30
BOVAC153,2025-10-07,3.42,3.16,3.12,3.42,12
BOVAJ134W2,2025-10-07,5.9,4.92,4.64,5.9,273
MRVEJ820,2025-10-07,0.02,0.01,0.01,0.02,76
SUZBW465,2025-10-07,0.29,0.37,0.29,0.37,4
WEGEK358,2025-10-07,1.95,1.79,1.76,2,100
WEGEC311,2025-10-07,7.08,7.11,7.08,7.3,7
MRVEV630,2025-10-07,0.05,0.21,0.05,0.24,23
SMALJ107,2025-10-07,1.25,0.66,0.64,1.34,103
RAILK131,2025-10-07,2.58,2.58,2.58,2.58,1
HERT11,2025-10-07,20.74,20.74,20.74,20.74,2
AZULV120,2025-10-07,0.14,0.15,0.13,0.17,34
BOVAV128W2,2025-10-07,0.01,0.01,0.01,0.01,2
WEGEW335,2025-10-07,0.4,0.4,0.4,0.41,5
MRVEK740,2025-10-07,0.31,0.13,0.13,0.31,77
MRVEW690,2025-10-07,0.4,0.71,0.4,0.75,91
BOVAX120,2025-10-07,0.15,0.11,0.11,0.17,18
SUZBJ530,2025-10-07,0.07,0.03,0.03,0.07,10
AZULX300,2025-10-07,1.92,1.86,1.83,1.92,7
ABEVN109,2025-10-07,0.25,0.27,0.25,0.27,2
POMOJ970,2025-10-07,0.02,0.02,0.02,0.02,3
WEGEK365,2025-10-07,1.45,1.4,1.4,1.59,10
AZULV170,2025-10-07,0.62,0.6,0.6,0.62,2
BOVAK163,2025-10-07,0.05,0.03,0.03,0.05,146
BOVAJ70,2025-10-07,70.66,70.67,70.66,70.67,3
IBOVK136,2025-10-07,7890,7490,7490,7890,3
BOVAH137,2025-10-07,18.3,18.3,18.3,18.3,1
WEGEV359,2025-10-07,0.4,0.49,0.39,0.49,16
EMBRX739,2025-10-07,2.52,2.67,2.52,2.8,8
RAILJ154,2025-10-07,0.32,0.51,0.32,0.51,3
ECORW729,2025-10-07,0.27,0.32,0.27,0.32,4
MRVEV560,2025-10-07,0.03,0.04,0.03,0.04,4
SUZBJ510W2,2025-10-07,0.1,0.05,0.05,0.13,12
IBOVL148,2025-10-07,2500,2500,2500,2500,1
EMBRV740W2,2025-10-07,0.17,0.23,0.17,0.3,7
IBOVV143,2025-10-07,1225,1850,1215,2185,401
BOVAJ950,2025-10-07,44.29,44.27,44.27,44.29,2
EMBRW769,2025-10-07,2.87,3.22,2.87,3.43,95
WEGEW350,2025-10-07,0.76,0.78,0.76,0.8,5
MRVEJ690,2025-10-07,0.26,0.06,0.06,0.28,38
EMBRW729,2025-10-07,1.66,1.81,1.66,1.91,4
WEGEW393,2025-10-07,3,3.2,2.95,3.2,7
IBOVK133,2025-10-07,10900,10700,10700,10900,2
MRVEJ830,2025-10-07,0.01,0.01,0.01,0.01,7
BOVAV138W5,2025-10-07,1.7,0.95,0.94,1.7,3
MRVEK580,2025-10-07,0.9,0.9,0.9,0.9,1
ABEVM118,2025-10-07,0.38,0.35,0.22,0.38,3
EMBRN659,2025-10-07,1.55,1.68,1.55,1.68,2
EMBRX809,2025-10-07,5.5,5.5,5.5,5.5,1
SUZBW458,2025-10-07,0.19,0.19,0.19,0.19,20
SUZBK530,2025-10-07,0.62,0.53,0.53,0.62,2
SUZBV550,2025-10-07,5.05,5.08,5.05,5.08,4
SUZBK520,2025-10-07,0.85,0.7,0.69,0.92,18
MRVEK760,2025-10-07,0.19,0.1,0.09,0.19,59
WEGEV372,2025-10-07,1.09,1.05,1.05,1.2,28
RAILW126,2025-10-07,0.05,0.05,0.05,0.05,1
IBOVB145,2025-10-07,6955,6685,6685,6955,2
MRVEV580,2025-10-07,0.03,0.07,0.03,0.08,40
SMALV104W2,2025-10-07,0.42,0.78,0.42,0.91,8
SMALV113,2025-10-07,7.8,7.8,7.8,7.8,1
RAPTX633,2025-10-07,0.71,0.71,0.71,0.71,2
RAILV136,2025-10-07,0.01,0.01,0.01,0.01,2
BOVAV116,2025-10-07,0.01,0.01,0.01,0.01,500
BOVAJ61,2025-10-07,124.5,124,124,124.5,3
ESGB11,2025-10-07,107.61,107.61,107.61,107.61,2
MRVEK600,2025-10-07,0.77,0.66,0.64,0.77,22
BOVAW165,2025-10-07,24.1,23.96,23.96,24.21,7
BITC11,2025-10-07,105.48,106.4,105.48,106.4,3
SUZBW490,2025-10-07,0.75,1.14,0.72,1.14,35
MRVEK860,2025-10-07,0.03,0.03,0.03,0.03,1
SMALV950,2025-10-07,0.11,0.09,0.09,0.11,3
BOVAX15,2025-10-07,8.4,8.6,7.7,8.85,34
SMALK107,2025-10-07,3.37,2.52,2.47,3.37,22
BOVAJ125W4,2025-10-07,15.45,14.35,14.35,15.45,3
MRVEL102,2025-10-07,0.05,0.01,0.01,0.05,4
MRVEQ77,2025-10-07,1.3,1.3,1.3,1.3,2
BOVAX24,2025-10-07,0.64,0.64,0.64,0.67,3
EMBRJ839,2025-10-07,0.31,0.27,0.23,0.31,5
EMBRJ729,2025-10-07,4.85,5.08,4.85,5.11,4
EMBRV699,2025-10-07,0.17,0.19,0.17,0.19,5
POMOW840,2025-10-07,0.19,0.21,0.19,0.21,12
MRVEX720,2025-10-07,0.92,0.97,0.92,0.97,5
EMBRL729,2025-10-07,6.02,9,6.02,9,4
RAILK164,2025-10-07,0.35,0.47,0.35,0.47,7
BOVAX19,2025-10-07,1.29,2.37,1.29,2.37,4
BOVAX20,2025-10-07,0.16,0.19,0.15,0.19,19
SUZBK488,2025-10-07,2.08,2.08,2.08,2.08,1
TIRB11,2025-10-07,11.18,10.99,10.99,11.18,24
SMALV985,2025-10-07,0.21,0.23,0.21,0.23,3
SUZBW483,2025-10-07,0.65,0.83,0.65,0.83,3
WEGEJ360W4,2025-10-07,1.17,1.17,1.17,1.17,1
SMALV104W4,2025-10-07,1.22,1.6,1.22,1.6,11
IBOVW137,2025-10-07,670,670,670,670,1
MRVEN50,2025-10-07,0.12,0.12,0.12,0.12,1
MRVEO50,2025-10-07,0.15,0.15,0.15,0.15,1
ISUS11,2025-10-07,38.02,37.71,37.71,38.02,4
ECORW680,2025-10-07,0.06,0.08,0.06,0.08,2
BOVAS20,2025-10-07,2.1,2.1,2.1,2.1,1
EMBRK789,2025-10-07,4.14,3.97,3.97,4.14,2
BOVAX11,2025-10-07,0.1,0.1,0.1,0.1,1
BCIC11,2025-10-07,122.06,119.85,119.85,122.06,7
BOVAJ123W2,2025-10-07,15.9,15.58,15.49,15.9,17
IBOVX148,2025-10-07,5100,5100,5100,5100,1
BOVAJ155W4,2025-10-07,0.03,0.01,0.01,0.03,3
BOVAJ120W2,2025-10-07,19.7,18.68,18.57,19.7,10
SMALJ120,2025-10-07,0.01,0.02,0.01,0.02,2
WEGEJ409,2025-10-07,0.01,0.02,0.01,0.02,2
WEGEK404,2025-10-07,0.33,0.33,0.33,0.33,1
BOVAE70,2025-10-07,74,72.52,72.52,74,2
IBOVV146,2025-10-07,4340,4340,4340,4340,1
WEGEV407,2025-10-07,4.3,4.3,4.3,4.3,1
WEGEV347,2025-10-07,0.12,0.12,0.12,0.15,9
SMALJ114,2025-10-07,0.06,0.05,0.05,0.07,24
WEGEV630,2025-10-07,26,26,26,26,1
MRVEE77,2025-10-07,0.63,0.59,0.59,0.63,8
WEGEV340W4,2025-10-07,0.37,0.32,0.32,0.37,2
BOVAC135,2025-10-07,12.65,12.67,12.65,12.67,2
WEGEK41,2025-10-07,0.21,0.19,0.19,0.22,11
RAILA164,2025-10-07,0.85,0.85,0.85,0.85,1
EMBRK869,2025-10-07,1.25,1.33,1.23,1.33,4
MRVEX770,2025-10-07,1.22,1.22,1.22,1.22,1
BOVAA103,2025-10-07,39,38.62,38.6,39,6
BOVAK139W1,2025-10-07,2.4,2.9,2.4,2.9,3
SMALL110,2025-10-07,2.95,2.95,2.95,2.95,1
SUZBW475W1,2025-10-07,0.3,0.46,0.29,0.46,8
BOVAO134,2025-10-07,1.83,1.89,1.83,1.89,4
IBOVP140,2025-10-07,2835,2830,2830,2835,2
SMALV111,2025-10-07,5.69,5.69,5.69,5.69,1
SMALJ122,2025-10-07,0.02,0.02,0.02,0.02,1
BOVAO135,2025-10-07,1.89,2.04,1.89,2.08,7
ABEVV115W2,2025-10-07,0.02,0.02,0.02,0.02,1
BOVAV144W4,2025-10-07,4.55,4.86,4.55,4.86,2
MRVEL680,2025-10-07,0.4,0.4,0.4,0.4,1
RAILW146,2025-10-07,0.31,0.29,0.29,0.31,2
SMALV105W4,2025-10-07,1.56,2.14,1.56,2.14,7
MRVEM680,2025-10-07,0.55,0.55,0.55,0.55,1
BOVAN127,2025-10-07,0.72,0.66,0.65,0.72,3
BOVAT6,2025-10-07,2.9,2.9,2.3,2.9,4
BOVAX100,2025-10-07,0.01,0.01,0.01,0.01,2
POMOV790,2025-10-07,0.02,0.02,0.02,0.02,2
IBOVM143,2025-10-07,3015,3020,3015,3020,2
SUZBW563,2025-10-07,6.22,6.22,6.22,6.22,4
BOVAV150W4,2025-10-07,9.44,10.66,9.44,10.66,2
IBOVW129,2025-10-07,155,155,155,155,1
BOVVJ127,2025-10-07,19.84,19.84,19.84,19.84,1
MRVEW580W2,2025-10-07,0.13,0.13,0.13,0.13,2
MRVEB109,2025-10-07,0.48,0.48,0.48,0.48,1
SUZBK583,2025-10-07,0.06,0.07,0.06,0.07,2
SUZBM535,2025-10-07,3.63,3.63,3.63,3.63,3
BOVVV133,2025-10-07,0.1,0.1,0.1,0.1,2
MRVEV520,2025-10-07,0.01,0.01,0.01,0.01,1
SUZBW540,2025-10-07,4.23,4.23,4.23,4.23,1
WEGEV349,2025-10-07,0.15,0.2,0.15,0.2,4
SUZBX480,2025-10-07,0.8,0.8,0.8,0.8,1
WEGEL400,2025-10-07,0.59,0.59,0.59,0.59,1
BOVAL118,2025-10-07,23.4,23.35,23,23.4,3
ABEVV117W2,2025-10-07,0.07,0.1,0.07,0.1,2
EMBRJ820W4,2025-10-07,0.85,0.83,0.83,0.85,2
BOVAX820,2025-10-07,0.01,0.01,0.01,0.01,1
BOVAN150,2025-10-07,7.5,8,7.5,8,2
BOVAV126W2,2025-10-07,0.01,0.01,0.01,0.01,1
BOVAW142W4,2025-10-07,1.85,1.85,1.85,1.85,1
BOVAX930,2025-10-07,0.02,0.02,0.02,0.02,1
BOVAM103,2025-10-07,0.07,0.07,0.07,0.07,2
MRVED12,2025-10-07,0.09,0.08,0.08,0.09,2
BOVAN800,2025-10-07,0.03,0.04,0.03,0.04,3
BOVAW146W1,2025-10-07,6.32,6.32,6.32,6.32,1
AZULM100,2025-10-07,0.14,0.14,0.14,0.14,1
WEGEV429,2025-10-07,6.54,6.54,6.54,6.54,1
ABEVL16,2025-10-07,0.03,0.03,0.03,0.03,2
BOVAJ154W4,2025-10-07,0.03,0.03,0.03,0.03,1
BOVAA141,2025-10-07,6.1,5.9,5.9,6.1,5
BOVAM136,2025-10-07,1.6,1.6,1.6,1.6,1
EMBRJ714,2025-10-07,6.89,6.89,6.89,6.89,1
MRVEM780,2025-10-07,1.18,1.18,1.18,1.18,1
EMBRJ780W4,2025-10-07,2.81,2.81,2.81,2.81,1
SMALX975,2025-10-07,0.98,0.98,0.98,0.98,1
MRVEK880,2025-10-07,0.06,0.06,0.06,0.06,1
WEGEV334,2025-10-07,0.04,0.04,0.04,0.04,1
IBOVK152,2025-10-07,460,460,460,460,1
MRVEJ850,2025-10-07,0.01,0.01,0.01,0.01,1
AZULL700,2025-10-07,0.5,0.38,0.38,0.5,3
GOLD11T,2025-10-07,23.41,23.48,23.41,23.48,6
POMO4T,2025-10-07,8.63,8.64,8.63,8.64,2
SMAL11T,2025-10-07,122.41,122.34,122.33,122.42,4
EMBR3T,2025-10-07,77.46,77.47,77.46,77.47,2
AZUL4T,2025-10-07,1.14,1.15,1.14,1.15,2
WEGE3T,2025-10-07,37.4,37.41,37.4,37.41,2
AZUL4T,2025-10-07,1.18,1.19,1.18,1.19,2
RAPT4T,2025-10-07,5.7,5.71,5.7,5.71,2
WEGE3T,2025-10-07,36.75,36.76,36.75,36.76,2
RAIL3T,2025-10-07,16.02,16.03,16.02,16.03,2
MRVE3T,2025-10-07,6.29,6.36,6.29,6.36,4
AZUL4T,2025-10-07,1.08,1.09,1.08,1.09,2
AZUL4T,2025-10-07,1.13,1.13,1.12,1.14,4
ECOR3T,2025-10-07,7.57,7.58,7.57,7.58,2
SPXR11T,2025-10-07,70.05,70.09,69.93,70.09,6
BOVA11T,2025-10-07,140.42,140.42,140.42,140.42,1
MRVE3T,2025-10-07,6.98,6.99,6.98,6.99,2
GOLD11T,2025-10-07,23.01,23.07,23.01,23.07,6
SUZB3T,2025-10-07,49.85,49.86,49.85,49.86,2
GOLD11T,2025-10-07,22.81,22.82,22.81,22.82,2
UGPA3,2025-10-07,20.52,20.56,20.15,20.66,20871
BRSR6,2025-10-07,11.92,11.81,11.66,11.98,2874
ITUBV401,2025-10-07,2.41,2.46,2.34,2.57,244
ABCB4F,2025-10-07,22.53,22.13,21.98,22.53,1405
BBDCW151,2025-10-07,0.11,0.1,0.1,0.12,16
ITUBJ398,2025-10-07,0.08,0.06,0.05,0.1,84
ITUBK361,2025-10-07,2.35,2.32,2.22,2.37,39
ITUBJ400W5,2025-10-07,0.14,0.13,0.1,0.14,54
ITSA3F,2025-10-07,11.26,11,10.99,11.26,1837
BPANW680,2025-10-07,0.04,0.04,0.04,0.04,34
BBDCJ189,2025-10-07,0.5,0.42,0.41,0.52,124
SANBJ291,2025-10-07,0.28,0.18,0.18,0.34,7
BBDCW186,2025-10-07,1.35,1.33,1.33,1.4,3
ITUBW379,2025-10-07,0.86,1.02,0.86,1.05,82
ITUBV376,2025-10-07,0.31,0.5,0.31,0.56,924
SANB3,2025-10-07,13.63,13.39,13.26,13.63,270
ITUBV393,2025-10-07,1.25,1.8,1.25,1.87,73
ITUBK377,2025-10-07,1.44,1.33,1.25,1.45,46
SANBW262,2025-10-07,0.24,0.26,0.23,0.26,8
ITSAK112,2025-10-07,0.4,0.38,0.36,0.42,53
ITUBJ370W2,2025-10-07,0.56,0.46,0.41,0.56,23
ITUBK379,2025-10-07,1.33,1.19,1.18,1.33,21
BBDCJ190,2025-10-07,0.01,0.02,0.01,0.02,47
BRSR3,2025-10-07,14.01,14.01,13.92,14.08,41
BRSRV125,2025-10-07,0.48,0.48,0.48,0.48,1
BBDCK181,2025-10-07,0.36,0.35,0.33,0.37,43
ITUBJ415W5,2025-10-07,0.04,0.05,0.04,0.05,10
BBDCV182,2025-10-07,0.99,0.98,0.92,1.05,134
SANBW261,2025-10-07,0.16,0.19,0.16,0.19,3
SANBK317,2025-10-07,0.16,0.14,0.14,0.16,5
ITSAJ865,2025-10-07,2.56,2.57,2.56,2.57,4
ITUBJ410W5,2025-10-07,0.06,0.05,0.04,0.07,30
BGIP4F,2025-10-07,27.21,27.23,26.83,27.3,44
BRAPV155,2025-10-07,0.03,0.03,0.03,0.03,1
ITUBK372,2025-10-07,1.72,1.61,1.55,1.72,33
BPANL820,2025-10-07,0.69,0.69,0.69,0.69,44
BBDCJ17,2025-10-07,1.65,1.58,1.5,1.65,42
UGPAJ215,2025-10-07,0.18,0.18,0.12,0.18,13
ITUBJ390W5,2025-10-07,0.26,0.27,0.25,0.28,12
BBDCK14,2025-10-07,2.43,2.44,2.37,2.44,9
ITUBV365W2,2025-10-07,0.08,0.09,0.08,0.13,216
BMIN4,2025-10-07,16.93,16.91,16.91,16.93,2
BRSRW115,2025-10-07,0.18,0.18,0.16,0.2,6
ITSAK117,2025-10-07,0.23,0.16,0.16,0.23,278
ITUBW344,2025-10-07,0.15,0.16,0.15,0.17,11
ITUBW394,2025-10-07,1.77,1.89,1.74,1.96,43
ITUBV385W2,2025-10-07,0.92,1.3,0.92,1.38,17
ITSAA994,2025-10-07,1.47,1.45,1.45,1.5,9
ITUBJ396,2025-10-07,0.12,0.07,0.06,0.12,80
ITSAJ102,2025-10-07,1.05,1.02,1,1.06,5
ITUBL383,2025-10-07,6.49,6.37,6.37,6.56,4
BBDCM180,2025-10-07,0.45,0.45,0.45,0.46,6
ITSAV124,2025-10-07,1.29,1.29,1.29,1.29,10
ITUBJ399,2025-10-07,3.41,3.41,3.4,3.41,4
SANBK292,2025-10-07,0.7,0.7,0.7,0.7,1
ITUBK374,2025-10-07,1.59,1.44,1.41,1.59,54
ITUBK401,2025-10-07,0.44,0.38,0.35,0.48,40
BBDCW142,2025-10-07,0.34,0.34,0.34,0.35,6
BBDCX134,2025-10-07,0.04,0.03,0.03,0.05,170
BBDCJ138,2025-10-07,3.58,3.53,3.5,3.61,16
ITUBW329,2025-10-07,0.09,0.09,0.09,0.09,1
ITUBJ433,2025-10-07,0.01,0.01,0.01,0.01,1
ITSAK122,2025-10-07,0.07,0.06,0.06,0.07,34
BBDCJ15,2025-10-07,0.04,0.03,0.03,0.04,12
BBDCK142,2025-10-07,0.9,0.9,0.9,0.9,2
BBDCV150,2025-10-07,0.01,0.01,0.01,0.02,12
ITUBK355,2025-10-07,3.32,3.13,3.09,3.32,5
BRAPJ163,2025-10-07,1.08,0.96,0.96,1.08,4
ITUBJ299,2025-10-07,7.7,7.74,7.7,7.75,3
BBDCX161,2025-10-07,0.29,0.29,0.29,0.29,1
ITSAX110,2025-10-07,0.38,0.38,0.38,0.38,2
ITUBX400,2025-10-07,0.9,0.92,0.9,0.94,21
SANBW282,2025-10-07,0.76,0.8,0.76,0.8,4
ITUBJ395W2,2025-10-07,0.01,0.02,0.01,0.02,8
UGPAK225,2025-10-07,0.43,0.44,0.43,0.44,2
ITUBJ315,2025-10-07,6.1,5.99,5.99,6.1,3
ITUBD310,2025-10-07,4.88,4.88,4.88,4.88,1
ITUBK438,2025-10-07,0.05,0.05,0.05,0.05,2
BBDCX180,2025-10-07,0.84,0.85,0.84,0.85,2
BBDCQ185,2025-10-07,1.3,1.31,1.3,1.31,83
SANBK271,2025-10-07,2.15,2.15,2.15,2.15,1
UGPAV200,2025-10-07,0.21,0.17,0.17,0.21,2
BBDCN179,2025-10-07,1.1,1.18,1.1,1.18,3
BRSRK115,2025-10-07,0.78,0.77,0.77,0.78,2
BRAPV175,2025-10-07,0.42,0.45,0.39,0.45,5
ITUBX368,2025-10-07,0.7,0.68,0.68,0.7,3
ITUBJ380W4,2025-10-07,0.44,0.38,0.38,0.44,3
ITUBK337,2025-10-07,4.41,4.41,4.41,4.41,1
ITSAO900,2025-10-07,0.01,0.01,0.01,0.01,1
BBDCL2,2025-10-07,3.48,3.6,3.48,3.6,3
BBDCJ170W4,2025-10-07,0.43,0.41,0.41,0.43,3
BBDCL182W2,2025-10-07,0.4,0.4,0.4,0.4,1
UGPAL236,2025-10-07,0.3,0.3,0.3,0.3,2
ITUBV421,2025-10-07,4.38,4.38,4.38,4.38,1
BBDCW160,2025-10-07,1.37,1.37,1.37,1.37,1
ITUBJ350,2025-10-07,2.68,2.54,2.54,2.72,6
ITUBK326,2025-10-07,5.3,5.3,5.3,5.3,1
ITUBV350W2,2025-10-07,0.01,0.01,0.01,0.02,3
BBDCV210,2025-10-07,3.9,3.9,3.9,3.9,1
ITUBK299,2025-10-07,8,8.03,8,8.03,2
ITUBJ350W4,2025-10-07,2.45,2.45,2.45,2.45,1
ITUBJ410W4,2025-10-07,0.04,0.04,0.04,0.04,1
ITSAW119,2025-10-07,0.66,0.7,0.66,0.7,5
BBDCL220,2025-10-07,0.04,0.04,0.04,0.04,1
ITSAL120,2025-10-07,0.17,0.15,0.15,0.17,3
BBDCK126,2025-10-07,4.6,4.6,4.6,4.6,2
UGPAK235,2025-10-07,0.16,0.16,0.16,0.16,1
BPANJ839,2025-10-07,0.03,0.03,0.03,0.03,1
SANBW302,2025-10-07,1.87,1.92,1.87,1.92,6
ITSAB120,2025-10-07,1.7,1.7,1.7,1.7,1
ITUBA402,2025-10-07,2,2,2,2,1
UGPAJ210,2025-10-07,0.28,0.28,0.28,0.28,1
BBDCV194,2025-10-07,2.19,2.21,2.19,2.21,4
BBDCW149,2025-10-07,0.07,0.08,0.07,0.08,2
ITUBW296,2025-10-07,0.02,0.01,0.01,0.02,2
BBDCX154,2025-10-07,0.15,0.15,0.15,0.15,3
BBDCV209,2025-10-07,1.63,1.68,1.63,1.7,22
BBDCL194,2025-10-07,0.19,0.2,0.19,0.2,4
BPANK800,2025-10-07,0.39,0.39,0.39,0.39,1
BBDCP149,2025-10-07,0.25,0.28,0.25,0.28,3
ITUBX395,2025-10-07,0.4,0.4,0.39,0.4,4
ITUBK453,2025-10-07,0.03,0.03,0.02,0.03,4
BBDCR180,2025-10-07,0.67,0.68,0.67,0.68,3
ITUBE380,2025-10-07,3.75,3.71,3.7,3.75,6
BBDCK201,2025-10-07,0.08,0.08,0.08,0.08,5
ITUBQ240,2025-10-07,0.12,0.06,0.04,0.12,10
ITSAJ989,2025-10-07,1.23,1.23,1.23,1.23,1
BBDCK238,2025-10-07,0.01,0.01,0.01,0.01,1
ITSAN113,2025-10-07,0.38,0.38,0.38,0.38,1
SANBW247,2025-10-07,0.1,0.1,0.1,0.1,1
ITUBL390,2025-10-07,1.66,1.66,1.66,1.66,1
ITSAA100,2025-10-07,1.4,1.4,1.4,1.4,1
BBDCJ137W2,2025-10-07,3.33,3.33,3.33,3.33,1
BBDC4,2025-10-07,16.88,16.72,16.62,16.88,28687
BBDCW176,2025-10-07,0.87,0.84,0.84,0.9,18
BEES3F,2025-10-07,8.13,8.12,8.06,8.18,734
ITUBV381,2025-10-07,0.36,0.63,0.36,0.71,584
BRAPV170,2025-10-07,0.19,0.23,0.17,0.23,14
ITUBJ401,2025-10-07,0.05,0.04,0.03,0.06,266
BPANW700,2025-10-07,0.06,0.06,0.05,0.06,440
BBDCK160,2025-10-07,0.16,0.17,0.16,0.18,6
BRAPK165,2025-10-07,1.11,1.07,1.07,1.11,2
ITUBV344W5,2025-10-07,0.08,0.1,0.08,0.1,14
BBDCJ174,2025-10-07,0.15,0.11,0.1,0.15,244
ITUBV356,2025-10-07,0.05,0.07,0.05,0.07,26
BBDCJ167,2025-10-07,0.73,0.68,0.6,0.73,52
BBDCV174,2025-10-07,0.5,0.56,0.5,0.64,108
ITUBJ373,2025-10-07,0.85,0.69,0.61,0.85,170
UGPAK18,2025-10-07,2.59,2.59,2.59,2.59,1
BBDCK179,2025-10-07,0.43,0.44,0.4,0.46,239
ITSAJ109,2025-10-07,0.42,0.34,0.31,0.42,85
ITUBX380,2025-10-07,1,1,1,1,2
ITUBJ350W2,2025-10-07,2.28,2.2,2.2,2.28,4
BBDCW161,2025-10-07,0.26,0.26,0.26,0.28,36
BEES4F,2025-10-07,8.19,8.13,8.08,8.2,181
ITSAK127,2025-10-07,0.03,0.02,0.02,0.03,25
ITSAK119,2025-10-07,0.14,0.1,0.09,0.14,26
UGPAK180,2025-10-07,3.17,3.17,3.17,3.17,1
ITUBK396,2025-10-07,0.62,0.49,0.48,0.62,56
ITUBV380W4,2025-10-07,0.99,0.95,0.95,0.99,3
SANBW287,2025-10-07,0.98,1.03,0.98,1.03,7
ITUBJ386,2025-10-07,0.35,0.2,0.18,0.35,469
UGPAL216,2025-10-07,0.8,1,0.8,1,66
ITUBK418,2025-10-07,0.13,0.12,0.12,0.14,15
BBDCJ130,2025-10-07,4.02,4.03,4,4.07,11
ITUBV355W5,2025-10-07,0.15,0.19,0.15,0.2,10
ITSAJ975,2025-10-07,1.56,1.48,1.46,1.56,17
ITUBJ380W2,2025-10-07,0.16,0.08,0.08,0.16,57
ITUBK407,2025-10-07,0.32,0.29,0.27,0.32,27
ITUBK424,2025-10-07,0.12,0.11,0.11,0.13,6
PINE13F,2025-10-07,5.07,5.06,5.06,5.07,6
ITUBA318,2025-10-07,6.9,6.9,6.9,6.9,1
BSLI4,2025-10-07,9.28,9.27,9.27,9.28,4
BPANA600,2025-10-07,2.34,2.34,2.34,2.34,1
ITSAK947,2025-10-07,1.84,1.85,1.84,1.85,2
BRAPW155,2025-10-07,0.09,0.1,0.09,0.1,7
ITUBJ409,2025-10-07,0.03,0.04,0.02,0.04,209
UGPAV159,2025-10-07,0.01,0.01,0.01,0.01,1
ITSAJ999,2025-10-07,1.05,1.12,1.05,1.12,2
BBDCV162,2025-10-07,0.03,0.03,0.02,0.04,41
BBDCK236,2025-10-07,0.01,0.01,0.01,0.01,1
UGPAV210,2025-10-07,0.67,0.7,0.67,0.71,7
ITUBJ344,2025-10-07,3.67,3.5,3.5,3.67,10
BBDCJ152,2025-10-07,0.11,0.09,0.09,0.11,12
ITSAK102,2025-10-07,1.25,1.14,1.13,1.25,6
ITSAA103,2025-10-07,1.08,1.07,1.07,1.08,7
BBDCX146,2025-10-07,0.1,0.1,0.1,0.1,2
ITUBW392,2025-10-07,1.58,1.69,1.58,1.8,33
BBDCL146,2025-10-07,2.93,2.82,2.82,2.93,2
ITUBW355,2025-10-07,0.24,0.26,0.23,0.26,24
ITSAW967,2025-10-07,0.01,0.01,0.01,0.01,1
BRAPW158,2025-10-07,0.13,0.13,0.13,0.13,1
BBDCW15,2025-10-07,0.63,0.64,0.63,0.69,9
BBDCX173,2025-10-07,0.56,0.65,0.56,0.66,6
ITSAJ885,2025-10-07,2.38,2.38,2.38,2.38,1
ITUBK316,2025-10-07,6.46,6.35,6.33,6.49,21
ITUBS362,2025-10-07,1.1,1.06,0.99,1.1,65
UGPAX186,2025-10-07,0.4,0.4,0.32,0.4,14
ITUBK334,2025-10-07,4.81,4.63,4.61,4.81,14
UGPAV199,2025-10-07,0.28,0.29,0.28,0.29,5
ITUBV353,2025-10-07,0.04,0.05,0.04,0.05,24
BBDCB11,2025-10-07,8.19,8.19,8.19,8.19,1
ITSAV115W4,2025-10-07,0.41,0.5,0.41,0.5,4
BBDCV157,2025-10-07,0.01,0.02,0.01,0.02,14
BNBR3F,2025-10-07,101,100.98,99.45,103.98,24
BRSRW132,2025-10-07,1.08,1.22,1.08,1.22,18
ITUBK309,2025-10-07,7.04,7.04,7.04,7.04,2
BBDCJ420,2025-10-07,12.75,12.75,12.75,12.75,1
BBDCA128,2025-10-07,2.03,2.07,2.03,2.07,2
ITUBP34,2025-10-07,0.5,0.5,0.5,0.5,19
BBDCM166,2025-10-07,0.51,0.54,0.51,0.54,2
ITUBV349,2025-10-07,0.01,0.03,0.01,0.03,3
ITUBL394,2025-10-07,1.15,0.99,0.98,1.15,12
ITUBK314,2025-10-07,6.7,6.58,6.58,6.7,2
ITUBL40,2025-10-07,0.54,0.86,0.54,0.86,2
ITSAL945,2025-10-07,2.1,2.02,2.02,2.1,5
BBDCJ132,2025-10-07,1.66,1.59,1.59,1.66,3
BBDCK114,2025-10-07,5.82,5.82,5.82,5.82,1
BBDCW145,2025-10-07,0.41,0.42,0.41,0.43,6
BBDCW116,2025-10-07,0.01,0.01,0.01,0.01,1
UGPAJ230,2025-10-07,0.02,0.01,0.01,0.02,5
ITUBW404,2025-10-07,2.54,2.54,2.54,2.54,1
ITUBL360,2025-10-07,11.8,11.4,11.4,11.8,2
BBDCL160,2025-10-07,4.39,4.39,4.39,4.39,1
PINE11F,2025-10-07,13.3,13.3,13.3,13.3,2
ABCBV231,2025-10-07,0.95,0.95,0.95,0.95,1
ITUBV33,2025-10-07,0.02,0.01,0.01,0.02,4
UGPAK220,2025-10-07,0.62,0.49,0.49,0.62,38
BRAPJ190,2025-10-07,0.01,0.01,0.01,0.01,2
BBDCK230,2025-10-07,14.61,14.61,14.61,14.61,1
SANBJ274,2025-10-07,0.96,0.96,0.96,0.96,1
ITUBJ342,2025-10-07,3.86,3.65,3.65,3.86,4
BBDCJ162W4,2025-10-07,0.95,0.95,0.95,0.95,1
UGPAL231,2025-10-07,0.4,0.4,0.4,0.4,2
ITSAK999,2025-10-07,1.22,1.22,1.22,1.22,1
SANBW297,2025-10-07,1.57,1.57,1.53,1.57,3
BRSRV112,2025-10-07,0.02,0.02,0.02,0.02,2
BBDCV177W4,2025-10-07,0.74,0.77,0.72,0.77,3
ITUBW346,2025-10-07,1,1,1,1,1
BBDCK218,2025-10-07,0.02,0.02,0.02,0.02,4
BBDCX159,2025-10-07,0.23,0.23,0.23,0.23,1
ITUBJ374,2025-10-07,5.79,5.93,5.79,5.95,7
UGPAW200,2025-10-07,0.53,0.53,0.53,0.53,1
ITUBJ395W4,2025-10-07,0.12,0.11,0.11,0.12,2
BBDCJ147W2,2025-10-07,2.36,2.36,2.36,2.36,1
ITUBR375,2025-10-07,0.38,0.38,0.38,0.38,3
BRAPK153,2025-10-07,2.3,2.3,2.3,2.3,1
UGPAW185,2025-10-07,0.21,0.21,0.21,0.21,1
SANBX265,2025-10-07,0.37,0.37,0.37,0.37,1
BBDCO155,2025-10-07,0.3,0.3,0.3,0.3,1
BBDCW115,2025-10-07,0.01,0.01,0.01,0.01,1
BBDCX135,2025-10-07,0.17,0.17,0.17,0.17,1
ITUBA427,2025-10-07,0.52,0.52,0.52,0.52,1
SANBJ316,2025-10-07,0.02,0.02,0.02,0.02,1
BPANJ809,2025-10-07,0.13,0.13,0.13,0.13,1
ITUBV332,2025-10-07,0.02,0.02,0.02,0.02,2
BBDCJ14,2025-10-07,0.7,0.7,0.7,0.7,1
SANBJ336,2025-10-07,0.01,0.01,0.01,0.01,1
ITSAX157,2025-10-07,4.29,4.3,4.29,4.3,2
BRSRK120,2025-10-07,0.52,0.52,0.52,0.52,1
BBDCD342,2025-10-07,0.01,0.01,0.01,0.01,1
ITUBE550,2025-10-07,0.58,0.58,0.58,0.58,1
ITUBF36,2025-10-07,9.2,9.2,9.2,9.2,1
BBDCV2,2025-10-07,1.18,1.18,1.18,1.18,1
BBDCX132,2025-10-07,0.13,0.13,0.13,0.13,1
BBDCN154,2025-10-07,0.3,0.3,0.3,0.3,2
ITUB4,2025-10-07,37.72,37.17,36.97,37.73,37598
BBDC3,2025-10-07,14.5,14.33,14.26,14.51,8684
SANB11F,2025-10-07,28.63,27.98,27.98,28.63,1348
BBDCV161,2025-10-07,0.04,0.05,0.04,0.08,110
ITUBW334,2025-10-07,0.1,0.09,0.09,0.1,5
BEES3,2025-10-07,8.11,8.09,8.05,8.2,93
ITUBV383,2025-10-07,0.65,0.95,0.63,1.05,518
ITSAW117,2025-10-07,0.48,0.5,0.48,0.53,19
BBDCK161,2025-10-07,1.46,1.44,1.34,1.46,17
BBDCV175,2025-10-07,0.04,0.03,0.03,0.05,80
SANBV291,2025-10-07,0.67,0.77,0.58,0.79,9
ITUBJ368,2025-10-07,1.28,1.01,0.96,1.28,148
BMEB4,2025-10-07,52.5,51.15,50.81,52.5,111
ITUBK417,2025-10-07,0.18,0.17,0.16,0.19,24
BBDCW171,2025-10-07,0.48,0.49,0.48,0.54,79
BEES4,2025-10-07,8.14,8.12,8.1,8.16,16
BPANK700,2025-10-07,1.14,1.18,1.09,1.18,395
SANBK272,2025-10-07,1.91,1.74,1.74,1.95,11
BBDCK141,2025-10-07,3.16,3.14,3.07,3.16,8
BBDCW159,2025-10-07,0.2,0.21,0.2,0.23,26
SANBK274,2025-10-07,1.72,1.58,1.58,1.76,9
BBDCV189,2025-10-07,0.18,0.16,0.15,0.19,102
ITSAK877,2025-10-07,2.6,2.53,2.53,2.6,7
BRAPJ175,2025-10-07,0.19,0.16,0.16,0.22,102
BBDCJ161,2025-10-07,0.89,0.88,0.8,0.9,90
BBDCV186,2025-10-07,0.69,0.75,0.67,0.82,133
BRAPK168,2025-10-07,1.04,0.92,0.92,1.05,10
ITUBK331,2025-10-07,5.02,4.93,4.89,5.02,7
BBDCV160W4,2025-10-07,0.06,0.06,0.06,0.06,1
BPANV739,2025-10-07,0.01,0.02,0.01,0.02,2
ITUBK389,2025-10-07,0.87,0.74,0.72,0.87,51
BBDCW152,2025-10-07,0.06,0.06,0.05,0.06,7
ITUBV366,2025-10-07,0.12,0.16,0.12,0.19,233
BBDCK186,2025-10-07,0.3,0.28,0.26,0.3,190
ITSAK110,2025-10-07,0.56,0.54,0.52,0.57,33
ITUBK366,2025-10-07,2.15,1.93,1.86,2.16,34
BBDCH134,2025-10-07,5.6,5.6,5.6,5.6,1
ITSAK115,2025-10-07,0.35,0.26,0.25,0.35,37
UGPAJ225,2025-10-07,0.03,0.02,0.02,0.04,20
ITSAK987,2025-10-07,1.47,1.48,1.45,1.48,23
ITUBW377,2025-10-07,0.77,0.9,0.77,0.94,71
ITUBJ416,2025-10-07,0.01,0.01,0.01,0.03,45
ITUBK449,2025-10-07,0.04,0.03,0.03,0.04,4
BBDCW135,2025-10-07,0.15,0.15,0.15,0.15,3
BBDCJ177W2,2025-10-07,0.05,0.02,0.02,0.05,5
ITSAK981,2025-10-07,1.39,1.37,1.35,1.39,4
BBDCX17,2025-10-07,0.9,1,0.9,1,4
BBDCV169W2,2025-10-07,0.15,0.18,0.13,0.19,13
BBDCM161,2025-10-07,0.33,0.33,0.33,0.33,4
ITUBJ385W5,2025-10-07,0.21,0.41,0.21,0.49,12
ITUBV360W5,2025-10-07,0.22,0.28,0.22,0.28,4
BBDCV145,2025-10-07,0.11,0.11,0.11,0.12,6
BBDCN148,2025-10-07,0.75,0.76,0.75,0.76,2
ITSAL112,2025-10-07,0.55,0.52,0.52,0.56,6
BBDCJ180,2025-10-07,3.08,2.95,2.95,3.08,10
SANBW292,2025-10-07,1.28,1.25,1.25,1.3,6
ITUBL393,2025-10-07,1.15,1.15,1.15,1.15,1
BRAPW163,2025-10-07,0.2,0.2,0.2,0.2,1
ITUBJ324,2025-10-07,5.73,5.73,5.73,5.73,1
ITSAJ110W4,2025-10-07,0.23,0.23,0.23,0.23,2
ABCBK240,2025-10-07,0.2,0.1,0.1,0.2,6
BBDCX13,2025-10-07,0.03,0.2,0.03,0.2,4
BBDCN169,2025-10-07,0.6,0.63,0.6,0.63,2
ITSAJ115W2,2025-10-07,0.01,0.02,0.01,0.02,3
ITUBK359,2025-10-07,2.64,2.5,2.49,2.65,73
ABCBJ226,2025-10-07,0.25,0.15,0.15,0.25,6
BPANV939,2025-10-07,1.4,1.4,1.4,1.4,1
ITUBE407,2025-10-07,2.55,2.55,2.55,2.55,1
ITUBJ32,2025-10-07,5.29,5.22,5.22,5.29,4
BBDCV15,2025-10-07,0.92,0.92,0.92,0.92,2
ITSAB10,2025-10-07,1.5,1.5,1.5,1.51,3
ITSAM100,2025-10-07,0.06,0.06,0.06,0.06,1
BBDCX183,2025-10-07,1.2,1.15,1.14,1.2,3
BBDCV170W4,2025-10-07,0.31,0.3,0.3,0.31,3
ITUBV360W2,2025-10-07,0.02,0.05,0.02,0.05,215
ABCBW215,2025-10-07,0.25,0.25,0.25,0.25,2
BBDCV171W5,2025-10-07,0.55,0.55,0.55,0.55,1
BBDCK19,2025-10-07,0.16,0.14,0.14,0.16,7
ITUBW339,2025-10-07,0.12,0.13,0.12,0.13,4
ABCBK238,2025-10-07,0.16,0.16,0.16,0.16,1
BGIP3F,2025-10-07,31,30.84,30.84,31,4
BBDCW157W1,2025-10-07,0.11,0.11,0.11,0.11,1
RPAD5F,2025-10-07,7.17,6.78,6.45,7.17,40
ITUBV409,2025-10-07,2.83,2.85,2.82,2.95,140
BRAPX159,2025-10-07,0.18,0.2,0.18,0.2,2
ITSAL107,2025-10-07,0.85,0.85,0.85,0.85,1
BBDCJ167W4,2025-10-07,0.6,0.6,0.6,0.6,1
BBDCV184W2,2025-10-07,1.51,1.51,1.51,1.51,1
BBDCK21,2025-10-07,0.04,0.04,0.03,0.04,7
BBDCX163,2025-10-07,0.41,0.41,0.4,0.41,5
UGPAV190,2025-10-07,0.03,0.03,0.03,0.03,1
UGPAJ184,2025-10-07,1.85,1.85,1.85,1.85,1
ITSAW105W1,2025-10-07,0.06,0.08,0.06,0.08,2
UGPAK240,2025-10-07,0.15,0.12,0.12,0.15,8
ITSAI192,2025-10-07,0.08,0.08,0.08,0.08,1
ITSAX140,2025-10-07,0.65,0.65,0.65,0.65,1
BBDCK49,2025-10-07,1.5,1.5,1.5,1.5,1
ITUBJ248,2025-10-07,13.15,13.19,13.15,13.19,4
ITUBJ425W4,2025-10-07,0.02,0.02,0.02,0.02,4
ITUBM354,2025-10-07,0.42,0.42,0.42,0.42,1
BBDCJ179W2,2025-10-07,0.01,0.01,0.01,0.01,1
ITSAJ124,2025-10-07,0.01,0.01,0.01,0.01,1
BRSRK127,2025-10-07,0.19,0.19,0.19,0.19,1
BBDCX124,2025-10-07,0.04,0.04,0.04,0.04,1
ITUBJ349,2025-10-07,3.23,3.19,3.19,3.23,2
ITSAJ569,2025-10-07,5.35,5.35,5.35,5.35,1
SANBJ311,2025-10-07,0.02,0.02,0.02,0.02,3
ITUBW401,2025-10-07,2.25,2.25,2.25,2.25,1
ITUBG377,2025-10-07,4.6,4.62,4.6,4.62,5
ABCBW235,2025-10-07,1.17,1.17,1.17,1.17,1
BBDCN3,2025-10-07,1.71,1.71,1.71,1.71,1
BBDCO160,2025-10-07,0.28,0.34,0.28,0.39,4
SANBK299,2025-10-07,0.5,0.5,0.5,0.5,1
BBDCL142,2025-10-07,1.21,1.21,1.21,1.21,1
ABCBW210,2025-10-07,0.13,0.13,0.13,0.13,1
BBDCC19,2025-10-07,1.5,1.5,1.5,1.5,1
ITUBW396,2025-10-07,1.97,2.04,1.94,2.04,3
ITSAA113,2025-10-07,0.65,0.65,0.65,0.65,1
ITUBJ296,2025-10-07,8.38,8.32,8.32,8.38,3
ITUBW277,2025-10-07,0.02,0.02,0.02,0.02,1
ABCBJ236,2025-10-07,0.03,0.03,0.03,0.03,1
BBDCB214,2025-10-07,0.19,0.19,0.19,0.19,2
SANBK337,2025-10-07,0.05,0.05,0.05,0.05,1
BBDCJ165W4,2025-10-07,0.78,0.78,0.78,0.78,1
ITUB3,2025-10-07,33.53,32.87,32.83,33.53,1972
BRSR6F,2025-10-07,11.96,11.76,11.68,12,1621
ITUBJ383,2025-10-07,0.38,0.25,0.22,0.38,475
ITUBW366,2025-10-07,0.51,0.55,0.51,0.6,29
SANB3F,2025-10-07,13.8,13.39,13.38,13.9,519
BRAPW170,2025-10-07,0.38,0.42,0.38,0.42,7
UGPA3F,2025-10-07,20.51,20.51,20.17,20.67,871
ABCBX223,2025-10-07,0.5,0.64,0.5,0.64,3
BRAP3,2025-10-07,15.79,15.74,15.45,15.94,306
ITSA3,2025-10-07,11.21,11,10.98,11.21,634
ITSAV107,2025-10-07,0.02,0.02,0.02,0.03,8
BBDCW157,2025-10-07,0.14,0.13,0.13,0.15,47
UGPAW215,2025-10-07,1.34,1.15,1.15,1.34,5
BBDCV152,2025-10-07,0.43,0.44,0.43,0.52,29
BBDCJ3,2025-10-07,0.37,0.33,0.27,0.37,178
ITUBK399,2025-10-07,0.55,0.42,0.41,0.55,95
ITUBV373,2025-10-07,0.25,0.38,0.25,0.44,178
ITUBW386,2025-10-07,1.22,1.43,1.22,1.45,22
ITSAK129,2025-10-07,0.01,0.01,0.01,0.01,1
BRAPW175,2025-10-07,0.59,0.65,0.58,0.65,8
ITUBV371,2025-10-07,0.18,0.29,0.18,0.34,140
BBDCK159,2025-10-07,1.62,1.57,1.53,1.63,15
ITSAV117,2025-10-07,0.43,0.51,0.43,0.53,14
BBDCJ182,2025-10-07,0.07,0.05,0.03,0.07,218
ABCBJ231,2025-10-07,0.05,0.05,0.05,0.05,6
ITUBV384,2025-10-07,0.52,0.76,0.52,0.84,639
BRSR3F,2025-10-07,14.12,14.02,13.8,14.12,175
SANBK307,2025-10-07,0.29,0.26,0.26,0.29,4
BBDCV185,2025-10-07,1.44,1.46,1.44,1.51,37
ITUBJ400W2,2025-10-07,0.01,0.01,0.01,0.01,4
SANBJ271,2025-10-07,1.7,1.7,1.7,1.7,1
ITSAW112,2025-10-07,0.24,0.25,0.22,0.27,40
BBDCV172W4,2025-10-07,0.45,0.42,0.42,0.45,3
SANBW281,2025-10-07,0.61,0.6,0.54,0.61,7
ITUBW381,2025-10-07,0.96,1.13,0.96,1.2,65
BBDCJ170,2025-10-07,2.37,2.3,2.22,2.37,28
BBDCJ146,2025-10-07,0.21,0.2,0.16,0.21,8
BBDCK139,2025-10-07,3.38,3.36,3.29,3.39,9
BSLI3F,2025-10-07,9.18,9.15,8.8,9.18,60
ITUBW354,2025-10-07,0.28,0.28,0.28,0.31,9
UGPAV215,2025-10-07,0.86,0.51,0.51,1.02,20
BBDCL3,2025-10-07,1.2,1.22,1.2,1.25,7
SANBJ296,2025-10-07,0.18,0.15,0.12,0.21,13
SANBJ266,2025-10-07,2.15,2.15,2.15,2.15,1
ITSAK867,2025-10-07,2.63,2.63,2.63,2.63,1
ITSAK991,2025-10-07,1.3,1.3,1.3,1.3,1
ITUBV385W4,2025-10-07,1.27,1.28,1.24,1.28,5
ITUBW389,2025-10-07,1.34,1.52,1.34,1.62,43
ITUBJ380W5,2025-10-07,0.62,0.57,0.54,0.62,41
UGPAV205,2025-10-07,0.45,0.27,0.27,0.45,5
BRAPJ180,2025-10-07,0.08,0.07,0.06,0.08,6
ITSAV110W4,2025-10-07,0.17,0.15,0.15,0.17,6
ITUBJ420W5,2025-10-07,0.03,0.04,0.03,0.04,7
ITSAK977,2025-10-07,1.58,1.56,1.56,1.59,24
BRSRK128,2025-10-07,0.11,0.11,0.11,0.11,2
BRSRJ125,2025-10-07,0.05,0.04,0.02,0.05,9
ITUBV346,2025-10-07,0.03,0.02,0.02,0.03,6
ITUBJ332,2025-10-07,4.16,4,4,4.16,4
ITUBW352,2025-10-07,0.2,0.21,0.2,0.23,19
UGPAW190,2025-10-07,0.31,0.37,0.3,0.37,4
ITUBJ304,2025-10-07,7.22,7.21,7.21,7.22,2
BBDCW174,2025-10-07,0.73,0.71,0.71,0.76,38
ITSAX105,2025-10-07,0.08,0.09,0.08,0.09,4
BRAPK170,2025-10-07,0.87,0.78,0.78,0.87,5
ITUBV365W5,2025-10-07,0.33,0.43,0.33,0.43,7
BRAPW168,2025-10-07,0.3,0.33,0.3,0.34,17
UGPAK185,2025-10-07,2.73,2.73,2.73,2.73,1
SANBW264,2025-10-07,0.3,0.3,0.3,0.3,3
BBDCJ179W5,2025-10-07,0.26,0.26,0.26,0.26,1
ITSAJ897,2025-10-07,2.1,2.1,2.1,2.1,1
BBDCK196,2025-10-07,0.13,0.1,0.09,0.13,14
ITUBL217,2025-10-07,15.91,15.87,15.87,15.91,2
ITUBW316,2025-10-07,0.04,0.05,0.04,0.05,16
ITUBJ333,2025-10-07,4.6,4.48,4.48,4.6,19
BBDCW179,2025-10-07,1,1.03,1,1.05,110
BPANL940,2025-10-07,0.09,0.09,0.09,0.09,1
BPANK600,2025-10-07,2.06,2.06,2.06,2.06,1
BBDCX3,2025-10-07,0.54,0.55,0.54,0.55,4
UGPAX206,2025-10-07,1.1,1.1,1.1,1.1,1
BBDCF167,2025-10-07,3.2,3.2,3.2,3.2,2
ITUBS313,2025-10-07,0.35,0.36,0.35,0.36,52
ITUBK462,2025-10-07,0.03,0.02,0.02,0.03,7
ITUBP340,2025-10-07,0.18,0.12,0.12,0.18,2
ABCBK223,2025-10-07,0.6,0.61,0.6,0.61,2
BBDCK172W1,2025-10-07,0.25,0.55,0.25,0.55,2
ITUBX352,2025-10-07,0.31,0.31,0.31,0.31,1
BBDCK20,2025-10-07,0.07,0.06,0.06,0.07,2
ITUBV418,2025-10-07,4.07,4.2,4.06,4.22,34
BRAPL182,2025-10-07,0.47,0.48,0.47,0.48,3
ITUBK315,2025-10-07,6.93,6.79,6.79,6.93,6
ITUBK301,2025-10-07,7.74,7.74,7.74,7.74,1
BBDCX200,2025-10-07,1.36,1.36,1.36,1.36,1
BBDCJ167W2,2025-10-07,0.5,0.36,0.34,0.5,11
ITUBL380,2025-10-07,2.38,1.79,1.69,2.38,4
BBDCA136,2025-10-07,3.75,3.75,3.75,3.75,1
ABCBX228,2025-10-07,0.87,0.87,0.87,0.87,1
ITUBK429,2025-10-07,0.1,0.09,0.09,0.1,5
ITUBK344,2025-10-07,3.82,3.82,3.82,3.82,1
ITUBJ353,2025-10-07,2.5,2.43,2.35,2.5,10
BBDCJ16,2025-10-07,0.01,0.01,0.01,0.01,4
ITUBX423,2025-10-07,0.55,0.68,0.55,0.68,2
BBDCJ194W5,2025-10-07,0.05,0.06,0.05,0.07,31
ITUBQ370,2025-10-07,1.36,1.33,1.33,1.36,2
BBDCJ160,2025-10-07,4.3,4.3,4.3,4.3,1
ITUBW347,2025-10-07,0.18,0.2,0.18,0.2,9
PINE3,2025-10-07,8.45,8.45,8.45,8.45,2
ITUBX2,2025-10-07,0.5,0.75,0.5,0.75,4
ITUBJ425W5,2025-10-07,0.02,0.03,0.02,0.03,2
ITUBL401,2025-10-07,6,6,6,6,1
ITSAJ115W5,2025-10-07,0.09,0.09,0.09,0.1,4
BBDCB109,2025-10-07,8.13,8.13,8.13,8.13,1
BBDCW152W1,2025-10-07,0.09,0.11,0.09,0.11,2
ITUBJ230,2025-10-07,14.69,14.69,14.69,14.69,1
BBDCI179,2025-10-07,2.5,2.26,2.26,2.5,2
ITUBB322,2025-10-07,6.7,6.7,6.7,6.7,1
BBDCM181,2025-10-07,1.3,1.27,1.26,1.3,3
BBDCM171,2025-10-07,0.87,0.87,0.87,0.87,1
BBDCJ187W4,2025-10-07,0.03,0.03,0.03,0.03,1
BBDCJ11,2025-10-07,5.76,5.76,5.76,5.76,1
ITUBK433,2025-10-07,0.06,0.07,0.06,0.07,8
BBDCJ124,2025-10-07,4.79,4.79,4.79,4.79,1
ABCBV211,2025-10-07,0.02,0.02,0.02,0.02,1
ITUBK430W1,2025-10-07,0.03,0.04,0.03,0.04,2
ITUBK443,2025-10-07,0.04,0.04,0.04,0.04,1
ITUBG362,2025-10-07,5.9,5.9,5.9,5.9,1
ITSAX129,2025-10-07,0.45,0.45,0.45,0.45,2
BBDCK204,2025-10-07,0.05,0.06,0.05,0.06,3
BBDCK175W1,2025-10-07,0.75,0.49,0.49,0.75,2
ITUBX393,2025-10-07,1.4,1.4,1.4,1.4,1
BRAPK163,2025-10-07,1.41,1.41,1.41,1.41,1
BBDCX156,2025-10-07,0.15,0.15,0.15,0.15,1
BBDC4F,2025-10-07,16.85,16.78,16.62,16.96,5654
BRAP4,2025-10-07,17.3,17.15,17.1,17.37,3397
BBDC3F,2025-10-07,14.55,14.31,14.26,14.59,2667
ABCB4,2025-10-07,22.43,22.13,21.96,22.53,2005
ITSA4F,2025-10-07,11.17,10.99,10.96,11.19,9986
BRSRK123,2025-10-07,0.28,0.28,0.28,0.28,3
ITUBW372,2025-10-07,0.63,0.72,0.63,0.76,42
BBDCJ2,2025-10-07,0.03,0.03,0.02,0.03,99
ITUBJ428,2025-10-07,0.01,0.01,0.01,0.01,6
BBDCK164,2025-10-07,1.23,1.24,1.17,1.27,56
BBDCJ191W5,2025-10-07,0.07,0.07,0.07,0.09,7
ITUBJ393,2025-10-07,0.24,0.08,0.08,0.24,104
BBDCV172W2,2025-10-07,0.3,0.3,0.27,0.35,20
PINE4F,2025-10-07,8.55,8.59,8.33,8.59,440
BBDCV171,2025-10-07,0.35,0.37,0.35,0.45,173
ITUBK435W1,2025-10-07,0.02,0.04,0.02,0.04,2
ITUBV380W2,2025-10-07,0.53,0.85,0.53,0.85,16
BBDCK176,2025-10-07,0.54,0.54,0.5,0.55,50
BBDCW13,2025-10-07,0.03,0.03,0.03,0.03,1
ITUBK386,2025-10-07,0.95,0.82,0.8,0.95,41
ITSAJ112,2025-10-07,0.23,0.17,0.14,0.23,176
SANBK297,2025-10-07,0.53,0.49,0.49,0.55,7
ITSAW107,2025-10-07,0.08,0.09,0.08,0.1,43
ITSAX902,2025-10-07,0.05,0.02,0.02,0.05,4
ITUBK394,2025-10-07,0.73,0.57,0.55,0.73,70
BMIN4F,2025-10-07,16.94,17.31,16.94,17.47,7
BBDCK18,2025-10-07,0.23,0.23,0.21,0.24,33
ITUBW369,2025-10-07,0.59,0.62,0.59,0.68,31
SANBJ281,2025-10-07,0.8,0.77,0.77,1.01,11
BBDCK191,2025-10-07,0.24,0.18,0.18,0.24,26
BBDCJ209,2025-10-07,0.01,0.01,0.01,0.02,19
BBDCJ12,2025-10-07,4.3,4.31,4.2,4.31,19
ITUBW384,2025-10-07,1.09,1.26,1.09,1.3,47
ITUBK420W1,2025-10-07,0.07,0.07,0.06,0.09,6
BBDCL201,2025-10-07,0.14,0.14,0.14,0.14,1
ITUBV396,2025-10-07,1.94,1.99,1.88,2.13,53
ITUBB225,2025-10-07,16.08,16.08,16.08,16.08,1
UGPAL226,2025-10-07,0.52,0.63,0.51,0.63,20
ITUBK463,2025-10-07,0.02,0.01,0.01,0.02,2
UGPAK204,2025-10-07,1.13,1.2,0.99,1.2,11
BBDCV159W2,2025-10-07,0.01,0.01,0.01,0.01,6
ITUBJ391,2025-10-07,0.18,0.11,0.1,0.18,68
ITSAW110,2025-10-07,0.13,0.15,0.13,0.17,57
ITSAV102,2025-10-07,0.01,0.01,0.01,0.01,6
BBDCW156,2025-10-07,0.17,0.17,0.16,0.18,30
BBDCL163,2025-10-07,1.36,1.45,1.36,1.45,2
ITSAV120W2,2025-10-07,0.97,1,0.97,1.1,4
BBDCK170,2025-10-07,0.07,0.07,0.06,0.07,4
ITUBV388,2025-10-07,0.9,1.32,0.9,1.4,185
BBDCN119,2025-10-07,0.02,0.02,0.02,0.02,1
UGPAK170,2025-10-07,3.81,3.81,3.81,3.81,1
BAZA3F,2025-10-07,74.55,74,73.91,74.55,123
BBDCJ174W2,2025-10-07,0.1,0.05,0.04,0.1,22
ITUBK423,2025-10-07,0.11,0.09,0.09,0.11,22
ITUBJ366,2025-10-07,1.5,1.21,1.13,1.5,214
ABCBJ238,2025-10-07,0.02,0.03,0.02,0.03,2
BBDCJ160W4,2025-10-07,1.12,1.12,1.12,1.12,1
BBDCJ999,2025-10-07,7.02,7.02,7.02,7.02,1
BBDCV164W2,2025-10-07,0.02,0.04,0.02,0.05,5
ITUBJ403,2025-10-07,0.05,0.03,0.02,0.05,65
ITUBJ426,2025-10-07,0.01,0.01,0.01,0.01,3
ITUBJ356,2025-10-07,2.18,2.12,2.12,2.18,6
BBDCJ185,2025-10-07,0.03,0.02,0.01,0.03,146
BRSRJ117,2025-10-07,0.36,0.31,0.3,0.36,7
ITUBJ360W2,2025-10-07,1.27,1.27,1.27,1.27,2
ITUBW326,2025-10-07,0.07,0.06,0.06,0.07,3
ITUBK412,2025-10-07,0.24,0.2,0.2,0.25,14
ITUBV329,2025-10-07,0.02,0.02,0.02,0.02,4
BRAPJ155,2025-10-07,1.76,1.75,1.75,1.76,7
SANBV301,2025-10-07,1.29,1.5,1.22,1.5,15
BBDCX182,2025-10-07,1.32,1.32,1.31,1.32,6
BRAPW180,2025-10-07,0.88,0.91,0.88,0.94,14
SANBL325,2025-10-07,0.2,0.21,0.2,0.21,7
ITUBV34,2025-10-07,0.03,0.03,0.03,0.04,21
ITUBL39,2025-10-07,1,1,1,1,2
ITUBK306,2025-10-07,7.28,7.21,7.21,7.28,4
ITSAB804,2025-10-07,4.5,4.45,4.45,4.5,3
ITUBK425W1,2025-10-07,0.05,0.06,0.04,0.07,8
UGPAW195,2025-10-07,0.4,0.38,0.38,0.45,7
BBDCW181,2025-10-07,1.15,1.17,1.15,1.22,12
ITUBK444,2025-10-07,0.05,0.05,0.05,0.05,3
ITUBV403,2025-10-07,2.59,2.69,2.58,2.75,43
SANBV276,2025-10-07,0.13,0.12,0.12,0.13,2
MERC4,2025-10-07,12.99,12.5,12.5,12.99,6
BBDCW18,2025-10-07,1.56,1.58,1.54,1.58,3
BRAPA193,2025-10-07,0.19,0.26,0.19,0.34,5
BBDCJ133,2025-10-07,3.86,3.72,3.72,3.86,8
SANBB249,2025-10-07,7.8,7.8,7.8,7.8,1
ITUBV350W4,2025-10-07,0.1,0.1,0.1,0.1,1
BRAPV185,2025-10-07,1.33,1.33,1.33,1.33,2
ABCBK230,2025-10-07,0.36,0.33,0.33,0.36,2
ITUBF367,2025-10-07,5.12,5.12,5.12,5.12,1
PINE3F,2025-10-07,8.03,8.41,8.01,8.44,14
BBDCL134,2025-10-07,4.23,4.22,4.22,4.23,5
ITUBV390W4,2025-10-07,1.54,1.74,1.54,1.74,2
BBDCL17,2025-10-07,0.65,0.66,0.65,0.68,7
BBDCJ196W5,2025-10-07,0.05,0.04,0.04,0.05,11
BBDCW165,2025-10-07,1.78,1.78,1.78,1.78,3
BBDCJ189W5,2025-10-07,0.09,0.1,0.09,0.1,2
ITSAJ805,2025-10-07,3.15,3.15,3.15,3.15,1
ITSAJ110,2025-10-07,2.74,2.74,2.74,2.74,1
BBDCK15,2025-10-07,0.58,0.45,0.45,0.58,12
BBDCK130,2025-10-07,1.84,1.86,1.84,1.86,2
SANBL320,2025-10-07,0.26,0.31,0.26,0.31,17
BPANJ799,2025-10-07,0.18,0.17,0.15,0.18,3
SANBK264,2025-10-07,2.43,2.43,2.43,2.43,1
BBDCW132,2025-10-07,0.12,0.1,0.1,0.12,2
BBDCA189,2025-10-07,0.54,0.54,0.54,0.54,2
ITSAK120W1,2025-10-07,0.04,0.03,0.03,0.04,2
ITUBX383,2025-10-07,1.7,1.7,1.7,1.7,1
MERC4F,2025-10-07,13,12.5,12.5,13,2
ITSAL113,2025-10-07,0.72,0.73,0.72,0.73,2
ITUBK414,2025-10-07,0.22,0.19,0.19,0.22,22
SANBX270,2025-10-07,0.46,0.45,0.45,0.47,5
BRAPK185,2025-10-07,0.21,0.19,0.19,0.21,5
ITUBK287,2025-10-07,9.15,9.15,9.15,9.15,1
SANBL308,2025-10-07,0.5,0.56,0.5,0.56,6
BBDCO13,2025-10-07,0.05,0.06,0.05,0.06,66
SANBV296,2025-10-07,1.02,0.96,0.96,1.06,4
UGPAK22,2025-10-07,0.42,0.3,0.3,0.42,4
ITUBV375W5,2025-10-07,0.45,0.78,0.45,0.78,7
ITSAW977,2025-10-07,0.03,0.03,0.03,0.03,1
ITSAV965,2025-10-07,0.01,0.01,0.01,0.01,1
BBDCW114,2025-10-07,0.01,0.01,0.01,0.01,2
ITUBV344,2025-10-07,0.03,0.02,0.02,0.03,8
UGPAV180,2025-10-07,0.02,0.02,0.02,0.02,1
BBDCK214,2025-10-07,0.03,0.03,0.03,0.03,2
ITSAV120W4,2025-10-07,0.88,0.89,0.88,0.89,3
BBDCV14,2025-10-07,0.05,0.05,0.05,0.05,1
ITSAK115W2,2025-10-07,0.17,0.16,0.15,0.17,4
ITUBJ292,2025-10-07,4.86,4.86,4.86,4.86,1
BBDCL188,2025-10-07,0.4,0.44,0.4,0.44,4
BPANL80,2025-10-07,0.32,0.32,0.32,0.32,1
BRAPJ159,2025-10-07,1.22,1.34,1.22,1.34,10
ITUBJ390W4,2025-10-07,0.19,0.19,0.19,0.19,1
ITUBV355W4,2025-10-07,0.13,0.13,0.13,0.13,1
BBDCV161W5,2025-10-07,0.22,0.21,0.21,0.22,2
ITUBD440,2025-10-07,1.07,1.07,1.07,1.07,1
BRSRW120,2025-10-07,0.33,0.33,0.33,0.33,1
BRSRV122,2025-10-07,0.23,0.26,0.23,0.26,2
BRSRX116,2025-10-07,0.35,0.36,0.35,0.36,2
ITUBC375,2025-10-07,7.7,7.72,7.7,7.72,2
ABCBK215,2025-10-07,1.08,1.08,1.08,1.08,1
SANBL293,2025-10-07,2,2,2,2,1
BBDCJ139W2,2025-10-07,3.07,3.07,3.07,3.07,1
ABCBV216,2025-10-07,0.05,0.05,0.05,0.05,1
UGPAX211,2025-10-07,1.2,1.2,1.2,1.2,1
ITUBJ370W5,2025-10-07,1.21,1.21,1.21,1.21,1
ITUBJ365W2,2025-10-07,0.97,0.97,0.97,0.97,1
ITUBV360W4,2025-10-07,0.16,0.16,0.16,0.16,1
BRAPJ185,2025-10-07,0.04,0.04,0.04,0.04,1
ITSAX102,2025-10-07,0.05,0.05,0.05,0.05,1
BBDCV162W2,2025-10-07,0.02,0.02,0.02,0.02,1
BBDCV177W2,2025-10-07,0.66,0.68,0.66,0.78,14
ITUB4F,2025-10-07,37.77,37.15,36.98,37.83,7188
ITUB3F,2025-10-07,33.74,33.01,32.85,33.77,2144
PINE4,2025-10-07,8.55,8.61,8.34,8.61,922
BBDCJ169W2,2025-10-07,0.21,0.23,0.17,0.25,29
BPAN4F,2025-10-07,7.98,7.92,7.88,8.02,251
ITSAV114,2025-10-07,0.23,0.28,0.23,0.32,86
BBDCK166,2025-10-07,1.09,1.08,1.01,1.09,35
ITUBJ314,2025-10-07,6.46,6.26,6.23,6.46,11
SANBV274,2025-10-07,0.17,0.2,0.15,0.2,4
SANB4,2025-10-07,14.89,14.63,14.62,14.89,231
SANBK282,2025-10-07,1.19,1.16,1.15,1.25,13
ITUBK404,2025-10-07,0.37,0.34,0.31,0.37,22
ITUBJ365W4,2025-10-07,1.2,1.25,1.2,1.26,8
BBDCV3,2025-10-07,0.24,0.24,0.23,0.3,280
SANBJ306,2025-10-07,0.05,0.04,0.03,0.05,9
BBDCJ145,2025-10-07,0.52,0.48,0.44,0.52,14
BBDCJ142,2025-10-07,3.11,3.04,2.99,3.11,34
ITUBK381,2025-10-07,1.17,1.05,1,1.17,94
BRAPK173,2025-10-07,0.71,0.63,0.63,0.72,10
BBDCK140,2025-10-07,1.07,1.07,1.05,1.07,5
ITUBJ375W2,2025-10-07,0.36,0.22,0.18,0.36,97
ITSAJ122,2025-10-07,0.01,0.01,0.01,0.01,16
BBDCK171,2025-10-07,0.94,0.92,0.86,0.94,24
BRAPJ165,2025-10-07,0.95,0.76,0.76,0.95,5
BBDCJ175,2025-10-07,1.14,1.12,1.03,1.16,67
BBDCK157,2025-10-07,2,2.03,1.95,2.03,10
ITUBJ388,2025-10-07,0.3,0.15,0.14,0.3,183
ITUBV390W2,2025-10-07,1.68,1.79,1.68,1.79,8
BBDCW136,2025-10-07,0.03,0.02,0.02,0.03,4
ITUBV370W4,2025-10-07,0.43,0.46,0.43,0.46,3
UGPAL221,2025-10-07,0.66,0.72,0.66,0.75,10
ITUBV370W2,2025-10-07,0.17,0.23,0.17,0.29,37
ITUBK322,2025-10-07,5.86,5.86,5.86,5.86,1
BRAPK180,2025-10-07,0.36,0.31,0.31,0.36,7
ITSAJ117,2025-10-07,0.05,0.03,0.02,0.05,52
BMEB3F,2025-10-07,45.04,44.99,43.99,49,30
ITUBX375,2025-10-07,0.72,0.86,0.72,0.86,7
BBDCK134,2025-10-07,4.07,4.09,4.07,4.11,6
BRAPW173,2025-10-07,0.52,0.51,0.5,0.52,11
SANBW252,2025-10-07,0.11,0.11,0.11,0.11,1
BBDCV142,2025-10-07,0.01,0.01,0.01,0.01,29
ITSAJ120,2025-10-07,0.02,0.02,0.01,0.02,44
ITUBK364,2025-10-07,2.35,2.11,2.1,2.35,28
ITSAV109,2025-10-07,0.04,0.05,0.04,0.07,47
BRAPK175,2025-10-07,0.56,0.5,0.5,0.58,9
BRAPV163,2025-10-07,0.04,0.05,0.04,0.06,3
ITUBW361,2025-10-07,0.4,0.42,0.39,0.45,25
BBDCJ149,2025-10-07,2.63,2.55,2.49,2.63,10
BBDCW170W1,2025-10-07,0.38,0.38,0.38,0.38,2
ITUBJ431,2025-10-07,0.01,0.01,0.01,0.01,3
ITUBJ301,2025-10-07,7.67,7.46,7.46,7.67,4
ITUBJ408,2025-10-07,0.03,0.02,0.01,0.04,379
ITUBK369,2025-10-07,2.05,1.79,1.75,2.05,11
BBDCV198,2025-10-07,2.47,2.51,2.47,2.53,5
ITUBX363,2025-10-07,0.55,0.6,0.55,0.6,6
BBDCJ157,2025-10-07,1.83,1.8,1.75,1.86,13
ITUBL382,2025-10-07,1.42,1.37,1.37,1.42,3
BBDCV167W2,2025-10-07,0.08,0.09,0.07,0.09,13
UGPAJ220,2025-10-07,0.1,0.09,0.04,0.1,12
ITSAK927,2025-10-07,2.06,2.06,2.06,2.06,1
ITSAV122,2025-10-07,0.97,0.97,0.97,0.97,2
ITUBK384,2025-10-07,1.04,0.93,0.93,1.05,45
BBDCJ194,2025-10-07,0.01,0.01,0.01,0.01,10
BRAPW160,2025-10-07,0.07,0.07,0.06,0.07,3
ITUBJ390W2,2025-10-07,0.02,0.02,0.02,0.03,19
ITSAL129,2025-10-07,0.39,0.37,0.37,0.42,3
ITUBX353,2025-10-07,0.25,0.29,0.25,0.29,7
BRSRK122,2025-10-07,0.39,0.4,0.39,0.4,2
BMEB3,2025-10-07,44.9,44,44,44.9,3
ITUBO375,2025-10-07,0.25,0.25,0.25,0.26,85
BBDCJ182W4,2025-10-07,0.05,0.05,0.05,0.05,1
BRAPK190,2025-10-07,0.13,0.11,0.11,0.13,5
BBDCW397,2025-10-07,22.2,22.24,22.2,22.24,2
ITUBJ400,2025-10-07,1.68,1.65,1.65,1.68,3
ITUBJ385W2,2025-10-07,0.09,0.04,0.03,0.09,11
ITSAX113,2025-10-07,0.17,0.2,0.17,0.2,8
BBDCJ137,2025-10-07,1.1,1.12,1.1,1.12,2
BBDCA159,2025-10-07,1.98,1.98,1.98,1.98,1
ITUBJ411,2025-10-07,0.02,0.03,0.01,0.03,388
ITUBV350,2025-10-07,0.04,0.04,0.03,0.04,8
ITSAB110,2025-10-07,2.14,2.14,2.14,2.14,1
UGPAK200,2025-10-07,1.48,1.58,1.48,1.6,6
BRSRC210,2025-10-07,0.2,0.2,0.2,0.2,1
BBDCW140,2025-10-07,0.27,0.26,0.26,0.27,5
BBDCJ679,2025-10-07,10.29,10.29,10.28,10.29,40
ITUBL419,2025-10-07,0.3,0.3,0.3,0.3,4
ITUBJ283,2025-10-07,9.2,9.2,9.2,9.2,1
BBDCJ119,2025-10-07,5.02,5.02,5.02,5.02,2
ITUBL385,2025-10-07,1.85,1.53,1.5,1.85,3
BBDCV190,2025-10-07,1.88,1.95,1.88,1.96,22
BBDCV138,2025-10-07,0.01,0.01,0.01,0.01,8
ITUBV411,2025-10-07,3.16,3.42,3.16,3.45,377
ITUBG42,2025-10-07,2.5,2.43,2.43,2.5,2
BBDCL182,2025-10-07,0.48,0.44,0.44,0.51,8
ITUBK434,2025-10-07,0.08,0.07,0.07,0.08,2
BRAPR230,2025-10-07,3.9,3.95,3.9,3.95,2
BBDCX164,2025-10-07,0.41,0.41,0.41,0.41,1
ITSAA119,2025-10-07,0.24,0.24,0.24,0.24,1
BBDCW20,2025-10-07,2.9,2.9,2.9,2.9,1
BBDCV179W2,2025-10-07,0.98,1.03,0.98,1.03,2
ITUBK356,2025-10-07,2.71,2.71,2.71,2.71,1
BBDCK226,2025-10-07,0.02,0.02,0.02,0.02,2
BBDCU21,2025-10-07,1.6,1.42,1.42,1.6,2
ITUBL231,2025-10-07,15.04,15.04,15.04,15.04,1
ITUBK319,2025-10-07,6.19,6.19,6.19,6.19,1
BBDCB143,2025-10-07,3.82,3.82,3.82,3.82,1
BBDCL166,2025-10-07,1.26,1.26,1.26,1.26,1
ITSAM119,2025-10-07,0.45,0.7,0.45,0.7,2
BBDCL180,2025-10-07,0.86,0.8,0.76,0.86,4
ITUBJ309,2025-10-07,6.73,6.73,6.73,6.73,1
SANBK312,2025-10-07,0.22,0.21,0.21,0.22,2
ITSAV115W2,2025-10-07,0.48,0.48,0.48,0.48,8
ITSAL105,2025-10-07,1.12,1.12,1.12,1.12,1
ITUBV358,2025-10-07,0.07,0.07,0.06,0.07,5
BBDCX166,2025-10-07,0.45,0.47,0.45,0.48,3
BRSRF1,2025-10-07,2.81,2.81,2.81,2.81,1
BPANL600,2025-10-07,2.2,2.14,2.14,2.2,174
BPANL620,2025-10-07,1.96,1.99,1.96,1.99,2
ABCBW230,2025-10-07,0.85,0.85,0.85,0.85,1
ITUBK352,2025-10-07,3.51,3.38,3.38,3.51,2
ITUBK30,2025-10-07,4.05,4.05,4.05,4.05,1
UGPAK230,2025-10-07,0.31,0.26,0.25,0.31,5
BBDCW131,2025-10-07,0.02,0.02,0.02,0.02,5
BPANK860,2025-10-07,0.14,0.14,0.14,0.14,1
BBDCJ128,2025-10-07,4.54,4.54,4.54,4.54,1
BBDCL128,2025-10-07,4.4,4.4,4.4,4.4,1
ITSAA110,2025-10-07,0.73,0.73,0.73,0.73,1
ITUBW395W2,2025-10-07,2.1,2.1,2.1,2.1,1
BBDCW194,2025-10-07,2.17,2.17,2.17,2.17,1
BBDCJ162W2,2025-10-07,0.81,0.81,0.81,0.81,1
BBDCJ136,2025-10-07,0.99,0.95,0.95,0.99,3
BBDCV133,2025-10-07,0.01,0.01,0.01,0.01,2
BRSRW137,2025-10-07,1.53,1.53,1.53,1.53,1
ITUBA390,2025-10-07,1.81,1.81,1.81,1.81,1
ITSAW129,2025-10-07,1.52,1.52,1.52,1.52,1
ITSAL900,2025-10-07,4.16,4.16,4.16,4.16,1
ITUBJ381,2025-10-07,0.74,0.41,0.38,0.74,556
BPAN4,2025-10-07,7.95,7.99,7.88,8.01,5194
ITUBJ371,2025-10-07,1.05,0.83,0.76,1.05,331
BBDCJ172W2,2025-10-07,0.11,0.1,0.07,0.13,27
BBDCK131,2025-10-07,4.34,4.34,4.26,4.39,29
BBDCJ162,2025-10-07,1.45,1.35,1.27,1.45,41
ITUBJ405W5,2025-10-07,0.09,0.09,0.06,0.09,57
ITSAW124,2025-10-07,1.11,1.11,1.11,1.13,12
BRAP3F,2025-10-07,15.8,15.8,15.67,15.93,395
SANBW274,2025-10-07,0.54,0.54,0.45,0.55,4
BRAPW135,2025-10-07,0.02,0.02,0.02,0.02,2
BPANV799,2025-10-07,0.13,0.12,0.12,0.13,5
BBDCK194,2025-10-07,0.13,0.12,0.11,0.13,15
ITUBW374,2025-10-07,0.68,0.82,0.68,0.87,111
BBDCK174,2025-10-07,0.7,0.65,0.59,0.7,97
BBDCJ159W2,2025-10-07,1.1,1.07,1.01,1.1,127
ITUBV368,2025-10-07,0.13,0.23,0.13,0.25,47
ITSAL117,2025-10-07,0.3,0.28,0.28,0.3,5
ITUBV386,2025-10-07,0.7,1.11,0.7,1.2,564
ITUBK392,2025-10-07,0.74,0.65,0.64,0.74,53
UGPAK190,2025-10-07,2.39,2.39,2.39,2.39,1
ITSAA114,2025-10-07,0.52,0.45,0.44,0.52,5
BRAPW165,2025-10-07,0.25,0.27,0.25,0.27,6
BBDCK156,2025-10-07,1.77,1.78,1.74,1.83,14
BBDCK151,2025-10-07,2.16,2.21,2.16,2.25,29
SANBV266,2025-10-07,0.04,0.05,0.04,0.05,2
ITSAJ105,2025-10-07,0.89,0.74,0.73,0.89,19
ITUBW359,2025-10-07,0.35,0.37,0.35,0.4,86
ITSAX89,2025-10-07,0.01,0.02,0.01,0.02,3
BBDCK145,2025-10-07,0.7,0.72,0.69,0.73,12
ITSAK104,2025-10-07,0.95,0.92,0.92,0.95,11
BBDCK124,2025-10-07,4.82,4.83,4.8,5,6
BPANJ859,2025-10-07,0.02,0.02,0.02,0.02,2
BSLI3,2025-10-07,9,8.94,8.71,9,18
BBDCV167,2025-10-07,0.11,0.09,0.09,0.13,66
ITSAV110W2,2025-10-07,0.06,0.1,0.06,0.1,17
BRAPV165,2025-10-07,0.07,0.09,0.07,0.09,6
ITUBK415W1,2025-10-07,0.08,0.09,0.08,0.1,5
BRSR5F,2025-10-07,17.85,17.9,17.7,18.39,8
BBDCK149,2025-10-07,2.69,2.66,2.61,2.69,7
ITUBW356,2025-10-07,0.31,0.32,0.31,0.35,24
ITUBK42,2025-10-07,0.08,0.08,0.08,0.08,3
ITSAV105,2025-10-07,0.01,0.01,0.01,0.01,7
ITUBK347,2025-10-07,3.62,3.55,3.55,3.62,7
SANBX275,2025-10-07,0.68,0.68,0.68,0.68,1
ITUBJ34,2025-10-07,2.86,2.72,2.72,2.86,4
ITSAW104,2025-10-07,0.05,0.06,0.05,0.06,23
ITUBW364,2025-10-07,0.5,0.48,0.47,0.52,21
BBDCK132,2025-10-07,1.61,1.61,1.6,1.61,9
ITUBK370W2,2025-10-07,0.64,0.64,0.64,0.64,2
SANBV286,2025-10-07,0.37,0.41,0.37,0.45,13
UGPAV195,2025-10-07,0.08,0.11,0.08,0.11,4
ITUBK409,2025-10-07,0.28,0.24,0.23,0.28,26
BAZA3,2025-10-07,74.05,74.05,73.88,74.37,22
ITSAJ100,2025-10-07,1.3,1.27,1.27,1.3,2
ITUBX34,2025-10-07,0.23,0.23,0.23,0.23,2
BBDCJ147,2025-10-07,0.4,0.32,0.27,0.4,12
BRAPW210,2025-10-07,3.35,3.6,3.35,3.6,2
ITUBK439,2025-10-07,0.06,0.06,0.06,0.06,15
ITSAW102,2025-10-07,0.03,0.03,0.03,0.04,6
BBDCX160,2025-10-07,0.5,0.48,0.48,0.5,11
ITSAM905,2025-10-07,0.01,0.01,0.01,0.01,1
BPANK820,2025-10-07,0.31,0.31,0.31,0.31,1
ITUBK422,2025-10-07,0.15,0.15,0.15,0.17,8
ITSAG130,2025-10-07,1.22,1.22,1.22,1.22,1
BBDCV362,2025-10-07,19.16,19.17,19.16,19.17,2
ITUBJ358,2025-10-07,2.1,1.88,1.87,2.1,9
ITUBV398,2025-10-07,2.05,2.25,2.03,2.27,48
BBDCL161,2025-10-07,1.78,1.78,1.78,1.78,1
ITUBC324,2025-10-07,6.81,6.81,6.81,6.81,1
ITUBV333,2025-10-07,0.02,0.02,0.02,0.02,2
UGPAX181,2025-10-07,0.22,0.3,0.22,0.3,3
BBDCX162,2025-10-07,1.37,1.37,1.37,1.37,1
ITUBJ418,2025-10-07,0.01,0.01,0.01,0.01,41
ITSAJ955,2025-10-07,1.7,1.67,1.65,1.7,9
BBDCV167W4,2025-10-07,0.22,0.23,0.22,0.23,5
ITUBF430,2025-10-07,1.8,1.82,1.8,1.84,6
BBDCV147,2025-10-07,0.18,0.2,0.17,0.2,7
BBDCJ159,2025-10-07,0.02,0.02,0.02,0.02,5
BBDCJ180W4,2025-10-07,0.09,0.09,0.09,0.09,1
BRAPW200,2025-10-07,2.54,2.62,2.53,2.62,4
ITUBL378,2025-10-07,2.1,2.02,1.58,2.1,5
ITUBV355W2,2025-10-07,0.02,0.02,0.02,0.02,3
BBDCJ118,2025-10-07,5.51,5.52,5.47,5.52,4
BBDCL752,2025-10-07,9.97,9.96,9.95,9.97,40
ITSAW991,2025-10-07,0.03,0.03,0.02,0.03,3
ITUBJ421,2025-10-07,0.02,0.01,0.01,0.02,3
BBDCF11,2025-10-07,1.95,1.92,1.92,1.95,3
ABCBW220,2025-10-07,0.31,0.45,0.31,0.45,4
ITUBX390,2025-10-07,1.23,1.44,1.23,1.44,2
SANBX273,2025-10-07,0.5,0.54,0.5,0.54,5
BRSRW123,2025-10-07,0.58,0.59,0.58,0.59,2
BPANV100,2025-10-07,1.8,1.78,1.78,1.8,3
BBDCL164,2025-10-07,1.66,1.55,1.55,1.66,2
BBDCL159,2025-10-07,2.02,1.95,1.95,2.02,2
ITUBJ33,2025-10-07,4.41,4.33,4.26,4.41,4
BRAPL250,2025-10-07,0.04,0.03,0.03,0.04,2
BBDCX142,2025-10-07,0.1,0.1,0.1,0.1,1
ITUBK296,2025-10-07,8.41,8.38,8.38,8.41,3
ITSAL102,2025-10-07,1.3,1.3,1.3,1.3,2
ABCBV221,2025-10-07,0.26,0.35,0.26,0.35,2
ITUBX385,2025-10-07,1.15,1.25,1.15,1.25,7
ABCBJ211,2025-10-07,1.6,1.6,1.6,1.6,1
ITUBK256,2025-10-07,12.25,12.3,12.25,12.3,4
BBDCJ116,2025-10-07,5.26,5.26,5.26,5.26,1
ABCBJ221,2025-10-07,0.43,0.43,0.43,0.43,1
SANBN25,2025-10-07,0.2,0.2,0.2,0.2,1
SANBK322,2025-10-07,0.11,0.12,0.11,0.12,2
ITUBK304,2025-10-07,7.68,7.67,7.67,7.68,2
BBDCB234,2025-10-07,0.09,0.09,0.09,0.09,2
BBDCX172,2025-10-07,0.72,0.72,0.72,0.72,1
ITUBJ400W4,2025-10-07,0.08,0.08,0.08,0.08,1
ITUBK454,2025-10-07,0.03,0.03,0.03,0.03,2
BBDCN167,2025-10-07,0.31,0.31,0.31,0.31,1
ITSAC111,2025-10-07,0.8,0.8,0.8,0.8,1
ITSAW127,2025-10-07,1.35,1.35,1.35,1.35,1
ITSAW122,2025-10-07,0.89,0.89,0.89,0.89,1
ITUBJ313,2025-10-07,6.59,6.59,6.59,6.59,1
BBDCX232,2025-10-07,5.6,5.6,5.6,5.6,1
BBDCA163,2025-10-07,0.2,0.2,0.2,0.2,1
ITSA4,2025-10-07,11.15,10.95,10.95,11.16,25122
SANB11,2025-10-07,28.36,28,27.98,28.44,6204
BBDCJ171,2025-10-07,0.24,0.19,0.17,0.24,135
BMEB4F,2025-10-07,52.68,51.16,50.64,52.68,105
ITUBJ376,2025-10-07,0.75,0.55,0.49,0.75,995
BRAP4F,2025-10-07,17.21,17.11,17.11,17.38,1307
ITUBV375W2,2025-10-07,0.38,0.47,0.38,0.54,36
ITUBJ413,2025-10-07,0.03,0.01,0.01,0.03,178
BBDCK17,2025-10-07,0.83,0.78,0.72,0.83,44
BBDCJ186,2025-10-07,0.13,0.08,0.06,0.13,136
BBDCK209,2025-10-07,0.04,0.03,0.03,0.04,4
BRAPJ170,2025-10-07,0.48,0.35,0.35,0.49,25
BPANK680,2025-10-07,1.37,1.37,1.35,1.37,35
BBDCJ150,2025-10-07,2.06,2.07,2,2.07,16
BBDCK152,2025-10-07,2.92,2.92,2.85,3,9
BBDCW166,2025-10-07,0.4,0.4,0.38,0.43,51
SANB4F,2025-10-07,14.92,14.65,14.61,14.92,411
BBDCW137,2025-10-07,0.18,0.19,0.18,0.21,16
ITSAV112,2025-10-07,0.11,0.14,0.11,0.16,120
BBDCK155,2025-10-07,0.37,0.29,0.27,0.37,13
BRAPW159,2025-10-07,0.17,0.16,0.14,0.17,7
ITUBJ329,2025-10-07,4.93,4.76,4.74,4.93,6
ITUBV391,2025-10-07,1.2,1.51,1.16,1.67,110
ITUBV363,2025-10-07,0.09,0.12,0.09,0.15,56
UGPAK215,2025-10-07,0.82,0.76,0.75,0.83,13
BBDCW17,2025-10-07,0.58,0.6,0.58,0.64,64
ITSAC116,2025-10-07,0.65,0.65,0.65,0.65,2
BBDCV170,2025-10-07,0.02,0.01,0.01,0.02,4
ITSAJ110W2,2025-10-07,0.12,0.1,0.1,0.13,10
ITUBX330,2025-10-07,0.67,0.67,0.67,0.67,4
ITUBJ359,2025-10-07,7.17,6.97,6.96,7.17,4
ITSAW115,2025-10-07,0.34,0.36,0.34,0.38,47
SANBV281,2025-10-07,0.24,0.2,0.2,0.25,8
ITUBJ384,2025-10-07,0.42,0.32,0.3,0.42,632
BBDCV17,2025-10-07,0.03,0.02,0.01,0.03,34
ITUBW340W1,2025-10-07,0.11,0.13,0.11,0.13,4
ITUBV350W5,2025-10-07,0.1,0.14,0.1,0.14,6
ITUBJ395W5,2025-10-07,0.25,0.19,0.17,0.25,26
BBDCW134,2025-10-07,0.02,0.02,0.02,0.02,6
ITSAJ107,2025-10-07,0.58,0.54,0.53,0.59,23
BSLI4F,2025-10-07,9.66,9.18,8.82,9.76,78
ITUBW30,2025-10-07,0.15,0.13,0.13,0.15,5
BRSRJ122,2025-10-07,0.07,0.06,0.06,0.07,6
BBDCJ13,2025-10-07,3.36,3.28,3.22,3.36,18
ITUBJ423,2025-10-07,0.01,0.01,0.01,0.02,6
ITSAK124,2025-10-07,0.04,0.04,0.04,0.04,7
UGPAL218,2025-10-07,0.76,0.83,0.76,0.84,6
ITSAV105W4,2025-10-07,0.03,0.03,0.03,0.03,1
UGPAW204,2025-10-07,0.82,0.8,0.8,0.95,12
BBDCW164,2025-10-07,0.32,0.34,0.32,0.35,32
BBDCX137,2025-10-07,0.16,0.17,0.16,0.17,2
ITUBV416,2025-10-07,3.78,3.92,3.78,4.07,33
BBDCK992,2025-10-07,7.17,7.18,7.17,7.18,5
BBDCL173,2025-10-07,1.07,1.05,1.02,1.07,7
ITSAJ935,2025-10-07,2,1.85,1.85,2,26
UGPAW205,2025-10-07,0.69,0.82,0.69,0.82,33
BBDCJ175W4,2025-10-07,0.22,0.19,0.18,0.22,5
BBDCL177W2,2025-10-07,0.8,0.8,0.8,0.8,2
ITUBW337,2025-10-07,0.11,0.11,0.1,0.12,11
ITUBJ370W4,2025-10-07,0.88,0.88,0.88,0.88,1
ITUBV408,2025-10-07,2.63,3.25,2.63,3.25,361
ITSAK107,2025-10-07,0.76,0.71,0.71,0.76,8
BBDCW196,2025-10-07,2.38,2.43,2.38,2.44,5
ITUBV400,2025-10-07,0.09,0.11,0.08,0.11,31
ITSAJ114,2025-10-07,0.11,0.07,0.06,0.11,87
ITUBV413,2025-10-07,3.14,3.68,3.14,3.79,62
ITUBV370W5,2025-10-07,0.47,0.59,0.47,0.6,26
BBDCJ141,2025-10-07,2.87,2.83,2.72,2.87,13
ITSAJ985,2025-10-07,1.37,1.37,1.35,1.37,3
ABCBK235,2025-10-07,0.22,0.22,0.22,0.22,1
BGIP4,2025-10-07,27,26.86,26.86,27.05,9
ITUBV375W4,2025-10-07,0.59,0.67,0.59,0.68,7
SANBW272,2025-10-07,0.41,0.47,0.41,0.47,6
SANBJ301,2025-10-07,0.1,0.07,0.07,0.14,4
BBDCW14,2025-10-07,0.09,0.08,0.08,0.09,36
BNBR3,2025-10-07,99.5,99.5,99.5,99.5,1
BRSRK132,2025-10-07,0.08,0.08,0.08,0.08,2
ITSAL126,2025-10-07,0.09,0.07,0.07,0.09,6
ITUBK354,2025-10-07,2.89,2.92,2.89,2.92,5
BBDCW139,2025-10-07,0.04,0.04,0.04,0.04,3
ITUBL400,2025-10-07,9.1,8.75,8.75,9.1,31
ITUBV365W4,2025-10-07,0.3,0.3,0.3,0.3,1
BRAPK155,2025-10-07,2.01,1.95,1.95,2.01,6
ITSAX112,2025-10-07,0.23,0.28,0.23,0.28,8
BBDCT159,2025-10-07,0.65,0.68,0.65,0.68,6
BBDCK136,2025-10-07,3.89,3.85,3.79,3.89,10
BRSRJ112,2025-10-07,0.76,0.7,0.7,0.76,2
ITUBJ375W5,2025-10-07,0.81,0.79,0.79,0.81,2
BBDCJ126,2025-10-07,1.85,1.85,1.85,1.85,3
ITUBJ363,2025-10-07,1.56,1.48,1.43,1.63,22
BBDCJ172W4,2025-10-07,0.29,0.26,0.26,0.29,20
SANBK287,2025-10-07,0.95,0.93,0.92,1.06,5
BBDCK135,2025-10-07,1.4,1.4,1.4,1.4,1
BBDCK165,2025-10-07,0.12,0.1,0.09,0.12,5
ITSAS105,2025-10-07,0.24,0.24,0.24,0.24,2
SANBK302,2025-10-07,0.42,0.4,0.38,0.42,6
ITSAX107,2025-10-07,0.12,0.12,0.12,0.13,10
SANBJ286,2025-10-07,0.55,0.53,0.49,0.6,31
ITUBK325,2025-10-07,5.65,5.65,5.65,5.65,1
BBDCV174W2,2025-10-07,0.49,0.5,0.49,0.54,7
BBDCW191,2025-10-07,1.75,1.75,1.75,1.75,1
ITUBM34,2025-10-07,0.34,0.34,0.34,0.34,1
BBDCJ199W5,2025-10-07,0.03,0.03,0.03,0.05,3
ITUBX378,2025-10-07,0.92,0.86,0.81,0.93,9
ITUBP378,2025-10-07,1.23,1.4,1.23,1.4,5
BRSRW112,2025-10-07,0.1,0.13,0.1,0.13,2
ITUBV395W2,2025-10-07,2.08,2.21,2.08,2.25,6
SANBK342,2025-10-07,0.04,0.04,0.04,0.04,1
BPANN70,2025-10-07,0.24,0.24,0.24,0.24,1
ITSAJ115W4,2025-10-07,0.06,0.06,0.06,0.06,2
UGPAW174,2025-10-07,0.11,0.11,0.11,0.11,1
BBDCV146,2025-10-07,0.3,0.32,0.28,0.34,6
BBDCJ164W2,2025-10-07,0.52,0.52,0.52,0.52,1
ITUBM372,2025-10-07,0.9,1.05,0.9,1.05,11
ITUBK360W2,2025-10-07,2.1,2.1,2.1,2.1,1
ITSAO108,2025-10-07,0.23,0.23,0.23,0.23,1
BBDCV13,2025-10-07,0.01,0.01,0.01,0.01,12
SANBX255,2025-10-07,0.25,0.25,0.25,0.25,1
ITUBW331,2025-10-07,0.08,0.08,0.08,0.08,1
ITUBK481,2025-10-07,0.01,0.01,0.01,0.01,1
SANBV261,2025-10-07,0.02,0.03,0.02,0.03,3
ITUBJ346,2025-10-07,3.41,3.33,3.33,3.41,5
SANBK281,2025-10-07,1.55,1.55,1.55,1.55,2
BBDCJ190W4,2025-10-07,0.02,0.02,0.02,0.02,1
ITUBK464,2025-10-07,0.03,0.03,0.03,0.03,1
ITSAK120W2,2025-10-07,0.06,0.05,0.05,0.06,4
UGPAV235,2025-10-07,2.51,2.75,2.51,2.75,3
ABCBW218,2025-10-07,0.33,0.35,0.33,0.35,2
SANBJ276,2025-10-07,1.2,1.17,1.17,1.2,2
ITSAV137,2025-10-07,2.47,2.47,2.47,2.47,1
ITUBV415W2,2025-10-07,4.21,4.21,4.21,4.21,1
ITUBL408,2025-10-07,1,1,1,1,1
UGPAJ200,2025-10-07,0.98,0.95,0.95,0.98,2
BBDCQ15,2025-10-07,0.25,0.35,0.25,0.35,3
BBDCV159,2025-10-07,1.08,1.08,1.08,1.08,1
BBDCW238,2025-10-07,6.42,6.42,6.42,6.42,1
BBDCL20,2025-10-07,0.14,0.14,0.14,0.14,1
ITSAW999,2025-10-07,0.03,0.03,0.03,0.03,2
BBDCV156W5,2025-10-07,0.14,0.12,0.12,0.14,2
BBDCV175W4,2025-10-07,0.58,0.58,0.58,0.58,1
UGPAB16,2025-10-07,6.08,5.8,5.8,6.08,2
SANBW271,2025-10-07,0.33,0.34,0.33,0.34,4
BBDCL191,2025-10-07,0.29,0.29,0.29,0.29,1
ITUBW314,2025-10-07,0.04,0.05,0.04,0.05,2
BRAPK195,2025-10-07,0.08,0.08,0.08,0.08,1
ITSAV120,2025-10-07,0.65,0.67,0.65,0.67,2
ITSAS130,2025-10-07,0.45,0.45,0.45,0.45,1
BRSR6T,2025-10-07,12.73,12.68,12.67,12.74,4
BBDC4T,2025-10-07,17.63,17.64,17.63,17.64,2
ITSA4T,2025-10-07,11.21,11.22,11.21,11.22,2
BBDC3T,2025-10-07,14.99,15,14.99,15,2
ITSA4T,2025-10-07,11.07,11.08,11.07,11.08,2
BPAN4T,2025-10-07,8.26,8.27,8.26,8.27,2
ITUB4T,2025-10-07,37.7,37.71,37.7,37.71,2
BPAN4T,2025-10-07,8.05,8.06,8.05,8.06,4
BBDC3T,2025-10-07,14.5,14.51,14.5,14.51,2
BPAN4T,2025-10-07,8.13,8.14,8.13,8.14,2
BBDC4T,2025-10-07,17.3,17.31,17.3,17.31,2
BBDC4T,2025-10-07,16.76,16.77,16.76,16.77,2
BRAP4T,2025-10-07,17.94,17.95,17.94,17.95,2
B3SA3F,2025-10-07,12.58,12.26,12.16,12.6,4825
B3SA3,2025-10-07,12.52,12.24,12.16,12.58,31989
HAPVW355W1,2025-10-07,1.76,1.7,1.68,1.76,4
USIM5F,2025-10-07,4.59,4.42,4.36,4.59,927
BBASX206,2025-10-07,0.69,0.7,0.69,0.7,4
B3SAW120,2025-10-07,0.2,0.28,0.2,0.3,67
B3SAV132,2025-10-07,0.63,0.89,0.63,0.94,39
BBASJ210W2,2025-10-07,0.5,0.43,0.32,0.5,44
B3SAV119,2025-10-07,0.06,0.11,0.06,0.13,25
BBASV221,2025-10-07,0.55,0.63,0.55,0.8,178
BBASX201,2025-10-07,0.5,0.48,0.32,0.52,15
BBASJ195,2025-10-07,1.87,1.78,1.68,1.87,76
BBASW184,2025-10-07,0.13,0.12,0.12,0.15,41
BBASK219,2025-10-07,0.82,0.78,0.71,0.83,650
USIMK480,2025-10-07,0.15,0.12,0.12,0.15,5
BBASW242,2025-10-07,2.4,2.45,2.4,2.6,575
BBASV203,2025-10-07,0.1,0.08,0.08,0.12,65
B3SAW129,2025-10-07,0.6,0.75,0.6,0.81,110
USIMG674,2025-10-07,0.15,0.17,0.15,0.17,3
BBASL223,2025-10-07,1.03,1.11,0.97,1.11,8
BBASW189,2025-10-07,0.17,0.16,0.16,0.19,45
B3SAK147,2025-10-07,0.06,0.05,0.05,0.06,21
HAPVW340,2025-10-07,1.6,1.58,1.57,1.75,18
BBASV251,2025-10-07,3.4,3.43,3.39,3.57,9
BBASW235,2025-10-07,1.46,1.5,1.46,1.63,495
BBASW204,2025-10-07,0.44,0.44,0.43,0.52,890
BBASB252,2025-10-07,0.49,0.49,0.49,0.49,1
BBASK201,2025-10-07,1.9,1.86,1.71,1.9,82
BBASK252,2025-10-07,0.12,0.11,0.1,0.13,142
HAPVK347,2025-10-07,3.38,2.88,2.84,3.38,23
BBASV234,2025-10-07,1.67,1.76,1.67,1.9,9
BBASK230W1,2025-10-07,0.11,0.2,0.1,0.2,5
BBASX230,2025-10-07,1.53,1.52,1.52,1.61,9
B3SAW117,2025-10-07,0.16,0.22,0.16,0.23,71
B3SAX124,2025-10-07,0.42,0.5,0.42,0.5,6
BBASJ193,2025-10-07,2.12,2.07,1.95,2.12,18
BBASV208,2025-10-07,0.18,0.16,0.15,0.25,159
USIMK530,2025-10-07,0.05,0.04,0.04,0.05,3
BBASX196,2025-10-07,0.4,0.4,0.4,0.4,3
BBASJ220W4,2025-10-07,0.27,0.25,0.21,0.27,18
CVCBV235,2025-10-07,0.6,0.6,0.6,0.6,3
BBASL30,2025-10-07,0.04,0.04,0.04,0.04,2
BBASJ244,2025-10-07,0.01,0.01,0.01,0.02,24
BBASK176,2025-10-07,4.04,4.02,3.83,4.05,92
BBASJ220W5,2025-10-07,0.37,0.37,0.31,0.37,8
BBASK246,2025-10-07,0.14,0.13,0.12,0.15,25
BBASJ225W2,2025-10-07,0.03,0.01,0.01,0.03,34
BBASA218,2025-10-07,1.4,1.33,1.15,1.4,12
USIMJ432,2025-10-07,0.2,0.16,0.16,0.2,8
B3SAV109,2025-10-07,0.01,0.02,0.01,0.02,7
USIMJ477,2025-10-07,0.03,0.02,0.02,0.03,3
B3SAW139,2025-10-07,1.36,1.52,1.36,1.52,4
BBASL228,2025-10-07,0.88,0.83,0.76,0.88,13
CVCBV220,2025-10-07,0.45,0.44,0.44,0.45,2
B3SAW138,2025-10-07,1.22,1.3,1.22,1.32,8
BBASM235,2025-10-07,2.21,2.19,2.19,2.21,2
BBASV195W2,2025-10-07,0.01,0.01,0.01,0.01,3
BBASV172,2025-10-07,0.01,0.01,0.01,0.01,1
B3SAV125W2,2025-10-07,0.14,0.25,0.14,0.3,26
USIMJ402,2025-10-07,0.48,0.4,0.4,0.49,6
B3SAJ130W4,2025-10-07,0.13,0.11,0.11,0.13,2
BBASM25,2025-10-07,0.01,0.01,0.01,0.01,1
HAPVJ400,2025-10-07,0.02,0.02,0.02,0.02,1
B3SAJ932,2025-10-07,3.16,3.16,3.16,3.16,1
BBASV185W5,2025-10-07,0.04,0.04,0.04,0.05,4
BBASK19,2025-10-07,5.3,5.15,5.15,5.3,2
B3SAA156,2025-10-07,0.1,0.1,0.1,0.1,4
BBASN100,2025-10-07,0.01,0.01,0.01,0.01,1
USIMV487,2025-10-07,0.38,0.48,0.38,0.48,2
HAPVK485,2025-10-07,0.12,0.12,0.12,0.12,1
BBASV254,2025-10-07,3.66,3.69,3.66,3.85,13
HAPVL385,2025-10-07,1.87,1.86,1.86,1.87,2
HAPVK35,2025-10-07,3.23,2.75,2.7,3.23,8
USIMW345,2025-10-07,0.02,0.02,0.02,0.02,1
HAPVK425,2025-10-07,0.58,0.55,0.55,0.58,5
HAPVK447,2025-10-07,0.34,0.34,0.34,0.39,15
CVCBW249,2025-10-07,0.69,0.69,0.69,0.69,1
BBASV160W2,2025-10-07,0.01,0.01,0.01,0.01,2
BBASL201,2025-10-07,2.04,2.04,2.04,2.04,1
HAPVW305,2025-10-07,0.78,0.67,0.65,0.78,4
BBASK220W1,2025-10-07,0.5,0.52,0.5,0.53,4
B3SAV114,2025-10-07,0.04,0.04,0.04,0.04,13
BBASK171,2025-10-07,4.51,4.44,4.37,4.51,4
BBASV158,2025-10-07,0.01,0.01,0.01,0.01,1
B3SAA12,2025-10-07,1.04,1.04,1.04,1.04,1
HAPVJ380W2,2025-10-07,0.03,0.03,0.03,0.03,1
B3SAK149,2025-10-07,0.05,0.04,0.04,0.05,9
BBASJ205W2,2025-10-07,0.91,0.72,0.7,0.91,6
BBASB235,2025-10-07,1,0.95,0.95,1,3
HAPVK405W2,2025-10-07,0.96,0.94,0.94,0.96,2
HAPVJ367,2025-10-07,0.45,0.29,0.29,0.45,2
BBASV183,2025-10-07,0.01,0.01,0.01,0.01,1
HAPVW395,2025-10-07,4.89,4.6,4.57,5.01,15
BBASJ200W4,2025-10-07,1.41,1.41,1.41,1.41,1
USIMJ552,2025-10-07,0.01,0.01,0.01,0.01,4
BBASL204,2025-10-07,2,1.9,1.9,2,3
B3SAE160,2025-10-07,0.5,0.5,0.5,0.5,3
BBASL301,2025-10-07,1.39,1.39,1.39,1.39,2
HAPVW342,2025-10-07,1.94,1.94,1.94,1.94,1
BBASP186,2025-10-07,0.4,0.42,0.4,0.42,2
B3SAJ115W2,2025-10-07,1.02,1.02,1.02,1.02,1
USIMJ470W4,2025-10-07,0.11,0.11,0.11,0.11,1
B3SAJ114,2025-10-07,0.89,0.92,0.87,0.95,4
B3SAX110,2025-10-07,0.1,0.12,0.1,0.12,3
HAPVV400,2025-10-07,4.55,4.57,4.55,4.57,5
CVCBN200,2025-10-07,0.28,0.29,0.28,0.29,2
HAPVJ360W5,2025-10-07,1.14,1.15,1.1,1.16,26
HAPVJ365W5,2025-10-07,0.92,0.92,0.89,0.95,40
BBASW190W2,2025-10-07,0.12,0.13,0.12,0.13,2
USIMK620,2025-10-07,0.01,0.01,0.01,0.01,1
HAPVJ370W5,2025-10-07,0.71,0.75,0.71,0.76,10
HAPVV355W5,2025-10-07,1.35,1.36,1.35,1.36,5
HAPVJ400W5,2025-10-07,0.18,0.17,0.17,0.18,2
B3SAJ100W4,2025-10-07,2.41,2.41,2.41,2.41,2
USIMV422,2025-10-07,0.05,0.05,0.05,0.05,2
USIMJ450W4,2025-10-07,0.17,0.14,0.14,0.17,3
B3SAV172,2025-10-07,4.83,4.83,4.83,4.83,1
CVCBW160,2025-10-07,0.04,0.03,0.03,0.04,3
B3SAW147,2025-10-07,2.18,2.18,2.18,2.18,1
CVCBW200,2025-10-07,0.25,0.25,0.25,0.25,1
BBASJ165,2025-10-07,4.67,4.67,4.67,4.67,1
BBASW19,2025-10-07,0.85,0.85,0.85,0.85,1
BBASX176,2025-10-07,0.1,0.13,0.1,0.13,2
BBASK210W2,2025-10-07,0.56,0.56,0.56,0.56,2
HAPVW402,2025-10-07,5.51,5.54,5.51,5.54,2
HAPVW257,2025-10-07,0.19,0.19,0.19,0.19,1
BBASK357,2025-10-07,17.5,17.6,17.5,17.6,2
USIMK630,2025-10-07,0.01,0.01,0.01,0.01,1
HAPVW310,2025-10-07,0.82,0.82,0.82,0.82,1
BBASV100,2025-10-07,0.01,0.01,0.01,0.01,1
BBASX270,2025-10-07,4.45,4.45,4.45,4.45,1
HAPVW405,2025-10-07,5.36,5.36,5.36,5.36,1
BBASV170W4,2025-10-07,0.01,0.01,0.01,0.01,1
USIMX639,2025-10-07,1.8,1.8,1.8,1.8,1
USIML454,2025-10-07,0.26,0.26,0.26,0.26,1
BBASK194,2025-10-07,2.48,2.41,2.29,2.5,832
BBASV215W5,2025-10-07,0.58,0.57,0.55,0.74,45
USIM5,2025-10-07,4.52,4.42,4.36,4.56,7901
BBASV210W5,2025-10-07,0.4,0.36,0.32,0.46,118
BBASW201,2025-10-07,0.37,0.39,0.36,0.44,131
BBASW262,2025-10-07,4.21,4.2,4.2,4.42,447
B3SAV124,2025-10-07,0.18,0.33,0.18,0.37,112
BBASK235,2025-10-07,0.53,0.49,0.46,0.54,541
B3SAW127,2025-10-07,0.47,0.57,0.46,0.64,66
BBASW181,2025-10-07,0.14,0.1,0.1,0.14,139
B3SAV134,2025-10-07,0.84,1.09,0.84,1.17,14
B3SAW114,2025-10-07,0.12,0.15,0.12,0.17,57
BBASJ220W2,2025-10-07,0.07,0.04,0.02,0.07,69
BBASK174,2025-10-07,4.15,4.24,4.08,4.26,31
USIMK550,2025-10-07,0.03,0.03,0.03,0.03,1
BBASK214,2025-10-07,1.03,1.02,0.94,1.09,138
BBASW277,2025-10-07,5.65,5.7,5.62,5.87,439
B3SAV128,2025-10-07,0.32,0.48,0.31,0.52,101
BBASJ241,2025-10-07,0.02,0.01,0.01,0.02,66
B3SAK122,2025-10-07,0.78,0.67,0.64,0.79,21
BBASV205,2025-10-07,0.13,0.13,0.11,0.18,167
BBASK186,2025-10-07,3.06,3.05,2.93,3.14,80
USIMV502,2025-10-07,0.55,0.62,0.55,0.62,6
USIM3F,2025-10-07,4.6,4.43,4.37,4.7,225
BBASV220W4,2025-10-07,0.89,0.85,0.83,0.91,8
BBASV269,2025-10-07,5.38,5.2,5.2,5.38,5
BBASW169,2025-10-07,0.06,0.06,0.05,0.07,40
HAPVK402,2025-10-07,0.85,0.83,0.83,0.85,6
BBASM200,2025-10-07,0.58,0.58,0.58,0.58,1
USIMV800,2025-10-07,3.25,3.23,3.23,3.25,4
BBASJ246,2025-10-07,0.01,0.01,0.01,0.02,18
B3SAJ129,2025-10-07,0.11,0.06,0.06,0.11,48
BBASV205W5,2025-10-07,0.17,0.21,0.17,0.28,15
BBASX223,2025-10-07,1.25,1.12,1.12,1.25,5
BBASV200W2,2025-10-07,0.02,0.01,0.01,0.03,7
BBASL248,2025-10-07,0.32,0.28,0.24,0.32,17
CVCBW190,2025-10-07,0.18,0.18,0.18,0.18,5
BBASL196,2025-10-07,2.38,2.38,2.38,2.38,1
BBASW164,2025-10-07,0.03,0.05,0.03,0.05,40
BBASJ190,2025-10-07,2.3,2.34,2.17,2.36,26
HAPVW35,2025-10-07,2.33,2.1,2.1,2.34,5
BBASX225,2025-10-07,1.3,1.21,1.21,1.33,13
BBASJ185,2025-10-07,2.7,2.7,2.7,2.7,2
BBASW185W2,2025-10-07,0.11,0.11,0.11,0.11,1
USIMJ440W4,2025-10-07,0.19,0.18,0.18,0.21,3
B3SAK169,2025-10-07,0.01,0.01,0.01,0.01,1
BBASW180W1,2025-10-07,0.04,0.05,0.04,0.05,8
HAPVW335,2025-10-07,1.5,1.4,1.39,1.5,6
HAPVW315,2025-10-07,1.04,0.91,0.91,1.06,5
HAPVV350,2025-10-07,0.83,0.95,0.83,0.99,3
B3SAJ132,2025-10-07,0.07,0.04,0.04,0.07,40
BBASM198,2025-10-07,0.47,0.47,0.47,0.47,1
HAPVW397,2025-10-07,5.29,4.84,4.84,5.29,4
BBASO197,2025-10-07,0.6,0.63,0.6,0.63,11
USIMW550,2025-10-07,1,1.05,1,1.05,4
BBASJ230W4,2025-10-07,0.07,0.06,0.06,0.07,4
HAPVX355,2025-10-07,2.73,2.62,2.5,2.74,16
BBASL260,2025-10-07,0.14,0.15,0.14,0.15,3
BBASV180,2025-10-07,0.02,0.02,0.02,0.02,3
HAPVV350W2,2025-10-07,0.4,0.62,0.4,0.62,3
USIMJ467,2025-10-07,0.06,0.04,0.04,0.06,7
B3SAX119,2025-10-07,0.28,0.31,0.28,0.35,11
BBASS178,2025-10-07,0.36,0.41,0.36,0.41,6
BBASM188,2025-10-07,0.21,0.33,0.21,0.33,7
USIMJ457,2025-10-07,0.09,0.06,0.06,0.09,9
USIMW390,2025-10-07,0.06,0.07,0.06,0.07,5
BBASW210W2,2025-10-07,0.52,0.64,0.52,0.64,7
USIMW445,2025-10-07,0.21,0.22,0.21,0.22,6
BBASL24,2025-10-07,0.4,0.38,0.37,0.4,5
B3SAL151,2025-10-07,0.11,0.08,0.08,0.11,4
B3SAV130W4,2025-10-07,0.75,0.71,0.71,0.75,2
B3SAN13,2025-10-07,0.85,0.88,0.85,0.88,2
BBASK205W1,2025-10-07,1.29,1.27,1.27,1.29,3
B3SAV147,2025-10-07,2.17,2.36,2.17,2.4,4
HAPVK327,2025-10-07,4.42,4.19,4.01,4.46,15
B3SAV110W2,2025-10-07,0.01,0.01,0.01,0.01,1
CVCBX175,2025-10-07,0.11,0.1,0.1,0.11,3
B3SAN123,2025-10-07,0.57,0.57,0.57,0.58,5
BBASA268,2025-10-07,0.38,0.36,0.35,0.38,4
BBASJ22,2025-10-07,3.57,3.4,3.4,3.58,6
B3SAJ120W2,2025-10-07,0.53,0.35,0.35,0.53,5
CVCBJ179,2025-10-07,0.04,0.03,0.03,0.04,2
HAPVJ352,2025-10-07,0.84,0.77,0.77,0.84,4
CVCBJ350,2025-10-07,1.42,1.42,1.42,1.42,1
CVCBW140,2025-10-07,0.01,0.01,0.01,0.01,1
BBASB218,2025-10-07,1.76,1.73,1.73,1.76,13
B3SAK160,2025-10-07,0.02,0.02,0.02,0.02,11
CVCBL235,2025-10-07,0.04,0.04,0.04,0.04,1
HAPVK430,2025-10-07,0.59,0.52,0.51,0.59,9
BBASV249,2025-10-07,3.12,3.12,3.12,3.12,1
USIMV497,2025-10-07,0.46,0.5,0.46,0.5,5
B3SAV17,2025-10-07,3.9,3.9,3.9,3.9,2
B3SAK109,2025-10-07,1.76,1.76,1.76,1.76,1
HAPVV352,2025-10-07,0.72,0.72,0.72,0.72,1
HAPVK360,2025-10-07,2.7,2.26,2.26,2.7,3
CVCBV245,2025-10-07,0.65,0.65,0.65,0.65,1
USIMK435,2025-10-07,0.33,0.32,0.3,0.33,5
HAPVJ405,2025-10-07,0.02,0.02,0.02,0.02,1
HAPVJ357,2025-10-07,0.59,0.59,0.59,0.59,2
BBASK272,2025-10-07,0.04,0.03,0.03,0.04,13
BBASL300,2025-10-07,0.06,0.06,0.05,0.06,4
B3SAW149,2025-10-07,2.32,2.42,2.32,2.42,2
CVCBK215,2025-10-07,0.03,0.03,0.03,0.03,1
B3SAX134,2025-10-07,0.98,0.98,0.98,0.98,1
CVCBV330,2025-10-07,1.58,1.59,1.54,1.59,3
B3SAJ153,2025-10-07,1.2,1.07,1.07,1.2,4
B3SAS130,2025-10-07,0.88,1.02,0.88,1.02,19
B3SAW999,2025-10-07,0.03,0.03,0.03,0.03,1
HAPVK415,2025-10-07,0.63,0.63,0.63,0.63,1
USIMV467,2025-10-07,0.31,0.31,0.31,0.31,1
BBASK235W2,2025-10-07,0.23,0.26,0.23,0.26,6
CVCBV190,2025-10-07,0.15,0.15,0.15,0.15,1
BBASW215W2,2025-10-07,0.65,0.65,0.65,0.65,1
HAPVW327,2025-10-07,1.29,1.25,1.25,1.29,2
USIMV410W4,2025-10-07,0.06,0.06,0.06,0.06,1
BBASW270,2025-10-07,5.05,4.99,4.99,5.09,5
HAPVJ375,2025-10-07,0.15,0.15,0.15,0.15,1
CVCBV399,2025-10-07,2.25,2.25,2.25,2.25,2
BBASJ180W2,2025-10-07,3.17,3.17,3.17,3.17,1
USIMW465,2025-10-07,0.37,0.37,0.37,0.37,1
BBASK300,2025-10-07,0.02,0.02,0.02,0.02,1
BBASJ140,2025-10-07,7.15,7.15,7.15,7.15,1
HAPVL442,2025-10-07,0.55,0.56,0.55,0.56,2
USIMW370,2025-10-07,0.05,0.05,0.05,0.05,1
BBASN359,2025-10-07,13.1,13.1,13.1,13.1,1
BBASC250,2025-10-07,0.71,0.71,0.71,0.71,4
BBASU260,2025-10-07,2.41,2.41,2.41,2.41,1
B3SAL160,2025-10-07,1.16,1.16,1.16,1.16,1
BBASV185W4,2025-10-07,0.03,0.03,0.03,0.03,1
BBASX268,2025-10-07,4.66,4.66,4.66,4.66,1
BBASM185,2025-10-07,0.23,0.23,0.23,0.23,1
BBASW185W4,2025-10-07,0.15,0.17,0.15,0.17,2
HAPV3,2025-10-07,35.77,35.33,34.7,35.77,12878
BBASJ205,2025-10-07,0.9,0.91,0.79,0.97,108
USIMX444,2025-10-07,0.22,0.27,0.22,0.27,6
BBASV195W5,2025-10-07,0.08,0.11,0.08,0.12,33
BBASJ230W5,2025-10-07,0.17,0.14,0.11,0.17,32
BBASJ21,2025-10-07,0.55,0.57,0.46,0.6,257
BBASK245,2025-10-07,0.2,0.19,0.17,0.2,55
BBASW209,2025-10-07,0.62,0.6,0.58,0.69,316
HAPVK390W1,2025-10-07,0.72,0.51,0.47,0.74,66
BBASJ215,2025-10-07,0.38,0.28,0.24,0.38,223
BBASV224,2025-10-07,0.83,0.83,0.79,1.01,171
BBASX251,2025-10-07,2.52,2.47,2.47,2.52,2
BBASJ200,2025-10-07,1.39,1.38,1.2,1.4,29
BBASW171,2025-10-07,0.07,0.06,0.06,0.07,7
BBASK211,2025-10-07,1.16,1.17,1.08,1.23,243
HAPVW345W1,2025-10-07,1.38,1.2,1.18,1.47,82
BBASX21,2025-10-07,0.94,0.87,0.84,0.94,13
HAPVJ390,2025-10-07,0.06,0.05,0.05,0.06,2
USIMW495,2025-10-07,0.49,0.52,0.49,0.52,3
BBASV210W2,2025-10-07,0.15,0.1,0.1,0.19,89
BBASK242,2025-10-07,0.23,0.21,0.2,0.24,610
USIMX559,2025-10-07,1.05,1.05,1.05,1.05,1
BBASL233,2025-10-07,0.64,0.64,0.58,0.67,20
BBASA233,2025-10-07,0.7,0.73,0.7,0.73,9
BBASJ215W2,2025-10-07,0.2,0.14,0.11,0.2,200
BBASV193,2025-10-07,0.03,0.02,0.02,0.04,37
B3SAJ122,2025-10-07,0.57,0.33,0.3,0.57,111
BBASW255,2025-10-07,3.6,3.5,3.5,3.68,32
BBASW206,2025-10-07,0.54,0.51,0.49,0.59,76
BBASW292,2025-10-07,7.28,7.1,7.1,7.28,67
BBASV215W2,2025-10-07,0.35,0.33,0.29,0.49,114
BBASJ231,2025-10-07,0.06,0.05,0.03,0.06,96
B3SAQ15,2025-10-07,1.8,1.83,1.8,1.83,6
HAPVW340W1,2025-10-07,1.06,0.94,0.93,1.21,111
BBASL209,2025-10-07,1.56,1.56,1.56,1.58,11
B3SAV112,2025-10-07,0.02,0.03,0.02,0.03,8
HAPVV385,2025-10-07,3.38,3.31,3.31,3.5,16
B3SAK144,2025-10-07,0.08,0.06,0.06,0.08,33
BBASV229,2025-10-07,1.26,1.23,1.22,1.44,27
HAPVK365W1,2025-10-07,1.17,1.26,1.16,1.27,43
BBASV314,2025-10-07,9.75,9.8,9.75,9.8,5
BBASX209,2025-10-07,0.63,0.68,0.63,0.78,11
BBASJ188,2025-10-07,2.55,2.44,2.4,2.55,8
BBASV240W2,2025-10-07,2.83,2.81,2.78,2.83,35
BBASV195,2025-10-07,0.03,0.03,0.03,0.05,27
BBASV215W4,2025-10-07,0.22,0.48,0.22,0.63,15
B3SAJ124,2025-10-07,0.3,0.25,0.19,0.3,47
BBASV205W4,2025-10-07,0.18,0.16,0.16,0.22,8
USIMK460,2025-10-07,0.25,0.19,0.19,0.25,6
USIMK485,2025-10-07,0.13,0.11,0.11,0.13,2
HAPVV380,2025-10-07,3.09,2.61,2.61,3.09,3
USIMQ800,2025-10-07,2.3,2.31,2.3,2.31,2
BBASM220,2025-10-07,1.31,1.21,1.21,1.32,5
USIMJ480W4,2025-10-07,0.04,0.04,0.04,0.04,1
BBASH285,2025-10-07,1.25,1.2,1.2,1.25,3
BBASW246,2025-10-07,3.05,3.07,3.05,3.21,14
BBASX233,2025-10-07,1.78,1.78,1.78,1.78,1
HAPVW357,2025-10-07,2.53,2.73,2.53,2.73,2
B3SAL161,2025-10-07,0.05,0.03,0.03,0.05,5
B3SAX125,2025-10-07,0.5,0.64,0.5,0.64,7
HAPVK417,2025-10-07,0.75,0.6,0.6,0.75,4
HAPVV362,2025-10-07,1.2,1.61,1.2,1.73,3
BBASK302,2025-10-07,0.01,0.01,0.01,0.01,2
USIMV602,2025-10-07,1.56,1.56,1.56,1.56,1
HAPVJ345,2025-10-07,1.25,1.2,1.14,1.25,5
USIMK440,2025-10-07,0.32,0.27,0.27,0.32,11
B3SAJ135W2,2025-10-07,0.03,0.01,0.01,0.03,15
HAPVK460,2025-10-07,0.22,0.22,0.22,0.22,2
HAPVK452,2025-10-07,0.28,0.28,0.28,0.28,2
USIMJ472,2025-10-07,0.05,0.04,0.04,0.05,4
CVCBK180,2025-10-07,0.1,0.09,0.09,0.11,8
HAPVK422,2025-10-07,0.71,0.57,0.57,0.71,10
BBASX151,2025-10-07,0.15,0.21,0.15,0.21,4
USIMW440,2025-10-07,0.18,0.22,0.18,0.23,6
CVCBV820,2025-10-07,6.41,6.42,6.41,6.42,2
USIMW315,2025-10-07,0.01,0.01,0.01,0.01,1
CVCBJ199,2025-10-07,0.01,0.01,0.01,0.01,2
B3SAW108,2025-10-07,0.06,0.06,0.06,0.06,6
B3SAX111,2025-10-07,0.14,0.15,0.14,0.16,4
BBASB270,2025-10-07,2.58,2.55,2.55,2.58,3
B3SAL144,2025-10-07,0.17,0.16,0.15,0.17,6
B3SAJ15,2025-10-07,1.22,1.25,1.22,1.25,2
B3SAJ120W4,2025-10-07,0.64,0.53,0.53,0.64,4
USIMV450W2,2025-10-07,0.09,0.13,0.07,0.13,6
HAPVK410W1,2025-10-07,0.4,0.23,0.23,0.4,14
BBASS188,2025-10-07,0.57,0.57,0.57,0.57,1
USIMW485,2025-10-07,0.41,0.49,0.41,0.49,5
B3SAL149,2025-10-07,0.12,0.1,0.1,0.12,3
BBASJ172,2025-10-07,5.12,4.94,4.94,5.12,11
B3SAC130,2025-10-07,1.1,1.1,1.1,1.1,1
BBASW215W1,2025-10-07,0.65,0.64,0.64,0.67,4
HAPVV357,2025-10-07,0.93,0.98,0.93,1.28,3
HAPVV410,2025-10-07,5.47,5.47,5.47,5.47,1
BBASL255,2025-10-07,0.2,0.2,0.17,0.2,7
BBASL316,2025-10-07,1.02,1.02,1.02,1.02,1
HAPVV340,2025-10-07,0.45,0.4,0.4,0.49,10
BBASL290,2025-10-07,0.05,0.04,0.04,0.05,3
CVCBK195,2025-10-07,0.05,0.06,0.05,0.06,3
BBASK275,2025-10-07,0.03,0.03,0.03,0.03,2
USIMW470,2025-10-07,0.35,0.39,0.35,0.39,3
BBASL245,2025-10-07,0.35,0.32,0.32,0.35,5
USIMW700,2025-10-07,2.39,2.39,2.39,2.39,1
HAPVK355,2025-10-07,2.66,2.66,2.66,2.66,1
BBASL240,2025-10-07,0.6,0.45,0.42,0.6,3
B3SAJ117,2025-10-07,0.95,0.68,0.68,0.95,8
HAPVV360W5,2025-10-07,1.5,1.61,1.5,1.62,3
USIMW410,2025-10-07,0.11,0.11,0.11,0.11,1
CVCBW230,2025-10-07,0.52,0.52,0.52,0.52,1
USIMW510,2025-10-07,0.69,0.7,0.69,0.7,2
BBASJ158,2025-10-07,5.56,5.56,5.56,5.56,79
HAPVW385,2025-10-07,4.29,3.9,3.9,4.29,3
HAPVK397,2025-10-07,0.98,1,0.98,1,2
USIMX484,2025-10-07,0.5,0.5,0.5,0.5,1
BBASW200W2,2025-10-07,0.3,0.3,0.3,0.3,1
BBASW146,2025-10-07,0.02,0.02,0.02,0.02,2
BBASK245W2,2025-10-07,0.11,0.12,0.11,0.12,8
BBASX194,2025-10-07,0.28,0.3,0.28,0.3,2
HAPVW365,2025-10-07,2.75,2.75,2.75,2.75,1
BBASJ27,2025-10-07,20.83,20.83,20.83,20.83,1
BBASJ216,2025-10-07,3.9,3.9,3.9,3.9,1
CVCBF299,2025-10-07,0.38,0.38,0.38,0.38,1
BBASM158,2025-10-07,0.1,0.1,0.1,0.1,1
B3SAJ942,2025-10-07,2.96,2.96,2.96,2.96,1
USIMK510,2025-10-07,0.06,0.06,0.06,0.06,1
USIMX434,2025-10-07,0.23,0.23,0.23,0.23,1
HAPVK395,2025-10-07,0.99,0.99,0.99,0.99,1
B3SAW142,2025-10-07,1.79,1.79,1.79,1.79,1
BBASP226,2025-10-07,1.8,1.7,1.7,1.8,2
CVCBV205,2025-10-07,0.27,0.3,0.27,0.3,2
BBASE253,2025-10-07,3.2,3.2,3.2,3.2,1
BBASJ190W4,2025-10-07,2.28,2.28,2.28,2.28,1
USIMX424,2025-10-07,0.17,0.17,0.17,0.17,1
HAPVK357,2025-10-07,2.26,2.26,2.26,2.26,1
B3SAB140,2025-10-07,2.1,2.05,2.05,2.1,2
USIMK415,2025-10-07,0.45,0.45,0.45,0.45,1
B3SAR115,2025-10-07,0.41,0.46,0.41,0.46,2
BBASA261,2025-10-07,0.5,0.5,0.5,0.5,11
B3SAV135W4,2025-10-07,1.13,1.13,1.13,1.13,1
CVCBQ600,2025-10-07,3.7,3.7,3.7,3.7,1
B3SAJ135W4,2025-10-07,0.05,0.05,0.05,0.05,1
CVCBX245,2025-10-07,0.64,0.64,0.64,0.64,2
HAPV3F,2025-10-07,35.98,35.11,34.7,35.98,817
BBASW221,2025-10-07,1.23,1.19,1.15,1.32,897
HAPVW335W1,2025-10-07,0.89,0.79,0.78,1.11,245
BBASK231,2025-10-07,0.41,0.36,0.33,0.41,757
BBASV210W4,2025-10-07,0.3,0.38,0.29,0.38,13
BBASB683,2025-10-07,0.08,0.08,0.08,0.08,3
BBASK540,2025-10-07,0.28,0.25,0.24,0.29,394
BBASA151,2025-10-07,9.1,9.15,9.1,9.15,3
BBASK277,2025-10-07,0.02,0.02,0.02,0.03,439
B3SAV129,2025-10-07,0.42,0.64,0.42,0.72,104
USIMW430,2025-10-07,0.16,0.18,0.15,0.18,7
B3SAW104,2025-10-07,0.05,0.04,0.04,0.06,8
BBASW224,2025-10-07,1.3,1.33,1.3,1.46,76
BBASV205W2,2025-10-07,0.05,0.04,0.04,0.06,58
CVCBK240,2025-10-07,0.01,0.01,0.01,0.01,1
HAPVK380W1,2025-10-07,0.8,0.72,0.66,0.8,117
BBASA225,2025-10-07,0.75,0.75,0.75,0.75,1
BBASW219,2025-10-07,1.05,1.06,1,1.18,299
BBASJ249,2025-10-07,0.02,0.01,0.01,0.02,16
BBASL225,2025-10-07,1.01,0.96,0.86,1.01,8
HAPVV370,2025-10-07,1.78,1.8,1.74,2.35,65
BBASK225W1,2025-10-07,0.56,0.31,0.28,0.56,8
BBASB240,2025-10-07,0.73,0.73,0.73,0.73,3
BBASK267,2025-10-07,0.04,0.04,0.04,0.05,11
USIMV462,2025-10-07,0.19,0.27,0.19,0.27,10
BBASX156,2025-10-07,0.04,0.04,0.04,0.04,2
USIMK450,2025-10-07,0.3,0.25,0.24,0.3,9
BBASK206,2025-10-07,1.48,1.48,1.38,1.54,45
USIMW450,2025-10-07,0.22,0.28,0.22,0.28,14
BBASX260,2025-10-07,3.9,3.83,3.8,4,9
BBASW205W4,2025-10-07,0.55,0.55,0.55,0.55,1
USIMJ452,2025-10-07,0.14,0.07,0.07,0.14,21
BBASM203,2025-10-07,0.6,0.6,0.6,0.6,2
USIMJ450W2,2025-10-07,0.08,0.04,0.03,0.08,6
BBASJ236,2025-10-07,0.03,0.03,0.02,0.03,90
HAPVV395,2025-10-07,4.39,4.39,4.39,4.39,1
BBASV225W2,2025-10-07,1.14,1.18,1.14,1.36,16
USIML800,2025-10-07,0.19,0.18,0.18,0.19,4
BBASK210W1,2025-10-07,0.95,0.91,0.89,0.95,23
BBASJ190W2,2025-10-07,2.36,2.2,2.2,2.36,2
B3SAK152,2025-10-07,0.04,0.03,0.03,0.04,10
HAPVK37,2025-10-07,1.38,1.36,1.36,1.38,13
USIMW530,2025-10-07,0.77,0.86,0.77,0.86,5
HAPVK380,2025-10-07,1.49,1.47,1.45,1.49,11
BBASN198,2025-10-07,0.41,0.46,0.41,0.6,9
BBASV173,2025-10-07,0.01,0.01,0.01,0.01,4
B3SAK108,2025-10-07,2.03,1.85,1.85,2.03,30
B3SAJ868,2025-10-07,4.04,3.99,3.99,4.04,3
BBAST256,2025-10-07,2.09,2.09,2.09,2.09,3
B3SAR129,2025-10-07,0.87,0.95,0.87,0.95,4
BBASL286,2025-10-07,1.6,1.41,1.41,1.6,2
BBASV188,2025-10-07,0.02,0.02,0.02,0.03,21
BBASL230,2025-10-07,0.79,0.84,0.7,0.84,9
USIMW480,2025-10-07,0.42,0.46,0.42,0.46,3
USIMW435,2025-10-07,0.14,0.2,0.14,0.2,13
CVCBW820,2025-10-07,6.29,6.29,6.29,6.29,1
HAPVK392,2025-10-07,1.01,1.1,1.01,1.1,2
BBASL258,2025-10-07,0.16,0.16,0.16,0.16,2
USIMK370,2025-10-07,0.8,0.8,0.8,0.8,2
BBASX191,2025-10-07,0.23,0.27,0.23,0.3,5
BBASV175W5,2025-10-07,0.02,0.03,0.02,0.03,2
USIMV397,2025-10-07,0.01,0.01,0.01,0.01,8
USIMV442,2025-10-07,0.08,0.12,0.08,0.12,6
USIMW130,2025-10-07,8.34,8.38,8.34,8.38,4
BBASC220,2025-10-07,1.82,1.86,1.82,1.86,2
CVCBK205,2025-10-07,0.04,0.04,0.04,0.04,3
BBASD213,2025-10-07,2.4,2.39,2.39,2.42,6
B3SAJ16,2025-10-07,1.05,0.95,0.95,1.05,3
BBASL235W1,2025-10-07,0.37,0.34,0.34,0.37,3
BBASJ700,2025-10-07,21.05,21.05,21.05,21.05,2
CVCBL400,2025-10-07,0.2,0.17,0.17,0.2,2
BBASV185,2025-10-07,0.02,0.02,0.01,0.02,8
B3SAV120W4,2025-10-07,0.12,0.17,0.12,0.17,5
USIMW540,2025-10-07,0.86,0.86,0.86,0.86,1
HAPVV365W2,2025-10-07,1.26,1.48,1.26,1.48,2
B3SAG130,2025-10-07,3.5,2.92,2.92,3.5,5
CVCBO200,2025-10-07,0.21,0.3,0.21,0.31,10
USIMJ492,2025-10-07,0.01,0.01,0.01,0.01,2
HAPVK390W2,2025-10-07,1.34,1.25,1.24,1.34,4
HAPVK372,2025-10-07,2.01,1.73,1.73,2.01,3
BBASJ210W4,2025-10-07,0.72,0.63,0.63,0.74,6
BBASJ178,2025-10-07,3.58,3.58,3.58,3.58,1
CVCBX205,2025-10-07,0.29,0.29,0.29,0.29,1
HAPVK390,2025-10-07,1.2,1.18,1.18,1.2,3
CVCBV210,2025-10-07,0.34,0.34,0.34,0.34,1
HAPVK352,2025-10-07,3.09,3.09,3.09,3.09,1
BBASW170W1,2025-10-07,0.02,0.03,0.02,0.03,4
B3SAV115W4,2025-10-07,0.04,0.07,0.04,0.07,2
HAPVJ385W5,2025-10-07,0.35,0.36,0.34,0.37,18
HAPVK360W1,2025-10-07,1.5,1.51,1.43,1.52,16
HAPVJ365W4,2025-10-07,0.67,0.69,0.67,0.69,2
CVCBV180W2,2025-10-07,0.05,0.05,0.05,0.05,1
BBASX114,2025-10-07,0.01,0.01,0.01,0.01,1
CVCBJ450,2025-10-07,1.32,1.32,1.32,1.32,1
USIMM407,2025-10-07,0.16,0.16,0.16,0.16,1
B3SAS150,2025-10-07,1.77,1.74,1.74,1.77,2
BBASV245W4,2025-10-07,3.01,3.01,3.01,3.01,1
USIMV472,2025-10-07,0.31,0.34,0.31,0.35,4
USIMM397,2025-10-07,0.13,0.13,0.13,0.13,2
USIMV420W4,2025-10-07,0.09,0.09,0.09,0.09,1
BBASS163,2025-10-07,0.28,0.28,0.28,0.28,1
BBASW302,2025-10-07,8,8,8,8,1
BBASX240,2025-10-07,2.29,2.2,2.2,2.29,5
BBASV195W4,2025-10-07,0.06,0.07,0.06,0.07,3
CVCBJ205,2025-10-07,0.01,0.01,0.01,0.01,1
B3SAJ147,2025-10-07,0.01,0.01,0.01,0.01,1
HAPVV365,2025-10-07,1.8,1.8,1.8,1.8,1
HAPVJ377,2025-10-07,0.14,0.14,0.14,0.14,1
BBASV340,2025-10-07,13,13,13,13,1
HAPVJ337,2025-10-07,1.74,1.74,1.74,1.74,2
B3SAJ2,2025-10-07,1.9,1.9,1.9,1.9,1
USIMV392,2025-10-07,0.01,0.01,0.01,0.01,3
BBASR246,2025-10-07,2.7,2.7,2.7,2.7,1
CVCB3,2025-10-07,1.75,1.74,1.73,1.77,8031
BBASW194,2025-10-07,0.24,0.24,0.22,0.28,777
BBASW211,2025-10-07,0.68,0.69,0.67,0.79,209
BBASK224,2025-10-07,0.69,0.59,0.54,0.69,98
BBASV215,2025-10-07,0.45,0.5,0.45,0.62,209
CVCBW240,2025-10-07,0.61,0.61,0.61,0.61,1
BBASK234,2025-10-07,0.35,0.3,0.28,0.35,881
BBASV190W4,2025-10-07,0.04,0.04,0.04,0.05,6
HAPVK405W1,2025-10-07,0.45,0.27,0.27,0.46,23
HAPVW365W1,2025-10-07,2.26,2.28,2.26,2.28,2
HAPVW325W1,2025-10-07,0.64,0.55,0.55,0.77,100
BBASK262,2025-10-07,0.06,0.06,0.05,0.07,462
B3SAK134,2025-10-07,0.29,0.18,0.17,0.29,38
USIMW425,2025-10-07,0.15,0.15,0.15,0.16,13
USIMU70,2025-10-07,1.88,1.88,1.88,1.88,1
CVCBK175,2025-10-07,0.12,0.12,0.11,0.14,6
BBASW191,2025-10-07,0.21,0.19,0.19,0.23,82
B3SAV142,2025-10-07,1.69,1.86,1.69,1.86,5
B3SAW109,2025-10-07,0.06,0.09,0.06,0.09,19
BBASW196,2025-10-07,0.29,0.27,0.26,0.32,89
B3SAL130,2025-10-07,0.55,0.58,0.53,0.73,6
CVCBW480,2025-10-07,2.95,2.96,2.95,2.96,2
USIMV470W4,2025-10-07,0.36,0.36,0.36,0.36,1
HAPVW330,2025-10-07,1.36,1.31,1.31,1.53,25
BBASM151,2025-10-07,0.17,0.18,0.17,0.18,3
BBASK290,2025-10-07,0.02,0.02,0.01,0.02,6
BBASD335,2025-10-07,1.02,1.09,1.01,1.1,9
BBASW190W1,2025-10-07,0.1,0.09,0.09,0.1,4
B3SAJ142,2025-10-07,0.02,0.01,0.01,0.02,30
CVCBV10,2025-10-07,8.72,8.71,8.7,8.72,4
B3SAP128,2025-10-07,0.9,0.95,0.9,0.95,3
HAPVW40,2025-10-07,5.48,4.95,4.95,5.48,5
B3SAK132,2025-10-07,0.29,0.25,0.22,0.29,49
USIMV452,2025-10-07,0.13,0.19,0.12,0.19,11
BBASC591,2025-10-07,0.5,0.46,0.46,0.5,8
BBASA301,2025-10-07,1.5,1.45,1.45,1.5,2
BBASJ225W5,2025-10-07,0.22,0.2,0.17,0.25,7
USIMK470,2025-10-07,0.19,0.16,0.16,0.19,8
BBASW185W1,2025-10-07,0.06,0.05,0.05,0.07,8
BBASE13,2025-10-07,11.25,11.09,11.01,11.5,6
BBASA220,2025-10-07,1.2,1.2,1.2,1.51,3
B3SAJ127W2,2025-10-07,0.1,0.04,0.03,0.1,10
BBASJ205W4,2025-10-07,1.01,0.96,0.96,1.01,3
BBASQ233,2025-10-07,1.84,1.92,1.84,1.92,2
BBASL356,2025-10-07,0.55,0.55,0.55,0.55,1
BBASK189,2025-10-07,2.85,2.76,2.76,2.85,2
B3SAJ125W2,2025-10-07,0.2,0.08,0.08,0.21,24
USIMJ502,2025-10-07,0.01,0.01,0.01,0.01,9
BBASK270,2025-10-07,0.04,0.04,0.04,0.04,13
USIML474,2025-10-07,0.2,0.22,0.2,0.22,3
HAPVK337,2025-10-07,3.64,3.42,3.42,3.64,2
B3SAJ992,2025-10-07,2.6,2.46,2.46,2.6,5
BBASF60,2025-10-07,0.01,0.01,0.01,0.01,5
HAPVV330,2025-10-07,0.28,0.2,0.2,0.28,2
B3SAV107,2025-10-07,0.01,0.02,0.01,0.02,2
HAPVV355,2025-10-07,0.82,0.85,0.82,1.25,4
B3SAJ104,2025-10-07,1.96,1.96,1.96,1.96,2
CVCBV195,2025-10-07,0.2,0.17,0.17,0.2,4
BBASJ240W5,2025-10-07,0.03,0.04,0.03,0.05,6
USIMV437,2025-10-07,0.06,0.1,0.06,0.11,10
HAPVW275,2025-10-07,0.37,0.28,0.28,0.37,9
B3SAJ150,2025-10-07,0.01,0.01,0.01,0.01,13
HAPVW337,2025-10-07,1.8,1.8,1.8,1.8,1
USIMW475,2025-10-07,0.39,0.39,0.39,0.39,1
BBASV180W5,2025-10-07,0.02,0.03,0.02,0.04,9
BBASW166,2025-10-07,0.05,0.05,0.05,0.06,14
CVCBV185,2025-10-07,0.1,0.1,0.1,0.1,1
B3SAJ130W2,2025-10-07,0.03,0.01,0.01,0.03,7
BBASN200,2025-10-07,0.53,0.65,0.53,0.65,2
USIMV402,2025-10-07,0.01,0.02,0.01,0.02,5
BBASW245,2025-10-07,2.63,2.69,2.63,2.81,9
USIMQ109,2025-10-07,5.6,5.6,5.6,5.6,1
BBASN310,2025-10-07,0.03,0.03,0.03,0.03,2
B3SAJ112,2025-10-07,1.29,1.15,1.11,1.29,11
USIMJ422,2025-10-07,0.3,0.24,0.22,0.3,10
B3SAV125W4,2025-10-07,0.23,0.38,0.23,0.39,6
USIMW500,2025-10-07,0.55,0.62,0.55,0.62,5
BBASK184,2025-10-07,3.36,3.28,3.18,3.37,16
BBASV236,2025-10-07,1.97,1.92,1.92,2.06,12
B3SAJ102,2025-10-07,2.25,2.26,2.25,2.26,2
USIMJ482,2025-10-07,0.03,0.02,0.02,0.03,10
HAPVJ395,2025-10-07,0.04,0.04,0.04,0.04,1
BBASC240,2025-10-07,1,0.95,0.95,1,2
BBASW260,2025-10-07,2.7,2.65,2.65,2.7,2
CVCBK350,2025-10-07,1.4,1.4,1.4,1.4,2
B3SAV149,2025-10-07,2.43,2.43,2.43,2.43,1
BBASX184,2025-10-07,0.2,0.18,0.18,0.2,2
HAPVJ420,2025-10-07,0.02,0.02,0.02,0.02,1
B3SAK177,2025-10-07,0.01,0.01,0.01,0.01,2
B3SAX115,2025-10-07,0.22,0.22,0.22,0.26,3
B3SAM125,2025-10-07,0.58,0.58,0.58,0.58,2
BBASV225W4,2025-10-07,1.19,1.32,1.19,1.33,4
CVCBS200,2025-10-07,0.35,0.35,0.35,0.35,2
HAPVW410,2025-10-07,5.76,5.76,5.76,5.76,1
HAPVJ322,2025-10-07,3.36,3.33,3,3.36,9
BBASJ235W4,2025-10-07,0.05,0.05,0.05,0.05,1
HAPVW392,2025-10-07,4.82,4.54,4.54,4.82,4
HAPVJ397,2025-10-07,0.06,0.05,0.05,0.06,2
BBASV178,2025-10-07,0.01,0.02,0.01,0.02,3
BBASL206,2025-10-07,1.65,1.69,1.65,1.69,2
HAPVK312,2025-10-07,5.25,5.25,5.25,5.25,1
USIMK560,2025-10-07,0.03,0.03,0.03,0.03,1
HAPVK410,2025-10-07,0.75,0.75,0.75,0.75,1
B3SAJ130W5,2025-10-07,0.08,0.17,0.08,0.21,4
USIMK490,2025-10-07,0.14,0.1,0.1,0.14,2
USIMK380,2025-10-07,0.7,0.71,0.7,0.71,2
HAPVV350W5,2025-10-07,1.13,1.03,1.03,1.15,24
BBASK220W2,2025-10-07,0.7,0.7,0.7,0.7,1
USIMK400,2025-10-07,0.55,0.54,0.53,0.55,3
CVCBK220,2025-10-07,0.03,0.03,0.03,0.03,1
BBASL211,2025-10-07,5,5,5,5,2
HAPVJ410W5,2025-10-07,0.11,0.1,0.1,0.11,2
USIMN500,2025-10-07,0.6,0.6,0.6,0.6,1
USIMJ397,2025-10-07,0.45,0.45,0.45,0.45,1
HAPVJ370,2025-10-07,0.27,0.27,0.27,0.27,2
BBASQ243,2025-10-07,2.3,2.3,2.3,2.3,1
BBASL280,2025-10-07,2.1,2.02,2.02,2.1,9
B3SAK164,2025-10-07,0.01,0.01,0.01,0.01,1
USIMV130,2025-10-07,8.55,8.59,8.55,8.59,3
USIMJ407,2025-10-07,0.34,0.34,0.34,0.34,1
BBASK225W4,2025-10-07,0.35,0.35,0.35,0.35,1
BBASV180W4,2025-10-07,0.02,0.02,0.02,0.02,1
BBASV185W2,2025-10-07,0.01,0.01,0.01,0.01,1
USIMA462,2025-10-07,0.35,0.34,0.34,0.35,3
BBASV168,2025-10-07,0.01,0.01,0.01,0.01,1
BBASN213,2025-10-07,1,1.03,1,1.03,4
B3SAG150,2025-10-07,2.1,2.1,2.1,2.1,1
USIMJ417,2025-10-07,0.31,0.31,0.31,0.31,1
BBAS3F,2025-10-07,21.37,21.28,21.08,21.37,29564
BBASV200,2025-10-07,0.06,0.06,0.05,0.08,78
BBASK257,2025-10-07,0.08,0.08,0.07,0.09,209
USIM3,2025-10-07,4.57,4.45,4.38,4.58,1234
BBASK265,2025-10-07,0.05,0.06,0.05,0.06,979
BBASW199,2025-10-07,0.32,0.31,0.3,0.38,652
BBASW174,2025-10-07,0.08,0.07,0.07,0.09,42
BBASK26,2025-10-07,0.07,0.07,0.06,0.08,1047
B3SAW134,2025-10-07,0.93,1.08,0.93,1.12,24
USIMK445,2025-10-07,0.3,0.28,0.25,0.32,16
HAPVK385W1,2025-10-07,0.67,0.6,0.56,0.69,55
BBASW232,2025-10-07,1.65,1.69,1.65,1.81,26
BBASW540,2025-10-07,2.22,2.24,2.2,2.41,282
BBASO220,2025-10-07,1.3,1.7,1.3,1.7,3
BBASW257,2025-10-07,3.73,3.75,3.73,3.94,196
BBASJ225W4,2025-10-07,0.14,0.13,0.11,0.14,9
BBASV201,2025-10-07,0.04,0.04,0.03,0.06,38
HAPVW330W1,2025-10-07,0.78,0.66,0.65,0.93,63
BBASK244,2025-10-07,0.18,0.15,0.14,0.18,83
BBASM233,2025-10-07,1.97,1.97,1.97,1.97,1
BBASK255,2025-10-07,0.1,0.1,0.09,0.11,47
BBASV220W5,2025-10-07,0.83,0.87,0.83,1.18,21
B3SAK117,2025-10-07,1.22,1.01,0.95,1.22,98
BBASM45,2025-10-07,0.31,0.37,0.31,0.4,4
BBASW186,2025-10-07,0.16,0.14,0.14,0.17,97
BBASK209,2025-10-07,1.31,1.31,1.22,1.38,288
BBASJ224,2025-10-07,0.18,0.13,0.11,0.18,246
HAPVW325,2025-10-07,1.19,1.14,1.14,1.19,7
BBASJ201,2025-10-07,1.57,1.56,1.47,1.59,29
USIMV432,2025-10-07,0.05,0.08,0.05,0.08,7
HAPVK375W1,2025-10-07,1.22,0.9,0.81,1.22,124
BBASK196,2025-10-07,2.26,2.23,2.12,2.27,56
BBASW176,2025-10-07,0.09,0.08,0.08,0.1,88
BBASV226,2025-10-07,0.95,1.02,0.89,1.21,49
BBASJ254,2025-10-07,0.01,0.01,0.01,0.01,4
BBASB563,2025-10-07,0.6,0.6,0.55,0.6,7
BBASJ239,2025-10-07,0.02,0.01,0.01,0.02,42
B3SAV139,2025-10-07,1.27,1.63,1.27,1.63,13
HAPVW350W1,2025-10-07,1.62,1.4,1.38,1.69,21
B3SAW144,2025-10-07,1.87,1.95,1.87,1.95,3
CVCBB50,2025-10-07,0.15,0.15,0.15,0.15,2
BBASJ251,2025-10-07,0.01,0.01,0.01,0.01,7
B3SAV130W2,2025-10-07,0.5,0.68,0.5,0.73,7
B3SAJ137,2025-10-07,0.03,0.02,0.01,0.03,222
CVCBJ170W2,2025-10-07,0.07,0.07,0.07,0.07,5
USIMV417,2025-10-07,0.02,0.04,0.02,0.04,8
HAPVW360,2025-10-07,2.83,2.43,2.43,2.83,20
HAPVJ335,2025-10-07,1.81,1.81,1.81,1.81,1
BBASJ175,2025-10-07,3.59,3.59,3.59,3.59,1
BBASW195W2,2025-10-07,0.22,0.25,0.22,0.25,3
BBASC720,2025-10-07,0.06,0.05,0.05,0.06,4
BBASK240W1,2025-10-07,0.08,0.07,0.07,0.08,2
HAPVW355,2025-10-07,2.37,2.37,2.37,2.37,12
BBASK305,2025-10-07,0.01,0.01,0.01,0.01,4
BBASJ215W4,2025-10-07,0.48,0.47,0.39,0.48,10
B3SAJ107,2025-10-07,1.84,1.68,1.6,1.84,10
BBASX235,2025-10-07,1.94,1.94,1.94,1.94,2
BBASX18,2025-10-07,0.2,0.18,0.17,0.2,5
CVCBJ249,2025-10-07,0.01,0.01,0.01,0.01,3
HAPVV347,2025-10-07,0.89,0.89,0.89,0.89,1
B3SAL134,2025-10-07,0.5,0.5,0.5,0.5,2
BBASD221,2025-10-07,1.9,1.9,1.9,1.9,1
BBASK215W1,2025-10-07,0.49,0.65,0.49,0.65,5
B3SAN128,2025-10-07,0.7,0.7,0.7,0.7,1
BBASJ235W5,2025-10-07,0.06,0.07,0.06,0.07,4
BBASV170,2025-10-07,0.01,0.01,0.01,0.01,4
B3SAV152,2025-10-07,2.75,2.75,2.75,2.75,2
BBASV245W2,2025-10-07,3.26,3.26,3.26,3.26,1
USIMV522,2025-10-07,0.84,0.83,0.82,0.84,5
CVCBK450,2025-10-07,1.31,1.31,1.31,1.31,1
B3SAJ135W5,2025-10-07,0.1,0.1,0.08,0.1,16
HAPVJ350,2025-10-07,1,0.97,0.87,1,6
BBASV260,2025-10-07,2.6,2.63,2.6,2.63,2
BBASA55,2025-10-07,0.55,0.47,0.47,0.55,2
USIMV480W2,2025-10-07,0.3,0.3,0.3,0.3,1
USIMW420,2025-10-07,0.11,0.13,0.11,0.14,7
HAPVV342,2025-10-07,0.6,0.46,0.46,0.6,2
HAPVV367,2025-10-07,1.83,1.99,1.83,1.99,3
BBASV289,2025-10-07,7.15,7.19,7.15,7.19,3
B3SAL132,2025-10-07,0.6,0.45,0.45,0.6,4
CVCBJ220,2025-10-07,0.01,0.01,0.01,0.01,1
HAPVJ402,2025-10-07,0.03,0.03,0.03,0.03,1
BBASK179,2025-10-07,3.74,3.77,3.67,3.82,6
B3SAB160,2025-10-07,1.5,1.35,1.35,1.5,4
B3SAK162,2025-10-07,0.02,0.02,0.02,0.02,2
HAPVJ365,2025-10-07,0.44,0.44,0.44,0.44,1
USIMJ460W4,2025-10-07,0.14,0.1,0.1,0.14,4
BBASM211,2025-10-07,1.02,1.1,1.02,1.1,8
USIMC500,2025-10-07,0.39,0.31,0.31,0.39,5
B3SAJ962,2025-10-07,2.96,2.94,2.94,2.96,2
CVCBK190,2025-10-07,0.12,0.09,0.09,0.12,2
BBASV276,2025-10-07,5.9,5.86,5.86,5.9,2
BBASN683,2025-10-07,8.2,8.2,8.2,8.2,1
CVCBW245,2025-10-07,0.66,0.66,0.66,0.66,2
USIMJ440W2,2025-10-07,0.09,0.07,0.07,0.09,4
BBASL193,2025-10-07,3,3,3,3,1
B3SAV160,2025-10-07,3.02,3.02,3.02,3.02,1
BBASJ168,2025-10-07,4.57,4.57,4.57,4.57,1
B3SAW102,2025-10-07,0.03,0.03,0.03,0.03,1
B3SAX114,2025-10-07,0.18,0.2,0.18,0.2,4
B3SAK120,2025-10-07,0.84,0.81,0.79,0.89,11
BBASK159,2025-10-07,5.69,5.68,5.68,5.69,62
HAPVJ385W4,2025-10-07,0.2,0.21,0.2,0.21,3
HAPVJ380W5,2025-10-07,0.46,0.47,0.46,0.48,13
B3SAL110,2025-10-07,1.91,1.91,1.91,1.91,1
BBASJ180W4,2025-10-07,3.47,3.44,3.44,3.47,3
BBASL299,2025-10-07,0.03,0.03,0.02,0.03,3
B3SAW866,2025-10-07,0.01,0.01,0.01,0.01,1
USIMW385,2025-10-07,0.06,0.06,0.06,0.06,2
CVCBL205,2025-10-07,0.07,0.07,0.07,0.07,1
B3SAJ1,2025-10-07,2.26,2.27,2.26,2.27,3
HAPVW262,2025-10-07,0.22,0.22,0.22,0.22,1
B3SAX135,2025-10-07,1.07,1.07,1.07,1.07,1
USIMW320,2025-10-07,0.02,0.02,0.02,0.02,1
BBASK164,2025-10-07,5.14,5.19,5.01,5.24,47
B3SAW124,2025-10-07,0.35,0.47,0.35,0.5,73
B3SAK142,2025-10-07,0.11,0.09,0.07,0.11,54
BBASL243,2025-10-07,0.52,0.49,0.44,0.52,31
BBASW265,2025-10-07,4.53,4.52,4.42,4.67,975
BBASV190W5,2025-10-07,0.05,0.06,0.05,0.07,8
B3SAK138,2025-10-07,0.19,0.15,0.13,0.19,34
B3SAW132,2025-10-07,0.78,0.95,0.78,0.97,42
HAPVW37,2025-10-07,3.99,3.91,3.89,4.05,27
B3SAW122,2025-10-07,0.29,0.38,0.29,0.4,57
BBASN225,2025-10-07,1.8,1.8,1.8,1.8,1
BBASW231,2025-10-07,1.83,1.83,1.81,2.02,670
BBASK199,2025-10-07,2.07,2.01,1.88,2.07,621
B3SAW946,2025-10-07,0.02,0.02,0.02,0.02,1
USIMK455,2025-10-07,0.24,0.21,0.21,0.24,5
BBASJ229,2025-10-07,0.11,0.06,0.05,0.11,173
BBASV220W2,2025-10-07,0.75,0.68,0.68,0.9,30
USIMJ462,2025-10-07,0.08,0.05,0.04,0.08,10
BBASK282,2025-10-07,0.02,0.03,0.02,0.03,4
BBASW216,2025-10-07,0.92,0.92,0.9,1.03,1115
B3SAJ128,2025-10-07,0.24,0.12,0.11,0.24,127
BBASJ226,2025-10-07,0.12,0.09,0.07,0.12,218
BBASL251,2025-10-07,2.94,2.9,2.85,2.94,3
BBASW320,2025-10-07,9.5,9.5,9.45,9.5,5
B3SAV137,2025-10-07,1.23,1.33,1.23,1.41,6
BBASJ208,2025-10-07,0.75,0.73,0.61,0.78,85
USIMV412,2025-10-07,0.02,0.03,0.02,0.03,8
BBASW214,2025-10-07,0.8,0.81,0.78,0.91,217
BBASJ500,2025-10-07,0.47,0.41,0.33,0.48,274
BBASV241,2025-10-07,2.45,2.43,2.42,2.59,19
BBASW244,2025-10-07,2.84,2.86,2.83,3.03,57
HAPVJ362,2025-10-07,0.42,0.42,0.4,0.42,3
HAPVK370W1,2025-10-07,1.11,1.09,0.95,1.11,40
BBASV190,2025-10-07,0.02,0.03,0.02,0.03,26
B3SAV117,2025-10-07,0.05,0.06,0.05,0.08,68
USIMJ437,2025-10-07,0.21,0.15,0.13,0.21,8
USIMX579,2025-10-07,1.27,1.27,1.27,1.27,1
BBASL214,2025-10-07,1.32,1.35,1.2,1.35,16
BBASW161,2025-10-07,0.03,0.03,0.03,0.03,2
BBASQ13,2025-10-07,0.11,0.11,0.11,0.11,6
BBASA211,2025-10-07,5.12,5.25,5,5.25,12
HAPVK405,2025-10-07,0.84,0.78,0.78,0.85,21
BBASV239,2025-10-07,2.22,2.2,2.19,2.4,19
BBASX216,2025-10-07,1.05,1.01,1.01,1.1,11
B3SAJ139,2025-10-07,0.02,0.02,0.01,0.02,47
B3SAS12,2025-10-07,0.66,0.75,0.66,0.75,11
USIMV440W2,2025-10-07,0.04,0.09,0.04,0.09,12
USIMK500,2025-10-07,0.15,0.08,0.08,0.15,12
BBASK307,2025-10-07,0.01,0.01,0.01,0.01,8
BBASV200W4,2025-10-07,0.11,0.09,0.09,0.12,6
CVCBK200,2025-10-07,0.06,0.04,0.04,0.06,8
BBASX199,2025-10-07,0.45,0.45,0.45,0.45,4
BBASV244,2025-10-07,2.65,2.7,2.65,2.85,13
BBASX179,2025-10-07,0.15,0.16,0.15,0.16,3
USIMV410W2,2025-10-07,0.01,0.01,0.01,0.01,1
BBASK240W2,2025-10-07,0.17,0.17,0.16,0.18,4
B3SAK129,2025-10-07,0.48,0.34,0.29,0.48,211
B3SAD185,2025-10-07,0.11,0.11,0.11,0.11,1
BBASK200,2025-10-07,6.05,5.89,5.89,6.05,2
USIMW460,2025-10-07,0.29,0.33,0.29,0.34,7
HAPVK407,2025-10-07,0.95,0.75,0.73,0.95,17
HAPVK415W1,2025-10-07,0.32,0.18,0.18,0.33,29
HAPVV375W2,2025-10-07,2,2.49,2,2.51,18
B3SAJ140W2,2025-10-07,0.01,0.01,0.01,0.01,1
HAPVW390,2025-10-07,4.73,4.6,4.6,4.73,3
HAPVK395W1,2025-10-07,0.62,0.41,0.38,0.65,61
BBASL235,2025-10-07,0.53,0.56,0.53,0.58,13
HAPVV337,2025-10-07,0.43,0.39,0.39,0.48,8
HAPVJ380,2025-10-07,0.19,0.1,0.1,0.19,3
BBASA223,2025-10-07,1.1,1.1,1.1,1.1,1
HAPVX330,2025-10-07,1.47,1.67,1.47,1.73,7
CVCBV199,2025-10-07,0.23,0.24,0.22,0.25,102
BBASV225W5,2025-10-07,1.31,1.31,1.29,1.31,6
BBASK169,2025-10-07,4.76,4.72,4.57,4.76,39
USIMV427,2025-10-07,0.04,0.06,0.04,0.07,13
BBASW179,2025-10-07,0.1,0.09,0.09,0.11,28
CVCBJ500,2025-10-07,1.72,1.72,1.72,1.72,2
CVCBK210,2025-10-07,0.04,0.04,0.04,0.04,3
USIMW405,2025-10-07,0.08,0.1,0.08,0.1,3
BBASV256,2025-10-07,4.02,3.97,3.97,4.02,3
B3SAL150,2025-10-07,1.55,1.55,1.55,1.55,1
HAPVV345,2025-10-07,0.46,0.69,0.46,0.69,2
USIMJ447,2025-10-07,0.15,0.1,0.08,0.15,11
BBASL21,2025-10-07,1.79,1.45,1.37,1.79,9
USIMJ487,2025-10-07,0.02,0.02,0.02,0.02,8
HAPVW320,2025-10-07,1.09,1.15,1.08,1.15,4
BBASW205W2,2025-10-07,0.3,0.3,0.3,0.3,1
CVCBW170,2025-10-07,0.06,0.07,0.06,0.07,6
CVCBW660,2025-10-07,4.71,4.71,4.71,4.71,1
CVCBK230,2025-10-07,0.02,0.02,0.02,0.02,2
USIMV532,2025-10-07,0.82,0.82,0.82,0.82,1
HAPVW347,2025-10-07,2.05,2.06,2.05,2.06,2
HAPVK280,2025-10-07,0.7,0.55,0.55,0.71,6
B3SAV135W2,2025-10-07,1,1.18,1,1.2,5
USIMJ497,2025-10-07,0.02,0.01,0.01,0.02,2
BBASW175W1,2025-10-07,0.03,0.04,0.03,0.04,3
HAPVK45,2025-10-07,0.36,0.37,0.36,0.37,2
BBASW275,2025-10-07,5.35,5.37,5.35,5.37,2
USIML830,2025-10-07,0.3,0.3,0.3,0.3,1
USIMV430W2,2025-10-07,0.02,0.04,0.02,0.04,5
CVCBK170,2025-10-07,0.16,0.14,0.14,0.16,7
HAPVV260,2025-10-07,0.01,0.01,0.01,0.01,1
USIMJ500,2025-10-07,0.65,0.65,0.65,0.65,1
HAPVK412,2025-10-07,0.68,0.68,0.68,0.68,1
HAPVJ360W2,2025-10-07,0.24,0.26,0.24,0.26,2
USIMW360,2025-10-07,0.03,0.03,0.03,0.03,1
BBASW220W1,2025-10-07,0.92,0.91,0.91,0.92,2
BBASJ210W5,2025-10-07,0.86,0.86,0.86,0.86,1
HAPVW270,2025-10-07,0.24,0.24,0.24,0.24,3
USIME700,2025-10-07,0.62,0.45,0.45,0.62,2
HAPVX32,2025-10-07,1.26,1.32,1.26,1.35,12
HAPVJ390W5,2025-10-07,0.27,0.28,0.27,0.29,12
B3SAK999,2025-10-07,2.46,2.46,2.46,2.46,2
BBASC197,2025-10-07,3.25,3.27,3.2,3.4,7
B3SAR13,2025-10-07,1.04,1.01,1.01,1.04,2
BBASJ215W5,2025-10-07,0.57,0.57,0.57,0.57,1
BBASS21,2025-10-07,1.07,1.07,1.07,1.07,1
USIMV582,2025-10-07,1.45,1.45,1.45,1.45,1
BBASN26,2025-10-07,3.33,3.33,3.33,3.33,1
USIMJ37,2025-10-07,0.01,0.01,0.01,0.01,2
B3SAW164,2025-10-07,3.84,3.84,3.84,3.84,1
HAPVJ327,2025-10-07,2.5,2.5,2.5,2.5,1
USIMV482,2025-10-07,0.43,0.43,0.43,0.43,1
USIML519,2025-10-07,0.11,0.12,0.11,0.12,2
HAPVV310,2025-10-07,0.07,0.07,0.07,0.07,1
BBASX204,2025-10-07,0.6,0.6,0.6,0.6,2
BBASW225W1,2025-10-07,1.4,1.38,1.38,1.4,2
BBASD186,2025-10-07,4.15,4.15,4.15,4.15,1
USIMB478,2025-10-07,0.36,0.36,0.36,0.36,1
HAPVV390,2025-10-07,3.62,3.62,3.62,3.62,1
BBASM215,2025-10-07,0.95,0.95,0.95,0.95,1
HAPVJ410,2025-10-07,0.02,0.02,0.02,0.02,1
USIMV430W4,2025-10-07,0.1,0.1,0.1,0.1,1
BBAS3,2025-10-07,21.31,21.21,21.07,21.35,49741
BBASK221,2025-10-07,0.71,0.67,0.61,0.73,939
BBASK204,2025-10-07,1.65,1.66,1.52,1.72,834
BBASK232,2025-10-07,0.45,0.43,0.39,0.47,86
BBASJ234,2025-10-07,0.04,0.03,0.02,0.04,127
BBASN240,2025-10-07,2.51,2.51,2.51,2.51,1
BBASV21,2025-10-07,0.24,0.26,0.24,0.36,606
B3SAK124,2025-10-07,0.65,0.53,0.51,0.65,29
CVCB3F,2025-10-07,1.77,1.78,1.73,1.79,920
B3SAL141,2025-10-07,0.2,0.21,0.2,0.21,5
BBASW26,2025-10-07,4.04,3.99,3.95,4.18,997
BBASK181,2025-10-07,3.57,3.53,3.37,3.6,114
B3SAK139,2025-10-07,0.15,0.1,0.09,0.15,118
HAPVK400W1,2025-10-07,0.48,0.34,0.31,0.55,123
HAPVK420W1,2025-10-07,0.26,0.15,0.14,0.27,25
BBASJ221,2025-10-07,0.23,0.2,0.17,0.24,262
B3SAW112,2025-10-07,0.1,0.11,0.1,0.12,33
BBASK216,2025-10-07,0.9,0.9,0.83,0.95,1151
BBASW252,2025-10-07,3.29,3.31,3.26,3.45,120
BBASX193,2025-10-07,0.25,0.25,0.22,0.3,15
B3SAV122,2025-10-07,0.12,0.19,0.12,0.22,102
BBASJ153,2025-10-07,5.91,5.91,5.91,5.91,1
BBASW234,2025-10-07,2.05,2.05,2,2.22,813
B3SAJ134,2025-10-07,0.05,0.02,0.02,0.05,39
BBASX214,2025-10-07,0.9,0.97,0.88,0.99,325
BBASV500,2025-10-07,0.36,0.38,0.33,0.49,228
BBASV291,2025-10-07,7.55,7.39,7.39,7.55,22
BBASV231,2025-10-07,1.58,1.47,1.47,1.65,19
USIMV447,2025-10-07,0.07,0.14,0.07,0.17,62
BBASJ230W2,2025-10-07,0.01,0.01,0.01,0.01,12
BBASK191,2025-10-07,2.66,2.64,2.5,2.7,29
BBASJ203,2025-10-07,1.14,1.14,0.99,1.18,35
BBASW205W1,2025-10-07,0.29,0.3,0.29,0.36,17
HAPVK40,2025-10-07,0.85,0.94,0.85,0.96,6
BBASK166,2025-10-07,5,4.96,4.81,5.01,15
B3SAK127,2025-10-07,0.61,0.41,0.39,0.61,44
BBASL216,2025-10-07,1.12,1.11,1.11,1.14,6
USIMJ430W2,2025-10-07,0.19,0.14,0.13,0.19,5
USIMK430,2025-10-07,0.39,0.33,0.33,0.39,5
USIMO500,2025-10-07,0.6,0.62,0.6,0.62,2
BBASL253,2025-10-07,0.22,0.22,0.19,0.37,5
B3SAK157,2025-10-07,0.03,0.03,0.03,0.03,3
USIMK475,2025-10-07,0.19,0.16,0.16,0.19,3
B3SAV127W2,2025-10-07,0.34,0.4,0.34,0.43,14
B3SAJ119,2025-10-07,0.74,0.5,0.5,0.74,23
BBASJ200W2,2025-10-07,1.25,1.21,1.21,1.25,2
BBASW200W1,2025-10-07,0.2,0.18,0.18,0.29,14
BBASJ195W2,2025-10-07,1.85,1.79,1.69,1.85,4
BBASJ240W4,2025-10-07,0.03,0.04,0.03,0.04,3
BBASV259,2025-10-07,4.29,4.29,4.29,4.29,1
USIMJ442,2025-10-07,0.17,0.1,0.1,0.18,25
BBASV175,2025-10-07,0.01,0.01,0.01,0.02,7
B3SAV120W2,2025-10-07,0.04,0.08,0.03,0.08,13
B3SAK112,2025-10-07,1.5,1.36,1.35,1.5,7
HAPVJ355,2025-10-07,0.96,0.82,0.69,1.03,7
BBASJ183,2025-10-07,2.96,2.92,2.92,2.96,3
BBASV200W5,2025-10-07,0.12,0.17,0.12,0.18,15
USIMW395,2025-10-07,0.07,0.08,0.07,0.08,5
HAPVL299,2025-10-07,0.58,0.5,0.5,0.58,8
BBASW195W1,2025-10-07,0.14,0.12,0.12,0.14,4
BBASE213,2025-10-07,2.7,2.69,2.69,2.7,11
HAPVJ360,2025-10-07,0.73,0.49,0.48,0.73,8
BBASM213,2025-10-07,0.9,0.9,0.9,0.9,3
USIMJ605,2025-10-07,0.85,0.84,0.84,0.85,2
BBASM190,2025-10-07,0.29,0.29,0.29,0.29,2
HAPVJ347,2025-10-07,1.1,1.04,1,1.1,5
CVCBW175,2025-10-07,0.08,0.1,0.08,0.1,2
CVCBJ185,2025-10-07,0.02,0.02,0.02,0.02,2
USIMK425,2025-10-07,0.45,0.45,0.45,0.45,1
BBASX280,2025-10-07,3.6,3.6,3.6,3.6,2
CVCBT30,2025-10-07,1.15,1.12,1.12,1.15,2
USIMK465,2025-10-07,0.25,0.18,0.18,0.25,7
HAPVW202,2025-10-07,0.03,0.05,0.03,0.05,2
B3SAJ803,2025-10-07,4.6,4.6,4.6,4.6,1
BBASW282,2025-10-07,6.1,6.32,6.1,6.32,2
HAPVV360,2025-10-07,1.06,1.12,1.06,1.44,4
BBASV246,2025-10-07,2.95,2.92,2.89,3.08,7
BBASX228,2025-10-07,1.38,1.36,1.35,1.39,5
B3SAJ109,2025-10-07,1.4,1.46,1.4,1.46,2
BBASW139,2025-10-07,0.02,0.02,0.02,0.02,3
HAPVK432,2025-10-07,0.55,0.56,0.55,0.56,2
BBASF284,2025-10-07,0.6,0.6,0.6,0.6,1
USIMJ430W4,2025-10-07,0.28,0.23,0.23,0.28,3
HAPVW290,2025-10-07,0.56,0.51,0.51,0.56,2
BBASV175W2,2025-10-07,0.01,0.01,0.01,0.01,1
BBASK161,2025-10-07,5.4,5.4,5.4,5.4,1
BBASM286,2025-10-07,6.03,6.03,6.03,6.03,1
USIMW415,2025-10-07,0.1,0.13,0.1,0.13,4
B3SAR139,2025-10-07,1.25,1.25,1.25,1.25,1
USIMM462,2025-10-07,0.37,0.37,0.37,0.37,1
B3SAV120W5,2025-10-07,0.15,0.15,0.15,0.15,1
BBASV148,2025-10-07,0.01,0.01,0.01,0.01,1
BBASV210,2025-10-07,0.6,0.84,0.6,0.84,4
B3SAX120,2025-10-07,0.39,0.4,0.39,0.4,2
HAPVJ355W5,2025-10-07,1.41,1.38,1.38,1.42,12
USIMW490,2025-10-07,0.54,0.53,0.53,0.54,5
USIMJ427,2025-10-07,0.19,0.2,0.19,0.2,3
B3SAM118,2025-10-07,0.33,0.37,0.33,0.37,4
HAPVJ375W5,2025-10-07,0.59,0.59,0.56,0.61,8
CVCBV169,2025-10-07,0.02,0.02,0.02,0.02,1
BBASR221,2025-10-07,1.44,1.44,1.44,1.44,2
HAPVJ395W5,2025-10-07,0.23,0.22,0.22,0.23,2
USIMW380,2025-10-07,0.05,0.05,0.05,0.05,3
BBASK200W1,2025-10-07,1.7,1.7,1.7,1.7,1
HAPVV332,2025-10-07,0.24,0.24,0.24,0.24,1
CVCBV480,2025-10-07,3.04,3.04,3.04,3.04,2
B3SAK876,2025-10-07,3.71,3.71,3.71,3.71,1
CVCBW220,2025-10-07,0.42,0.42,0.42,0.42,2
CVCBW500,2025-10-07,2.17,2.17,2.17,2.17,2
BBASV281,2025-10-07,6.5,6.5,6.5,6.5,1
USIMV387,2025-10-07,0.01,0.01,0.01,0.01,1
B3SAB15,2025-10-07,1.65,1.55,1.55,1.65,2
USIMG50,2025-10-07,1.03,1.03,1.03,1.03,1
CVCBL195,2025-10-07,0.1,0.1,0.1,0.1,1
USIMV407,2025-10-07,0.02,0.02,0.02,0.02,1
BBASV165W4,2025-10-07,0.01,0.01,0.01,0.01,1
CVCBV240,2025-10-07,0.65,0.65,0.65,0.65,1
BBASW144,2025-10-07,0.02,0.02,0.02,0.02,1
HAPVJ310,2025-10-07,4.28,4.28,4.28,4.28,1
USIMU710,2025-10-07,1.95,1.95,1.95,1.95,1
USIM5T,2025-10-07,4.59,4.42,4.41,4.6,10
HAPV3T,2025-10-07,35.81,35.82,35.81,35.82,2
BBAS3T,2025-10-07,21.34,21.35,21.34,21.35,2
USIM5T,2025-10-07,4.68,4.69,4.68,4.69,2
CVCB3T,2025-10-07,1.76,1.77,1.76,1.77,2
HAPV3T,2025-10-07,35.56,35.57,35.56,35.57,2
IRBR3,2025-10-07,48.2,48.01,47.6,48.3,3551
LRENV145,2025-10-07,0.47,0.92,0.41,0.97,80
ITLC34,2025-10-07,32.68,33.19,32.39,33.87,756
LRENV161,2025-10-07,1.64,2.3,1.63,2.34,80
MGLUJ999,2025-10-07,0.14,0.14,0.11,0.14,31
C2OI34,2025-10-07,82.17,80,77.75,82.48,714
MGLUK804,2025-10-07,1.32,1.32,1.21,1.33,39
MGLUJ101,2025-10-07,0.1,0.12,0.09,0.12,63
B1SX34,2025-10-07,516.06,513.06,512.05,516.06,177
LRENW135W2,2025-10-07,0.63,0.61,0.61,0.63,2
MGLUV909,2025-10-07,0.65,0.53,0.53,0.66,55
LRENJ142,2025-10-07,0.45,0.19,0.16,0.46,94
LRENW135W1,2025-10-07,0.6,0.6,0.58,0.6,20
LRENC191,2025-10-07,0.29,0.24,0.24,0.29,2
LRENW150,2025-10-07,0.94,1.37,0.92,1.4,116
BIVE39,2025-10-07,73,73.99,73,74.27,37
MGLUK894,2025-10-07,0.62,0.88,0.62,0.88,47
COWC34,2025-10-07,121.08,121.93,120.3,122.49,36
IRBRV447,2025-10-07,0.11,0.12,0.11,0.45,18
BEWT39,2025-10-07,58,57.88,57.88,58.25,6
LRENV137,2025-10-07,0.15,0.4,0.15,0.45,29
A1PL34,2025-10-07,141.65,147.01,141.65,148.43,4
C2RW34,2025-10-07,120.57,117.77,115.93,120.57,63
MGLUK854,2025-10-07,1,1.08,0.95,1.08,12
MGLUW874,2025-10-07,0.7,0.79,0.7,0.88,9
MGLUW644,2025-10-07,0.15,0.14,0.14,0.15,5
LRENV147,2025-10-07,0.74,1.14,0.74,1.14,17
ARGT39,2025-10-07,36.95,36.47,36.15,37,55
LRENW983,2025-10-07,0.02,0.03,0.02,0.03,5
MGLUW834,2025-10-07,0.67,0.63,0.61,0.67,11
AXPB34,2025-10-07,177.53,175.32,174.25,177.53,14
MGLUW894,2025-10-07,0.96,0.89,0.89,1.02,30
ELCI34,2025-10-07,20.1,20.46,20.1,20.46,7
LRENW148,2025-10-07,0.86,1.21,0.86,1.24,29
MGLUJ849,2025-10-07,0.66,0.67,0.61,0.67,4
BFXI39,2025-10-07,44.59,43.88,43.77,44.59,8
BOEI34,2025-10-07,1179.7,1186.38,1170.99,1186.99,11
HOME34,2025-10-07,73.66,73.85,73.55,74.06,18
LRENW160,2025-10-07,1.58,2.13,1.58,2.15,16
CLOV34,2025-10-07,14.6,14.5,14.5,14.75,7
MGLUJ126,2025-10-07,0.01,0.01,0.01,0.01,5
C1MG34,2025-10-07,10.89,10.95,10.89,11.09,6
MGLUJ929,2025-10-07,0.35,0.3,0.24,0.35,31
BOTZ39,2025-10-07,49.99,49.4,48.95,49.99,27
BHYG39,2025-10-07,53.85,54.05,53.85,54.09,4
MGLUV939,2025-10-07,0.86,0.73,0.73,0.88,20
LRENK135W2,2025-10-07,0.83,0.82,0.82,0.83,2
LRENJ147,2025-10-07,0.18,0.09,0.07,0.18,16
HPQB34,2025-10-07,141.54,142.2,140.04,142.2,16
MGLUV800W2,2025-10-07,0.09,0.03,0.03,0.09,7
IRBRV437,2025-10-07,0.09,0.09,0.09,0.09,1
LRENX141,2025-10-07,0.6,1,0.6,1,17
IRBRW360,2025-10-07,0.09,0.09,0.09,0.09,1
LRENV181,2025-10-07,4.09,4.28,4.07,4.3,18
FDMO34,2025-10-07,65.61,64.17,62.77,65.61,1860
MGLUV879,2025-10-07,0.45,0.38,0.38,0.48,18
MGLUW399,2025-10-07,30.2,30.13,30.13,30.2,2
LRENJ172,2025-10-07,0.02,0.01,0.01,0.02,6
LRENK140W1,2025-10-07,0.53,0.53,0.53,0.53,4
LRENM126,2025-10-07,0.38,0.5,0.38,0.5,4
MGLUK814,2025-10-07,1.2,1.27,1.17,1.27,32
MGLUW105,2025-10-07,2.09,2.04,2.03,2.15,13
MGLUW744,2025-10-07,0.33,0.33,0.33,0.33,2
MGLUV149,2025-10-07,6.08,5.98,5.98,6.08,2
IRBRK540,2025-10-07,0.7,0.7,0.7,0.7,2
COLD34,2025-10-07,23.88,23.92,23.62,23.92,4
IRBRV470W2,2025-10-07,0.21,0.21,0.21,0.21,2
MGLUW954,2025-10-07,1.36,1.25,1.25,1.38,13
MGLUX884,2025-10-07,1,0.8,0.8,1,2
MGLUW674,2025-10-07,0.2,0.17,0.17,0.2,4
MGLUW794,2025-10-07,0.47,0.46,0.46,0.51,7
MGLUJ900W2,2025-10-07,0.2,0.2,0.15,0.25,11
AZOI34,2025-10-07,100.49,100.49,100.49,100.49,1
MGLUJ829,2025-10-07,0.79,0.85,0.79,0.85,2
MGLUK130,2025-10-07,0.1,0.11,0.08,0.11,5
C1TA34,2025-10-07,212.73,212.73,212.73,212.73,1
IRBRW445,2025-10-07,0.85,0.91,0.85,0.91,8
LRENX152,2025-10-07,1.18,1.4,1.18,1.4,20
MGLUJ719,2025-10-07,1.72,1.72,1.72,1.72,1
MGLUJ669,2025-10-07,2.15,2.17,2.15,2.2,3
MGLUJ121,2025-10-07,0.02,0.02,0.02,0.02,4
IRBRJ490W2,2025-10-07,0.3,0.13,0.13,0.3,4
D1DG34,2025-10-07,82.22,82.42,82.22,82.42,2
D1HI34,2025-10-07,869.26,867.55,867.55,869.26,2
IRBRJ495,2025-10-07,0.4,0.34,0.33,0.4,4
MGLUJ799,2025-10-07,1,0.98,0.9,1.04,21
IRBRK520,2025-10-07,1.15,1.1,1.1,1.23,6
BQUA39,2025-10-07,69.86,69.85,69.85,69.86,2
IRBRW390,2025-10-07,0.2,0.2,0.2,0.2,1
C2AC34,2025-10-07,3.62,3.6,3.58,3.62,3
LRENK165,2025-10-07,0.17,0.13,0.13,0.17,11
MGLUJ779,2025-10-07,1.15,1.07,1.07,1.15,3
LRENX136,2025-10-07,0.66,0.66,0.66,0.66,1
BITO39,2025-10-07,78.96,78.32,77.92,78.96,14
A1FL34,2025-10-07,603,603,603,603,1
H2UB34,2025-10-07,46.44,46.44,46.44,46.44,19
BNDA39,2025-10-07,70.63,70.73,70.42,70.73,14
MGLUW110,2025-10-07,2.53,2.54,2.53,2.57,3
LRENV167,2025-10-07,2.34,2.8,2.34,2.8,9
MGLUH401,2025-10-07,0.07,0.07,0.07,0.07,1
LRENX159,2025-10-07,1.89,1.89,1.89,1.89,1
MGLUK128,2025-10-07,0.11,0.1,0.1,0.11,5
BARY39,2025-10-07,127.14,127.14,127.14,127.14,64
MGLUA130,2025-10-07,0.27,0.24,0.24,0.27,2
MGLUX754,2025-10-07,0.46,0.53,0.46,0.53,3
LRENE220,2025-10-07,0.5,0.46,0.46,0.5,4
ABTT34,2025-10-07,59.4,59.4,59.4,59.4,2
IRBRX499,2025-10-07,4.9,4.9,4.9,4.9,1
IRBRW400,2025-10-07,0.25,0.25,0.25,0.25,1
A1LN34,2025-10-07,121.7,121.71,121.7,122.24,13
MGLUJ860W2,2025-10-07,0.43,0.39,0.39,0.43,2
H1RL34,2025-10-07,130.91,128.7,128.7,130.91,2
IRBRB50,2025-10-07,4,4,4,4,1
BIIB34,2025-10-07,136.71,136.71,136.71,136.71,1
LRENN180,2025-10-07,2.6,2.6,2.6,2.6,1
MGLUW178,2025-10-07,8.86,8.86,8.86,8.86,2
BCNY39,2025-10-07,61.32,61.32,61.32,61.32,1
LRENK195W2,2025-10-07,0.02,0.01,0.01,0.02,2
LRENV185,2025-10-07,4.25,4.25,4.25,4.25,1
MGLUV105W2,2025-10-07,1.7,1.7,1.7,1.7,1
BTFL39,2025-10-07,53.94,53.94,53.94,53.95,3
LRENV155W4,2025-10-07,1.16,1.16,1.16,1.16,1
LREN3,2025-10-07,14.34,13.57,13.4,14.34,34503
IRBRW490,2025-10-07,2.45,2.4,2.39,2.46,6
LRENW130W1,2025-10-07,0.39,0.39,0.38,0.4,16
E1TR34,2025-10-07,258.96,256.62,255.58,258.96,328
A1NE34,2025-10-07,201.4,193.6,191.84,201.4,500
MGLUV709,2025-10-07,0.04,0.04,0.04,0.05,43
GPRO34,2025-10-07,12.59,11.83,11.77,12.59,19
A1MT34,2025-10-07,117.84,113.16,113.16,117.94,31
D1VN34,2025-10-07,186.2,186.2,186.2,186.2,1
D2AS34,2025-10-07,99,98.1,96.7,99,634
LRENJ182,2025-10-07,0.01,0.01,0.01,0.01,2
CHVX34,2025-10-07,82.35,82.55,80.83,82.75,88
MGLUJ899,2025-10-07,0.43,0.42,0.34,0.44,46
BIEU39,2025-10-07,61.36,61.36,61.34,61.4,7
BMYB34,2025-10-07,240,238.97,238.15,240,6
LRENW180,2025-10-07,3.32,3.99,3.32,4.02,45
B1NT34,2025-10-07,35.22,35.6,35.04,35.6,8
MGLUJ106,2025-10-07,0.07,0.06,0.05,0.07,29
MGLUW974,2025-10-07,1.5,1.4,1.37,1.5,17
MGLUJ819,2025-10-07,0.88,0.9,0.8,0.9,10
LRENJ155W5,2025-10-07,0.17,0.09,0.08,0.17,11
MGLUJ949,2025-10-07,0.42,0.23,0.2,0.42,18
LRENE270,2025-10-07,0.15,0.13,0.09,0.16,5
LRENW170,2025-10-07,2.62,3.07,2.62,3.07,3
LRENK150W2,2025-10-07,0.29,0.28,0.28,0.29,2
MGLUJ969,2025-10-07,0.19,0.2,0.16,0.2,17
MGLUK120,2025-10-07,0.16,0.15,0.14,0.16,10
A1KA34,2025-10-07,34.08,34.08,34.08,34.08,1
IRBRV475,2025-10-07,0.63,0.57,0.57,0.74,6
MGLUV919,2025-10-07,0.7,0.6,0.58,0.75,66
LRENX121,2025-10-07,0.14,0.25,0.14,0.25,8
LRENS170,2025-10-07,2.35,2.65,2.35,2.65,9
LRENK155W1,2025-10-07,0.15,0.15,0.15,0.15,5
MGLUV969,2025-10-07,1.02,0.99,0.99,1.13,9
BIYT39,2025-10-07,51.45,51.65,51.43,51.65,5
LRENJ175W5,2025-10-07,0.03,0.01,0.01,0.03,2
C1DN34,2025-10-07,925.44,924.79,924.79,925.44,2
LRENX131,2025-10-07,0.51,0.57,0.48,0.57,7
BEWJ39,2025-10-07,55.06,54.9,54.9,55.06,7
LRENJ137,2025-10-07,0.65,0.38,0.36,0.65,29
LRENK190W2,2025-10-07,0.03,0.03,0.02,0.03,5
MGLUJ939,2025-10-07,0.2,0.26,0.2,0.3,63
LRENK191,2025-10-07,0.04,0.04,0.04,0.04,1
AALL34,2025-10-07,62.64,62.1,61.82,63.44,11
MGLUJ104,2025-10-07,0.1,0.08,0.07,0.1,25
MGLUV104,2025-10-07,1.63,1.59,1.59,1.78,8
A1EG34,2025-10-07,42.5,41.98,41.98,42.5,2
MGLUJ940W2,2025-10-07,0.1,0.1,0.06,0.11,25
IRBRW452,2025-10-07,1.03,1,1,1.05,4
MGLUW704,2025-10-07,0.26,0.23,0.23,0.26,9
LRENJ157,2025-10-07,0.04,0.03,0.01,0.04,22
LRENJ131,2025-10-07,0.87,0.81,0.81,0.87,2
GMCO34,2025-10-07,77.51,77.96,75.8,78.12,62
MGLUJ729,2025-10-07,1.64,1.68,1.57,1.68,5
E2EF34,2025-10-07,3.07,3.12,3.07,3.12,7
LRENF130,2025-10-07,3.89,2.82,2.82,3.89,7
DBAG34,2025-10-07,186.2,186.2,186.2,186.2,2
BTIP39,2025-10-07,56.06,59.58,56.06,59.6,11
LRENV135W2,2025-10-07,0.02,0.16,0.02,0.16,10
IRBRV465W2,2025-10-07,0.14,0.14,0.14,0.14,1
LRENG170,2025-10-07,1.6,1.28,1.28,1.6,5
EAIN34,2025-10-07,520.85,534.95,520.85,534.95,12
BBUG39,2025-10-07,61.98,61.86,61.86,62.05,7
LRENV150W4,2025-10-07,1.01,1.31,1.01,1.31,2
IRBRV505,2025-10-07,2.5,2.5,2.5,2.5,1
LRENA158,2025-10-07,0.69,0.52,0.46,0.69,37
IRBRK500,2025-10-07,1.85,1.86,1.77,1.91,7
IRBRV495,2025-10-07,1.66,1.69,1.62,1.85,8
F2VR34,2025-10-07,6.27,6.27,6.27,6.27,1
MGLUW193,2025-10-07,10.35,10.35,10.35,10.35,1
BAAX39,2025-10-07,50.39,49.74,49.68,50.39,38
MGLUW754,2025-10-07,0.38,0.36,0.36,0.39,11
BCLO39,2025-10-07,42.12,41.26,41.26,42.12,7
LRENV175,2025-10-07,3.06,3.77,3.06,3.77,6
BILB34,2025-10-07,99.91,99.58,99.5,100.1,8
IRBRL550,2025-10-07,0.95,0.99,0.95,0.99,2
IRBRJ480W2,2025-10-07,0.5,0.6,0.5,0.69,3
MGLUV382,2025-10-07,28.98,28.98,28.98,28.98,1
IRBRX415,2025-10-07,0.5,0.57,0.5,0.57,3
LRENV194,2025-10-07,4.98,5.5,4.98,5.5,2
G1AR34,2025-10-07,347.52,332.87,332.87,347.52,7
IRBRW447,2025-10-07,0.91,0.95,0.91,0.95,2
IRBRV470,2025-10-07,0.48,0.57,0.48,0.59,6
LRENA1,2025-10-07,0.3,0.25,0.24,0.3,8
MGLUB140,2025-10-07,1.7,1.62,1.6,1.7,4
MGLUX954,2025-10-07,1.49,1.49,1.49,1.49,3
LRENL130,2025-10-07,1.81,1.81,1.81,1.81,2
MGLUV840W2,2025-10-07,0.16,0.11,0.11,0.16,7
BAGG39,2025-10-07,53.29,53.56,53.29,53.56,3
MGLUJ144,2025-10-07,0.01,0.01,0.01,0.01,1
BAER39,2025-10-07,56.58,56.93,56.58,56.99,11
BSHY39,2025-10-07,54.81,55.5,54.81,55.5,8
IRBRW410,2025-10-07,0.33,0.31,0.31,0.33,2
LRENK197,2025-10-07,0.02,0.02,0.02,0.02,2
C1AG34,2025-10-07,100.4,100.9,100,100.9,3
MGLUJ960W4,2025-10-07,0.27,0.27,0.27,0.27,1
MGLUG11,2025-10-07,1.29,1.29,1.29,1.29,2
LRENJ135W2,2025-10-07,0.4,0.4,0.4,0.4,1
MGLUJ739,2025-10-07,1.48,1.43,1.43,1.49,3
DTCR39,2025-10-07,57.5,56.56,56.56,57.5,120
LRENE240,2025-10-07,0.26,0.26,0.26,0.26,1
LRENA180,2025-10-07,0.17,0.17,0.17,0.17,1
BLBT39,2025-10-07,39.96,39.47,39.47,39.96,4
G2WR34,2025-10-07,100.7,100,100,100.7,2
BXTC39,2025-10-07,65.74,65.45,65.45,65.74,2
BEWU39,2025-10-07,75.76,75.76,75.76,75.76,1
LRENM143,2025-10-07,0.95,0.95,0.95,0.95,1
E1QR34,2025-10-07,168.3,168.3,168.3,168.3,1
H1HH34,2025-10-07,56.01,56.01,56.01,56.01,1
MGLUV100W2,2025-10-07,1.19,1.2,1.19,1.25,3
LRENL184,2025-10-07,0.11,0.08,0.08,0.11,4
IRBRV430,2025-10-07,0.07,0.07,0.07,0.07,1
LRENV135W5,2025-10-07,0.18,0.2,0.18,0.2,2
MGLUL103,2025-10-07,0.6,0.6,0.6,0.6,1
IRBRV485W4,2025-10-07,1.25,1.25,1.25,1.25,2
MGLUA138,2025-10-07,0.22,0.22,0.22,0.22,1
MGLUL924,2025-10-07,0.97,0.97,0.97,0.97,1
MGLUJ780W2,2025-10-07,1.08,1.08,1.08,1.08,2
MGLUJ131,2025-10-07,0.01,0.02,0.01,0.02,3
MGLUV153,2025-10-07,6.54,6.54,6.54,6.54,1
BIEV39,2025-10-07,70.98,70.77,70.77,70.98,2
H1UM34,2025-10-07,34.6,34.6,34.6,34.6,1
GDBR34,2025-10-07,1844.64,1844.64,1844.64,1844.64,2
G1LP34,2025-10-07,9.36,9.36,9.36,9.36,1
BQQW39,2025-10-07,76.72,76.72,76.72,76.72,1
MGLUX784,2025-10-07,0.59,0.59,0.59,0.59,1
B2LN34,2025-10-07,23.68,23.1,23.1,23.68,2
BSCZ39,2025-10-07,51.68,51.68,51.68,51.68,1
MGLUV600,2025-10-07,0.01,0.01,0.01,0.01,1
MGLUV136,2025-10-07,4.78,4.78,4.78,4.78,1
GOGL34,2025-10-07,110.73,109.76,109.39,111.17,2668
MGLU3,2025-10-07,8.81,8.98,8.67,8.98,18831
BACW39,2025-10-07,75.21,74.61,74.38,75.21,2345
BSLV39,2025-10-07,78.84,77.6,76.59,78.84,908
LRENK180,2025-10-07,0.05,0.05,0.05,0.05,26
E1CO34,2025-10-07,24.24,24.16,24.12,24.44,38
BKNG34,2025-10-07,163.2,161.3,159,163.2,439
LRENK135W1,2025-10-07,0.77,0.76,0.76,0.79,20
MGLUV719,2025-10-07,0.05,0.04,0.04,0.05,13
IRBRX485,2025-10-07,2.31,2.45,2.3,2.6,10
GOGL35,2025-10-07,108.87,109.88,108.87,111,77
BSIL39,2025-10-07,77.13,76.15,75.6,77.54,29
LRENW165,2025-10-07,2.02,2.55,2.02,2.63,101
D2OC34,2025-10-07,63.58,63.31,62.53,63.58,821
LRENM148,2025-10-07,1.2,1.35,1.2,1.35,2
EXGR34,2025-10-07,578.79,573.48,566.4,578.79,212
LRENK150W1,2025-10-07,0.33,0.23,0.23,0.33,38
LRENV130W5,2025-10-07,0.24,0.22,0.22,0.24,2
LRENV150W2,2025-10-07,0.69,1.33,0.69,1.33,7
MGLUW724,2025-10-07,0.3,0.27,0.27,0.31,4
C1PR34,2025-10-07,118.36,118.52,118.26,118.52,4
MGLUV979,2025-10-07,1.12,1.13,1.03,1.26,20
MGLUV899,2025-10-07,0.54,0.45,0.45,0.61,34
MGLUV949,2025-10-07,0.86,0.8,0.8,0.91,12
LRENK148,2025-10-07,0.61,0.45,0.44,0.61,74
LRENU130,2025-10-07,0.78,0.85,0.78,0.85,5
LRENJ150W5,2025-10-07,0.13,0.15,0.13,0.17,3
LRENK131,2025-10-07,1.21,1.17,1.17,1.21,5
BIEF39,2025-10-07,59.21,59.09,58.92,59.22,12
FCXO34,2025-10-07,72.28,72.71,71.62,73.44,106
LRENW120W1,2025-10-07,0.15,0.15,0.14,0.15,6
F1TN34,2025-10-07,230,227,227,230,248
LRENV130W2,2025-10-07,0.02,0.04,0.02,0.05,9
MGLUV849,2025-10-07,0.32,0.26,0.26,0.34,27
LRENG240,2025-10-07,1.2,1.2,1.2,1.2,2
MGLUJ859,2025-10-07,0.6,0.62,0.51,0.62,25
GPRK34,2025-10-07,34.9,34.11,34.05,35.02,8
LRENW155,2025-10-07,1.21,1.72,1.21,1.8,40
LRENV145W2,2025-10-07,0.32,0.83,0.31,0.83,10
MGLUW764,2025-10-07,0.4,0.36,0.36,0.4,3
BEEM39,2025-10-07,48.56,48.28,48.18,48.57,23
A1LB34,2025-10-07,19.93,20.28,19.93,20.6,21
LRENK183,2025-10-07,0.04,0.05,0.04,0.05,17
LRENK170W1,2025-10-07,0.05,0.05,0.05,0.05,4
BLPX39,2025-10-07,81.36,82.8,81.36,82.8,2
MGLUL12,2025-10-07,0.29,0.29,0.29,0.29,1
MGLUW884,2025-10-07,0.93,0.84,0.84,0.96,51
IRBRV490,2025-10-07,1.37,1.33,1.27,1.54,22
MGLUV860W2,2025-10-07,0.21,0.14,0.13,0.23,17
IRBRW380,2025-10-07,0.15,0.15,0.15,0.15,1
MGLUK118,2025-10-07,0.18,0.17,0.17,0.18,8
CMCS34,2025-10-07,33.01,32.78,32.69,33.27,7
I1FO34,2025-10-07,44.53,44,44,44.53,3
BAIQ39,2025-10-07,91.5,90.26,90,91.5,20
ATTB34,2025-10-07,46.09,46.33,46.09,46.9,90
LRENK158,2025-10-07,0.35,0.24,0.21,0.35,22
IRBRJ460,2025-10-07,2.42,2.31,2.31,2.42,2
MGLUK944,2025-10-07,0.59,0.64,0.59,0.64,13
MGLUM809,2025-10-07,0.78,0.78,0.78,0.78,2
LRENJ145W2,2025-10-07,0.19,0.03,0.03,0.19,7
LRENK155,2025-10-07,0.39,0.25,0.25,0.39,24
MGLUW774,2025-10-07,0.44,0.4,0.4,0.45,8
BDVY39,2025-10-07,76,76.01,76,76.32,6
MGLUL200,2025-10-07,0.04,0.04,0.04,0.04,1
MGLUW734,2025-10-07,0.34,0.3,0.3,0.34,2
MGLUW108,2025-10-07,2.31,2.22,2.22,2.38,5
MGLUX113,2025-10-07,2.67,2.67,2.67,2.67,1
LRENJ140W2,2025-10-07,0.19,0.13,0.13,0.19,7
MGLUJ809,2025-10-07,0.95,1,0.89,1,7
MGLUX894,2025-10-07,0.95,0.95,0.95,0.95,1
IRBRV455W2,2025-10-07,0.04,0.04,0.04,0.04,3
LRENX130,2025-10-07,0.25,0.39,0.25,0.39,9
MGLUW113,2025-10-07,2.65,2.6,2.6,2.67,4
A1MP34,2025-10-07,661.63,663.96,661.63,663.96,5
MGLUJ709,2025-10-07,1.87,1.87,1.87,1.87,1
IRBRJ510,2025-10-07,0.2,0.12,0.12,0.2,4
F2IC34,2025-10-07,219.06,219.03,219.03,219.06,25
IRBRJ482,2025-10-07,0.79,0.79,0.79,0.83,5
BLQD39,2025-10-07,59.37,59.53,59.37,59.76,6
IRBRK490,2025-10-07,2.28,2.28,2.28,2.28,1
MGLUJ679,2025-10-07,1.99,2.1,1.99,2.1,2
LRENJ167,2025-10-07,0.01,0.01,0.01,0.01,26
LRENL165,2025-10-07,0.25,0.25,0.25,0.25,1
MGLUV920W2,2025-10-07,0.49,0.55,0.49,0.55,3
MGLUJ115W5,2025-10-07,0.09,0.07,0.07,0.09,4
BKCH39,2025-10-07,268.5,266.49,266.49,268.5,3
IRBRJ515,2025-10-07,0.09,0.09,0.09,0.09,1
MGLUJ900W4,2025-10-07,0.44,0.44,0.44,0.44,1
B1AX34,2025-10-07,62.46,62.16,61.8,62.46,4
BHEW39,2025-10-07,68.88,68.88,68.88,68.88,1
FSLR34,2025-10-07,607.52,606.87,606.87,607.52,3
MGLUV619,2025-10-07,0.01,0.01,0.01,0.01,3
MGLUJ110W5,2025-10-07,0.1,0.12,0.1,0.12,2
MGLUV860W4,2025-10-07,0.5,0.52,0.5,0.52,4
MGLUJ579,2025-10-07,2.98,2.9,2.9,2.98,2
LRENN140,2025-10-07,1.2,1.2,1.2,1.2,1
LRENA130,2025-10-07,4,4,4,4,1
MGLUW554,2025-10-07,0.07,0.07,0.07,0.07,1
IRBRV462,2025-10-07,0.3,0.3,0.3,0.3,1
LRENJ145W4,2025-10-07,0.25,0.25,0.25,0.25,1
LRENP130,2025-10-07,0.75,0.55,0.55,0.75,2
MGLUV659,2025-10-07,0.02,0.01,0.01,0.02,3
MGLUW125,2025-10-07,3.86,3.86,3.86,3.86,1
MGLUW123,2025-10-07,3.62,3.62,3.62,3.62,1
A1LK34,2025-10-07,256.71,256.36,256.36,260,5
GPSI34,2025-10-07,113.45,113.45,113.45,113.45,4
IRBRJ440,2025-10-07,4.16,4.16,4.16,4.16,1
IRBRW467,2025-10-07,1.52,1.52,1.52,1.52,1
IRBRW472,2025-10-07,1.55,1.55,1.55,1.55,1
C2RS34,2025-10-07,46.75,46.75,46.75,46.75,1
BAOK39,2025-10-07,53.75,53.75,53.75,53.75,1
LRENK180W2,2025-10-07,0.04,0.03,0.03,0.04,2
MGLUJ839,2025-10-07,0.73,0.7,0.7,0.74,3
MGLUV940W4,2025-10-07,0.95,0.96,0.95,0.96,2
LRENV200,2025-10-07,3.5,3.8,3.5,3.8,2
IRBRV450W5,2025-10-07,0.4,0.38,0.38,0.4,2
A1TT34,2025-10-07,47.1,47.1,47.1,47.1,2
MGLUJ153,2025-10-07,0.01,0.01,0.01,0.01,1
MGLUW188,2025-10-07,9.89,9.89,9.89,9.89,1
MGLUV109,2025-10-07,2.12,2.22,2.12,2.22,4
MGLUW654,2025-10-07,0.15,0.16,0.15,0.16,2
MGLUV840W4,2025-10-07,0.39,0.39,0.39,0.39,1
MGLUL684,2025-10-07,2.33,2.33,2.33,2.33,1
MGLUX11,2025-10-07,2.55,2.55,2.55,2.55,1
I1RM34,2025-10-07,562.59,562.59,562.59,562.59,1
HALI34,2025-10-07,131.17,131.17,131.17,131.17,1
C2CA34,2025-10-07,89.01,88.98,88.98,89.01,2
MGLUV920W4,2025-10-07,0.82,0.82,0.82,0.82,1
LRENV140W4,2025-10-07,0.41,0.41,0.41,0.41,1
IRBRJ485W2,2025-10-07,0.38,0.38,0.38,0.38,1
IRBRB700,2025-10-07,0.4,0.4,0.4,0.4,1
LRENK200W2,2025-10-07,0.02,0.01,0.01,0.02,2
FDXB34,2025-10-07,1296.07,1319.18,1296.07,1319.18,2
COCA34,2025-10-07,58.95,59.78,58.49,59.85,5998
C2GN34,2025-10-07,30.78,30.6,30.35,30.78,642
IRBRK477,2025-10-07,3.09,2.98,2.9,3.09,4
BERK34,2025-10-07,133.8,134.2,132.96,134.64,466
LRENK160W1,2025-10-07,0.09,0.1,0.09,0.11,12
MGLUV739,2025-10-07,0.07,0.05,0.05,0.07,6
LRENW136,2025-10-07,0.35,0.65,0.35,0.68,65
LRENK140,2025-10-07,1.1,0.75,0.74,1.1,47
LRENW140,2025-10-07,0.47,0.76,0.47,0.77,29
IBKR34,2025-10-07,23.44,23.22,23.14,23.44,841
BSOX39,2025-10-07,37.92,37.8,37.8,37.92,2
COPH34,2025-10-07,42,42.36,41.64,42.36,17
FMXB34,2025-10-07,534.48,506,506,534.48,15
B1TI34,2025-10-07,54.19,55.55,54.19,55.55,14
F2NV34,2025-10-07,6.69,6.46,6.46,6.69,13
IRBRK485,2025-10-07,2.52,2.57,2.42,2.57,7
MGLUW814,2025-10-07,0.61,0.56,0.55,0.61,37
IRBRK467,2025-10-07,3.61,3.61,3.61,3.61,1
MGLUK874,2025-10-07,0.89,0.96,0.86,0.98,13
GEOO34,2025-10-07,1592.84,1613.99,1592.84,1613.99,165
MGLUJ979,2025-10-07,0.16,0.16,0.14,0.17,20
LRENK145,2025-10-07,0.79,0.55,0.54,0.79,29
G2EV34,2025-10-07,162.07,162.6,159.21,162.6,7
MGLUV699,2025-10-07,0.04,0.02,0.02,0.04,3
DEEC34,2025-10-07,80.79,81.93,80.79,82.77,23
MGLUV889,2025-10-07,0.44,0.46,0.42,0.55,49
IRBRJ490,2025-10-07,0.53,0.6,0.5,0.6,4
MGLUW914,2025-10-07,1.1,1,1,1.14,24
GDXB39,2025-10-07,139.72,137.9,136.92,139.72,172
I1BN34,2025-10-07,166.24,166.24,166.24,166.24,1
MGLUK994,2025-10-07,0.51,0.5,0.45,0.51,14
LRENV131,2025-10-07,0.06,0.15,0.06,0.15,41
LRENK160,2025-10-07,0.24,0.17,0.17,0.24,23
MGLUW864,2025-10-07,0.8,0.75,0.75,0.85,50
LRENW115W2,2025-10-07,0.1,0.08,0.08,0.1,2
LRENX114,2025-10-07,0.13,0.15,0.12,0.15,3
IRBRM470,2025-10-07,2,2,2,2,1
LRENW122,2025-10-07,0.12,0.23,0.12,0.25,34
MGLUW198,2025-10-07,10.8,10.8,10.8,10.8,1
LRENO155,2025-10-07,0.7,0.86,0.7,0.9,12
BCSA34,2025-10-07,54.15,53.44,53.2,54.15,35
MGLUK113,2025-10-07,0.22,0.22,0.21,0.24,9
ADBE34,2025-10-07,37.64,37.99,36.85,37.99,40
MGLUJ980W2,2025-10-07,0.06,0.04,0.03,0.06,10
MGLUV999,2025-10-07,1.28,1.15,1.15,1.38,12
MGLUV111,2025-10-07,2.39,2.3,2.3,2.53,9
LRENK155W2,2025-10-07,0.19,0.18,0.17,0.19,14
LRENV155,2025-10-07,1.27,1.82,1.27,1.83,22
LRENK140W2,2025-10-07,0.59,0.58,0.58,0.59,2
LRENS13,2025-10-07,0.7,0.79,0.7,0.79,4
MGLUV101,2025-10-07,1.52,1.37,1.37,1.55,16
MGLUV789,2025-10-07,0.15,0.12,0.12,0.15,16
MGLUV106,2025-10-07,1.86,1.83,1.83,2.01,18
IRBRH55,2025-10-07,11.8,11.4,11.4,11.8,2
BTLT39,2025-10-07,31.52,31.79,31.52,31.86,23
LRENK165W1,2025-10-07,0.06,0.07,0.06,0.07,2
LRENW145W1,2025-10-07,0.72,1.18,0.72,1.18,4
MGLUV809,2025-10-07,0.19,0.15,0.15,0.2,47
A1DM34,2025-10-07,335.61,335.61,335.61,335.61,1
IRBRJ487,2025-10-07,0.67,0.59,0.55,0.75,5
BDVD39,2025-10-07,47.02,46.42,46.42,47.02,3
BEWC39,2025-10-07,68.25,68.25,68.25,68.25,1
MGLUK133,2025-10-07,0.09,0.09,0.08,0.09,5
MGLUJ114,2025-10-07,0.04,0.04,0.03,0.04,8
MGLUW103,2025-10-07,1.92,1.81,1.79,1.94,48
INTU34,2025-10-07,81.1,80.27,79.77,81.1,6
IRBRK510W1,2025-10-07,0.76,0.69,0.66,0.76,15
MGLUJ919,2025-10-07,0.3,0.33,0.26,0.35,38
MGLUW934,2025-10-07,1.27,1.12,1.12,1.27,17
MGLUV959,2025-10-07,1,0.84,0.84,1.04,34
MGLUV989,2025-10-07,1.24,1.13,1.13,1.31,20
MGLUJ880W2,2025-10-07,0.32,0.3,0.23,0.33,19
MGLUJ879,2025-10-07,0.53,0.54,0.43,0.54,22
MGLUV196,2025-10-07,10.74,10.75,10.74,10.75,2
F1NI34,2025-10-07,22.92,22.92,22.88,23.03,5
LRENJ150W2,2025-10-07,0.04,0.01,0.01,0.04,16
A1RG34,2025-10-07,169.31,169.31,169.31,169.31,3
A2MB34,2025-10-07,17.44,17.44,17.44,17.44,3
MGLUW115,2025-10-07,2.88,2.88,2.88,2.88,1
IRBRJ445,2025-10-07,3.85,3.85,3.85,3.85,1
BILF39,2025-10-07,49.8,49.75,49.75,49.8,2
IRBRV460W2,2025-10-07,0.1,0.1,0.1,0.1,3
LRENA153,2025-10-07,1.23,1.23,1.23,1.23,1
MGLUV769,2025-10-07,0.1,0.1,0.1,0.11,5
F1IS34,2025-10-07,340.91,339.39,339.39,340.91,3
MGLUV900W2,2025-10-07,0.42,0.28,0.28,0.42,3
BGNO39,2025-10-07,109.12,109.12,109.12,109.12,1
C1RH34,2025-10-07,103.9,103.9,103.9,103.9,1
A1ZN34,2025-10-07,74.12,76.6,74.12,76.72,11
IRBRV442,2025-10-07,0.1,0.1,0.1,0.1,1
MGLUJ699,2025-10-07,1.91,1.88,1.88,1.91,2
MGLUJ659,2025-10-07,2.29,2.29,2.29,2.29,2
A2RE34,2025-10-07,79.36,80.08,79.36,80.08,4
D1OC34,2025-10-07,19.48,18.5,18.3,19.48,7
MGLUK123,2025-10-07,0.14,0.14,0.14,0.14,1
MGLUV980W2,2025-10-07,1,0.98,0.98,1,3
IRBRJ550,2025-10-07,0.02,0.02,0.02,0.02,2
MGLUL191,2025-10-07,0.81,0.81,0.81,0.81,1
BIWM39,2025-10-07,65.95,65.32,65.32,65.95,6
G1MI34,2025-10-07,268.5,272.89,265.79,272.89,5
MGLUV900W4,2025-10-07,0.71,0.64,0.64,0.71,5
ACNB34,2025-10-07,1325.28,1338,1325.28,1339.8,3
MGLUK594,2025-10-07,2.85,2.85,2.85,2.85,1
BEMV39,2025-10-07,57.06,57.06,57.06,57.06,1
LRENW191,2025-10-07,5.04,5.05,5.04,5.05,2
LRENW175,2025-10-07,2.98,3.42,2.98,3.42,5
MGLUN1,2025-10-07,0.74,0.74,0.74,0.74,1
A1PP34,2025-10-07,99.91,104.42,98.93,105.5,24
BIXJ39,2025-10-07,61.8,61.78,61.78,61.8,2
BGWH39,2025-10-07,73.15,73.08,73.08,73.15,2
IRBRT399,2025-10-07,1.5,1.52,1.5,1.52,5
IRBRN40,2025-10-07,0.8,0.77,0.75,0.8,13
MGLUX914,2025-10-07,1.27,1.27,1.27,1.27,1
BIYW39,2025-10-07,30.55,30.07,30.07,30.55,2
IRBRW415,2025-10-07,0.37,0.31,0.31,0.37,3
COTY34,2025-10-07,10.95,10.94,10.91,10.95,5
B1SA34,2025-10-07,70.42,69.93,69.93,70.42,3
BEFG39,2025-10-07,62.4,62.33,62.33,62.4,2
BPFR39,2025-10-07,49.44,52,49.44,52,2
MGLUJ120W5,2025-10-07,0.05,0.06,0.05,0.06,2
IRBRX440,2025-10-07,0.9,0.9,0.9,0.9,1
MGLUK125,2025-10-07,0.11,0.11,0.11,0.11,1
DGCO34,2025-10-07,21.69,21.73,21.6,21.73,4
MGLUK145,2025-10-07,0.06,0.06,0.06,0.06,1
A1VB34,2025-10-07,246.96,252.71,246.96,252.71,2
IRBRW432,2025-10-07,0.6,0.58,0.58,0.6,2
MGLUV820W4,2025-10-07,0.31,0.3,0.3,0.31,2
CLXC34,2025-10-07,159.02,160.71,158.87,160.71,3
IRBRG120,2025-10-07,0.2,0.15,0.15,0.2,3
E1TN34,2025-10-07,145.55,144.14,144.14,145.55,2
I1XC34,2025-10-07,17.14,17.1,17.1,17.14,3
MGLUV146,2025-10-07,5.96,5.94,5.94,5.96,2
MGLUV820W2,2025-10-07,0.07,0.1,0.07,0.1,3
MGLUL135,2025-10-07,0.17,0.15,0.15,0.17,2
H1OG34,2025-10-07,142.5,142.5,142.5,142.5,1
LRENK203,2025-10-07,0.02,0.03,0.02,0.03,4
DHER34,2025-10-07,40.35,40.35,40.35,40.35,1
EBAY34,2025-10-07,241.79,241.79,241.79,241.79,1
IRBRF599,2025-10-07,9,9,9,9,1
LRENL174,2025-10-07,0.15,0.15,0.15,0.15,1
IRBRK475,2025-10-07,3.08,3.08,3.08,3.08,1
E2NP34,2025-10-07,7.97,7.8,7.8,7.97,2
MGLUL140,2025-10-07,1.4,1.4,1.4,1.4,1
IRBRJ520W5,2025-10-07,0.35,0.35,0.35,0.35,1
IRBRV480W2,2025-10-07,0.55,0.55,0.55,0.55,1
AMGN34,2025-10-07,55.51,55.51,55.51,55.51,1
LRENQ270,2025-10-07,7.5,8,7.5,8,4
D2KN34,2025-10-07,30.43,30.43,30.43,30.43,1
BEWP39,2025-10-07,87.93,87.93,87.93,87.93,1
MGLUV144,2025-10-07,5.53,5.53,5.53,5.53,1
LREN3F,2025-10-07,14.39,13.54,13.41,14.39,2674
LRENK185W2,2025-10-07,0.02,0.04,0.02,0.04,4
G1FI34,2025-10-07,112.53,112.09,110.66,112.53,27
LRENJ161,2025-10-07,0.02,0.01,0.01,0.03,53
ASML34,2025-10-07,101.71,97.59,97.33,101.71,160
MGLUV880W4,2025-10-07,0.55,0.5,0.5,0.55,5
BCPX39,2025-10-07,66.58,66.22,65.71,66.98,75
LRENW134,2025-10-07,0.31,0.54,0.31,0.57,121
MGLUK914,2025-10-07,0.91,0.8,0.68,0.91,39
MGLUJ111,2025-10-07,0.04,0.04,0.03,0.04,47
LRENK175W1,2025-10-07,0.03,0.04,0.03,0.04,8
CVSH34,2025-10-07,41.04,41.09,41.04,41.09,3
LRENJ165W5,2025-10-07,0.05,0.03,0.03,0.05,20
IRBRK590,2025-10-07,0.2,0.22,0.18,0.22,3
MGLUV759,2025-10-07,0.08,0.07,0.07,0.08,5
LRENJ152,2025-10-07,0.1,0.04,0.03,0.1,30
A1PO34,2025-10-07,44.94,44.85,44.55,45.23,26
BIVB39,2025-10-07,90.26,90,89.59,90.26,53
LRENV120W5,2025-10-07,0.07,0.06,0.06,0.07,2
AIRB34,2025-10-07,31.94,32.16,31.83,32.24,48
LRENK134,2025-10-07,1.62,1.01,1,1.62,44
CATP34,2025-10-07,164.75,162.88,161.28,165.66,60
D1EL34,2025-10-07,824.35,810.11,780.02,825.32,155
LRENV142,2025-10-07,0.3,0.73,0.3,0.75,36
MGLUJ869,2025-10-07,0.56,0.56,0.47,0.58,26
MGLUV880W2,2025-10-07,0.31,0.23,0.2,0.31,10
A1CR34,2025-10-07,42.96,42.55,42.55,42.96,7
MGLUX804,2025-10-07,0.55,0.6,0.55,0.72,12
LRENW127,2025-10-07,0.25,0.37,0.25,0.38,18
MGLUX814,2025-10-07,0.65,0.65,0.65,0.65,1
MGLUJ889,2025-10-07,0.42,0.5,0.41,0.5,46
LRENK175W2,2025-10-07,0.04,0.05,0.04,0.05,5
LRENK175,2025-10-07,0.08,0.06,0.06,0.08,9
G1DS34,2025-10-07,21.1,20,19.98,21.14,24
IBMB34,2025-10-07,1590,1570.8,1570.8,1601.62,24
LRENW130,2025-10-07,0.18,0.3,0.18,0.32,46
IRBRV445,2025-10-07,0.15,0.1,0.1,0.15,6
LRENK145W2,2025-10-07,0.4,0.41,0.4,0.42,4
MGLUW714,2025-10-07,0.28,0.25,0.25,0.28,4
LRENK163,2025-10-07,0.24,0.15,0.15,0.24,52
IRBRW350,2025-10-07,0.06,0.06,0.06,0.06,2
MGLUV869,2025-10-07,0.42,0.33,0.33,0.45,31
MGLUK924,2025-10-07,0.71,0.75,0.69,0.76,9
MGLUS800,2025-10-07,1.5,1.5,1.5,1.5,3
LRENX134,2025-10-07,0.45,0.62,0.45,0.64,7
MGLUX924,2025-10-07,1.22,1.22,1.22,1.22,1
MGLUK110,2025-10-07,0.23,0.26,0.23,0.26,5
B1CS34,2025-10-07,109.23,109.12,109.12,109.35,3
IRBRJ505,2025-10-07,0.19,0.17,0.17,0.19,3
CRIN34,2025-10-07,78.48,78.08,78.08,78.48,2
IRBRK510,2025-10-07,1.5,1.46,1.46,1.5,2
LRENW115W1,2025-10-07,0.07,0.09,0.07,0.09,2
EDEN39,2025-10-07,41.35,41.35,41.35,41.35,1
LRENJ155,2025-10-07,0.05,0.02,0.02,0.05,33
MGLUW824,2025-10-07,0.63,0.58,0.58,0.63,4
LRENF190,2025-10-07,2.2,2.01,2.01,2.2,3
IRBRV440,2025-10-07,0.09,0.09,0.09,0.09,1
MGLUK954,2025-10-07,0.58,0.64,0.54,0.64,21
IRBRD600,2025-10-07,2.08,2.08,2.08,2.08,1
LRENV157,2025-10-07,1.41,2.06,1.39,2.07,96
LRENM150,2025-10-07,1.53,1.53,1.53,1.53,1
LRENJ165,2025-10-07,0.01,0.01,0.01,0.02,9
LRENW163,2025-10-07,1.87,2.34,1.87,2.34,7
LRENK178,2025-10-07,0.06,0.06,0.05,0.06,8
LRENV165,2025-10-07,2.12,2.77,2.11,2.77,9
IRBRK500W1,2025-10-07,1.09,1.02,0.94,1.09,18
MGLUK349,2025-10-07,5.25,5.25,5.25,5.25,1
MGLUP100,2025-10-07,1.9,1.9,1.9,1.9,1
BIXN39,2025-10-07,18.9,18.8,18.64,18.92,12
MGLUA789,2025-10-07,1.69,1.73,1.69,1.73,2
LRENX111,2025-10-07,0.11,0.11,0.11,0.11,2
LRENK185,2025-10-07,0.04,0.04,0.04,0.04,3
LRENW153,2025-10-07,1.14,1.55,1.14,1.55,26
LRENV121,2025-10-07,0.01,0.02,0.01,0.02,3
C1CI34,2025-10-07,126.6,126.6,126.6,126.6,1
MGLUK824,2025-10-07,1.16,1.24,1.1,1.26,5
LRENV162,2025-10-07,1.9,2.55,1.87,2.58,12
A1IV34,2025-10-07,40.77,40.88,40.77,41.12,3
MGLUJ789,2025-10-07,1,1.15,1,1.15,3
LRENS20,2025-10-07,4,4,4,4,1
MGLUJ840W2,2025-10-07,0.57,0.57,0.57,0.57,2
MGLUJ759,2025-10-07,1.36,1.41,1.24,1.41,8
IRBRW495,2025-10-07,2.69,2.71,2.69,2.72,3
BEWH39,2025-10-07,38.32,38.32,38.32,38.32,1
MGLUJ105W2,2025-10-07,0.01,0.02,0.01,0.02,4
MGLUJ689,2025-10-07,2,2,2,2,1
LRENL732,2025-10-07,6.65,6.65,6.65,6.65,1
INGG34,2025-10-07,134.55,131.56,130.71,135.59,11
MGLUL914,2025-10-07,1,0.95,0.9,1,4
LRENW158,2025-10-07,1.38,1.83,1.38,1.83,77
LRENX119,2025-10-07,0.14,0.14,0.14,0.14,1
LRENV140W2,2025-10-07,0.11,0.38,0.11,0.38,4
IRBRK530,2025-10-07,0.94,0.84,0.84,0.94,2
BIPC39,2025-10-07,79.92,79.92,79.92,79.92,1
D1LR34,2025-10-07,233.4,233.74,233.4,233.74,2
CNIC34,2025-10-07,21.5,21.34,21.34,21.5,2
MGLUV649,2025-10-07,0.01,0.01,0.01,0.01,1
H1EI34,2025-10-07,167.63,167.01,167.01,167.63,2
MGLUJ629,2025-10-07,2.6,2.48,2.46,2.6,3
LRENH240,2025-10-07,0.55,0.55,0.55,0.55,2
MGLUL13,2025-10-07,0.2,0.19,0.19,0.2,3
LRENV125W2,2025-10-07,0.02,0.02,0.02,0.02,1
B1IL34,2025-10-07,30.36,29.56,29.54,30.36,8
MGLUW243,2025-10-07,14.98,15.38,14.98,15.38,4
BUSR39,2025-10-07,51.8,51.8,51.8,51.8,1
MGLUK138,2025-10-07,0.07,0.07,0.07,0.07,1
BIEI39,2025-10-07,52.96,53.06,52.96,53.11,5
A1PA34,2025-10-07,134.68,133.25,133.12,134.68,4
MGLUV134,2025-10-07,4.65,4.65,4.65,4.65,2
MGLUJ860W4,2025-10-07,0.65,0.65,0.65,0.65,1
BURT39,2025-10-07,65.16,65.16,65.16,65.16,1
LRENJ175,2025-10-07,0.01,0.01,0.01,0.01,4
BIVW39,2025-10-07,81.24,80.68,80.68,81.24,2
MGLUE10,2025-10-07,1.54,1.54,1.54,1.54,1
LRENJ171,2025-10-07,0.01,0.01,0.01,0.02,9
LRENX154,2025-10-07,1.43,1.43,1.43,1.43,1
IRBRX465,2025-10-07,1.65,1.7,1.65,1.7,3
IRBRJ465W4,2025-10-07,2.36,2.36,2.36,2.36,1
MGLUV780W4,2025-10-07,0.2,0.2,0.2,0.2,1
MGLUX794,2025-10-07,0.67,0.61,0.61,0.9,3
IRBRX420,2025-10-07,0.22,0.22,0.22,0.22,1
BSRE39,2025-10-07,114.83,114.83,114.83,114.83,1
MGLUJ980W5,2025-10-07,0.3,0.3,0.3,0.3,1
MGLUV178,2025-10-07,9.06,9.06,9.06,9.06,1
MGLUV126,2025-10-07,3.88,3.88,3.88,3.88,1
LRENV125W4,2025-10-07,0.05,0.05,0.05,0.05,1
MGLUW143,2025-10-07,5.42,5.42,5.42,5.42,1
IRBRV450W4,2025-10-07,0.29,0.29,0.29,0.29,1
MGLUL160,2025-10-07,1.1,1.1,1.1,1.1,1
MGLUV960W4,2025-10-07,1.08,1.08,1.08,1.08,1
LRENL152,2025-10-07,0.8,0.8,0.8,0.8,1
LRENA220,2025-10-07,0.15,0.15,0.15,0.15,3
H1CA34,2025-10-07,116.16,116.16,116.16,116.16,1
IRBRJ530W5,2025-10-07,0.26,0.25,0.25,0.26,2
MGLUJ120,2025-10-07,2.5,2.5,2.5,2.5,1
C1CJ34,2025-10-07,93.6,93.6,93.6,93.6,1
BSTI39,2025-10-07,55.63,55.63,55.63,55.63,1
IRBRM490,2025-10-07,3,3,3,3,1
CTGP34,2025-10-07,87.01,86.76,86.05,87.75,1306
LRENK127,2025-10-07,1.31,1.35,1.31,1.38,32
LRENK130,2025-10-07,1.78,1.5,1.5,1.8,22
AMZO34,2025-10-07,59.15,59.46,58.73,59.46,3710
A1MD34,2025-10-07,142.49,141.5,139.88,145.44,1239
MGLUK103,2025-10-07,0.43,0.41,0.36,0.43,36
MGLUJ909,2025-10-07,0.38,0.36,0.3,0.38,53
B2UR34,2025-10-07,46.56,46.65,46.56,47.09,175
BLAK34,2025-10-07,95.35,94.67,93.62,95.72,82
IRBRV480,2025-10-07,0.8,0.77,0.76,0.97,16
AVGO34,2025-10-07,25.71,25.71,24.94,25.86,299
IBIT39,2025-10-07,126.15,123.85,122.26,126.5,194
LRENW140W1,2025-10-07,0.75,0.83,0.75,0.87,12
MGLUW994,2025-10-07,1.59,1.52,1.51,1.59,9
MGLUW854,2025-10-07,0.76,0.7,0.7,0.78,15
MGLUV829,2025-10-07,0.22,0.21,0.2,0.27,44
LRENK145W1,2025-10-07,0.36,0.36,0.36,0.37,12
E2TS34,2025-10-07,25.34,25.48,25.34,25.48,5
BIWF39,2025-10-07,101.02,100.84,100.84,101.02,2
D1EX34,2025-10-07,7.12,7.08,7.08,7.12,2
LRENW131,2025-10-07,0.28,0.46,0.27,0.47,47
MGLUW924,2025-10-07,1.13,1.07,1.07,1.14,22
LRENK136,2025-10-07,0.93,0.9,0.87,0.94,7
MGLUK864,2025-10-07,1,1.03,0.89,1.05,67
MGLUK974,2025-10-07,0.56,0.56,0.5,0.57,26
LRENW143,2025-10-07,0.56,0.9,0.55,0.92,98
LRENJ141,2025-10-07,0.53,0.29,0.24,0.53,76
LRENX191,2025-10-07,4.95,5,4.95,5,2
MGLUV799,2025-10-07,0.17,0.12,0.12,0.17,2
MGLUV819,2025-10-07,0.21,0.17,0.17,0.24,30
C1AB34,2025-10-07,4.7,4.72,4.7,4.74,3
LRENW145,2025-10-07,0.67,1.05,0.67,1.08,87
BGOV39,2025-10-07,42.92,41.24,40.96,42.92,9
MGLUX864,2025-10-07,0.64,0.93,0.64,0.97,7
MGLUK135,2025-10-07,0.09,0.09,0.09,0.09,1
IRBRW435,2025-10-07,0.68,0.68,0.68,0.68,2
COLG34,2025-10-07,59.51,60.19,58.68,60.63,34
LRENV160W4,2025-10-07,2.21,2.21,2.21,2.21,1
LRENV171,2025-10-07,2.8,3.24,2.8,3.24,8
LRENJ145,2025-10-07,0.35,0.13,0.12,0.35,41
G1LO34,2025-10-07,15.76,15.9,15.76,15.9,3
LRENJ145W5,2025-10-07,0.29,0.28,0.28,0.29,2
MGLUK115,2025-10-07,0.2,0.2,0.19,0.21,8
LRENX129,2025-10-07,0.25,0.44,0.25,0.44,6
LRENX124,2025-10-07,0.2,0.33,0.2,0.33,6
MGLUL964,2025-10-07,0.7,0.8,0.7,0.8,5
IRBRW470,2025-10-07,1.7,1.6,1.6,1.7,3
IRBRK540W1,2025-10-07,0.25,0.21,0.19,0.25,16
MGLUW494,2025-10-07,0.03,0.03,0.03,0.03,2
IRBRJ500W2,2025-10-07,0.04,0.05,0.04,0.05,6
C1BL34,2025-10-07,384.25,384.25,384.25,384.25,1
HOND34,2025-10-07,170.17,170.34,168.98,170.34,6
MGLUV749,2025-10-07,0.08,0.07,0.07,0.08,5
LRENK188,2025-10-07,0.04,0.04,0.04,0.04,2
MGLUV929,2025-10-07,0.58,0.65,0.58,0.8,47
MGLUK934,2025-10-07,0.7,0.71,0.61,0.71,17
MGLUW984,2025-10-07,1.54,1.5,1.5,1.56,4
LRENB200,2025-10-07,1.45,1.45,1.45,1.45,1
ACWX39,2025-10-07,60,60.34,60,60.34,4
E1QN34,2025-10-07,67.55,67.43,66.43,67.62,15
IRBRW465,2025-10-07,1.5,1.48,1.48,1.5,2
MGLUV800W4,2025-10-07,0.23,0.24,0.23,0.24,5
MGLUV141,2025-10-07,5.3,5.3,5.3,5.3,1
IRBRJ480,2025-10-07,1,0.91,0.91,1,2
LRENK187,2025-10-07,0.03,0.03,0.03,0.03,2
MGLUL984,2025-10-07,0.6,0.71,0.6,0.71,10
IRBRJ485,2025-10-07,0.84,0.73,0.64,0.87,11
BCHI39,2025-10-07,44.69,44,43.87,44.69,18
IRBRX40,2025-10-07,0.5,0.41,0.39,0.5,6
IRBRJ500,2025-10-07,0.37,0.26,0.26,0.39,12
MGLUJ129,2025-10-07,0.02,0.02,0.01,0.02,4
MGLUW684,2025-10-07,0.21,0.2,0.2,0.21,12
LRENB140,2025-10-07,4,3.6,3.6,4,2
BCOM39,2025-10-07,47.9,47.9,47.9,47.9,2
MGLUB100,2025-10-07,1.1,1.1,1.1,1.1,1
D1OW34,2025-10-07,31.91,30,29.9,31.91,15
IRBRW425,2025-10-07,0.49,0.47,0.47,0.49,3
MGLUV119,2025-10-07,3.07,3.25,3.07,3.25,3
LRENJ260,2025-10-07,1.35,1.2,1.2,1.35,3
MGLUX824,2025-10-07,0.8,0.8,0.8,0.8,1
MGLUJ119,2025-10-07,0.02,0.01,0.01,0.02,5
MGLUC115,2025-10-07,0.93,0.93,0.93,0.93,1
LRENV182,2025-10-07,4.41,4.41,4.41,4.41,1
MGLUV780W2,2025-10-07,0.03,0.03,0.03,0.03,1
MGLUJ124,2025-10-07,0.01,0.02,0.01,0.02,10
BIGF39,2025-10-07,82.56,82.56,82.56,82.56,1
LRENJ160W5,2025-10-07,0.09,0.05,0.05,0.09,16
BONY34,2025-10-07,570,570,570,570,2
MGLUW135,2025-10-07,4.75,4.76,4.75,4.76,2
BIYF39,2025-10-07,44.6,44.6,44.6,44.6,1
MGLUW148,2025-10-07,6.04,6.04,6.04,6.04,1
LRENL179,2025-10-07,0.15,0.15,0.15,0.15,1
MGLUV110W2,2025-10-07,2.22,2.3,2.2,2.3,3
LRENA145,2025-10-07,1.2,1.2,1.2,1.2,1
LRENV160W2,2025-10-07,1.78,1.78,1.78,1.78,1
IRBRW520,2025-10-07,4.2,4.2,4.2,4.2,1
MGLUK140,2025-10-07,0.06,0.06,0.06,0.06,1
MGLUV131,2025-10-07,4.39,4.39,4.39,4.39,1
MGLUK654,2025-10-07,2.38,2.38,2.38,2.38,1
MGLUW128,2025-10-07,4.09,4.09,4.09,4.09,1
LRENK170,2025-10-07,0.1,0.09,0.09,0.1,2
LRENA140,2025-10-07,1.4,1.4,1.4,1.4,1
MGLUM80,2025-10-07,1,1.4,1,1.4,3
IRBRK530W1,2025-10-07,0.41,0.36,0.36,0.41,2
IRBRX475,2025-10-07,1.7,1.7,1.7,1.7,1
BDRI39,2025-10-07,52.5,52.5,52.5,52.5,4
BEMC39,2025-10-07,74,74,74,74,1
IRBRL452,2025-10-07,5.27,5.17,5.17,5.27,2
MGLUB599,2025-10-07,3.35,3.35,3.35,3.35,1
MGLUL864,2025-10-07,1.08,1.08,1.08,1.08,1
LRENX139,2025-10-07,0.6,0.6,0.6,0.6,1
A1JG34,2025-10-07,836.4,836.4,836.4,836.4,1
IRBR3F,2025-10-07,48.11,47.85,47.64,48.27,598
MGLUJ989,2025-10-07,0.18,0.17,0.12,0.18,24
MGLU3F,2025-10-07,8.94,8.89,8.67,8.96,1767
BOAC34,2025-10-07,67,66.99,66.93,67.8,1493
IRBRW430,2025-10-07,0.56,0.55,0.55,0.6,41
BABA34,2025-10-07,35.47,34.78,34.44,35.87,950
AAPL34,2025-10-07,68.35,68.81,68.21,68.81,2262
A1RE34,2025-10-07,107.25,104.49,104.39,107.47,615
EXXO34,2025-10-07,76.3,76.08,74.6,76.3,121
MGLUW804,2025-10-07,0.55,0.53,0.51,0.58,47
B1AM34,2025-10-07,91.5,89.51,88.2,97.4,82
BQYL39,2025-10-07,30.54,30.57,30.38,30.57,13
MGLUK884,2025-10-07,0.91,0.91,0.84,0.92,13
DEOP34,2025-10-07,28.35,28.47,28.09,28.47,23
C1CL34,2025-10-07,153,153.3,151.2,153.6,184
A2XO34,2025-10-07,213.44,211.89,209.59,213.44,82
B2YN34,2025-10-07,0.61,0.57,0.57,0.64,72
LRENK121,2025-10-07,2.1,1.9,1.87,2.1,12
EQIX34,2025-10-07,52.73,52.69,52.12,52.73,16
GSGI34,2025-10-07,143,140.52,139.23,143.12,181
LRENN130,2025-10-07,0.4,0.55,0.4,0.55,5
LRENW125W1,2025-10-07,0.25,0.25,0.24,0.25,6
BIAU39,2025-10-07,100,101.32,99.87,101.32,95
MGLUK105,2025-10-07,0.35,0.35,0.3,0.37,12
B2HI34,2025-10-07,1.54,1.58,1.5,1.58,15
LRENW121,2025-10-07,0.1,0.18,0.1,0.2,92
IRBRV485,2025-10-07,1.05,1,1,1.23,13
MGLUV679,2025-10-07,0.03,0.02,0.02,0.03,2
BIJR39,2025-10-07,79.82,79.28,79.06,79.82,5
LRENK153,2025-10-07,0.44,0.31,0.31,0.44,31
MGLUK108,2025-10-07,0.31,0.31,0.29,0.31,11
BIXU39,2025-10-07,74.55,74.55,74.55,74.55,1
BSHV39,2025-10-07,58.69,58.87,58.69,58.9,16
MGLUK964,2025-10-07,0.56,0.59,0.52,0.6,31
MGLUV729,2025-10-07,0.05,0.05,0.05,0.06,38
LRENC155,2025-10-07,1.95,1.9,1.9,2.8,6
LRENV155W2,2025-10-07,1.15,1.8,1.15,1.85,18
MGLUJ109,2025-10-07,0.06,0.04,0.04,0.06,17
MGLUJ116,2025-10-07,0.03,0.02,0.02,0.03,8
H1SB34,2025-10-07,94.72,94.68,94.38,94.95,21
C2OL34,2025-10-07,69.24,69.51,69.09,69.99,14
BDRE39,2025-10-07,67.06,66.57,66.57,67.06,4
BIYE39,2025-10-07,84.34,84.71,84.09,84.71,4
BEWG39,2025-10-07,75.16,75.2,75.16,75.2,3
MGLUN599,2025-10-07,0.21,0.21,0.21,0.21,1
I1SR34,2025-10-07,119.5,117.8,117.8,119.5,9
MGLUJ959,2025-10-07,0.23,0.21,0.17,0.23,33
AIGB34,2025-10-07,447.48,449.58,445.28,449.58,4
MGLUK834,2025-10-07,1.16,1.2,1.14,1.2,3
LRENV125,2025-10-07,0.02,0.06,0.02,0.07,33
A2FY34,2025-10-07,40,40.59,40,40.59,2
ABBV34,2025-10-07,77.2,77.84,77.2,78.16,15
BKWB39,2025-10-07,225.63,225.63,225.63,225.63,1
MGLUK984,2025-10-07,0.54,0.54,0.47,0.54,9
ARNC34,2025-10-07,1012.94,1016.23,1012.94,1016.23,3
MGLUM909,2025-10-07,1.26,1.27,1.26,1.27,2
MGLUW694,2025-10-07,0.22,0.21,0.21,0.22,4
MGLUW544,2025-10-07,0.06,0.06,0.06,0.06,1
C1BR34,2025-10-07,818.5,816.74,816.74,818.5,2
LRENJ181,2025-10-07,0.01,0.01,0.01,0.01,4
E2AG34,2025-10-07,77.76,77.76,77.76,77.76,1
MGLUJ141,2025-10-07,0.01,0.01,0.01,0.01,1
D2TC34,2025-10-07,32.43,32.43,32.43,32.43,1
IRBRJ450,2025-10-07,3.2,3.2,3.2,3.2,1
IRBRK472,2025-10-07,3.02,3.02,3.02,3.02,1
LRENK180W1,2025-10-07,0.02,0.03,0.02,0.03,4
MGLUW964,2025-10-07,1.36,1.42,1.36,1.45,20
IRBRB600,2025-10-07,1.1,1.1,1.1,1.1,1
LRENV145W4,2025-10-07,0.48,0.91,0.48,0.91,3
LRENL146,2025-10-07,0.65,0.65,0.65,0.65,1
MGLUV960W2,2025-10-07,0.94,0.8,0.8,0.94,2
G1WW34,2025-10-07,127.66,127.66,127.66,127.66,1
IRBRX600,2025-10-07,10.9,10.9,10.9,10.9,1
LRENB180,2025-10-07,2.16,2.05,2.05,2.2,4
BEWS39,2025-10-07,51.75,51.75,51.75,51.75,1
MGLUX714,2025-10-07,0.38,0.39,0.38,0.39,2
IRBRV475W2,2025-10-07,0.38,0.38,0.38,0.38,1
G1LW34,2025-10-07,449.5,449.5,449.5,449.5,2
LRENJ160W2,2025-10-07,0.01,0.02,0.01,0.02,2
LRENO137,2025-10-07,0.25,0.38,0.25,0.38,7
IRBRJ470,2025-10-07,1.65,1.67,1.6,1.75,6
MGLUJ769,2025-10-07,1.2,1.15,1.13,1.22,5
MGLUV579,2025-10-07,0.02,0.02,0.02,0.02,1
MGLUV241,2025-10-07,15.4,15.4,15.4,15.4,3
F1SL34,2025-10-07,4.56,4.31,4.31,4.56,3
MGLUV639,2025-10-07,0.01,0.01,0.01,0.01,3
IRBRK480,2025-10-07,2.8,2.9,2.8,2.9,5
IRBRK460,2025-10-07,4.02,4.02,4.02,4.02,1
C1NS34,2025-10-07,114.6,114.6,114.6,114.6,1
MGLUV114,2025-10-07,2.59,2.62,2.59,2.62,2
MGLUV166,2025-10-07,7.79,7.79,7.79,7.79,1
MGLUV188,2025-10-07,10.08,10.08,10.08,10.08,1
BHDV39,2025-10-07,64.68,64.68,64.68,64.68,1
MGLUV124,2025-10-07,3.56,3.64,3.56,3.64,2
BIJH39,2025-10-07,17.5,17.5,17.5,17.5,1
MGLUL14,2025-10-07,0.13,0.13,0.13,0.13,1
IRBRV515,2025-10-07,3.25,3.25,3.25,3.25,1
IRBRV410,2025-10-07,0.05,0.05,0.05,0.05,1
MGLUW165,2025-10-07,7.62,7.62,7.62,7.62,1
BEWZ39,2025-10-07,53.35,53.35,53.35,53.35,1
LRENJ155W2,2025-10-07,0.01,0.01,0.01,0.01,1
MGLUV121,2025-10-07,3.3,3.3,3.3,3.3,1
LRENJ135,2025-10-07,0.64,0.51,0.47,0.64,23
A1ME34,2025-10-07,40.65,40.71,40.37,40.71,59
BIDU34,2025-10-07,55.48,53.02,52.96,55.48,98
MGLUC100,2025-10-07,1.43,1.45,1.31,1.5,18
MGLUW904,2025-10-07,1.06,0.99,0.94,1.07,41
IRBRJ497,2025-10-07,0.34,0.36,0.34,0.36,2
DISB34,2025-10-07,40.01,40.1,39.77,40.19,239
MGLUW844,2025-10-07,0.68,0.65,0.65,0.75,43
MGLUV859,2025-10-07,0.33,0.29,0.29,0.39,19
MGLUV779,2025-10-07,0.1,0.09,0.09,0.12,5
BEZU39,2025-10-07,83.33,83.21,83.17,83.33,3
LRENJ170W5,2025-10-07,0.04,0.03,0.02,0.04,16
CSCO34,2025-10-07,72.8,73.56,72.8,73.75,20
LRENK150,2025-10-07,0.57,0.38,0.38,0.57,51
IRBRK520W1,2025-10-07,0.54,0.48,0.45,0.54,6
LRENV135,2025-10-07,0.1,0.28,0.1,0.31,72
LRENV152,2025-10-07,1.08,1.59,1.04,1.59,37
IRBRW460,2025-10-07,1.17,1.2,1.17,1.21,4
LRENV141,2025-10-07,0.21,0.55,0.21,0.57,27
MGLUV839,2025-10-07,0.28,0.23,0.23,0.3,10
LRENL124,2025-10-07,1.89,1.89,1.89,1.89,1
LRENR130,2025-10-07,0.7,0.75,0.7,0.75,3
IRBRV450,2025-10-07,0.17,0.16,0.16,0.22,4
LRENK170W2,2025-10-07,0.08,0.07,0.05,0.08,26
BURA39,2025-10-07,92.48,91.46,89.6,94.58,66
LRENL190,2025-10-07,0.12,0.05,0.05,0.12,3
IRBRV158,2025-10-07,109.2,109.2,109.2,109.2,1
MGLUK844,2025-10-07,1.02,1.11,1.01,1.12,34
IRBRV477,2025-10-07,0.8,0.66,0.66,0.8,2
LRENA189,2025-10-07,0.11,0.08,0.08,0.11,2
IRBRV460,2025-10-07,0.31,0.25,0.25,0.32,5
MGLUK904,2025-10-07,0.84,0.8,0.72,0.84,63
LRENJ151,2025-10-07,0.15,0.06,0.05,0.15,36
BGRT39,2025-10-07,45.2,45.2,45.2,45.4,5
LRENV151,2025-10-07,0.78,1.34,0.75,1.38,49
LRENJ162,2025-10-07,0.02,0.02,0.01,0.02,11
BIEO39,2025-10-07,48.85,49.75,48.85,49.75,2
BEWA39,2025-10-07,48.26,48.26,48.26,48.26,1
B2AP34,2025-10-07,117.24,117.24,117.24,117.24,1
MGLUL704,2025-10-07,2.22,2.22,2.22,2.22,1
I1QV34,2025-10-07,268.11,268.11,268.11,268.11,1
MGLUJ176,2025-10-07,0.01,0.01,0.01,0.01,1
ETHA39,2025-10-07,63.88,60.36,60.16,63.88,46
MGLUJ920W4,2025-10-07,0.42,0.42,0.42,0.42,2
B1PP34,2025-10-07,47.02,46.65,46.3,47.02,8
BEFV39,2025-10-07,60.69,60.84,60.65,60.94,8
LRENX116,2025-10-07,0.13,0.16,0.13,0.16,3
MGLUJ920W2,2025-10-07,0.14,0.13,0.11,0.14,7
IRBRK450,2025-10-07,4.6,4.7,4.6,4.7,2
HONB34,2025-10-07,1114.49,1113.14,1113.14,1114.88,3
LRENW178,2025-10-07,3.72,3.73,3.72,3.73,3
LRENV130W4,2025-10-07,0.19,0.19,0.19,0.19,1
MGLUW784,2025-10-07,0.44,0.45,0.44,0.48,8
BIEM39,2025-10-07,59.74,59.6,59.5,59.94,12
MGLUJ960W2,2025-10-07,0.05,0.06,0.05,0.06,8
LRENL159,2025-10-07,0.34,0.3,0.3,0.34,4
CTSH34,2025-10-07,365.4,365.4,365.4,365.4,1
LRENK143,2025-10-07,0.86,0.65,0.65,0.86,32
F1EC34,2025-10-07,249.25,248.5,248.5,249.25,2
LRENK160W2,2025-10-07,0.14,0.12,0.12,0.14,2
CHCM34,2025-10-07,24.87,24.6,24.6,24.95,4
MGLUJ100W2,2025-10-07,0.03,0.03,0.03,0.03,1
MGLUL120,2025-10-07,1.8,1.86,1.8,1.86,6
MGLUV139,2025-10-07,5.05,5.05,5.05,5.05,1
MGLUW664,2025-10-07,0.18,0.16,0.16,0.18,2
MGLUJ749,2025-10-07,1.39,1.5,1.37,1.5,5
A2RR34,2025-10-07,24.34,24.42,24.34,24.42,4
MGLUL904,2025-10-07,0.98,1,0.95,1,4
IRBRW425W1,2025-10-07,0.22,0.2,0.2,0.22,2
C1TV34,2025-10-07,86.76,87.02,86.76,87.02,2
MGLUA110,2025-10-07,0.5,0.55,0.5,0.55,4
BICL39,2025-10-07,42.72,42.72,42.72,42.72,1
IRBRV445W4,2025-10-07,0.24,0.24,0.24,0.24,1
MGLUW944,2025-10-07,1.29,1.3,1.29,1.3,6
MGLUG130,2025-10-07,2.4,2.15,2.15,2.4,9
IRBRP399,2025-10-07,1,0.96,0.96,1,14
IRBRW510,2025-10-07,3.5,3.5,3.5,3.5,20
MGLUV609,2025-10-07,0.01,0.01,0.01,0.01,3
MGLUR600,2025-10-07,0.5,0.5,0.5,0.5,1
CRIP34,2025-10-07,380.38,380.38,380.38,380.38,1
E1IX34,2025-10-07,144.99,143.86,142.38,144.99,5
LRENK168,2025-10-07,0.14,0.12,0.12,0.14,4
E1DU34,2025-10-07,18.66,18.7,18.58,18.7,10
IRBRJ700,2025-10-07,7.99,7.65,7.65,7.99,4
MGLUK193,2025-10-07,0.01,0.01,0.01,0.01,1
LRENK173,2025-10-07,0.09,0.08,0.08,0.09,7
IRBRL487,2025-10-07,3.1,3.1,3.1,3.1,1
A1AP34,2025-10-07,19.41,19.14,19.14,19.41,7
A1TH34,2025-10-07,15.27,15.27,15.27,15.27,1
IRBRV375,2025-10-07,0.01,0.01,0.01,0.01,1
LRENK165W2,2025-10-07,0.11,0.08,0.08,0.11,6
MGLUJ105W4,2025-10-07,0.11,0.11,0.11,0.11,1
IRBRK495,2025-10-07,2.16,2.08,2.08,2.22,25
MGLUV760W4,2025-10-07,0.15,0.15,0.15,0.15,1
C1GP34,2025-10-07,4.32,4.32,4.32,4.32,2
IRBRJ460W2,2025-10-07,2.21,2.21,2.21,2.21,2
DUOL34,2025-10-07,53.36,53.36,53.36,53.36,1
MGLUG18,2025-10-07,0.52,0.52,0.52,0.52,1
A1WK34,2025-10-07,187.29,187.29,187.29,187.29,1
IRBRV465,2025-10-07,0.39,0.39,0.39,0.39,1
A1LG34,2025-10-07,174.9,174.9,174.9,174.9,1
A1LL34,2025-10-07,74,74,74,74,1
IRBRJ530,2025-10-07,0.06,0.04,0.04,0.06,3
BFBI39,2025-10-07,51.1,51.1,51.1,51.1,1
IRBRX445,2025-10-07,1.01,1.01,1.01,1.01,1
BSDV39,2025-10-07,63.3,63.3,63.3,63.3,1
BIBB39,2025-10-07,53.46,53.46,53.46,53.46,1
AAPL34T,2025-10-07,69.39,69.4,69.39,69.4,2
LREN3T,2025-10-07,14.06,14.07,14.06,14.07,2
LREN3T,2025-10-07,13.94,13.95,13.94,13.95,2
AMZO34T,2025-10-07,59.96,59.97,59.96,59.97,2
LREN3T,2025-10-07,14.43,14.44,14.43,14.44,2
LREN3T,2025-10-07,13.74,13.55,13.54,13.75,12
LREN3T,2025-10-07,13.87,13.72,13.71,13.88,4
FNAM11,2025-10-07,0.38,0.37,0.36,0.39,30
FNOR11,2025-10-07,0.59,0.67,0.57,0.67,24
